sample_index,timestamp_ms,ir,red
0,0,52522,32
1,10,58480,41
2,20,64379,29
3,30,67536,35
4,40,66452,48
5,50,63703,32
6,60,61621,32
7,70,61560,26
8,81,63851,33
9,91,67239,38
10,101,72254,32
11,111,79230,24
12,121,87616,49
13,131,95514,41
14,141,101619,22
15,151,104181,36
16,161,105156,44
17,171,105694,32
18,181,105970,59
19,191,106191,45
20,201,106403,42
21,211,106960,39
22,221,108094,45
23,231,109675,43
24,241,112594,30
25,251,118615,49
26,261,128277,48
27,271,140880,36
28,281,157252,45
29,291,173563,36
30,301,190051,40
31,311,185586,39
32,321,184488,33
33,331,185168,34
34,341,185755,57
35,351,186197,41
36,361,186646,46
37,371,187203,50
38,381,187605,29
39,391,187846,25
40,401,188112,37
41,411,188288,47
42,421,188367,38
43,431,188456,51
44,441,188537,48
45,451,188552,44
46,461,188592,37
47,471,188613,33
48,481,188635,36
49,491,188646,31
50,501,188652,53
51,511,188650,41
52,521,188695,35
53,531,188744,46
54,541,188864,42
55,551,189042,34
56,561,189068,42
57,571,189023,38
58,582,189008,30
59,592,189011,46
60,602,189095,38
61,612,189160,39
62,622,189261,61
63,632,189441,26
64,642,189601,31
65,652,189760,37
66,662,189993,37
67,672,190199,32
68,682,190330,54
69,692,190410,42
70,702,190479,34
71,712,190458,44
72,722,190390,49
73,732,190299,29
74,742,190199,45
75,752,190168,35
76,762,190203,47
77,772,190257,47
78,782,190322,46
79,792,190415,34
80,802,190473,32
81,812,190562,34
82,822,190635,42
83,832,190678,42
84,842,190747,52
85,852,190808,48
86,862,190877,50
87,872,190914,36
88,882,190959,40
89,892,190980,30
90,902,191029,44
91,912,191038,34
92,922,191105,47
93,932,191143,49
94,942,191150,50
95,952,191122,37
96,962,191079,41
97,972,190988,23
98,982,190886,35
99,992,190730,29
100,1002,190577,35
101,1012,190393,44
102,1022,190155,37
103,1032,189897,50
104,1042,189655,42
105,1052,189410,38
106,1062,189215,29
107,1072,189078,39
108,1083,189046,30
109,1093,189178,53
110,1103,189441,42
111,1113,189722,48
112,1123,189979,40
113,1133,190227,37
114,1143,190448,47
115,1153,190629,26
116,1163,190792,28
117,1173,190984,36
118,1183,191252,36
119,1193,191479,43
120,1203,191689,69
121,1213,191938,31
122,1223,192139,28
123,1233,192321,22
124,1243,192495,33
125,1253,192577,45
126,1263,192645,44
127,1273,192676,46
128,1283,192671,42
129,1293,192694,43
130,1303,192745,23
131,1313,192779,48
132,1323,192886,48
133,1333,192963,41
134,1343,193040,49
135,1353,193079,34
136,1363,193145,38
137,1373,193254,52
138,1383,193335,39
139,1393,193415,38
140,1403,193492,43
141,1413,193634,40
142,1423,193748,52
143,1433,193907,50
144,1443,194027,46
145,1453,194132,26
146,1463,194242,47
147,1473,194253,46
148,1483,194262,43
149,1493,194223,30
150,1503,194190,24
151,1513,194134,51
152,1523,194122,51
153,1533,194127,39
154,1543,194160,44
155,1553,194137,28
156,1563,194176,34
157,1573,194190,45
158,1584,194197,41
159,1594,194200,40
160,1604,194247,52
161,1614,194243,33
162,1624,194297,65
163,1634,194340,44
164,1644,194426,47
165,1654,194487,37
166,1664,194513,48
167,1674,194689,51
168,1684,194560,55
169,1694,194928,48
170,1704,194768,42
171,1714,195105,43
172,1724,194888,46
173,1734,195183,34
174,1744,194937,34
175,1754,195214,48
176,1764,194935,54
177,1774,195168,52
178,1784,194806,54
179,1794,195047,29
180,1804,194767,33
181,1814,195016,48
182,1824,194786,26
183,1834,195052,34
184,1844,194879,48
185,1854,195145,48
186,1864,194990,34
187,1874,195267,38
188,1884,195129,41
189,1894,195365,44
190,1904,195193,42
191,1914,195403,52
192,1924,195166,36
193,1934,195395,48
194,1944,195224,42
195,1954,195408,48
196,1964,195227,44
197,1974,195425,38
198,1984,195235,26
199,1994,195413,39
200,2004,195179,34
201,2014,195334,44
202,2024,195086,45
203,2034,195219,35
204,2044,194891,43
205,2054,195073,32
206,2064,194730,34
207,2074,194931,43
208,2085,194606,29
209,2095,194833,59
210,2105,194537,32
211,2115,194779,49
212,2125,194500,53
213,2135,194743,41
214,2145,194469,28
215,2155,194715,34
216,2165,194488,45
217,2175,194734,38
218,2185,194463,37
219,2195,194773,51
220,2205,194578,41
221,2215,194932,44
222,2225,194773,43
223,2235,195140,32
224,2245,194980,39
225,2255,195346,36
226,2265,195158,37
227,2275,195416,47
228,2285,195223,42
229,2295,195434,40
230,2305,195225,21
231,2315,195422,39
232,2325,195224,48
233,2335,195437,45
234,2345,195295,39
235,2355,195549,41
236,2365,195409,44
237,2375,195672,35
238,2385,195504,36
239,2395,195776,48
240,2405,195609,40
241,2415,195820,38
242,2425,195605,54
243,2435,195763,67
244,2445,195526,39
245,2455,195690,34
246,2465,195419,42
247,2475,195569,29
248,2485,195330,40
249,2495,195455,46
250,2505,195179,26
251,2515,195352,45
252,2525,195128,35
253,2535,195312,44
254,2545,195134,45
255,2555,195373,46
256,2565,195221,41
257,2575,195468,40
258,2586,195324,38
259,2596,195588,54
260,2606,195447,44
261,2616,195699,44
262,2626,195533,51
263,2636,195771,35
264,2646,195590,50
265,2656,195794,41
266,2666,195622,35
267,2676,195857,41
268,2686,195619,41
269,2696,195843,46
270,2706,195685,48
271,2716,195918,42
272,2726,195761,36
273,2736,195996,30
274,2746,195796,40
275,2756,196009,60
276,2766,195763,40
277,2776,195909,50
278,2786,195614,33
279,2796,195764,34
280,2806,195490,21
281,2816,195654,42
282,2826,195444,43
283,2836,195641,53
284,2846,195450,47
285,2856,195718,54
286,2866,195568,47
287,2876,195800,29
288,2886,195548,42
289,2896,195640,31
290,2906,195277,42
291,2916,195278,35
292,2926,194863,55
293,2936,194870,43
294,2946,194464,53
295,2956,194504,43
296,2966,194006,16
297,2976,194003,44
298,2986,193490,46
299,2996,193389,37
300,3006,193172,46
301,3016,192985,40
302,3026,192854,40
303,3036,192722,45
304,3046,192609,61
305,3056,192521,40
306,3066,192459,32
307,3077,192393,37
308,3087,192350,45
309,3097,192220,46
310,3107,192098,43
311,3117,191976,38
312,3127,191791,32
313,3137,191623,46
314,3147,191494,41
315,3157,191418,29
316,3167,191399,51
317,3177,191414,50
318,3187,191473,42
319,3197,191490,47
320,3207,191568,40
321,3217,191656,37
322,3227,191914,41
323,3237,192123,38
324,3247,192109,40
325,3257,192569,57
326,3267,192673,37
327,3277,193156,46
328,3287,193282,31
329,3297,193723,39
330,3307,193918,26
331,3317,194029,38
332,3327,193961,36
333,3337,194286,46
334,3347,194239,41
335,3357,194218,57
336,3367,193850,47
337,3377,193718,33
338,3387,193449,32
339,3397,193636,34
340,3407,193606,38
341,3417,193641,36
342,3427,193666,40
343,3437,193816,55
344,3447,193866,32
345,3457,194192,57
346,3467,194075,51
347,3477,194152,39
348,3487,193795,28
349,3497,193895,34
350,3507,193532,54
351,3517,193557,51
352,3527,193133,56
353,3537,193202,46
354,3547,193047,29
355,3557,193100,46
356,3567,192750,35
357,3577,192672,34
358,3588,192268,38
359,3598,192168,44
360,3608,191660,50
361,3618,191572,59
362,3628,191000,47
363,3638,190808,37
364,3648,190438,34
365,3658,190186,46
366,3668,190107,43
367,3678,190156,43
368,3688,190372,46
369,3698,190940,44
370,3708,191135,39
371,3718,191815,28
372,3728,191991,34
373,3738,192510,21
374,3748,192631,44
375,3758,193126,45
376,3768,193353,42
377,3778,193949,38
378,3788,194201,49
379,3798,194738,40
380,3808,195021,36
381,3818,195502,49
382,3828,195582,28
383,3838,195870,35
384,3848,195846,48
385,3858,196033,50
386,3868,196014,39
387,3878,196275,17
388,3888,196336,32
389,3898,196712,43
390,3908,196614,24
391,3918,196979,41
392,3928,196977,41
393,3938,197065,35
394,3948,196809,47
395,3958,196687,35
396,3968,196297,37
397,3978,196207,42
398,3988,195944,47
399,3998,195939,49
400,4008,195757,44
401,4018,195814,38
402,4028,195546,49
403,4038,195473,41
404,4048,195148,30
405,4058,195053,31
406,4068,194674,48
407,4079,194466,35
408,4089,194019,36
409,4099,193913,56
410,4109,193540,41
411,4119,193589,48
412,4129,193287,31
413,4139,193441,39
414,4149,193213,52
415,4159,193408,45
416,4169,193216,40
417,4179,193468,56
418,4189,193295,55
419,4199,193540,49
420,4209,193347,39
421,4219,193553,53
422,4229,193319,36
423,4239,193510,23
424,4249,193263,46
425,4259,193445,45
426,4269,193207,43
427,4279,193388,34
428,4289,193216,53
429,4299,193404,37
430,4309,193234,47
431,4319,193393,43
432,4329,193184,35
433,4339,193314,27
434,4349,193078,47
435,4359,193202,50
436,4369,192947,46
437,4379,193123,54
438,4389,192919,43
439,4399,193080,49
440,4409,192907,40
441,4419,193090,43
442,4429,192932,52
443,4439,193165,44
444,4449,193021,53
445,4459,193263,30
446,4469,193130,34
447,4479,193343,40
448,4489,193253,42
449,4499,193501,36
450,4509,193435,55
451,4519,193698,32
452,4529,193633,49
453,4539,193866,38
454,4549,193822,37
455,4559,194066,37
456,4569,194044,26
457,4580,194212,42
458,4590,194203,42
459,4600,194427,42
460,4610,194358,48
461,4620,194531,29
462,4630,194441,34
463,4640,194586,39
464,4650,194471,45
465,4660,194623,42
466,4670,194540,50
467,4680,194674,38
468,4690,194576,41
469,4700,194771,51
470,4710,194740,12
471,4720,194957,34
472,4730,194934,42
473,4740,195152,33
474,4750,195100,55
475,4760,195245,35
476,4770,195163,47
477,4780,195292,49
478,4790,195191,39
479,4800,195284,45
480,4810,195130,39
481,4820,195201,50
482,4830,195034,49
483,4840,195146,45
484,4850,195030,30
485,4860,195157,32
486,4870,195027,30
487,4880,195109,28
488,4890,194936,38
489,4900,195008,49
490,4910,194876,51
491,4920,195013,48
492,4930,194961,40
493,4940,195174,32
494,4950,195183,35
495,4960,195382,51
496,4970,195311,53
497,4980,195486,41
498,4990,195415,46
499,5000,195543,40
500,5010,195380,40
501,5020,195452,33
502,5030,195202,25
503,5040,195145,49
504,5051,194828,34
505,5061,194721,34
506,5071,194406,54
507,5081,194347,35
508,5091,194027,43
509,5101,193959,29
510,5111,193655,40
511,5121,193648,30
512,5131,193365,38
513,5141,193413,60
514,5151,193151,32
515,5161,193253,47
516,5171,193049,38
517,5181,193182,32
518,5191,192988,29
519,5201,193125,24
520,5211,192936,16
521,5221,193150,38
522,5231,193054,42
523,5241,193396,46
524,5251,193381,40
525,5261,193719,35
526,5271,193721,27
527,5281,194044,37
528,5291,194054,48
529,5301,194318,43
530,5311,194284,45
531,5321,194518,48
532,5331,194438,45
533,5341,194574,29
534,5351,194425,33
535,5361,194469,37
536,5371,194256,47
537,5381,194301,39
538,5391,194004,51
539,5401,193948,44
540,5411,193694,41
541,5421,193653,44
542,5431,193335,44
543,5441,193313,29
544,5451,192942,35
545,5461,192949,55
546,5471,192577,47
547,5481,192610,48
548,5491,192287,44
549,5501,192426,29
550,5511,192126,44
551,5521,192360,38
552,5532,192172,40
553,5542,192446,44
554,5552,192284,44
555,5562,192556,52
556,5572,192398,44
557,5582,192699,44
558,5592,192614,42
559,5602,192979,46
560,5612,192924,42
561,5622,193350,35
562,5632,193343,48
563,5642,193737,50
564,5652,193780,39
565,5662,194140,34
566,5672,194228,49
567,5682,194631,57
568,5692,194710,37
569,5702,195046,61
570,5712,195119,54
571,5722,195402,36
572,5732,195427,48
573,5742,195665,38
574,5752,195653,38
575,5762,195886,42
576,5772,195843,45
577,5782,196020,50
578,5792,195957,51
579,5802,196135,55
580,5812,195992,44
581,5822,196035,28
582,5832,195807,36
583,5842,195822,28
584,5852,195588,46
585,5862,195618,48
586,5872,195477,60
587,5882,195599,41
588,5892,195521,58
589,5902,195740,38
590,5912,195748,34
591,5922,195960,53
592,5932,195961,34
593,5942,196136,44
594,5952,196058,35
595,5962,196201,49
596,5972,196076,46
597,5982,196213,54
598,5992,196147,31
599,6002,196371,34
600,6012,196360,35
601,6023,196572,42
602,6033,196525,54
603,6043,196707,43
604,6053,196649,36
605,6063,196867,55
606,6073,196902,25
607,6083,197209,43
608,6093,197262,35
609,6103,197539,49
610,6113,197567,46
611,6123,197818,44
612,6133,197792,35
613,6143,198035,25
614,6153,197996,47
615,6163,198247,35
616,6173,198241,30
617,6183,198443,52
618,6193,198367,48
619,6203,198524,50
620,6213,198423,46
621,6223,198564,38
622,6233,198471,30
623,6243,198564,33
624,6253,198420,52
625,6263,198496,40
626,6273,198392,49
627,6283,198511,43
628,6293,198355,44
629,6303,198436,38
630,6313,198190,38
631,6323,198194,41
632,6333,197928,46
633,6343,197881,55
634,6353,197547,36
635,6363,197549,34
636,6373,197330,34
637,6383,197401,29
638,6393,197265,30
639,6403,197405,37
640,6413,197285,37
641,6423,197433,45
642,6433,197368,57
643,6443,197514,47
644,6453,197418,40
645,6463,197581,42
646,6473,197466,39
647,6483,197615,42
648,6494,197471,45
649,6504,197614,40
650,6514,197490,47
651,6524,197567,57
652,6534,197397,46
653,6544,197488,28
654,6554,197323,29
655,6564,197453,33
656,6574,197391,43
657,6584,197537,41
658,6594,197495,50
659,6604,197659,37
660,6614,197517,51
661,6624,197612,37
662,6634,197426,42
663,6644,197471,40
664,6654,197290,37
665,6664,197386,46
666,6674,197273,56
667,6684,197434,45
668,6694,197371,47
669,6704,197545,29
670,6714,197507,32
671,6724,197686,28
672,6734,197586,43
673,6744,197739,49
674,6754,197641,46
675,6764,197745,36
676,6774,197671,33
677,6784,197822,39
678,6794,197750,46
679,6804,197902,32
680,6814,197802,41
681,6824,197969,39
682,6834,197881,47
683,6844,198060,52
684,6854,197978,32
685,6864,198181,46
686,6874,198132,48
687,6884,198291,31
688,6894,198194,39
689,6904,198357,41
690,6914,198269,49
691,6924,198418,50
692,6934,198274,28
693,6944,198373,43
694,6954,198232,28
695,6964,198318,38
696,6975,198122,31
697,6985,198187,51
698,6995,198019,49
699,7005,198070,55
700,7015,197899,51
701,7025,197980,52
702,7035,197791,29
703,7045,197875,40
704,7055,197708,37
705,7065,197809,48
706,7075,197688,42
707,7085,197787,42
708,7095,197705,51
709,7105,197840,24
710,7115,197781,34
711,7125,197964,38
712,7135,197882,36
713,7145,198068,45
714,7155,197964,41
715,7165,198101,44
716,7175,197981,32
717,7185,198135,22
718,7195,198035,28
719,7205,198146,35
720,7215,197983,41
721,7225,198062,53
722,7235,197882,45
723,7245,197950,46
724,7255,197779,45
725,7265,197859,26
726,7275,197699,30
727,7285,197786,42
728,7295,197619,33
729,7305,197674,33
730,7315,197534,53
731,7325,197641,46
732,7335,197518,55
733,7345,197598,43
734,7355,197445,35
735,7365,197533,22
736,7375,197355,34
737,7385,197448,46
738,7395,197334,37
739,7405,197467,40
740,7415,197322,39
741,7425,197469,52
742,7435,197365,39
743,7445,197496,25
744,7456,197414,44
745,7466,197571,40
746,7476,197528,48
747,7486,197704,46
748,7496,197635,45
749,7506,197841,38
750,7516,197774,41
751,7526,197922,44
752,7536,197755,36
753,7546,197846,49
754,7556,197698,44
755,7566,197775,37
756,7576,197614,47
757,7586,197697,37
758,7596,197573,31
759,7606,197696,39
760,7616,197570,30
761,7626,197719,44
762,7636,197633,42
763,7646,197761,52
764,7656,197650,53
765,7666,197767,41
766,7676,197604,45
767,7686,197674,35
768,7696,197487,46
769,7706,197517,38
770,7716,197384,40
771,7726,197468,44
772,7736,197284,43
773,7746,197370,32
774,7756,197246,39
775,7766,197361,37
776,7776,197257,41
777,7786,197396,54
778,7796,197294,50
779,7806,197503,43
780,7816,197448,38
781,7826,197650,41
782,7836,197638,29
783,7846,197899,36
784,7856,197876,41
785,7866,198073,60
786,7876,198012,58
787,7886,198196,32
788,7896,198104,42
789,7906,198282,42
790,7916,198174,37
791,7926,198274,48
792,7937,198113,47
793,7947,198148,57
794,7957,197942,36
795,7967,197975,35
796,7977,197768,45
797,7987,197846,32
798,7997,197659,50
799,8007,197719,42
800,8017,197542,58
801,8027,197663,50
802,8037,197500,41
803,8047,197596,58
804,8057,197481,42
805,8067,197606,49
806,8077,197503,44
807,8087,197607,33
808,8097,197459,42
809,8107,197581,43
810,8117,197436,44
811,8127,197552,56
812,8137,197462,50
813,8147,197654,47
814,8157,197664,34
815,8167,197947,43
816,8177,197950,41
817,8187,198193,46
818,8197,198163,38
819,8207,198377,54
820,8217,198342,44
821,8227,198537,29
822,8237,198459,44
823,8247,198641,43
824,8257,198577,48
825,8267,198740,43
826,8277,198665,50
827,8287,198832,51
828,8297,198735,34
829,8307,198871,29
830,8317,198718,44
831,8327,198761,46
832,8337,198563,27
833,8347,198600,48
834,8357,198383,47
835,8367,198397,38
836,8377,198189,26
837,8387,198247,45
838,8397,198091,48
839,8408,198135,28
840,8418,197930,38
841,8428,197992,46
842,8438,197835,55
843,8448,197955,55
844,8458,197845,48
845,8468,198050,45
846,8478,198037,27
847,8488,198205,46
848,8498,198193,52
849,8508,198415,50
850,8518,198391,30
851,8528,198655,53
852,8538,198652,33
853,8548,198912,33
854,8558,198954,51
855,8568,199192,20
856,8578,199206,48
857,8588,199439,44
858,8598,199378,52
859,8608,199536,45
860,8618,199401,37
861,8628,199497,34
862,8638,199355,53
863,8648,199463,35
864,8658,199302,47
865,8668,199415,47
866,8678,199240,49
867,8688,199345,38
868,8698,199182,43
869,8708,199241,37
870,8718,199059,34
871,8728,199122,35
872,8738,198899,54
873,8748,198967,45
874,8758,198801,52
875,8768,198891,38
876,8778,198738,43
877,8788,198839,38
878,8798,198703,46
879,8808,198856,41
880,8818,198700,49
881,8828,198806,58
882,8838,198667,27
883,8848,198825,37
884,8858,198697,40
885,8868,198870,27
886,8879,198775,42
887,8889,198974,31
888,8899,198947,51
889,8909,199197,49
890,8919,199213,49
891,8929,199469,37
892,8939,199445,33
893,8949,199647,34
894,8959,199580,36
895,8969,199756,49
896,8979,199686,45
897,8989,199814,40
898,8999,199637,56
899,9009,199690,29
900,9019,199471,39
901,9029,199472,34
902,9039,199260,27
903,9049,199284,42
904,9059,199134,38
905,9069,199222,40
906,9079,199066,47
907,9089,199118,40
908,9099,198945,38
909,9109,198962,34
910,9119,198759,41
911,9129,198833,52
912,9139,198631,33
913,9149,198709,58
914,9159,198587,37
915,9169,198773,38
916,9179,198672,39
917,9189,198843,33
918,9199,198768,48
919,9209,198901,46
920,9219,198734,33
921,9229,198827,44
922,9239,198635,29
923,9249,198693,53
924,9259,198542,32
925,9269,198615,40
926,9279,198519,45
927,9289,198664,46
928,9299,198549,53
929,9309,198693,39
930,9319,198629,40
931,9329,198771,47
932,9339,198686,18
933,9350,198882,28
934,9360,198870,48
935,9370,199095,51
936,9380,199061,42
937,9390,199249,48
938,9400,199248,39
939,9410,199479,42
940,9420,199381,42
941,9430,199462,42
942,9440,199191,53
943,9450,199132,39
944,9460,198739,45
945,9470,198631,47
946,9480,198281,36
947,9490,198204,41
948,9500,197940,49
949,9510,197967,32
950,9520,197806,60
951,9530,197920,49
952,9540,197759,63
953,9550,197818,43
954,9560,197549,32
955,9570,197596,47
956,9580,197366,38
957,9590,197425,36
958,9600,197172,48
959,9610,197221,52
960,9620,197002,41
961,9630,197084,44
962,9640,196945,43
963,9650,197063,38
964,9660,196950,32
965,9670,197153,39
966,9680,197132,43
967,9690,197438,53
968,9700,197455,41
969,9710,197733,49
970,9720,197690,23
971,9730,197876,30
972,9740,197814,38
973,9750,198012,44
974,9760,197936,36
975,9770,198149,45
976,9780,198101,35
977,9790,198332,40
978,9800,198257,35
979,9810,198411,45
980,9820,198287,32
981,9831,198422,48
982,9841,198300,50
983,9851,198414,50
984,9861,198247,39
985,9871,198344,41
986,9881,198181,36
987,9891,198268,42
988,9901,198084,30
989,9911,198129,42
990,9921,197868,36
991,9931,197885,40
992,9941,197627,47
993,9951,197640,42
994,9961,197377,39
995,9971,197377,19
996,9981,197147,49
997,9991,197168,56
998,10001,196956,45
999,10011,197037,38
1000,10021,196886,28
1001,10031,197025,41
1002,10041,196876,44
1003,10051,197012,35
1004,10061,196922,40
1005,10071,197104,44
1006,10081,197064,34
1007,10091,197344,25
1008,10101,197328,55
1009,10111,197572,40
1010,10121,197527,36
1011,10131,197741,33
1012,10141,197686,32
1013,10151,197903,66
1014,10161,197858,49
1015,10171,198064,44
1016,10181,198014,50
1017,10191,198229,34
1018,10201,198126,42
1019,10211,198238,49
1020,10221,198095,42
1021,10231,198186,42
1022,10241,197988,49
1023,10251,198074,38
1024,10261,197896,39
1025,10271,197965,31
1026,10281,197807,33
1027,10291,197894,39
1028,10302,197735,44
1029,10312,197867,46
1030,10322,197745,39
1031,10332,197877,47
1032,10342,197841,38
1033,10352,197972,42
1034,10362,197890,34
1035,10372,198036,31
1036,10382,197954,50
1037,10392,198128,37
1038,10402,198048,40
1039,10412,198227,44
1040,10422,198175,43
1041,10432,198323,47
1042,10442,198209,42
1043,10452,198369,42
1044,10462,198227,37
1045,10472,198397,44
1046,10482,198303,46
1047,10492,198527,47
1048,10502,198507,43
1049,10512,198691,25
1050,10522,198610,43
1051,10532,198771,45
1052,10542,198664,53
1053,10552,198821,45
1054,10562,198687,42
1055,10572,198852,55
1056,10582,198701,41
1057,10592,198799,28
1058,10602,198644,35
1059,10612,198728,37
1060,10622,198566,42
1061,10632,198681,40
1062,10642,198526,35
1063,10652,198687,44
1064,10662,198578,26
1065,10672,198704,39
1066,10682,198555,49
1067,10692,198623,47
1068,10702,198403,44
1069,10712,198396,45
1070,10722,198114,63
1071,10732,198037,46
1072,10742,197757,50
1073,10752,197721,42
1074,10762,197498,44
1075,10772,197540,52
1076,10783,197362,39
1077,10793,197514,45
1078,10803,197390,47
1079,10813,197561,64
1080,10823,197486,28
1081,10833,197646,30
1082,10843,197564,25
1083,10853,197731,40
1084,10863,197708,41
1085,10873,197911,46
1086,10883,197873,42
1087,10893,198107,40
1088,10903,198067,46
1089,10913,198264,36
1090,10923,198232,36
1091,10933,198406,52
1092,10943,198332,31
1093,10953,198524,41
1094,10963,198422,43
1095,10973,198541,48
1096,10983,198401,51
1097,10993,198496,41
1098,11003,198369,36
1099,11013,198454,47
1100,11023,198296,35
1101,11033,198422,37
1102,11043,198299,56
1103,11053,198413,40
1104,11063,198240,34
1105,11073,198309,42
1106,11083,198126,27
1107,11093,198219,40
1108,11103,198051,45
1109,11113,198139,55
1110,11123,197999,45
1111,11133,198138,63
1112,11143,198012,35
1113,11153,198173,46
1114,11163,198091,42
1115,11173,198258,43
1116,11183,198180,34
1117,11193,198362,39
1118,11203,198268,42
1119,11213,198485,39
1120,11223,198385,30
1121,11233,198584,44
1122,11243,198507,42
1123,11254,198698,34
1124,11264,198617,45
1125,11274,198815,44
1126,11284,198776,40
1127,11294,198978,42
1128,11304,198929,41
1129,11314,199123,31
1130,11324,199037,46
1131,11334,199174,35
1132,11344,199062,39
1133,11354,199168,46
1134,11364,199021,35
1135,11374,199178,41
1136,11384,199025,32
1137,11394,199185,54
1138,11404,199069,43
1139,11414,199206,54
1140,11424,199092,52
1141,11434,199244,31
1142,11444,199129,35
1143,11454,199289,49
1144,11464,199158,30
1145,11474,199289,35
1146,11484,199124,35
1147,11494,199177,41
1148,11504,198941,58
1149,11514,198936,43
1150,11524,198693,35
1151,11534,198696,46
1152,11544,198442,28
1153,11554,198501,45
1154,11564,198320,42
1155,11574,198429,50
1156,11584,198291,49
1157,11594,198445,47
1158,11604,198370,41
1159,11614,198555,53
1160,11624,198487,26
1161,11634,198638,33
1162,11644,198547,34
1163,11654,198685,41
1164,11664,198563,41
1165,11674,198672,39
1166,11684,198488,45
1167,11694,198628,57
1168,11704,198503,22
1169,11714,198680,42
1170,11724,198575,30
1171,11735,198693,24
1172,11745,198583,47
1173,11755,198726,41
1174,11765,198567,35
1175,11775,198640,48
1176,11785,198385,36
1177,11795,198404,36
1178,11805,198147,27
1179,11815,198143,38
1180,11825,197891,43
1181,11835,197932,47
1182,11845,197734,48
1183,11855,197837,37
1184,11865,197680,45
1185,11875,197784,49
1186,11885,197617,46
1187,11895,197705,30
1188,11905,197504,34
1189,11915,197599,55
1190,11925,197457,53
1191,11935,197570,42
1192,11945,197474,26
1193,11955,197683,32
1194,11965,197633,38
1195,11975,197869,36
1196,11985,197848,41
1197,11995,198081,52
1198,12005,198048,36
1199,12015,198255,44
1200,12025,198175,41
1201,12035,198373,31
1202,12045,198285,40
1203,12055,198482,36
1204,12065,198344,33
1205,12075,198545,40
1206,12085,198445,44
1207,12095,198659,54
1208,12105,198610,40
1209,12115,198814,34
1210,12125,198740,27
1211,12135,198880,43
1212,12145,198731,37
1213,12155,198848,41
1214,12165,198709,49
1215,12175,198829,37
1216,12185,198690,56
1217,12195,198846,49
1218,12205,198746,28
1219,12215,198891,53
1220,12226,198744,33
1221,12236,198886,58
1222,12246,198744,45
1223,12256,198837,47
1224,12266,198618,53
1225,12276,198639,31
1226,12286,198363,34
1227,12296,198356,41
1228,12306,198066,42
1229,12316,198080,48
1230,12326,197872,37
1231,12336,197919,45
1232,12346,197748,56
1233,12356,197897,36
1234,12366,197784,33
1235,12376,197939,37
1236,12386,197871,35
1237,12396,198058,38
1238,12406,197999,55
1239,12416,198206,37
1240,12426,198133,48
1241,12436,198332,50
1242,12446,198247,44
1243,12456,198406,30
1244,12466,198293,27
1245,12476,198411,32
1246,12486,198254,48
1247,12496,198363,44
1248,12506,198180,29
1249,12516,198279,44
1250,12526,198073,29
1251,12536,198147,49
1252,12546,197952,33
1253,12556,198002,24
1254,12566,197781,35
1255,12576,197817,46
1256,12586,197580,36
1257,12596,197593,55
1258,12606,197353,37
1259,12616,197355,39
1260,12626,197138,36
1261,12636,197179,36
1262,12646,197000,34
1263,12656,197093,50
1264,12666,196942,60
1265,12676,197127,40
1266,12686,197043,33
1267,12696,197216,41
1268,12706,197147,28
1269,12717,197357,45
1270,12727,197315,43
1271,12737,197529,45
1272,12747,197440,60
1273,12757,197603,50
1274,12767,197524,33
1275,12777,197718,29
1276,12787,197656,36
1277,12797,197846,40
1278,12807,197804,42
1279,12817,198016,30
1280,12827,197996,43
1281,12837,198240,50
1282,12847,198259,41
1283,12857,198538,40
1284,12867,198519,43
1285,12877,198772,38
1286,12887,198731,37
1287,12897,198919,40
1288,12907,198795,53
1289,12917,198914,44
1290,12927,198733,45
1291,12937,198802,42
1292,12947,198594,43
1293,12957,198664,53
1294,12967,198376,36
1295,12977,198368,48
1296,12987,198036,41
1297,12997,197951,40
1298,13007,197616,43
1299,13017,197557,34
1300,13027,197259,28
1301,13037,197288,47
1302,13047,197082,49
1303,13057,197205,29
1304,13067,197131,46
1305,13077,197319,52
1306,13087,197260,43
1307,13097,197446,43
1308,13107,197363,42
1309,13117,197531,45
1310,13127,197433,33
1311,13137,197602,44
1312,13147,197502,61
1313,13157,197691,42
1314,13167,197606,47
1315,13177,197791,36
1316,13187,197674,35
1317,13197,197846,32
1318,13207,197758,45
1319,13218,197895,42
1320,13228,197772,47
1321,13238,197983,39
1322,13248,197828,49
1323,13258,197974,33
1324,13268,197849,51
1325,13278,197977,35
1326,13288,197866,40
1327,13298,197975,33
1328,13308,197839,56
1329,13318,198008,37
1330,13328,197918,45
1331,13338,198115,51
1332,13348,198024,39
1333,13358,198204,34
1334,13368,198100,46
1335,13378,198240,38
1336,13388,198124,42
1337,13398,198250,43
1338,13408,198086,56
1339,13418,198245,30
1340,13428,198077,34
1341,13438,198252,44
1342,13448,198111,35
1343,13458,198260,34
1344,13468,198096,33
1345,13478,198229,42
1346,13488,198045,45
1347,13498,198108,36
1348,13508,197858,47
1349,13518,197884,37
1350,13528,197606,39
1351,13538,197630,40
1352,13548,197381,30
1353,13558,197414,49
1354,13568,197210,43
1355,13578,197288,49
1356,13588,197114,44
1357,13598,197216,49
1358,13608,197040,31
1359,13618,197161,51
1360,13628,196983,43
1361,13638,197088,49
1362,13648,196947,54
1363,13658,197088,53
1364,13668,196998,40
1365,13678,197188,37
1366,13688,197120,48
1367,13698,197313,40
1368,13709,197233,42
1369,13719,197473,55
1370,13729,197395,43
1371,13739,197603,46
1372,13749,197515,52
1373,13759,197673,47
1374,13769,197538,38
1375,13779,197657,39
1376,13789,197486,50
1377,13799,197599,57
1378,13809,197436,44
1379,13819,197544,50
1380,13829,197413,29
1381,13839,197546,41
1382,13849,197425,48
1383,13859,197530,41
1384,13869,197391,45
1385,13879,197528,55
1386,13889,197378,37
1387,13899,197502,39
1388,13909,197354,42
1389,13919,197432,42
1390,13929,197229,21
1391,13939,197287,49
1392,13949,197077,52
1393,13959,197125,33
1394,13969,196927,47
1395,13979,196963,40
1396,13989,196728,37
1397,13999,196784,34
1398,14009,196554,40
1399,14019,196632,35
1400,14029,196447,51
1401,14039,196548,48
1402,14049,196413,48
1403,14059,196559,45
1404,14069,196495,48
1405,14079,196711,37
1406,14089,196672,40
1407,14099,196916,55
1408,14109,196892,40
1409,14119,197190,59
1410,14129,197186,39
1411,14139,197457,49
1412,14149,197442,37
1413,14159,197689,37
1414,14169,197625,44
1415,14179,197813,44
1416,14190,197738,34
1417,14200,197851,45
1418,14210,197716,39
1419,14220,197869,49
1420,14230,197749,53
1421,14240,197890,41
1422,14250,197738,46
1423,14260,197854,55
1424,14270,197706,37
1425,14280,197835,47
1426,14290,197667,60
1427,14300,197742,56
1428,14310,197552,38
1429,14320,197592,43
1430,14330,197390,38
1431,14340,197485,30
1432,14350,197323,48
1433,14360,197438,34
1434,14370,197301,47
1435,14380,197439,42
1436,14390,197341,42
1437,14400,197493,26
1438,14410,197354,26
1439,14420,197506,49
1440,14430,197399,33
1441,14440,197548,47
1442,14450,197447,44
1443,14460,197609,37
1444,14470,197555,52
1445,14480,197756,37
1446,14490,197612,39
1447,14500,197736,57
1448,14510,197559,41
1449,14520,197593,60
1450,14530,197357,47
1451,14540,197371,37
1452,14550,197101,45
1453,14560,197135,47
1454,14570,196923,39
1455,14580,197010,38
1456,14590,196828,37
1457,14600,196943,39
1458,14610,196821,55
1459,14620,197007,32
1460,14630,196902,44
1461,14640,197093,33
1462,14650,197017,36
1463,14660,197202,42
1464,14670,197119,39
1465,14681,197310,34
1466,14691,197257,55
1467,14701,197438,33
1468,14711,197391,51
1469,14721,197533,44
1470,14731,197440,52
1471,14741,197582,42
1472,14751,197504,40
1473,14761,197670,37
1474,14771,197585,38
1475,14781,197730,34
1476,14791,197608,43
1477,14801,197731,41
1478,14811,197584,42
1479,14821,197717,54
1480,14831,197557,35
1481,14841,197625,38
1482,14851,197475,51
1483,14861,197534,55
1484,14871,197343,40
1485,14881,197367,52
1486,14891,197131,33
1487,14901,197130,32
1488,14911,196863,31
1489,14921,196842,33
1490,14931,196603,50
1491,14941,196679,43
1492,14951,196516,41
1493,14961,196640,51
1494,14971,196602,46
1495,14981,196830,41
1496,14991,196883,40
1497,15001,197205,28
1498,15011,197274,43
1499,15021,197616,29
1500,15031,197697,41
1501,15041,197988,40
1502,15051,198053,48
1503,15061,198377,35
1504,15071,198390,29
1505,15081,198637,36
1506,15091,198553,44
1507,15101,198681,57
1508,15111,198563,53
1509,15121,198672,40
1510,15131,198442,53
1511,15141,198444,32
1512,15151,198126,41
1513,15161,198073,38
1514,15172,197740,43
1515,15182,197644,48
1516,15192,197321,40
1517,15202,197269,43
1518,15212,196981,57
1519,15222,196910,38
1520,15232,196593,31
1521,15242,196522,42
1522,15252,196187,46
1523,15262,196130,49
1524,15272,195809,50
1525,15282,195812,38
1526,15292,195588,50
1527,15302,195626,32
1528,15312,195457,29
1529,15322,195568,36
1530,15332,195474,41
1531,15342,195630,58
1532,15352,195558,49
1533,15362,195768,35
1534,15372,195713,47
1535,15382,195944,45
1536,15392,195896,50
1537,15402,196098,41
1538,15412,196071,27
1539,15422,196297,47
1540,15432,196236,46
1541,15442,196442,44
1542,15452,196355,42
1543,15462,196530,30
1544,15472,196457,31
1545,15482,196587,41
1546,15492,196474,46
1547,15502,196607,44
1548,15512,196477,50
1549,15522,196540,42
1550,15532,196333,42
1551,15542,196366,40
1552,15552,196103,34
1553,15562,196044,35
1554,15572,195738,41
1555,15582,195671,39
1556,15592,195387,44
1557,15602,195399,47
1558,15612,195205,45
1559,15622,195334,61
1560,15632,195184,29
1561,15642,195344,37
1562,15652,195221,44
1563,15663,195360,33
1564,15673,195256,51
1565,15683,195372,48
1566,15693,195240,38
1567,15703,195336,49
1568,15713,195149,41
1569,15723,195239,42
1570,15733,195010,42
1571,15743,195092,36
1572,15753,194938,53
1573,15763,195044,53
1574,15773,194918,41
1575,15783,195100,44
1576,15793,195039,33
1577,15803,195246,30
1578,15813,195175,28
1579,15823,195412,33
1580,15833,195448,48
1581,15843,195771,40
1582,15853,195834,38
1583,15863,196217,47
1584,15873,196340,23
1585,15883,196740,40
1586,15893,196912,39
1587,15903,197321,47
1588,15913,197487,53
1589,15923,197899,43
1590,15933,198012,46
1591,15943,198356,61
1592,15953,198353,49
1593,15963,198544,37
1594,15973,198400,41
1595,15983,198364,38
1596,15993,198024,48
1597,16003,197871,43
1598,16013,197485,48
1599,16023,197322,46
1600,16033,196962,30
1601,16043,196846,34
1602,16053,196540,43
1603,16063,196522,46
1604,16073,196244,43
1605,16083,196260,42
1606,16093,196035,50
1607,16103,196099,32
1608,16113,195950,52
1609,16123,196069,31
1610,16134,195933,38
1611,16144,196102,50
1612,16154,196078,43
1613,16164,196322,37
1614,16174,196337,44
1615,16184,196635,33
1616,16194,196635,37
1617,16204,196890,39
1618,16214,196854,28
1619,16224,197028,47
1620,16234,196989,50
1621,16244,197190,39
1622,16254,197135,31
1623,16264,197343,39
1624,16274,197304,47
1625,16284,197490,41
1626,16294,197433,46
1627,16304,197602,57
1628,16314,197458,54
1629,16324,197549,46
1630,16334,197391,44
1631,16344,197457,28
1632,16354,197302,37
1633,16364,197357,38
1634,16374,197178,30
1635,16384,197257,57
1636,16394,197051,54
1637,16404,197157,54
1638,16414,196994,34
1639,16424,197111,40
1640,16434,197031,41
1641,16444,197190,28
1642,16454,197091,43
1643,16464,197232,46
1644,16474,197103,26
1645,16484,197225,49
1646,16494,197087,52
1647,16504,197224,35
1648,16514,197107,40
1649,16524,197256,29
1650,16534,197181,31
1651,16544,197363,41
1652,16554,197357,53
1653,16564,197667,54
1654,16574,197715,45
1655,16584,198018,37
1656,16594,198006,35
1657,16604,198251,33
1658,16615,198204,39
1659,16625,198411,36
1660,16635,198341,33
1661,16645,198507,40
1662,16655,198401,50
1663,16665,198528,45
1664,16675,198343,31
1665,16685,198400,31
1666,16695,198148,43
1667,16705,198126,37
1668,16715,197866,48
1669,16725,197874,38
1670,16735,197650,39
1671,16745,197678,22
1672,16755,197461,51
1673,16765,197483,41
1674,16775,197234,35
1675,16785,197236,46
1676,16795,196981,37
1677,16805,196988,33
1678,16815,196721,46
1679,16825,196732,40
1680,16835,196479,46
1681,16845,196496,34
1682,16855,196310,43
1683,16865,196392,52
1684,16875,196224,32
1685,16885,196352,48
1686,16895,196280,42
1687,16905,196430,45
1688,16915,196381,40
1689,16925,196543,39
1690,16935,196485,52
1691,16945,196682,50
1692,16955,196665,48
1693,16965,196884,41
1694,16975,196813,30
1695,16985,197066,29
1696,16995,197029,31
1697,17005,197244,40
1698,17015,197182,39
1699,17025,197320,57
1700,17035,197162,48
1701,17045,197249,55
1702,17055,197059,46
1703,17065,197110,36
1704,17075,196941,32
1705,17086,197043,44
1706,17096,196894,47
1707,17106,197049,35
1708,17116,196946,43
1709,17126,197101,44
1710,17136,196961,43
1711,17146,197070,36
1712,17156,196926,38
1713,17166,197004,49
1714,17176,196837,49
1715,17186,196930,47
1716,17196,196747,34
1717,17206,196905,38
1718,17216,196780,46
1719,17226,196981,31
1720,17236,196933,41
1721,17246,197159,27
1722,17256,197129,37
1723,17266,197379,58
1724,17276,197365,41
1725,17286,197550,37
1726,17296,197512,47
1727,17306,197701,44
1728,17316,197660,40
1729,17326,197893,31
1730,17336,197876,42
1731,17346,198137,43
1732,17356,198063,47
1733,17366,198273,38
1734,17376,198192,35
1735,17386,198327,38
1736,17396,198179,36
1737,17406,198244,46
1738,17416,198029,47
1739,17426,198046,51
1740,17436,197856,45
1741,17446,197932,51
1742,17456,197786,36
1743,17466,197907,34
1744,17476,197812,38
1745,17486,197978,34
1746,17496,197953,43
1747,17506,198173,43
1748,17516,198180,50
1749,17526,198414,52
1750,17536,198395,33
1751,17546,198662,34
1752,17556,198655,33
1753,17567,198950,47
1754,17577,198953,49
1755,17587,199220,45
1756,17597,199187,42
1757,17607,199399,48
1758,17617,199274,36
1759,17627,199362,38
1760,17637,199195,40
1761,17647,199238,39
1762,17657,199036,42
1763,17667,199095,51
1764,17677,198934,46
1765,17687,198991,46
1766,17697,198752,43
1767,17707,198789,25
1768,17717,198486,45
1769,17727,198434,42
1770,17737,198133,43
1771,17747,198063,40
1772,17757,197737,44
1773,17767,197671,47
1774,17777,197381,43
1775,17787,197387,32
1776,17797,197198,36
1777,17807,197301,34
1778,17817,197202,41
1779,17827,197374,51
1780,17837,197288,41
1781,17847,197465,46
1782,17857,197332,43
1783,17867,197460,34
1784,17877,197328,32
1785,17887,197487,61
1786,17897,197432,50
1787,17907,197689,53
1788,17917,197705,35
1789,17927,198003,40
1790,17937,198098,32
1791,17947,198434,38
1792,17957,198466,52
1793,17967,198721,43
1794,17977,198652,48
1795,17987,198780,52
1796,17997,198632,46
1797,18007,198691,44
1798,18017,198470,37
1799,18027,198548,25
1800,18038,198380,32
1801,18048,198480,44
1802,18058,198330,44
1803,18068,198483,44
1804,18078,198357,48
1805,18088,198491,33
1806,18098,198286,35
1807,18108,198321,41
1808,18118,198024,26
1809,18128,197953,41
1810,18138,197641,37
1811,18148,197567,55
1812,18158,197295,39
1813,18168,197268,34
1814,18178,197087,37
1815,18188,197177,28
1816,18198,197071,38
1817,18208,197239,49
1818,18218,197150,44
1819,18228,197354,33
1820,18238,197288,20
1821,18248,197445,43
1822,18258,197347,28
1823,18268,197507,48
1824,18278,197438,48
1825,18288,197655,52
1826,18298,197674,53
1827,18308,197950,44
1828,18318,198010,38
1829,18328,198310,43
1830,18338,198290,31
1831,18348,198560,48
1832,18358,198529,40
1833,18368,198713,51
1834,18378,198632,45
1835,18388,198760,45
1836,18398,198598,38
1837,18408,198674,42
1838,18418,198468,36
1839,18428,198495,46
1840,18438,198255,52
1841,18448,198276,45
1842,18458,197997,54
1843,18468,197999,43
1844,18478,197781,29
1845,18488,197816,25
1846,18498,197643,27
1847,18509,197780,38
1848,18519,197669,44
1849,18529,197883,46
1850,18539,197867,45
1851,18549,198120,47
1852,18559,198109,35
1853,18569,198321,35
1854,18579,198259,31
1855,18589,198427,41
1856,18599,198375,42
1857,18609,198614,42
1858,18619,198632,44
1859,18629,198952,42
1860,18639,199012,34
1861,18649,199292,43
1862,18659,199297,35
1863,18669,199509,58
1864,18679,199405,41
1865,18689,199547,39
1866,18699,199380,57
1867,18709,199438,50
1868,18719,199254,26
1869,18729,199323,44
1870,18739,199139,31
1871,18749,199199,29
1872,18759,199009,34
1873,18769,199029,42
1874,18779,198792,36
1875,18789,198787,40
1876,18799,198532,41
1877,18809,198543,18
1878,18819,198275,40
1879,18829,198265,46
1880,18839,198005,46
1881,18849,198006,47
1882,18859,197745,60
1883,18869,197755,35
1884,18879,197514,43
1885,18889,197544,39
1886,18899,197347,48
1887,18909,197388,52
1888,18919,197187,39
1889,18929,197321,52
1890,18939,197184,44
1891,18949,197348,44
1892,18959,197214,43
1893,18970,197337,41
1894,18980,197216,36
1895,18990,197309,44
1896,19000,197119,56
1897,19010,197212,56
1898,19020,196997,41
1899,19030,197084,38
1900,19040,196945,47
1901,19050,197077,45
1902,19060,196994,34
1903,19070,197205,37
1904,19080,197132,38
1905,19090,197349,51
1906,19100,197263,29
1907,19110,197444,43
1908,19120,197326,38
1909,19130,197441,41
1910,19140,197284,43
1911,19150,197351,42
1912,19160,197139,42
1913,19170,197200,48
1914,19180,197030,40
1915,19190,197141,38
1916,19200,197013,30
1917,19210,197176,40
1918,19220,197125,47
1919,19230,197294,45
1920,19240,197233,64
1921,19250,197380,40
1922,19260,197246,44
1923,19270,197290,52
1924,19280,197101,40
1925,19290,197146,41
1926,19300,196924,39
1927,19310,197017,38
1928,19320,196871,50
1929,19330,197025,30
1930,19340,196931,41
1931,19350,197139,38
1932,19360,197108,38
1933,19370,197327,48
1934,19380,197330,48
1935,19390,197548,58
1936,19400,197492,43
1937,19410,197699,39
1938,19420,197649,42
1939,19430,197847,42
1940,19441,197760,46
1941,19451,197951,52
1942,19461,197896,55
1943,19471,198060,40
1944,19481,197961,47
1945,19491,198101,50
1946,19501,197983,51
1947,19511,198137,34
1948,19521,198024,52
1949,19531,198167,58
1950,19541,198004,52
1951,19551,198049,48
1952,19561,197888,47
1953,19571,197940,44
1954,19581,197766,36
1955,19591,197773,35
1956,19601,197582,40
1957,19611,197660,44
1958,19621,197497,49
1959,19631,197599,26
1960,19641,197470,41
1961,19651,197597,52
1962,19661,197477,47
1963,19671,197596,49
1964,19681,197475,38
1965,19691,197590,49
1966,19701,197454,32
1967,19711,197595,48
1968,19721,197495,43
1969,19731,197686,53
1970,19741,197612,39
1971,19751,197816,40
1972,19761,197812,39
1973,19771,198046,47
1974,19781,198006,45
1975,19791,198230,44
1976,19801,198145,47
1977,19811,198316,39
1978,19821,198222,39
1979,19831,198357,36
1980,19841,198259,50
1981,19851,198355,49
1982,19861,198197,29
1983,19871,198308,42
1984,19881,198092,43
1985,19891,198126,31
1986,19901,197910,47
1987,19912,197902,60
1988,19922,197659,47
1989,19932,197686,49
1990,19942,197467,32
1991,19952,197541,40
1992,19962,197344,25
1993,19972,197418,38
1994,19982,197297,37
1995,19992,197386,43
1996,20002,197267,51
1997,20012,197411,44
1998,20022,197325,45
1999,20032,197538,40
2000,20042,197482,34
2001,20052,197691,43
2002,20062,197644,41
2003,20072,197870,27
2004,20082,197867,38
2005,20092,198090,34
2006,20102,198070,41
2007,20112,198287,44
2008,20122,198223,44
2009,20132,198392,23
2010,20142,198293,35
2011,20152,198436,51
2012,20162,198339,44
2013,20172,198484,42
2014,20182,198328,49
2015,20192,198435,42
2016,20202,198277,29
2017,20212,198393,42
2018,20222,198245,55
2019,20232,198379,48
2020,20242,198247,44
2021,20252,198360,49
2022,20262,198220,41
2023,20272,198304,34
2024,20282,198116,42
2025,20292,198198,26
2026,20302,198051,44
2027,20312,198152,41
2028,20322,198050,55
2029,20332,198203,34
2030,20342,198140,36
2031,20352,198352,46
2032,20362,198314,33
2033,20373,198467,58
2034,20383,198353,44
2035,20393,198523,47
2036,20403,198375,53
2037,20413,198500,50
2038,20423,198348,36
2039,20433,198443,39
2040,20443,198299,34
2041,20453,198370,46
2042,20463,198216,41
2043,20473,198257,58
2044,20483,198052,36
2045,20493,198114,54
2046,20503,197906,41
2047,20513,197968,44
2048,20523,197764,45
2049,20533,197824,37
2050,20543,197635,51
2051,20553,197707,53
2052,20563,197560,35
2053,20573,197681,39
2054,20583,197548,32
2055,20593,197668,47
2056,20603,197591,30
2057,20613,197759,25
2058,20623,197671,39
2059,20633,197791,52
2060,20643,197612,52
2061,20653,197731,35
2062,20663,197576,26
2063,20673,197650,43
2064,20683,197492,39
2065,20693,197583,45
2066,20703,197444,53
2067,20713,197534,50
2068,20723,197344,34
2069,20733,197430,43
2070,20743,197284,27
2071,20753,197383,45
2072,20763,197203,36
2073,20773,197309,52
2074,20783,197188,44
2075,20793,197327,45
2076,20803,197233,52
2077,20813,197412,52
2078,20823,197355,36
2079,20833,197536,43
2080,20843,197454,34
2081,20854,197636,34
2082,20864,197565,49
2083,20874,197749,47
2084,20884,197659,49
2085,20894,197796,49
2086,20904,197707,42
2087,20914,197857,45
2088,20924,197765,42
2089,20934,197908,38
2090,20944,197852,39
2091,20954,198045,46
2092,20964,198007,49
2093,20974,198239,49
2094,20984,198154,27
2095,20994,198392,47
2096,21004,198325,32
2097,21014,198510,43
2098,21024,198453,47
2099,21034,198619,46
2100,21044,198510,36
2101,21054,198635,43
2102,21064,198495,40
2103,21074,198503,43
2104,21084,198293,33
2105,21094,198338,43
2106,21104,198113,43
2107,21114,198179,45
2108,21124,198040,47
2109,21134,198135,33
2110,21144,197967,36
2111,21154,198074,47
2112,21164,197901,31
2113,21174,198011,54
2114,21184,197831,35
2115,21194,197879,33
2116,21204,197679,39
2117,21214,197708,38
2118,21224,197521,33
2119,21234,197615,39
2120,21244,197490,31
2121,21254,197629,60
2122,21264,197561,53
2123,21274,197722,49
2124,21284,197681,38
2125,21294,197891,37
2126,21304,197811,41
2127,21314,197990,43
2128,21325,197858,47
2129,21335,197998,31
2130,21345,197832,44
2131,21355,197944,51
2132,21365,197829,46
2133,21375,197967,34
2134,21385,197828,40
2135,21395,197979,43
2136,21405,197829,44
2137,21415,197971,53
2138,21425,197867,48
2139,21435,197981,39
2140,21445,197875,43
2141,21455,198017,39
2142,21465,197943,41
2143,21475,198129,47
2144,21485,198036,42
2145,21495,198221,44
2146,21505,198190,45
2147,21515,198344,35
2148,21525,198275,44
2149,21535,198415,31
2150,21545,198272,39
2151,21555,198376,42
2152,21565,198178,21
2153,21575,198263,40
2154,21585,198075,38
2155,21595,198127,51
2156,21605,197988,32
2157,21615,198055,51
2158,21625,197913,27
2159,21635,198001,37
2160,21645,197855,37
2161,21655,197988,39
2162,21665,197872,47
2163,21675,198009,32
2164,21685,197904,37
2165,21695,198053,39
2166,21705,197983,45
2167,21715,198117,37
2168,21725,198019,51
2169,21735,198151,59
2170,21745,198036,46
2171,21755,198170,47
2172,21765,198050,54
2173,21775,198196,39
2174,21785,198096,26
2175,21795,198216,31
2176,21806,198103,33
2177,21816,198210,49
2178,21826,198089,49
2179,21836,198202,47
2180,21846,198094,51
2181,21856,198227,32
2182,21866,198105,29
2183,21876,198225,32
2184,21886,198076,45
2185,21896,198228,55
2186,21906,198117,53
2187,21916,198259,39
2188,21926,198180,50
2189,21936,198351,43
2190,21946,198286,45
2191,21956,198502,45
2192,21966,198439,32
2193,21976,198636,58
2194,21986,198552,49
2195,21996,198698,38
2196,22006,198636,56
2197,22016,198797,44
2198,22026,198717,39
2199,22036,198824,48
2200,22046,198706,35
2201,22056,198855,54
2202,22066,198751,47
2203,22076,198892,54
2204,22086,198805,52
2205,22096,198937,43
2206,22106,198807,31
2207,22116,198949,37
2208,22126,198809,47
2209,22136,198944,56
2210,22146,198823,44
2211,22156,198954,51
2212,22166,198810,49
2213,22176,198899,36
2214,22186,198740,30
2215,22196,198776,36
2216,22206,198551,45
2217,22216,198558,54
2218,22226,198344,46
2219,22236,198342,51
2220,22246,198140,42
2221,22256,198216,36
2222,22266,198070,37
2223,22276,198189,48
2224,22287,198073,38
2225,22297,198203,38
2226,22307,198109,48
2227,22317,198232,60
2228,22327,198156,39
2229,22337,198307,38
2230,22347,198215,48
2231,22357,198340,40
2232,22367,198249,37
2233,22377,198404,46
2234,22387,198323,48
2235,22397,198464,53
2236,22407,198382,34
2237,22417,198512,36
2238,22427,198391,38
2239,22437,198476,47
2240,22447,198312,29
2241,22457,198387,47
2242,22467,198216,50
2243,22477,198261,63
2244,22487,198092,52
2245,22497,198176,47
2246,22507,198012,29
2247,22517,198116,40
2248,22527,197964,31
2249,22537,198075,45
2250,22547,197946,41
2251,22557,198108,42
2252,22567,198021,38
2253,22577,198214,40
2254,22587,198151,42
2255,22597,198297,49
2256,22607,198204,33
2257,22617,198343,42
2258,22627,198241,41
2259,22637,198373,53
2260,22647,198277,36
2261,22657,198448,44
2262,22667,198364,28
2263,22677,198574,35
2264,22687,198517,39
2265,22697,198734,52
2266,22707,198693,29
2267,22717,198900,42
2268,22727,198851,31
2269,22737,199016,38
2270,22747,198900,29
2271,22758,198997,38
2272,22768,198845,49
2273,22778,198895,47
2274,22788,198655,49
2275,22798,198728,41
2276,22808,198521,29
2277,22818,198556,37
2278,22828,198358,42
2279,22838,198388,46
2280,22848,198241,45
2281,22858,198352,38
2282,22868,198241,41
2283,22878,198376,50
2284,22888,198297,27
2285,22898,198488,40
2286,22908,198426,30
2287,22918,198586,53
2288,22928,198490,61
2289,22938,198672,44
2290,22948,198622,31
2291,22958,198847,35
2292,22968,198821,31
2293,22978,199036,40
2294,22988,198981,34
2295,22998,199144,48
2296,23008,199059,56
2297,23018,199146,45
2298,23028,198982,48
2299,23038,199023,34
2300,23048,198770,42
2301,23058,198766,41
2302,23068,198502,46
2303,23078,198501,46
2304,23088,198289,35
2305,23098,198330,62
2306,23108,198180,34
2307,23118,198273,33
2308,23128,198148,39
2309,23138,198271,32
2310,23148,198111,36
2311,23158,198265,51
2312,23168,198159,47
2313,23178,198335,45
2314,23188,198284,33
2315,23198,198483,29
2316,23208,198415,37
2317,23218,198594,40
2318,23229,198517,33
2319,23239,198662,53
2320,23249,198588,46
2321,23259,198710,52
2322,23269,198589,42
2323,23279,198716,42
2324,23289,198582,37
2325,23299,198678,36
2326,23309,198522,28
2327,23319,198596,39
2328,23329,198433,51
2329,23339,198503,50
2330,23349,198359,33
2331,23359,198465,45
2332,23369,198308,47
2333,23379,198410,40
2334,23389,198292,46
2335,23399,198404,46
2336,23409,198277,53
2337,23419,198416,51
2338,23429,198314,31
2339,23439,198426,38
2340,23449,198337,39
2341,23459,198507,43
2342,23469,198426,44
2343,23479,198589,70
2344,23489,198525,47
2345,23499,198768,43
2346,23509,198733,38
2347,23519,198975,39
2348,23529,198956,36
2349,23539,199137,36
2350,23549,199051,42
2351,23559,199208,45
2352,23569,199102,43
2353,23579,199195,49
2354,23589,199066,37
2355,23599,199147,29
2356,23609,198974,33
2357,23619,199019,38
2358,23629,198867,48
2359,23639,198940,50
2360,23649,198793,31
2361,23659,198879,41
2362,23669,198709,21
2363,23679,198769,39
2364,23689,198583,43
2365,23700,198645,39
2366,23710,198484,53
2367,23720,198558,43
2368,23730,198391,48
2369,23740,198539,47
2370,23750,198429,31
2371,23760,198582,45
2372,23770,198518,46
2373,23780,198706,32
2374,23790,198638,45
2375,23800,198798,45
2376,23810,198704,53
2377,23820,198875,38
2378,23830,198789,51
2379,23840,198959,33
2380,23850,198898,34
2381,23860,199036,28
2382,23870,198928,50
2383,23880,199026,52
2384,23890,198866,45
2385,23900,198931,40
2386,23910,198733,39
2387,23920,198753,48
2388,23930,198534,40
2389,23940,198586,42
2390,23950,198365,40
2391,23960,198412,57
2392,23970,198236,39
2393,23980,198314,36
2394,23990,198185,40
2395,24000,198268,52
2396,24010,198146,44
2397,24020,198294,53
2398,24030,198208,50
2399,24040,198385,41
2400,24050,198305,37
2401,24060,198479,46
2402,24070,198458,43
2403,24080,198649,40
2404,24090,198596,36
2405,24100,198783,49
2406,24110,198696,46
2407,24120,198810,43
2408,24130,198700,39
2409,24140,198792,29
2410,24150,198651,42
2411,24160,198761,37
2412,24171,198623,52
2413,24181,198761,46
2414,24191,198627,39
2415,24201,198756,48
2416,24211,198663,46
2417,24221,198815,35
2418,24231,198723,33
2419,24241,198890,33
2420,24251,198818,34
2421,24261,198972,44
2422,24271,198901,34
2423,24281,199089,46
2424,24291,199022,44
2425,24301,199225,30
2426,24311,199179,32
2427,24321,199407,50
2428,24331,199380,43
2429,24341,199607,52
2430,24351,199603,51
2431,24361,199851,45
2432,24371,199859,46
2433,24381,200052,50
2434,24391,199971,40
2435,24401,200126,33
2436,24411,199999,49
2437,24421,200091,41
2438,24431,199967,36
2439,24441,200047,51
2440,24451,199906,20
2441,24461,199981,32
2442,24471,199847,46
2443,24481,199891,45
2444,24491,199705,52
2445,24501,199722,44
2446,24511,199480,52
2447,24521,199467,56
2448,24531,199217,27
2449,24541,199224,23
2450,24551,199003,47
2451,24561,199022,53
2452,24571,198874,54
2453,24581,198955,47
2454,24591,198849,44
2455,24601,198969,48
2456,24611,198844,50
2457,24621,198971,53
2458,24631,198859,51
2459,24642,198945,50
2460,24652,198819,49
2461,24662,198929,52
2462,24672,198829,32
2463,24682,199003,44
2464,24692,198914,47
2465,24702,199107,42
2466,24712,199096,37
2467,24722,199280,40
2468,24732,199231,40
2469,24742,199407,47
2470,24752,199349,47
2471,24762,199491,29
2472,24772,199411,21
2473,24782,199539,53
2474,24792,199451,41
2475,24802,199524,50
2476,24812,199387,48
2477,24822,199479,55
2478,24832,199296,46
2479,24842,199413,32
2480,24852,199278,45
2481,24862,199405,36
2482,24872,199323,35
2483,24882,199493,53
2484,24892,199441,53
2485,24902,199624,53
2486,24912,199572,42
2487,24922,199784,38
2488,24932,199755,48
2489,24942,199942,36
2490,24952,199876,39
2491,24962,199989,45
2492,24972,199864,40
2493,24982,199982,43
2494,24992,199888,38
2495,25002,200021,53
2496,25012,199943,39
2497,25022,200105,41
2498,25032,200048,38
2499,25042,200201,45
2500,25052,200135,48
2501,25062,200211,48
2502,25072,200027,47
2503,25082,200069,27
2504,25092,199841,45
2505,25102,199888,36
2506,25113,199681,33
2507,25123,199761,41
2508,25133,199565,50
2509,25143,199660,39
2510,25153,199483,44
2511,25163,199522,38
2512,25173,199342,39
2513,25183,199418,35
2514,25193,199252,38
2515,25203,199337,55
2516,25213,199189,43
2517,25223,199279,46
2518,25233,199162,55
2519,25243,199318,31
2520,25253,199178,33
2521,25263,199317,45
2522,25273,199204,29
2523,25283,199338,44
2524,25293,199222,38
2525,25303,199359,42
2526,25313,199202,34
2527,25323,199306,40
2528,25333,199170,41
2529,25343,199283,42
2530,25353,199185,34
2531,25363,199317,45
2532,25373,199203,50
2533,25383,199335,43
2534,25393,199193,23
2535,25403,199307,40
2536,25413,199132,43
2537,25423,199230,45
2538,25433,199056,47
2539,25443,199124,52
2540,25453,198932,48
2541,25463,198994,48
2542,25473,198808,42
2543,25483,198893,50
2544,25493,198748,31
2545,25503,198807,32
2546,25513,198676,43
2547,25523,198736,46
2548,25533,198590,37
2549,25543,198642,43
2550,25553,198423,34
2551,25563,198455,50
2552,25573,198240,44
2553,25584,198218,34
2554,25594,198011,47
2555,25604,198035,48
2556,25614,197831,42
2557,25624,197907,46
2558,25634,197765,61
2559,25644,197867,45
2560,25654,197787,44
2561,25664,197943,40
2562,25674,197852,49
2563,25684,198058,42
2564,25694,197946,42
2565,25704,198109,33
2566,25714,198042,31
2567,25724,198185,38
2568,25734,198122,35
2569,25744,198270,43
2570,25754,198183,45
2571,25764,198362,48
2572,25774,198311,35
2573,25784,198507,40
2574,25794,198447,28
2575,25804,198608,35
2576,25814,198494,33
2577,25824,198585,38
2578,25834,198401,55
2579,25844,198479,40
2580,25854,198318,46
2581,25864,198439,28
2582,25874,198284,40
2583,25884,198408,43
2584,25894,198298,42
2585,25904,198454,50
2586,25914,198366,50
2587,25924,198531,55
2588,25934,198479,42
2589,25944,198687,36
2590,25954,198665,36
2591,25964,198908,39
2592,25974,198902,43
2593,25984,199174,45
2594,25994,199216,44
2595,26004,199497,32
2596,26014,199549,44
2597,26024,199834,38
2598,26034,199856,41
2599,26044,200107,46
2600,26055,200071,45
2601,26065,200252,48
2602,26075,200173,44
2603,26085,200311,54
2604,26095,200161,23
2605,26105,200276,41
2606,26115,200110,42
2607,26125,200160,41
2608,26135,199997,36
2609,26145,200052,43
2610,26155,199869,44
2611,26165,199948,48
2612,26175,199745,35
2613,26185,199814,41
2614,26195,199632,42
2615,26205,199680,37
2616,26215,199520,46
2617,26225,199578,51
2618,26235,199439,45
2619,26245,199583,56
2620,26255,199484,43
2621,26265,199676,49
2622,26275,199589,42
2623,26285,199773,39
2624,26295,199654,38
2625,26305,199783,44
2626,26315,199613,48
2627,26325,199694,59
2628,26335,199510,41
2629,26345,199601,30
2630,26355,199473,49
2631,26365,199621,43
2632,26375,199559,28
2633,26385,199758,60
2634,26395,199713,53
2635,26405,199909,49
2636,26415,199812,31
2637,26425,199954,33
2638,26435,199865,39
2639,26445,200003,34
2640,26455,199914,42
2641,26465,200068,48
2642,26475,199980,57
2643,26485,200133,48
2644,26495,200029,30
2645,26505,200157,42
2646,26515,200048,36
2647,26526,200139,31
2648,26536,200000,53
2649,26546,200105,40
2650,26556,200014,45
2651,26566,200154,44
2652,26576,200068,31
2653,26586,200258,34
2654,26596,200147,47
2655,26606,200286,46
2656,26616,200164,58
2657,26626,200304,52
2658,26636,200174,48
2659,26646,200277,38
2660,26656,200156,29
2661,26666,200220,32
2662,26676,200067,36
2663,26686,200123,47
2664,26696,199978,50
2665,26706,200078,48
2666,26716,199970,53
2667,26726,200107,51
2668,26736,200053,46
2669,26746,200231,44
2670,26756,200217,45
2671,26766,200421,33
2672,26776,200379,54
2673,26786,200588,45
2674,26796,200543,37
2675,26806,200763,51
2676,26816,200681,32
2677,26826,200822,33
2678,26836,200720,48
2679,26846,200819,45
2680,26856,200689,58
2681,26866,200768,50
2682,26876,200586,44
2683,26886,200689,48
2684,26896,200534,37
2685,26906,200596,39
2686,26916,200441,35
2687,26926,200496,58
2688,26936,200311,48
2689,26946,200315,56
2690,26956,200124,42
2691,26966,200156,51
2692,26976,199941,23
2693,26986,199975,38
2694,26996,199825,39
2695,27007,199874,33
2696,27017,199718,52
2697,27027,199830,54
2698,27037,199740,38
2699,27047,199884,39
2700,27057,199824,39
2701,27067,199958,39
2702,27077,199854,47
2703,27087,199949,45
2704,27097,199763,51
2705,27107,199766,48
2706,27117,199497,50
2707,27127,199477,45
2708,27137,199249,34
2709,27147,199262,45
2710,27157,199108,37
2711,27167,199218,45
2712,27177,199173,43
2713,27187,199363,47
2714,27197,199314,42
2715,27207,199515,31
2716,27217,199472,51
2717,27227,199689,34
2718,27237,199644,36
2719,27247,199853,34
2720,27257,199826,49
2721,27267,200033,47
2722,27277,199986,28
2723,27287,200138,36
2724,27297,200091,27
2725,27307,200265,44
2726,27317,200181,30
2727,27327,200307,35
2728,27337,200212,53
2729,27347,200320,42
2730,27357,200198,41
2731,27367,200243,34
2732,27377,200028,40
2733,27387,200050,32
2734,27397,199820,45
2735,27407,199848,47
2736,27417,199652,45
2737,27427,199688,48
2738,27437,199529,48
2739,27447,199588,37
2740,27457,199408,33
2741,27467,199464,32
2742,27478,199275,37
2743,27488,199335,43
2744,27498,199173,50
2745,27508,199232,55
2746,27518,199122,39
2747,27528,199251,30
2748,27538,199173,36
2749,27548,199359,36
2750,27558,199311,40
2751,27568,199494,45
2752,27578,199447,51
2753,27588,199641,46
2754,27598,199606,37
2755,27608,199765,29
2756,27618,199664,31
2757,27628,199836,48
2758,27638,199747,31
2759,27648,199922,31
2760,27658,199882,52
2761,27668,200120,53
2762,27678,200134,28
2763,27688,200376,30
2764,27698,200370,36
2765,27708,200553,41
2766,27718,200488,37
2767,27728,200603,45
2768,27738,200418,43
2769,27748,200453,46
2770,27758,200227,36
2771,27768,200276,31
2772,27778,200116,40
2773,27788,200218,42
2774,27798,200102,47
2775,27808,200272,44
2776,27818,200211,59
2777,27828,200409,46
2778,27838,200336,40
2779,27848,200483,39
2780,27858,200372,37
2781,27868,200432,54
2782,27878,200266,52
2783,27888,200273,54
2784,27898,200036,48
2785,27908,200012,46
2786,27918,199814,47
2787,27928,199816,38
2788,27938,199630,35
2789,27949,199682,40
2790,27959,199548,51
2791,27969,199644,45
2792,27979,199521,46
2793,27989,199618,42
2794,27999,199502,34
2795,28009,199648,43
2796,28019,199523,27
2797,28029,199657,40
2798,28039,199600,48
2799,28049,199747,30
2800,28059,199659,29
2801,28069,199817,38
2802,28079,199763,44
2803,28089,199920,36
2804,28099,199851,32
2805,28109,199971,31
2806,28119,199861,51
2807,28129,199988,43
2808,28139,199859,40
2809,28149,199977,38
2810,28159,199858,46
2811,28169,200001,26
2812,28179,199859,51
2813,28189,200013,57
2814,28199,199923,49
2815,28209,200051,48
2816,28219,199957,44
2817,28229,200101,53
2818,28239,199988,39
2819,28249,200147,29
2820,28259,200070,31
2821,28269,200241,43
2822,28279,200182,45
2823,28289,200343,54
2824,28299,200302,29
2825,28309,200463,49
2826,28319,200391,34
2827,28329,200545,42
2828,28339,200428,47
2829,28349,200553,46
2830,28359,200442,42
2831,28369,200572,40
2832,28379,200499,36
2833,28389,200647,36
2834,28399,200585,39
2835,28410,200765,38
2836,28420,200682,43
2837,28430,200844,38
2838,28440,200747,57
2839,28450,200854,38
2840,28460,200752,36
2841,28470,200845,50
2842,28480,200704,22
2843,28490,200798,49
2844,28500,200629,47
2845,28510,200673,35
2846,28520,200436,50
2847,28530,200427,40
2848,28540,200158,31
2849,28550,200087,43
2850,28560,199810,33
2851,28570,199737,43
2852,28580,199497,48
2853,28590,199504,37
2854,28600,199341,33
2855,28610,199467,58
2856,28620,199421,40
2857,28630,199605,46
2858,28640,199559,42
2859,28650,199623,44
2860,28660,199399,53
2861,28670,199324,61
2862,28680,198989,46
2863,28690,198914,30
2864,28700,198610,50
2865,28710,198607,50
2866,28720,198409,31
2867,28730,198492,44
2868,28740,198354,46
2869,28750,198462,55
2870,28760,198359,36
2871,28770,198439,28
2872,28780,198334,36
2873,28790,198469,33
2874,28800,198380,43
2875,28810,198592,57
2876,28820,198586,60
2877,28830,198828,29
2878,28840,198856,46
2879,28850,199118,30
2880,28860,199139,32
2881,28870,199361,41
2882,28881,199294,44
2883,28891,199446,57
2884,28901,199308,37
2885,28911,199365,46
2886,28921,199191,48
2887,28931,199217,35
2888,28941,199057,49
2889,28951,199122,50
2890,28961,198992,53
2891,28971,199142,44
2892,28981,199101,40
2893,28991,199337,35
2894,29001,199346,41
2895,29011,199614,30
2896,29021,199609,27
2897,29031,199873,42
2898,29041,199893,52
2899,29051,200150,43
2900,29061,200150,41
2901,29071,200420,58
2902,29081,200433,25
2903,29091,200644,36
2904,29101,200629,29
2905,29111,200789,40
2906,29121,200689,46
2907,29131,200822,47
2908,29141,200663,36
2909,29151,200754,38
2910,29161,200565,36
2911,29171,200613,42
2912,29181,200420,43
2913,29191,200469,40
2914,29201,200304,49
2915,29211,200358,55
2916,29221,200175,36
2917,29231,200212,61
2918,29241,200017,25
2919,29251,200013,33
2920,29261,199799,32
2921,29271,199830,58
2922,29281,199661,42
2923,29291,199726,47
2924,29301,199567,37
2925,29311,199685,37
2926,29321,199592,42
2927,29331,199710,36
2928,29342,199602,44
2929,29352,199745,44
2930,29362,199621,41
2931,29372,199705,56
2932,29382,199595,39
2933,29392,199678,45
2934,29402,199498,39
2935,29412,199538,34
2936,29422,199311,32
2937,29432,199320,44
2938,29442,199087,34
2939,29452,199099,52
2940,29462,198869,45
2941,29472,198870,28
2942,29482,198659,43
2943,29492,198708,44
2944,29502,198538,34
2945,29512,198608,40
2946,29522,198482,44
2947,29532,198592,39
2948,29542,198452,40
2949,29552,198615,45
2950,29562,198497,51
2951,29572,198643,38
2952,29582,198540,40
2953,29592,198696,47
2954,29602,198625,50
2955,29612,198827,56
2956,29622,198807,43
2957,29632,199024,45
2958,29642,199055,38
2959,29652,199295,35
2960,29662,199315,42
2961,29672,199560,45
2962,29682,199545,34
2963,29692,199709,47
2964,29702,199628,49
2965,29712,199681,45
2966,29722,199510,42
2967,29732,199561,33
2968,29742,199346,49
2969,29752,199389,33
2970,29762,199170,40
2971,29772,199203,48
2972,29782,198988,45
2973,29792,198995,40
2974,29802,198801,30
2975,29812,198817,48
2976,29822,198631,45
2977,29832,198671,36
2978,29843,198540,34
2979,29853,198662,35
2980,29863,198560,55
2981,29873,198701,37
2982,29883,198611,24
2983,29893,198730,36
2984,29903,198598,46
2985,29913,198632,39
2986,29923,198422,36
2987,29933,198418,55
2988,29943,198204,59
2989,29953,198197,47
2990,29963,198007,46
2991,29973,198048,40
2992,29983,197917,34
2993,29993,198087,44
2994,30003,198071,31
2995,30013,198324,41
2996,30023,198380,43
2997,30033,198677,48
2998,30043,198726,40
2999,30053,198988,31
3000,30063,199021,44
3001,30073,199247,46
3002,30083,199264,40
3003,30093,199509,53
3004,30103,199545,54
3005,30113,199820,47
3006,30123,199888,54
3007,30133,200143,38
3008,30143,200172,48
3009,30153,200392,44
3010,30163,200327,31
3011,30173,200434,46
3012,30183,200262,49
3013,30193,200254,48
3014,30203,199983,47
3015,30213,199894,39
3016,30223,199555,42
3017,30233,199409,35
3018,30243,199036,47
3019,30253,198914,53
3020,30263,198566,42
3021,30273,198473,42
3022,30283,198154,43
3023,30293,198116,51
3024,30303,197872,31
3025,30313,197906,27
3026,30324,197728,32
3027,30334,197820,49
3028,30344,197675,50
3029,30354,197824,42
3030,30364,197760,47
3031,30374,197904,38
3032,30384,197873,32
3033,30394,198060,31
3034,30404,198032,38
3035,30414,198228,36
3036,30424,198204,44
3037,30434,198402,47
3038,30444,198359,42
3039,30454,198520,47
3040,30464,198488,52
3041,30474,198643,43
3042,30484,198535,46
3043,30494,198641,48
3044,30504,198531,42
3045,30514,198639,24
3046,30524,198518,41
3047,30534,198642,38
3048,30544,198516,24
3049,30554,198687,40
3050,30564,198614,47
3051,30574,198777,56
3052,30584,198747,33
3053,30594,198941,54
3054,30604,198900,32
3055,30614,199042,47
3056,30624,198966,38
3057,30634,199117,44
3058,30644,199015,43
3059,30654,199192,38
3060,30664,199010,46
3061,30674,199098,45
3062,30684,198938,38
3063,30694,198954,33
3064,30704,198750,36
3065,30714,198809,30
3066,30724,198658,40
3067,30734,198749,38
3068,30744,198644,38
3069,30754,198756,51
3070,30764,198695,29
3071,30774,198835,50
3072,30784,198753,48
3073,30794,198877,27
3074,30805,198799,52
3075,30815,198959,51
3076,30825,198935,49
3077,30835,199138,51
3078,30845,199151,39
3079,30855,199342,36
3080,30865,199329,25
3081,30875,199510,36
3082,30885,199441,54
3083,30895,199542,40
3084,30905,199385,44
3085,30915,199386,45
3086,30925,199135,30
3087,30935,199081,41
3088,30945,198829,44
3089,30955,198795,42
3090,30965,198559,47
3091,30975,198581,48
3092,30985,198366,47
3093,30995,198417,43
3094,31005,198233,35
3095,31015,198339,56
3096,31025,198216,34
3097,31035,198353,45
3098,31045,198284,31
3099,31055,198472,43
3100,31065,198459,36
3101,31075,198722,38
3102,31085,198723,41
3103,31095,198910,35
3104,31105,198851,40
3105,31115,199001,45
3106,31125,198938,63
3107,31135,199080,41
3108,31145,199018,53
3109,31155,199159,33
3110,31165,199080,56
3111,31175,199185,51
3112,31185,199050,31
3113,31195,199129,49
3114,31205,199010,43
3115,31215,199094,44
3116,31225,198949,41
3117,31235,199047,42
3118,31245,198883,38
3119,31255,198928,44
3120,31266,198742,29
3121,31276,198789,55
3122,31286,198607,49
3123,31296,198676,51
3124,31306,198538,48
3125,31316,198605,45
3126,31326,198489,35
3127,31336,198589,37
3128,31346,198523,48
3129,31356,198716,39
3130,31366,198663,59
3131,31376,198871,40
3132,31386,198857,47
3133,31396,199023,34
3134,31406,198928,38
3135,31416,199043,48
3136,31426,198944,57
3137,31436,199094,38
3138,31446,199033,61
3139,31456,199204,46
3140,31466,199195,41
3141,31476,199436,26
3142,31486,199480,42
3143,31496,199710,39
3144,31506,199707,32
3145,31516,199933,48
3146,31526,199921,46
3147,31536,200084,52
3148,31546,200057,31
3149,31556,200230,38
3150,31566,200101,49
3151,31576,200185,49
3152,31586,200005,42
3153,31596,199991,48
3154,31606,199707,55
3155,31616,199608,37
3156,31626,199260,40
3157,31636,199108,44
3158,31646,198751,29
3159,31656,198617,52
3160,31666,198342,47
3161,31676,198320,38
3162,31686,198150,48
3163,31696,198261,33
3164,31706,198142,40
3165,31716,198315,46
3166,31727,198278,32
3167,31737,198513,55
3168,31747,198522,35
3169,31757,198757,49
3170,31767,198786,38
3171,31777,199029,35
3172,31787,199046,34
3173,31797,199269,45
3174,31807,199237,43
3175,31817,199472,47
3176,31827,199477,47
3177,31837,199688,43
3178,31847,199692,39
3179,31857,199863,43
3180,31867,199802,23
3181,31877,199911,39
3182,31887,199794,34
3183,31897,199890,49
3184,31907,199731,36
3185,31917,199787,38
3186,31927,199670,50
3187,31937,199741,40
3188,31947,199585,43
3189,31957,199673,36
3190,31967,199528,51
3191,31977,199602,51
3192,31987,199482,45
3193,31997,199602,49
3194,32007,199480,39
3195,32017,199577,39
3196,32027,199422,26
3197,32037,199490,32
3198,32047,199343,43
3199,32057,199417,44
3200,32067,199303,47
3201,32077,199411,51
3202,32087,199316,47
3203,32097,199456,48
3204,32107,199364,35
3205,32117,199527,27
3206,32127,199441,42
3207,32137,199572,50
3208,32147,199476,39
3209,32157,199613,42
3210,32167,199521,51
3211,32177,199654,51
3212,32187,199555,36
3213,32198,199648,39
3214,32208,199557,38
3215,32218,199674,44
3216,32228,199563,48
3217,32238,199690,49
3218,32248,199621,41
3219,32258,199782,19
3220,32268,199741,39
3221,32278,199897,51
3222,32288,199832,47
3223,32298,199944,53
3224,32308,199866,49
3225,32318,199999,36
3226,32328,199834,47
3227,32338,199910,29
3228,32348,199704,35
3229,32358,199716,36
3230,32368,199565,49
3231,32378,199623,46
3232,32388,199473,46
3233,32398,199559,37
3234,32408,199453,48
3235,32418,199589,37
3236,32428,199521,50
3237,32438,199725,47
3238,32448,199701,44
3239,32458,199943,36
3240,32468,199912,31
3241,32478,200158,46
3242,32488,200127,36
3243,32498,200334,39
3244,32508,200294,40
3245,32518,200470,45
3246,32528,200393,56
3247,32538,200526,46
3248,32548,200432,41
3249,32558,200544,38
3250,32568,200417,32
3251,32578,200526,46
3252,32588,200401,56
3253,32598,200533,42
3254,32608,200430,41
3255,32618,200539,45
3256,32628,200412,36
3257,32638,200488,27
3258,32648,200332,37
3259,32659,200435,40
3260,32669,200305,45
3261,32679,200394,44
3262,32689,200227,49
3263,32699,200345,40
3264,32709,200225,43
3265,32719,200330,34
3266,32729,200208,43
3267,32739,200303,36
3268,32749,200178,48
3269,32759,200249,47
3270,32769,200057,34
3271,32779,200067,57
3272,32789,199863,40
3273,32799,199892,31
3274,32809,199683,48
3275,32819,199749,33
3276,32829,199611,43
3277,32839,199719,61
3278,32849,199673,52
3279,32859,199837,49
3280,32869,199790,38
3281,32879,199951,21
3282,32889,199840,20
3283,32899,199939,42
3284,32909,199825,39
3285,32919,199991,53
3286,32929,199922,32
3287,32939,200114,50
3288,32949,200119,33
3289,32959,200320,41
3290,32969,200279,51
3291,32979,200407,35
3292,32989,200303,47
3293,32999,200348,49
3294,33009,200199,44
3295,33019,200257,51
3296,33029,200075,46
3297,33039,200143,43
3298,33049,200027,36
3299,33059,200154,42
3300,33069,200085,54
3301,33079,200229,58
3302,33089,200172,48
3303,33099,200327,36
3304,33109,200264,25
3305,33119,200439,33
3306,33130,200363,38
3307,33140,200524,44
3308,33150,200485,37
3309,33160,200686,43
3310,33170,200622,41
3311,33180,200791,46
3312,33190,200753,29
3313,33200,200889,38
3314,33210,200769,37
3315,33220,200891,52
3316,33230,200773,48
3317,33240,200854,43
3318,33250,200722,52
3319,33260,200798,37
3320,33270,200655,37
3321,33280,200713,37
3322,33290,200527,34
3323,33300,200598,47
3324,33310,200452,52
3325,33320,200515,51
3326,33330,200367,34
3327,33340,200436,16
3328,33350,200315,38
3329,33360,200436,44
3330,33370,200345,40
3331,33380,200495,34
3332,33390,200459,38
3333,33400,200607,36
3334,33410,200553,43
3335,33420,200720,43
3336,33430,200667,40
3337,33440,200861,33
3338,33450,200839,47
3339,33460,201054,51
3340,33470,201010,52
3341,33480,201217,43
3342,33490,201193,43
3343,33500,201333,41
3344,33510,201248,23
3345,33520,201333,50
3346,33530,201178,34
3347,33540,201225,42
3348,33550,201043,43
3349,33560,201083,52
3350,33570,200841,35
3351,33580,200846,40
3352,33590,200617,40
3353,33600,200588,40
3354,33611,200332,37
3355,33621,200308,53
3356,33631,200083,49
3357,33641,200148,50
3358,33651,199985,48
3359,33661,200081,41
3360,33671,199918,35
3361,33681,199997,49
3362,33691,199820,52
3363,33701,199873,47
3364,33711,199675,36
3365,33721,199697,44
3366,33731,199500,34
3367,33741,199514,51
3368,33751,199333,32
3369,33761,199362,45
3370,33771,199207,43
3371,33781,199290,37
3372,33791,199176,38
3373,33801,199311,52
3374,33811,199249,36
3375,33821,199413,27
3376,33831,199381,39
3377,33841,199557,65
3378,33851,199536,47
3379,33861,199755,48
3380,33871,199728,49
3381,33881,199935,40
3382,33891,199877,26
3383,33901,200095,41
3384,33911,200056,32
3385,33921,200240,48
3386,33931,200196,44
3387,33941,200339,51
3388,33951,200248,58
3389,33961,200341,44
3390,33971,200217,37
3391,33981,200320,61
3392,33991,200156,37
3393,34001,200217,60
3394,34011,200056,46
3395,34021,200078,45
3396,34031,199926,34
3397,34041,200003,43
3398,34051,199848,47
3399,34062,199970,43
3400,34072,199872,58
3401,34082,200015,42
3402,34092,199966,36
3403,34102,200136,45
3404,34112,200093,38
3405,34122,200277,38
3406,34132,200199,46
3407,34142,200336,35
3408,34152,200229,53
3409,34162,200375,41
3410,34172,200298,49
3411,34182,200438,56
3412,34192,200384,39
3413,34202,200535,38
3414,34212,200435,30
3415,34222,200498,43
3416,34232,200392,59
3417,34242,200484,58
3418,34252,200363,40
3419,34262,200448,52
3420,34272,200309,42
3421,34282,200385,31
3422,34292,200249,43
3423,34302,200343,41
3424,34312,200171,45
3425,34322,200252,35
3426,34332,200095,42
3427,34342,200171,42
3428,34352,200032,21
3429,34362,200128,37
3430,34372,200005,30
3431,34382,200113,54
3432,34392,199968,38
3433,34402,200068,37
3434,34412,199928,56
3435,34422,200021,44
3436,34432,199898,37
3437,34442,200037,35
3438,34452,199938,32
3439,34462,200080,40
3440,34472,200012,44
3441,34482,200121,51
3442,34492,200030,44
3443,34502,200124,34
3444,34512,199962,42
3445,34522,200006,42
3446,34533,199789,37
3447,34543,199814,49
3448,34553,199582,37
3449,34563,199584,46
3450,34573,199404,51
3451,34583,199400,35
3452,34593,199249,44
3453,34603,199288,45
3454,34613,199134,42
3455,34623,199213,42
3456,34633,199093,52
3457,34643,199216,53
3458,34653,199176,25
3459,34663,199345,34
3460,34673,199338,47
3461,34683,199549,34
3462,34693,199543,61
3463,34703,199726,62
3464,34713,199704,46
3465,34723,199898,46
3466,34733,199861,23
3467,34743,200072,39
3468,34753,200031,48
3469,34763,200217,27
3470,34773,200172,42
3471,34783,200329,47
3472,34793,200209,47
3473,34803,200308,46
3474,34813,200175,39
3475,34823,200223,43
3476,34833,200081,42
3477,34843,200126,44
3478,34853,199965,47
3479,34863,200025,44
3480,34873,199847,42
3481,34883,199933,53
3482,34893,199780,28
3483,34903,199873,54
3484,34913,199759,35
3485,34923,199849,42
3486,34933,199768,51
3487,34943,199869,49
3488,34953,199778,32
3489,34963,199934,45
3490,34973,199879,41
3491,34983,200051,31
3492,34994,200016,37
3493,35004,200169,40
3494,35014,200104,46
3495,35024,200218,45
3496,35034,200131,44
3497,35044,200237,40
3498,35054,200152,34
3499,35064,200300,45
3500,35074,200214,37
3501,35084,200365,40
3502,35094,200291,49
3503,35104,200434,27
3504,35114,200339,40
3505,35124,200422,38
3506,35134,200291,32
3507,35144,200363,24
3508,35154,200210,38
3509,35164,200316,49
3510,35174,200148,48
3511,35184,200227,46
3512,35194,200070,52
3513,35204,200101,38
3514,35214,199914,37
3515,35224,199971,35
3516,35234,199778,39
3517,35244,199822,44
3518,35254,199648,45
3519,35264,199696,54
3520,35274,199558,54
3521,35284,199624,34
3522,35294,199504,52
3523,35304,199596,35
3524,35314,199488,42
3525,35324,199615,48
3526,35334,199507,47
3527,35344,199635,42
3528,35354,199567,34
3529,35364,199687,39
3530,35374,199592,39
3531,35384,199659,40
3532,35394,199464,33
3533,35404,199483,44
3534,35414,199282,44
3535,35424,199315,53
3536,35434,199181,40
3537,35444,199251,34
3538,35454,199164,47
3539,35464,199292,38
3540,35475,199263,36
3541,35485,199449,46
3542,35495,199483,47
3543,35505,199705,46
3544,35515,199765,58
3545,35525,199987,47
3546,35535,200011,41
3547,35545,200212,37
3548,35555,200214,45
3549,35565,200416,43
3550,35575,200409,45
3551,35585,200581,48
3552,35595,200518,30
3553,35605,200668,38
3554,35615,200592,41
3555,35625,200717,44
3556,35635,200635,38
3557,35645,200722,52
3558,35655,200614,47
3559,35665,200649,46
3560,35675,200472,39
3561,35685,200505,31
3562,35695,200302,28
3563,35705,200300,38
3564,35715,200090,40
3565,35725,200103,60
3566,35735,199916,33
3567,35745,199943,40
3568,35755,199758,45
3569,35765,199821,41
3570,35775,199678,34
3571,35785,199737,43
3572,35795,199610,49
3573,35805,199698,47
3574,35815,199615,40
3575,35825,199731,45
3576,35835,199669,24
3577,35845,199770,29
3578,35855,199664,43
3579,35865,199769,30
3580,35875,199666,42
3581,35885,199784,41
3582,35895,199726,59
3583,35905,199865,34
3584,35915,199814,37
3585,35925,199972,34
3586,35935,199914,44
3587,35946,200032,22
3588,35956,199942,48
3589,35966,200044,54
3590,35976,199928,63
3591,35986,200036,42
3592,35996,199920,35
3593,36006,200021,40
3594,36016,199933,42
3595,36026,200061,36
3596,36036,199994,41
3597,36046,200164,48
3598,36056,200135,32
3599,36066,200331,46
3600,36076,200329,42
3601,36086,200528,39
3602,36096,200498,41
3603,36106,200633,51
3604,36116,200584,43
3605,36126,200712,41
3606,36136,200613,49
3607,36146,200756,45
3608,36156,200661,48
3609,36166,200780,53
3610,36176,200685,19
3611,36186,200783,33
3612,36196,200648,49
3613,36206,200686,33
3614,36216,200467,39
3615,36226,200461,44
3616,36236,200209,49
3617,36246,200178,31
3618,36256,199977,36
3619,36266,199976,39
3620,36276,199794,40
3621,36286,199870,55
3622,36296,199744,44
3623,36306,199850,46
3624,36316,199708,46
3625,36326,199814,42
3626,36336,199704,42
3627,36346,199796,28
3628,36356,199683,42
3629,36366,199779,46
3630,36376,199671,28
3631,36386,199781,41
3632,36396,199650,43
3633,36406,199731,32
3634,36416,199608,36
3635,36427,199671,34
3636,36437,199541,47
3637,36447,199635,49
3638,36457,199527,44
3639,36467,199601,42
3640,36477,199493,37
3641,36487,199539,44
3642,36497,199397,44
3643,36507,199441,31
3644,36517,199288,39
3645,36527,199323,45
3646,36537,199176,55
3647,36547,199263,47
3648,36557,199175,50
3649,36567,199293,31
3650,36577,199204,34
3651,36587,199366,26
3652,36597,199297,40
3653,36607,199440,48
3654,36617,199389,41
3655,36627,199513,44
3656,36637,199459,43
3657,36647,199575,50
3658,36657,199512,35
3659,36667,199684,46
3660,36677,199647,45
3661,36687,199871,46
3662,36697,199871,49
3663,36707,200089,36
3664,36717,200111,44
3665,36727,200330,39
3666,36737,200282,31
3667,36747,200461,40
3668,36757,200374,51
3669,36767,200488,27
3670,36777,200353,36
3671,36787,200419,46
3672,36797,200270,39
3673,36807,200375,32
3674,36817,200253,25
3675,36827,200378,40
3676,36837,200312,33
3677,36847,200464,42
3678,36857,200375,42
3679,36867,200496,55
3680,36877,200340,38
3681,36887,200383,46
3682,36897,200218,35
3683,36908,200255,38
3684,36918,200070,49
3685,36928,200111,43
3686,36938,199935,45
3687,36948,200025,32
3688,36958,199941,40
3689,36968,200068,33
3690,36978,200000,26
3691,36988,200178,44
3692,36998,200128,63
3693,37008,200233,47
3694,37018,200100,39
3695,37028,200170,37
3696,37038,199960,39
3697,37048,199960,28
3698,37058,199701,42
3699,37068,199701,42
3700,37078,199485,55
3701,37088,199521,51
3702,37098,199386,41
3703,37108,199487,37
3704,37118,199376,41
3705,37128,199508,28
3706,37138,199397,47
3707,37148,199535,42
3708,37158,199434,51
3709,37168,199576,54
3710,37178,199493,50
3711,37188,199656,34
3712,37198,199577,26
3713,37208,199763,42
3714,37218,199760,39
3715,37228,199908,45
3716,37238,199861,53
3717,37248,199961,39
3718,37258,199847,48
3719,37268,199954,49
3720,37278,199844,37
3721,37288,199959,37
3722,37298,199841,49
3723,37308,199900,47
3724,37318,199755,37
3725,37328,199819,44
3726,37338,199711,56
3727,37348,199816,47
3728,37358,199710,39
3729,37368,199780,47
3730,37378,199665,47
3731,37389,199723,38
3732,37399,199558,46
3733,37409,199632,40
3734,37419,199526,41
3735,37429,199653,38
3736,37439,199541,29
3737,37449,199653,45
3738,37459,199569,41
3739,37469,199692,37
3740,37479,199650,46
3741,37489,199805,46
3742,37499,199769,43
3743,37509,199935,46
3744,37519,199889,30
3745,37529,200024,20
3746,37539,199993,46
3747,37549,200138,35
3748,37559,200108,58
3749,37569,200222,49
3750,37579,200100,49
3751,37589,200172,34
3752,37599,200017,43
3753,37609,200019,43
3754,37619,199828,46
3755,37629,199853,33
3756,37639,199662,60
3757,37649,199715,42
3758,37659,199558,38
3759,37669,199631,29
3760,37679,199483,31
3761,37689,199567,37
3762,37699,199422,37
3763,37709,199493,36
3764,37719,199390,52
3765,37729,199478,49
3766,37739,199359,42
3767,37749,199469,45
3768,37759,199361,37
3769,37769,199519,35
3770,37779,199489,45
3771,37789,199704,33
3772,37799,199694,41
3773,37809,199947,36
3774,37819,199935,55
3775,37829,200178,26
3776,37839,200197,32
3777,37849,200408,40
3778,37859,200381,51
3779,37870,200533,30
3780,37880,200451,53
3781,37890,200569,58
3782,37900,200472,35
3783,37910,200523,49
3784,37920,200357,37
3785,37930,200366,36
3786,37940,200124,33
3787,37950,200060,35
3788,37960,199795,41
3789,37970,199735,43
3790,37980,199472,44
3791,37990,199471,36
3792,38000,199288,45
3793,38010,199377,39
3794,38020,199253,35
3795,38030,199368,31
3796,38040,199288,38
3797,38050,199472,45
3798,38060,199434,47
3799,38070,199630,35
3800,38080,199615,36
3801,38090,199819,43
3802,38100,199824,43
3803,38110,199973,48
3804,38120,199922,40
3805,38130,200068,49
3806,38140,199993,39
3807,38150,200111,41
3808,38160,199980,32
3809,38170,200107,46
3810,38180,200014,40
3811,38190,200166,47
3812,38200,200098,52
3813,38210,200243,40
3814,38220,200124,37
3815,38230,200232,32
3816,38240,200113,55
3817,38250,200163,38
3818,38260,200033,29
3819,38270,200103,40
3820,38280,199968,55
3821,38290,200089,36
3822,38300,200031,46
3823,38310,200214,36
3824,38320,200178,36
3825,38330,200345,40
3826,38340,200306,29
3827,38351,200464,45
3828,38361,200452,48
3829,38371,200643,40
3830,38381,200623,58
3831,38391,200820,42
3832,38401,200810,43
3833,38411,200982,25
3834,38421,200931,46
3835,38431,201087,50
3836,38441,200996,39
3837,38451,201114,47
3838,38461,201022,50
3839,38471,201089,44
3840,38481,200957,19
3841,38491,201015,24
3842,38501,200830,52
3843,38511,200850,49
3844,38521,200675,53
3845,38531,200700,31
3846,38541,200490,44
3847,38551,200497,55
3848,38561,200282,26
3849,38571,200256,48
3850,38581,200065,57
3851,38591,200118,54
3852,38601,199974,53
3853,38611,200046,50
3854,38621,199953,42
3855,38631,200085,29
3856,38641,200008,35
3857,38651,200145,34
3858,38661,200100,56
3859,38671,200269,49
3860,38681,200238,47
3861,38691,200492,42
3862,38701,200478,42
3863,38711,200716,32
3864,38721,200696,42
3865,38731,200872,43
3866,38741,200820,46
3867,38751,200930,43
3868,38761,200810,34
3869,38771,200855,57
3870,38781,200599,37
3871,38791,200552,42
3872,38802,200283,55
3873,38812,200227,42
3874,38822,200002,43
3875,38832,199990,35
3876,38842,199792,38
3877,38852,199840,36
3878,38862,199706,31
3879,38872,199789,33
3880,38882,199689,35
3881,38892,199818,38
3882,38902,199750,34
3883,38912,199867,39
3884,38922,199843,38
3885,38932,199984,49
3886,38942,199948,49
3887,38952,200135,36
3888,38962,200069,44
3889,38972,200228,54
3890,38982,200174,45
3891,38992,200333,52
3892,39002,200272,38
3893,39012,200443,38
3894,39022,200360,45
3895,39032,200521,46
3896,39042,200473,45
3897,39052,200604,39
3898,39062,200528,47
3899,39072,200635,45
3900,39082,200511,41
3901,39092,200585,30
3902,39102,200413,27
3903,39112,200443,38
3904,39122,200294,38
3905,39132,200357,56
3906,39142,200224,40
3907,39152,200335,48
3908,39162,200218,26
3909,39172,200335,41
3910,39182,200199,46
3911,39192,200303,36
3912,39202,200214,48
3913,39212,200342,42
3914,39222,200267,40
3915,39232,200474,45
3916,39242,200366,39
3917,39252,200492,47
3918,39263,200401,52
3919,39273,200526,44
3920,39283,200416,63
3921,39293,200528,55
3922,39303,200421,41
3923,39313,200538,39
3924,39323,200447,40
3925,39333,200576,48
3926,39343,200457,34
3927,39353,200581,51
3928,39363,200460,45
3929,39373,200572,46
3930,39383,200482,42
3931,39393,200563,30
3932,39403,200493,40
3933,39413,200609,35
3934,39423,200505,44
3935,39433,200623,50
3936,39443,200494,44
3937,39453,200647,50
3938,39463,200567,39
3939,39473,200760,40
3940,39483,200708,29
3941,39493,200866,49
3942,39503,200832,43
3943,39513,200990,37
3944,39523,200925,49
3945,39533,201088,30
3946,39543,201011,27
3947,39553,201161,38
3948,39563,201106,40
3949,39573,201258,32
3950,39583,201197,48
3951,39593,201355,34
3952,39603,201250,48
3953,39613,201380,45
3954,39623,201198,33
3955,39633,201220,35
3956,39643,200970,38
3957,39653,200942,52
3958,39663,200697,49
3959,39673,200628,36
3960,39683,200393,38
3961,39693,200400,35
3962,39703,200200,39
3963,39713,200283,36
3964,39724,200165,39
3965,39734,200275,31
3966,39744,200250,45
3967,39754,200433,45
3968,39764,200378,38
3969,39774,200573,18
3970,39784,200518,32
3971,39794,200656,35
3972,39804,200584,33
3973,39814,200739,42
3974,39824,200662,37
3975,39834,200819,37
3976,39844,200797,27
3977,39854,200976,50
3978,39864,200922,27
3979,39874,201063,49
3980,39884,201013,50
3981,39894,201161,55
3982,39904,201056,57
3983,39914,201112,48
3984,39924,200930,39
3985,39934,200976,28
3986,39944,200805,48
3987,39954,200863,42
3988,39964,200772,38
3989,39974,200884,42
3990,39984,200774,46
3991,39994,200909,36
3992,40004,200837,35
3993,40014,200948,32
3994,40024,200849,29
3995,40034,200977,40
3996,40044,200924,52
3997,40054,201064,42
3998,40064,201007,42
3999,40074,201181,48
4000,40084,201140,16
4001,40094,201336,31
4002,40104,201273,44
4003,40114,201449,46
4004,40124,201341,39
4005,40134,201442,53
4006,40144,201338,37
4007,40154,201407,40
4008,40164,201254,39
4009,40174,201298,30
4010,40185,201103,36
4011,40195,201137,60
4012,40205,200965,53
4013,40215,201020,36
4014,40225,200892,56
4015,40235,200991,44
4016,40245,200890,46
4017,40255,200997,35
4018,40265,200895,37
4019,40275,201009,50
4020,40285,200902,42
4021,40295,201016,49
4022,40305,200895,48
4023,40315,201004,45
4024,40325,200878,31
4025,40335,200967,40
4026,40345,200849,44
4027,40355,200972,40
4028,40365,200903,52
4029,40375,201046,44
4030,40385,200966,41
4031,40395,201095,34
4032,40405,200999,39
4033,40415,201112,47
4034,40425,201053,41
4035,40435,201218,37
4036,40445,201180,45
4037,40455,201332,44
4038,40465,201231,40
4039,40475,201300,36
4040,40485,201158,41
4041,40495,201214,35
4042,40505,201019,49
4043,40515,201045,46
4044,40525,200794,53
4045,40535,200793,38
4046,40545,200544,38
4047,40555,200552,36
4048,40565,200341,36
4049,40575,200396,51
4050,40585,200240,37
4051,40595,200315,37
4052,40605,200211,45
4053,40615,200339,43
4054,40625,200276,41
4055,40635,200469,40
4056,40646,200426,38
4057,40656,200622,34
4058,40666,200584,45
4059,40676,200762,50
4060,40686,200716,52
4061,40696,200884,31
4062,40706,200826,36
4063,40716,200977,48
4064,40726,200891,41
4065,40736,201019,43
4066,40746,200918,41
4067,40756,201035,34
4068,40766,200932,24
4069,40776,200982,31
4070,40786,200841,13
4071,40796,200862,45
4072,40806,200685,43
4073,40816,200736,45
4074,40826,200606,43
4075,40836,200693,52
4076,40846,200541,33
4077,40856,200622,44
4078,40866,200530,44
4079,40876,200652,43
4080,40886,200575,51
4081,40896,200722,52
4082,40906,200658,63
4083,40916,200803,41
4084,40926,200743,38
4085,40936,200888,35
4086,40946,200823,31
4087,40956,200979,41
4088,40966,200954,42
4089,40976,201118,64
4090,40986,201095,55
4091,40996,201263,44
4092,41006,201229,42
4093,41016,201357,37
4094,41026,201297,32
4095,41036,201406,44
4096,41046,201306,56
4097,41056,201380,51
4098,41066,201240,51
4099,41076,201318,43
4100,41086,201165,49
4101,41096,201240,33
4102,41107,201151,48
4103,41117,201217,52
4104,41127,201139,45
4105,41137,201279,51
4106,41147,201190,41
4107,41157,201285,40
4108,41167,201163,52
4109,41177,201223,47
4110,41187,201066,55
4111,41197,201135,47
4112,41207,200989,47
4113,41217,201074,43
4114,41227,200940,45
4115,41237,201032,43
4116,41247,200916,36
4117,41257,201059,50
4118,41267,201015,35
4119,41277,201198,37
4120,41287,201144,38
4121,41297,201292,32
4122,41307,201190,26
4123,41317,201300,42
4124,41327,201229,27
4125,41337,201333,39
4126,41347,201231,51
4127,41357,201373,53
4128,41367,201254,46
4129,41377,201355,41
4130,41387,201216,24
4131,41397,201250,38
4132,41407,201031,54
4133,41417,200985,58
4134,41427,200709,37
4135,41437,200661,50
4136,41447,200414,35
4137,41457,200382,39
4138,41467,200185,41
4139,41477,200218,39
4140,41487,200067,37
4141,41497,200147,50
4142,41507,200079,52
4143,41517,200240,42
4144,41527,200201,30
4145,41537,200387,41
4146,41548,200345,35
4147,41558,200526,38
4148,41568,200515,44
4149,41578,200668,51
4150,41588,200643,51
4151,41598,200798,37
4152,41608,200715,52
4153,41618,200867,40
4154,41628,200802,38
4155,41638,200932,56
4156,41648,200860,40
4157,41658,200966,39
4158,41668,200843,38
4159,41678,200893,42
4160,41688,200735,47
4161,41698,200798,39
4162,41708,200657,43
4163,41718,200730,64
4164,41728,200630,52
4165,41738,200725,44
4166,41748,200629,42
4167,41758,200759,41
4168,41768,200663,40
4169,41778,200722,49
4170,41788,200610,60
4171,41798,200680,35
4172,41808,200564,34
4173,41818,200640,49
4174,41828,200527,36
4175,41838,200646,37
4176,41848,200590,47
4177,41858,200770,44
4178,41868,200754,52
4179,41878,200928,49
4180,41888,200888,49
4181,41898,201026,38
4182,41908,200899,32
4183,41918,200960,55
4184,41928,200800,36
4185,41938,200848,35
4186,41948,200745,43
4187,41958,200811,50
4188,41968,200687,37
4189,41978,200778,36
4190,41988,200680,43
4191,41998,200755,48
4192,42009,200618,36
4193,42019,200713,52
4194,42029,200614,63
4195,42039,200714,51
4196,42049,200621,45
4197,42059,200733,29
4198,42069,200625,35
4199,42079,200737,41
4200,42089,200616,41
4201,42099,200728,50
4202,42109,200644,48
4203,42119,200775,44
4204,42129,200712,38
4205,42139,200840,49
4206,42149,200759,38
4207,42159,200907,39
4208,42169,200825,63
4209,42179,200972,46
4210,42189,200889,48
4211,42199,201061,46
4212,42209,200952,39
4213,42219,201089,35
4214,42229,200969,40
4215,42239,201062,44
4216,42249,200928,50
4217,42259,200933,48
4218,42269,200740,46
4219,42279,200642,29
4220,42289,200374,44
4221,42299,200264,34
4222,42309,199972,35
4223,42319,199914,27
4224,42329,199744,54
4225,42339,199800,48
4226,42349,199730,44
4227,42359,199853,28
4228,42369,199812,36
4229,42379,199964,47
4230,42389,199959,51
4231,42399,200121,54
4232,42409,200115,33
4233,42419,200285,47
4234,42429,200198,49
4235,42439,200355,53
4236,42449,200286,39
4237,42460,200415,50
4238,42470,200312,48
4239,42480,200443,53
4240,42490,200343,38
4241,42500,200458,39
4242,42510,200366,39
4243,42520,200445,41
4244,42530,200335,37
4245,42540,200399,45
4246,42550,200262,35
4247,42560,200308,40
4248,42570,200178,59
4249,42580,200235,30
4250,42590,200097,44
4251,42600,200187,48
4252,42610,200088,37
4253,42620,200224,41
4254,42630,200147,30
4255,42640,200297,32
4256,42650,200257,30
4257,42660,200404,41
4258,42670,200350,43
4259,42680,200458,40
4260,42690,200397,44
4261,42700,200517,39
4262,42710,200471,35
4263,42720,200614,45
4264,42730,200559,42
4265,42740,200720,44
4266,42750,200670,51
4267,42760,200794,34
4268,42770,200716,39
4269,42780,200832,42
4270,42790,200737,39
4271,42800,200847,33
4272,42810,200740,38
4273,42820,200836,38
4274,42830,200707,41
4275,42840,200796,46
4276,42850,200646,44
4277,42860,200727,42
4278,42870,200599,52
4279,42880,200695,38
4280,42890,200558,36
4281,42900,200664,39
4282,42911,200597,34
4283,42921,200715,40
4284,42931,200660,40
4285,42941,200812,43
4286,42951,200768,39
4287,42961,200937,26
4288,42971,200895,11
4289,42981,201069,46
4290,42991,201031,40
4291,43001,201215,44
4292,43011,201185,53
4293,43021,201360,34
4294,43031,201296,37
4295,43041,201415,36
4296,43051,201305,23
4297,43061,201413,53
4298,43071,201339,34
4299,43081,201435,46
4300,43091,201343,40
4301,43101,201507,33
4302,43111,201440,36
4303,43121,201551,36
4304,43131,201438,45
4305,43141,201495,47
4306,43151,201330,50
4307,43161,201287,37
4308,43171,201029,47
4309,43181,200908,31
4310,43191,200604,47
4311,43201,200527,55
4312,43211,200344,38
4313,43221,200387,30
4314,43231,200269,44
4315,43241,200396,46
4316,43251,200318,46
4317,43261,200466,43
4318,43271,200417,31
4319,43281,200567,39
4320,43291,200549,38
4321,43301,200726,41
4322,43311,200717,52
4323,43321,200908,44
4324,43331,200877,41
4325,43341,201053,26
4326,43351,201033,45
4327,43361,201163,44
4328,43372,201087,44
4329,43382,201202,49
4330,43392,201090,47
4331,43402,201208,45
4332,43412,201082,22
4333,43422,201138,39
4334,43432,201014,37
4335,43442,201060,51
4336,43452,200903,48
4337,43462,200929,48
4338,43472,200796,49
4339,43482,200875,46
4340,43492,200727,34
4341,43502,200797,44
4342,43512,200663,34
4343,43522,200761,43
4344,43532,200689,56
4345,43542,200793,49
4346,43552,200762,54
4347,43562,200905,36
4348,43572,200846,21
4349,43582,200978,44
4350,43592,200878,28
4351,43602,201028,41
4352,43612,200930,44
4353,43622,201070,51
4354,43632,201038,67
4355,43642,201152,51
4356,43652,201077,51
4357,43662,201191,38
4358,43672,201114,43
4359,43682,201234,37
4360,43692,201155,40
4361,43702,201242,44
4362,43712,201158,46
4363,43722,201227,45
4364,43732,201104,28
4365,43742,201199,25
4366,43752,201082,45
4367,43762,201203,39
4368,43772,201105,48
4369,43782,201183,57
4370,43792,201125,41
4371,43802,201198,41
4372,43812,201110,31
4373,43823,201213,38
4374,43833,201096,51
4375,43843,201176,40
4376,43853,201038,35
4377,43863,201087,56
4378,43873,200968,43
4379,43883,201028,45
4380,43893,200952,40
4381,43903,201056,39
4382,43913,200998,30
4383,43923,201125,43
4384,43933,201070,39
4385,43943,201202,31
4386,43953,201131,36
4387,43963,201222,36
4388,43973,201130,39
4389,43983,201197,46
4390,43993,201064,60
4391,44003,201109,49
4392,44013,200959,50
4393,44023,200960,41
4394,44033,200755,53
4395,44043,200732,41
4396,44053,200468,42
4397,44063,200419,50
4398,44073,200227,38
4399,44083,200227,51
4400,44093,200049,31
4401,44103,200076,44
4402,44113,199923,29
4403,44123,200010,37
4404,44133,199934,42
4405,44143,200081,38
4406,44153,200089,46
4407,44163,200257,38
4408,44173,200276,41
4409,44183,200423,34
4410,44193,200425,48
4411,44203,200546,48
4412,44213,200483,48
4413,44223,200542,49
4414,44233,200433,53
4415,44243,200493,37
4416,44253,200398,33
4417,44263,200505,33
4418,44274,200417,57
4419,44284,200532,44
4420,44294,200452,46
4421,44304,200554,32
4422,44314,200458,46
4423,44324,200554,34
4424,44334,200450,44
4425,44344,200527,29
4426,44354,200424,51
4427,44364,200508,52
4428,44374,200371,54
4429,44384,200473,39
4430,44394,200375,35
4431,44404,200494,31
4432,44414,200425,32
4433,44424,200537,37
4434,44434,200493,51
4435,44444,200592,42
4436,44454,200525,48
4437,44464,200637,55
4438,44474,200550,38
4439,44484,200591,36
4440,44494,200464,38
4441,44504,200498,42
4442,44514,200348,43
4443,44524,200375,56
4444,44534,200239,48
4445,44544,200259,25
4446,44554,200110,33
4447,44564,200083,40
4448,44574,199912,48
4449,44584,199954,50
4450,44594,199785,51
4451,44604,199866,41
4452,44614,199789,42
4453,44624,199949,39
4454,44634,199906,34
4455,44644,200071,25
4456,44654,200043,36
4457,44664,200163,45
4458,44674,200103,52
4459,44684,200213,46
4460,44694,200126,41
4461,44704,200198,40
4462,44714,200129,44
4463,44725,200234,41
4464,44735,200171,56
4465,44745,200293,41
4466,44755,200225,50
4467,44765,200359,34
4468,44775,200311,44
4469,44785,200435,21
4470,44795,200379,38
4471,44805,200476,38
4472,44815,200391,39
4473,44825,200471,37
4474,44835,200373,34
4475,44845,200408,39
4476,44855,200273,42
4477,44865,200239,38
4478,44875,200003,26
4479,44885,199926,44
4480,44895,199664,54
4481,44905,199604,51
4482,44915,199423,37
4483,44925,199449,30
4484,44935,199335,37
4485,44945,199448,25
4486,44955,199407,52
4487,44965,199556,46
4488,44975,199528,59
4489,44985,199698,44
4490,44995,199719,46
4491,45005,199918,54
4492,45015,199959,45
4493,45025,200133,32
4494,45035,200132,39
4495,45045,200295,42
4496,45055,200247,45
4497,45065,200347,49
4498,45075,200283,36
4499,45085,200344,27
4500,45095,200247,43
4501,45105,200309,35
4502,45115,200166,42
4503,45125,200190,51
4504,45135,200023,45
4505,45145,200030,37
4506,45155,199820,32
4507,45165,199782,42
4508,45176,199572,31
4509,45186,199539,51
4510,45196,199368,48
4511,45206,199381,45
4512,45216,199226,41
4513,45226,199285,39
4514,45236,199184,30
4515,45246,199237,43
4516,45256,199173,52
4517,45266,199283,53
4518,45276,199213,33
4519,45286,199329,30
4520,45296,199319,31
4521,45306,199415,36
4522,45316,199374,40
4523,45326,199509,51
4524,45336,199509,33
4525,45346,199646,40
4526,45356,199649,40
4527,45366,199816,37
4528,45376,199831,55
4529,45386,199996,31
4530,45396,199983,40
4531,45406,200121,42
4532,45416,200102,45
4533,45426,200253,49
4534,45436,200206,38
4535,45446,200335,42
4536,45456,200273,23
4537,45466,200382,46
4538,45476,200357,54
4539,45486,200459,41
4540,45496,200416,38
4541,45506,200510,44
4542,45516,200445,46
4543,45526,200533,52
4544,45536,200466,44
4545,45546,200524,48
4546,45556,200424,44
4547,45566,200482,37
4548,45576,200412,45
4549,45586,200500,37
4550,45596,200415,30
4551,45607,200448,40
4552,45617,200343,31
4553,45627,200416,40
4554,45637,200311,36
4555,45647,200401,49
4556,45657,200318,39
4557,45667,200381,36
4558,45677,200263,48
4559,45687,200289,39
4560,45697,200160,36
4561,45707,200202,54
4562,45717,200034,40
4563,45727,200011,34
4564,45737,199782,32
4565,45747,199682,44
4566,45757,199448,40
4567,45767,199389,53
4568,45777,199194,43
4569,45787,199226,51
4570,45797,199106,34
4571,45807,199201,28
4572,45817,199175,46
4573,45827,199288,34
4574,45837,199294,58
4575,45847,199458,32
4576,45857,199483,45
4577,45867,199699,35
4578,45877,199795,42
4579,45887,200012,50
4580,45897,200053,31
4581,45907,200253,49
4582,45917,200269,51
4583,45927,200409,44
4584,45937,200388,52
4585,45947,200479,32
4586,45957,200375,44
4587,45967,200417,39
4588,45977,200324,49
4589,45987,200376,55
4590,45997,200228,50
4591,46007,200243,40
4592,46017,200100,31
4593,46027,200063,36
4594,46037,199900,49
4595,46048,199829,41
4596,46058,199655,48
4597,46068,199642,48
4598,46078,199496,31
4599,46088,199535,50
4600,46098,199409,39
4601,46108,199486,37
4602,46118,199412,35
4603,46128,199518,36
4604,46138,199482,53
4605,46148,199631,53
4606,46158,199631,42
4607,46168,199738,29
4608,46178,199727,36
4609,46188,199849,26
4610,46198,199849,57
4611,46208,199972,33
4612,46218,199981,40
4613,46228,200132,31
4614,46238,200057,44
4615,46248,200131,48
4616,46258,200115,49
4617,46268,200225,42
4618,46278,200182,50
4619,46288,200289,40
4620,46298,200227,43
4621,46308,200280,33
4622,46318,200219,51
4623,46328,200279,37
4624,46338,200209,45
4625,46348,200257,48
4626,46358,200176,37
4627,46368,200207,33
4628,46378,200124,36
4629,46388,200199,32
4630,46398,200118,32
4631,46408,200214,32
4632,46418,200164,39
4633,46428,200287,35
4634,46438,200287,57
4635,46448,200425,45
4636,46458,200421,56
4637,46468,200564,49
4638,46479,200542,46
4639,46489,200696,44
4640,46499,200708,49
4641,46509,200853,45
4642,46519,200832,55
4643,46529,200929,32
4644,46539,200862,42
4645,46549,200972,38
4646,46559,200888,43
4647,46569,200899,35
4648,46579,200735,40
4649,46589,200650,36
4650,46599,200409,41
4651,46609,200321,40
4652,46619,200068,36
4653,46629,199954,48
4654,46639,199715,42
4655,46649,199644,49
4656,46659,199469,38
4657,46669,199454,49
4658,46679,199360,37
4659,46689,199441,33
4660,46699,199338,45
4661,46709,199409,49
4662,46719,199370,59
4663,46729,199421,48
4664,46739,199315,29
4665,46749,199380,48
4666,46759,199271,40
4667,46769,199325,40
4668,46779,199194,37
4669,46789,199242,35
4670,46799,199165,46
4671,46809,199240,44
4672,46819,199151,50
4673,46829,199271,36
4674,46839,199210,36
4675,46849,199330,37
4676,46859,199304,32
4677,46869,199401,48
4678,46879,199364,60
4679,46889,199499,39
4680,46899,199402,33
4681,46909,199517,38
4682,46919,199470,45
4683,46929,199577,30
4684,46940,199503,20
4685,46950,199596,48
4686,46960,199569,34
4687,46970,199651,53
4688,46980,199574,53
4689,46990,199674,36
4690,47000,199613,30
4691,47010,199737,36
4692,47020,199705,30
4693,47030,199849,42
4694,47040,199837,46
4695,47050,199967,43
4696,47060,199900,48
4697,47070,200008,39
4698,47080,199930,38
4699,47090,199987,43
4700,47100,199898,43
4701,47110,199976,43
4702,47120,199923,41
4703,47130,200020,36
4704,47140,199984,38
4705,47150,200072,36
4706,47160,199991,40
4707,47170,200056,37
4708,47180,199969,60
4709,47190,200031,35
4710,47200,199937,42
4711,47210,199977,38
4712,47220,199858,26
4713,47230,199880,47
4714,47240,199756,34
4715,47250,199747,40
4716,47260,199578,51
4717,47270,199601,37
4718,47280,199451,52
4719,47290,199501,39
4720,47300,199412,35
4721,47310,199515,26
4722,47320,199429,35
4723,47330,199562,42
4724,47340,199550,57
4725,47350,199688,29
4726,47360,199722,43
4727,47370,199842,27
4728,47380,199828,47
4729,47391,199917,33
4730,47401,199777,49
4731,47411,199733,47
4732,47421,199520,54
4733,47431,199439,48
4734,47441,199206,34
4735,47451,199145,28
4736,47461,198997,27
4737,47471,199037,29
4738,47481,198965,55
4739,47491,199085,29
4740,47501,199091,34
4741,47511,199219,36
4742,47521,199185,26
4743,47531,199354,40
4744,47541,199317,43
4745,47551,199425,46
4746,47561,199426,44
4747,47571,199537,36
4748,47581,199557,60
4749,47591,199697,36
4750,47601,199680,39
4751,47611,199747,41
4752,47621,199720,39
4753,47631,199799,59
4754,47641,199740,42
4755,47651,199822,39
4756,47661,199767,45
4757,47671,199838,37
4758,47681,199746,49
4759,47691,199784,43
4760,47701,199700,46
4761,47711,199757,61
4762,47721,199690,50
4763,47731,199738,32
4764,47741,199618,30
4765,47751,199629,27
4766,47761,199518,43
4767,47771,199537,46
4768,47781,199440,41
4769,47791,199486,45
4770,47801,199425,39
4771,47811,199490,35
4772,47821,199410,49
4773,47831,199457,26
4774,47841,199405,56
4775,47852,199445,44
4776,47862,199377,52
4777,47872,199444,40
4778,47882,199335,45
4779,47892,199410,37
4780,47902,199307,31
4781,47912,199379,35
4782,47922,199279,42
4783,47932,199352,56
4784,47942,199266,36
4785,47952,199350,46
4786,47962,199267,57
4787,47972,199346,36
4788,47982,199254,44
4789,47992,199366,49
4790,48002,199287,45
4791,48012,199381,40
4792,48022,199328,58
4793,48032,199433,48
4794,48042,199401,46
4795,48052,199515,36
4796,48062,199504,27
4797,48072,199593,32
4798,48082,199539,51
4799,48092,199627,46
4800,48102,199529,41
4801,48112,199570,30
4802,48122,199504,37
4803,48132,199547,35
4804,48142,199449,45
4805,48152,199512,29
4806,48162,199467,35
4807,48172,199555,40
4808,48182,199532,39
4809,48192,199655,55
4810,48202,199665,45
4811,48212,199802,27
4812,48222,199794,44
4813,48232,199920,45
4814,48242,199897,35
4815,48252,199981,48
4816,48262,199868,49
4817,48272,199908,32
4818,48282,199717,35
4819,48292,199650,54
4820,48303,199433,44
4821,48313,199339,54
4822,48323,199144,47
4823,48333,199143,54
4824,48343,198999,50
4825,48353,199021,37
4826,48363,198950,38
4827,48373,199013,34
4828,48383,198944,18
4829,48393,199007,46
4830,48403,198991,52
4831,48413,199130,50
4832,48423,199154,47
4833,48433,199305,28
4834,48443,199326,53
4835,48453,199450,29
4836,48463,199418,45
4837,48473,199549,48
4838,48483,199470,41
4839,48493,199545,37
4840,48503,199458,40
4841,48513,199507,28
4842,48523,199437,43
4843,48533,199502,19
4844,48543,199445,48
4845,48553,199555,42
4846,48563,199474,42
4847,48573,199540,47
4848,48583,199433,25
4849,48593,199476,38
4850,48603,199386,36
4851,48613,199437,29
4852,48623,199363,57
4853,48633,199472,49
4854,48643,199433,57
4855,48653,199582,41
4856,48663,199545,39
4857,48673,199671,49
4858,48683,199635,45
4859,48693,199746,32
4860,48703,199714,33
4861,48713,199814,37
4862,48723,199794,53
4863,48733,199924,47
4864,48743,199887,41
4865,48753,199986,36
4866,48764,199934,54
4867,48774,199981,55
4868,48784,199905,31
4869,48794,199968,36
4870,48804,199938,39
4871,48814,200007,45
4872,48824,199967,57
4873,48834,200086,35
4874,48844,200053,57
4875,48854,200143,65
4876,48864,200059,44
4877,48874,200113,45
4878,48884,200015,33
4879,48894,200050,50
4880,48904,199901,26
4881,48914,199915,36
4882,48924,199767,46
4883,48934,199826,40
4884,48944,199733,46
4885,48954,199801,50
4886,48964,199743,37
4887,48974,199822,45
4888,48984,199792,46
4889,48994,199850,39
4890,49004,199772,56
4891,49014,199836,45
4892,49024,199778,36
4893,49034,199850,35
4894,49044,199792,35
4895,49054,199821,28
4896,49064,199773,31
4897,49074,199874,46
4898,49084,199848,35
4899,49094,199938,39
4900,49104,199878,45
4901,49114,199940,40
4902,49124,199832,39
4903,49134,199843,32
4904,49144,199666,41
4905,49154,199610,48
4906,49164,199413,34
4907,49174,199338,41
4908,49184,199151,46
4909,49194,199117,35
4910,49204,198980,31
4911,49214,199022,45
4912,49225,198882,32
4913,49235,198941,56
4914,49245,198898,44
4915,49255,198985,43
4916,49265,198968,46
4917,49275,199080,38
4918,49285,199107,20
4919,49295,199216,42
4920,49305,199202,37
4921,49315,199322,49
4922,49325,199328,39
4923,49335,199451,31
4924,49345,199457,41
4925,49355,199545,33
4926,49365,199486,51
4927,49375,199513,29
4928,49385,199413,41
4929,49395,199454,50
4930,49405,199328,38
4931,49415,199358,40
4932,49425,199182,36
4933,49435,199170,28
4934,49445,199025,44
4935,49455,199039,44
4936,49465,198941,51
4937,49475,199017,46
4938,49485,198952,45
4939,49495,199030,34
4940,49505,198967,41
4941,49515,199053,44
4942,49525,198995,50
4943,49535,199079,49
4944,49545,199065,37
4945,49555,199168,48
4946,49565,199192,50
4947,49575,199327,24
4948,49585,199362,31
4949,49595,199550,36
4950,49605,199607,44
4951,49615,199796,35
4952,49625,199841,46
4953,49635,199949,61
4954,49645,199939,34
4955,49655,200035,39
4956,49665,199977,44
4957,49676,199981,40
4958,49686,199934,43
4959,49696,199940,41
4960,49706,199820,38
4961,49716,199806,57
4962,49726,199698,31
4963,49736,199681,37
4964,49746,199554,30
4965,49756,199574,50
4966,49766,199491,39
4967,49776,199536,48
4968,49786,199463,37
4969,49796,199525,40
4970,49806,199455,46
4971,49816,199555,41
4972,49826,199504,39
4973,49836,199615,49
4974,49846,199600,46
4975,49856,199745,54
4976,49866,199759,42
4977,49876,199957,37
4978,49886,200044,50
4979,49896,200253,45
4980,49906,200342,49
4981,49916,200558,53
4982,49926,200637,40
4983,49936,200822,42
4984,49946,200913,48
4985,49956,201075,44
4986,49966,201112,40
4987,49976,201191,36
4988,49986,201004,47
4989,49996,200936,21
4990,50006,200683,58
4991,50016,200501,51
4992,50026,200185,40
4993,50036,200005,30
4994,50046,199706,47
4995,50056,199552,35
4996,50066,199312,45
4997,50076,199235,52
4998,50086,199057,47
4999,50096,199039,48
5000,50106,198935,31
5001,50116,198939,37
5002,50127,198858,44
5003,50137,198888,39
5004,50147,198805,53
5005,50157,198867,47
5006,50167,198844,40
5007,50177,198968,37
5008,50187,198958,36
5009,50197,199097,43
5010,50207,199095,39
5011,50217,199219,48
5012,50227,199209,48
5013,50237,199330,34
5014,50247,199306,31
5015,50257,199381,34
5016,50267,199310,19
5017,50277,199371,46
5018,50287,199303,44
5019,50297,199353,39
5020,50307,199302,48
5021,50317,199339,54
5022,50327,199260,41
5023,50337,199286,45
5024,50347,199209,39
5025,50357,199209,52
5026,50367,199124,57
5027,50377,199172,59
5028,50387,199124,43
5029,50397,199192,40
5030,50407,199210,24
5031,50417,199340,40
5032,50427,199346,44
5033,50437,199480,47
5034,50447,199481,45
5035,50457,199562,41
5036,50467,199582,41
5037,50477,199679,41
5038,50487,199699,34
5039,50497,199818,50
5040,50507,199839,28
5041,50517,199980,45
5042,50527,200029,49
5043,50537,200207,47
5044,50547,200220,37
5045,50557,200331,39
5046,50568,200357,43
5047,50578,200429,43
5048,50588,200361,42
5049,50598,200385,45
5050,50608,200294,51
5051,50618,200255,41
5052,50628,200115,40
5053,50638,200091,40
5054,50648,199947,35
5055,50658,199893,44
5056,50668,199711,36
5057,50678,199667,46
5058,50688,199539,37
5059,50698,199496,44
5060,50708,199359,32
5061,50718,199310,43
5062,50728,199207,33
5063,50738,199203,52
5064,50748,199110,42
5065,50758,199187,38
5066,50768,199154,39
5067,50778,199256,39
5068,50788,199272,43
5069,50798,199429,60
5070,50808,199528,70
5071,50818,199694,31
5072,50828,199778,49
5073,50838,199912,33
5074,50848,199936,32
5075,50858,200002,52
5076,50868,199928,45
5077,50878,199892,46
5078,50888,199727,40
5079,50898,199634,53
5080,50908,199484,39
5081,50918,199453,29
5082,50928,199334,43
5083,50938,199326,33
5084,50948,199260,40
5085,50958,199287,29
5086,50968,199288,41
5087,50978,199393,52
5088,50988,199415,39
5089,50998,199543,34
5090,51009,199572,28
5091,51019,199688,43
5092,51029,199708,29
5093,51039,199850,53
5094,51049,199864,47
5095,51059,199963,47
5096,51069,199928,24
5097,51079,199993,27
5098,51089,199989,42
5099,51099,200095,40
5100,51109,200121,40
5101,51119,200263,40
5102,51129,200272,41
5103,51139,200336,23
5104,51149,200319,29
5105,51159,200319,37
5106,51169,200216,56
5107,51179,200234,57
5108,51189,200135,44
5109,51199,200116,40
5110,51209,200027,34
5111,51219,199982,34
5112,51229,199836,41
5113,51239,199763,43
5114,51249,199627,40
5115,51259,199589,55
5116,51269,199476,43
5117,51279,199471,47
5118,51289,199420,41
5119,51299,199455,42
5120,51309,199436,41
5121,51319,199490,35
5122,51329,199472,36
5123,51339,199551,40
5124,51349,199565,45
5125,51359,199652,45
5126,51369,199663,36
5127,51379,199681,36
5128,51389,199668,33
5129,51399,199694,45
5130,51409,199675,49
5131,51419,199742,54
5132,51429,199763,47
5133,51439,199862,42
5134,51449,199882,41
5135,51459,199971,49
5136,51470,199978,44
5137,51480,200026,31
5138,51490,200035,39
5139,51500,200089,43
5140,51510,200064,42
5141,51520,200090,24
5142,51530,200025,35
5143,51540,200043,37
5144,51550,199960,42
5145,51560,199975,46
5146,51570,199948,43
5147,51580,199929,47
5148,51590,199897,44
5149,51600,199942,40
5150,51610,199898,32
5151,51620,199943,33
5152,51630,199926,38
5153,51640,200020,45
5154,51650,200008,53
5155,51660,200093,44
5156,51670,200170,48
5157,51680,200264,38
5158,51690,200239,42
5159,51700,200303,35
5160,51710,200244,50
5161,51720,200223,47
5162,51730,200120,39
5163,51740,200065,40
5164,51750,199909,32
5165,51760,199806,41
5166,51770,199671,53
5167,51780,199634,60
5168,51790,199554,48
5169,51800,199546,44
5170,51810,199466,55
5171,51820,199465,30
5172,51830,199379,30
5173,51840,199400,31
5174,51850,199353,41
5175,51860,199396,44
5176,51870,199363,45
5177,51880,199437,49
5178,51890,199405,41
5179,51900,199436,27
5180,51910,199364,38
5181,51920,199383,39
5182,51931,199291,39
5183,51941,199291,38
5184,51951,199204,49
5185,51961,199177,55
5186,51971,199132,39
5187,51981,199148,36
5188,51991,199116,53
5189,52001,199128,50
5190,52011,199107,54
5191,52021,199153,40
5192,52031,199110,55
5193,52041,199129,45
5194,52051,199118,33
5195,52061,199146,45
5196,52071,199141,45
5197,52081,199193,52
5198,52091,199227,53
5199,52101,199361,53
5200,52111,199394,55
5201,52121,199546,48
5202,52131,199613,41
5203,52141,199728,32
5204,52151,199785,32
5205,52161,199883,37
5206,52171,199909,35
5207,52181,200008,63
5208,52191,199971,54
5209,52201,200060,42
5210,52211,200041,47
5211,52221,200093,44
5212,52231,200059,35
5213,52241,200076,52
5214,52251,200018,50
5215,52261,200028,45
5216,52271,199944,53
5217,52281,199955,41
5218,52291,199847,35
5219,52301,199848,41
5220,52311,199773,24
5221,52321,199768,50
5222,52331,199714,39
5223,52341,199749,44
5224,52351,199699,48
5225,52361,199756,43
5226,52371,199716,32
5227,52381,199751,31
5228,52392,199719,38
5229,52402,199762,53
5230,52412,199736,42
5231,52422,199823,41
5232,52432,199813,37
5233,52442,199921,42
5234,52452,199927,42
5235,52462,200014,36
5236,52472,199974,53
5237,52482,200052,45
5238,52492,200045,51
5239,52502,200113,46
5240,52512,200105,28
5241,52522,200191,27
5242,52532,200186,35
5243,52542,200252,45
5244,52552,200233,37
5245,52562,200298,49
5246,52572,200260,48
5247,52582,200246,39
5248,52592,200088,39
5249,52602,199961,24
5250,52612,199739,33
5251,52622,199613,35
5252,52632,199391,42
5253,52642,199251,54
5254,52652,199108,44
5255,52662,199082,34
5256,52672,198983,57
5257,52682,199004,41
5258,52692,198960,49
5259,52702,198980,34
5260,52712,198956,50
5261,52722,199001,45
5262,52732,198978,47
5263,52742,199040,49
5264,52752,199025,42
5265,52762,199093,15
5266,52772,199130,30
5267,52782,199206,48
5268,52792,199204,42
5269,52802,199313,45
5270,52812,199359,52
5271,52822,199480,48
5272,52832,199527,39
5273,52842,199607,51
5274,52852,199580,49
5275,52863,199611,29
5276,52873,199541,48
5277,52883,199578,33
5278,52893,199543,54
5279,52903,199596,48
5280,52913,199575,35
5281,52923,199598,47
5282,52933,199577,33
5283,52943,199619,46
5284,52953,199589,48
5285,52963,199671,42
5286,52973,199671,47
5287,52983,199783,34
5288,52993,199818,47
5289,53003,199905,26
5290,53013,199940,35
5291,53023,200023,55
5292,53033,200048,44
5293,53043,200145,36
5294,53053,200141,35
5295,53063,200231,32
5296,53073,200221,38
5297,53083,200292,42
5298,53093,200264,38
5299,53103,200331,61
5300,53113,200326,59
5301,53123,200417,47
5302,53133,200457,52
5303,53143,200541,36
5304,53153,200564,30
5305,53163,200618,39
5306,53173,200588,41
5307,53183,200621,43
5308,53193,200572,53
5309,53203,200585,43
5310,53213,200522,47
5311,53223,200526,40
5312,53233,200463,47
5313,53243,200458,41
5314,53253,200398,28
5315,53263,200393,49
5316,53273,200312,40
5317,53283,200323,39
5318,53293,200269,55
5319,53303,200280,36
5320,53313,200206,35
5321,53323,200199,40
5322,53334,200157,41
5323,53344,200177,54
5324,53354,200115,39
5325,53364,200145,51
5326,53374,200080,54
5327,53384,200090,44
5328,53394,200029,41
5329,53404,199994,40
5330,53414,199906,38
5331,53424,199825,48
5332,53434,199683,45
5333,53444,199626,45
5334,53454,199515,40
5335,53464,199455,30
5336,53474,199375,39
5337,53484,199380,48
5338,53494,199343,50
5339,53504,199371,43
5340,53514,199378,52
5341,53524,199447,34
5342,53534,199493,48
5343,53544,199613,46
5344,53554,199717,34
5345,53564,199861,49
5346,53574,199961,41
5347,53584,200067,48
5348,53594,200108,35
5349,53604,200172,36
5350,53614,200173,43
5351,53624,200179,43
5352,53634,200135,56
5353,53644,200144,58
5354,53654,200090,57
5355,53664,200076,46
5356,53674,200033,49
5357,53684,200026,51
5358,53694,199965,30
5359,53704,199945,33
5360,53714,199900,46
5361,53724,199886,47
5362,53734,199841,40
5363,53744,199852,41
5364,53754,199802,55
5365,53764,199819,36
5366,53774,199773,42
5367,53784,199822,42
5368,53795,199789,36
5369,53805,199884,41
5370,53815,199883,55
5371,53825,199957,39
5372,53835,199973,43
5373,53845,200088,49
5374,53855,200112,51
5375,53865,200172,33
5376,53875,200209,43
5377,53885,200323,44
5378,53895,200366,36
5379,53905,200455,37
5380,53915,200490,28
5381,53925,200584,27
5382,53935,200583,42
5383,53945,200643,48
5384,53955,200636,53
5385,53965,200671,46
5386,53975,200616,32
5387,53985,200601,39
5388,53995,200557,27
5389,54005,200507,32
5390,54015,200367,40
5391,54025,200302,49
5392,54035,200164,49
5393,54045,200095,38
5394,54055,199985,56
5395,54065,199922,34
5396,54075,199832,46
5397,54085,199782,46
5398,54095,199667,41
5399,54105,199629,61
5400,54115,199537,44
5401,54125,199453,43
5402,54135,199339,42
5403,54145,199223,38
5404,54155,199039,48
5405,54165,198870,54
5406,54175,198666,59
5407,54185,198564,54
5408,54195,198450,33
5409,54205,198392,50
5410,54215,198352,47
5411,54225,198385,22
5412,54235,198380,34
5413,54246,198433,42
5414,54256,198502,44
5415,54266,198583,45
5416,54276,198659,48
5417,54286,198813,35
5418,54296,198924,38
5419,54306,199080,36
5420,54316,199200,38
5421,54326,199368,44
5422,54336,199455,59
5423,54346,199560,39
5424,54356,199587,35
5425,54366,199649,45
5426,54376,199692,31
5427,54386,199710,48
5428,54396,199749,37
5429,54406,199790,45
5430,54416,199786,53
5431,54426,199829,46
5432,54436,199811,35
5433,54446,199802,36
5434,54456,199742,43
5435,54466,199733,38
5436,54476,199645,37
5437,54486,199607,39
5438,54496,199541,37
5439,54506,199550,46
5440,54516,199531,39
5441,54526,199615,35
5442,54536,199610,25
5443,54546,199647,35
5444,54556,199627,39
5445,54566,199609,42
5446,54576,199554,44
5447,54586,199541,48
5448,54596,199475,45
5449,54606,199476,42
5450,54616,199479,32
5451,54626,199518,30
5452,54636,199546,32
5453,54646,199594,51
5454,54656,199618,33
5455,54666,199634,32
5456,54676,199601,60
5457,54686,199585,55
5458,54696,199545,37
5459,54706,199547,49
5460,54717,199534,33
5461,54727,199584,33
5462,54737,199601,54
5463,54747,199682,44
5464,54757,199670,38
5465,54767,199691,27
5466,54777,199704,38
5467,54787,199697,37
5468,54797,199672,36
5469,54807,199708,36
5470,54817,199718,38
5471,54827,199788,19
5472,54837,199802,52
5473,54847,199859,24
5474,54857,199852,39
5475,54867,199884,33
5476,54877,199800,47
5477,54887,199734,39
5478,54897,199541,40
5479,54907,199403,51
5480,54917,199198,32
5481,54927,199050,40
5482,54937,198883,31
5483,54947,198769,41
5484,54957,198705,54
5485,54967,198657,51
5486,54977,198632,35
5487,54987,198659,48
5488,54997,198688,24
5489,55007,198768,40
5490,55017,198780,32
5491,55027,198853,36
5492,55037,198869,59
5493,55047,198918,40
5494,55057,198915,35
5495,55067,198947,44
5496,55077,198907,42
5497,55087,198909,31
5498,55097,198881,37
5499,55107,198888,41
5500,55117,198869,57
5501,55127,198888,56
5502,55137,198906,53
5503,55147,198952,35
5504,55157,198962,40
5505,55167,199017,38
5506,55178,199041,41
5507,55188,199121,49
5508,55198,199193,44
5509,55208,199268,42
5510,55218,199354,63
5511,55228,199390,23
5512,55238,199409,44
5513,55248,199410,42
5514,55258,199439,47
5515,55268,199459,52
5516,55278,199495,54
5517,55288,199540,42
5518,55298,199585,40
5519,55308,199608,43
5520,55318,199657,38
5521,55328,199677,29
5522,55338,199700,22
5523,55348,199777,44
5524,55358,199796,49
5525,55368,199878,49
5526,55378,199898,33
5527,55388,199942,39
5528,55398,199934,43
5529,55408,199953,46
5530,55418,199947,40
5531,55428,199987,45
5532,55438,199981,43
5533,55448,200014,35
5534,55458,200034,40
5535,55468,200039,30
5536,55478,200064,48
5537,55488,200068,34
5538,55498,200077,42
5539,55508,200091,47
5540,55518,200077,60
5541,55528,200107,37
5542,55538,200101,44
5543,55548,200126,42
5544,55558,200105,52
5545,55568,200079,36
5546,55578,200047,47
5547,55588,200025,49
5548,55598,199986,56
5549,55608,199952,37
5550,55618,199898,44
5551,55628,199793,27
5552,55638,199606,45
5553,55649,199424,30
5554,55659,199248,55
5555,55669,199044,40
5556,55679,198884,45
5557,55689,198757,53
5558,55699,198637,32
5559,55709,198570,46
5560,55719,198525,33
5561,55729,198534,50
5562,55739,198568,62
5563,55749,198622,31
5564,55759,198710,42
5565,55769,198838,40
5566,55779,198959,28
5567,55789,199124,36
5568,55799,199276,40
5569,55809,199412,33
5570,55819,199520,52
5571,55829,199608,46
5572,55839,199695,47
5573,55849,199760,40
5574,55859,199772,37
5575,55869,199837,43
5576,55879,199834,47
5577,55889,199855,45
5578,55899,199814,50
5579,55909,199782,52
5580,55919,199734,45
5581,55929,199711,36
5582,55939,199669,36
5583,55949,199611,40
5584,55959,199540,42
5585,55969,199459,31
5586,55979,199400,45
5587,55989,199363,48
5588,55999,199282,52
5589,56009,199261,45
5590,56019,199208,48
5591,56029,199219,51
5592,56039,199205,45
5593,56049,199221,34
5594,56059,199276,43
5595,56069,199323,51
5596,56079,199367,47
5597,56089,199415,31
5598,56099,199452,33
5599,56109,199481,41
5600,56119,199506,37
5601,56130,199546,35
5602,56140,199615,55
5603,56150,199672,41
5604,56160,199669,41
5605,56170,199707,52
5606,56180,199723,38
5607,56190,199739,32
5608,56200,199791,30
5609,56210,199836,21
5610,56220,199882,43
5611,56230,199963,51
5612,56240,200020,47
5613,56250,200110,38
5614,56260,200189,37
5615,56270,200261,32
5616,56280,200314,25
5617,56290,200394,23
5618,56300,200440,46
5619,56310,200461,41
5620,56320,200487,45
5621,56330,200500,50
5622,56340,200454,32
5623,56350,200383,46
5624,56360,200212,49
5625,56370,200010,46
5626,56380,199767,47
5627,56390,199548,38
5628,56400,199327,31
5629,56410,199178,28
5630,56420,199018,43
5631,56430,198939,41
5632,56440,198850,24
5633,56450,198800,49
5634,56460,198771,54
5635,56470,198775,47
5636,56480,198761,48
5637,56490,198794,35
5638,56500,198796,39
5639,56510,198835,41
5640,56520,198888,42
5641,56530,198961,53
5642,56540,199045,36
5643,56550,199142,44
5644,56560,199228,34
5645,56570,199322,36
5646,56580,199377,41
5647,56590,199423,43
5648,56601,199448,41
5649,56611,199459,42
5650,56621,199463,38
5651,56631,199459,46
5652,56641,199451,32
5653,56651,199433,47
5654,56661,199396,42
5655,56671,199373,32
5656,56681,199331,41
5657,56691,199280,41
5658,56701,199247,54
5659,56711,199240,43
5660,56721,199185,41
5661,56731,199184,40
5662,56741,199175,39
5663,56751,199147,34
5664,56761,199153,23
5665,56771,199192,46
5666,56781,199245,53
5667,56791,199290,47
5668,56801,199351,48
5669,56811,199366,36
5670,56821,199360,29
5671,56831,199345,32
5672,56841,199344,35
5673,56851,199323,37
5674,56861,199326,41
5675,56871,199360,40
5676,56881,199414,39
5677,56891,199474,43
5678,56901,199548,32
5679,56911,199621,42
5680,56921,199662,42
5681,56931,199665,53
5682,56941,199640,47
5683,56951,199598,62
5684,56961,199570,45
5685,56971,199536,37
5686,56981,199536,24
5687,56991,199555,44
5688,57001,199585,39
5689,57011,199626,39
5690,57021,199664,31
5691,57031,199690,20
5692,57041,199633,45
5693,57051,199600,33
5694,57061,199518,53
5695,57071,199402,39
5696,57081,199230,34
5697,57092,199057,33
5698,57102,198865,53
5699,57112,198655,41
5700,57122,198452,37
5701,57132,198269,31
5702,57142,198133,32
5703,57152,198048,33
5704,57162,197979,40
5705,57172,197941,47
5706,57182,197922,49
5707,57192,197974,48
5708,57202,198029,48
5709,57212,198130,33
5710,57222,198275,41
5711,57232,198397,42
5712,57242,198535,34
5713,57252,198635,34
5714,57262,198717,37
5715,57272,198796,51
5716,57282,198837,57
5717,57292,198852,49
5718,57302,198871,36
5719,57312,198874,46
5720,57322,198898,36
5721,57332,198889,44
5722,57342,198860,49
5723,57352,198885,40
5724,57362,198842,45
5725,57372,198818,49
5726,57382,198764,36
5727,57392,198692,33
5728,57402,198640,50
5729,57412,198600,32
5730,57422,198578,38
5731,57432,198577,42
5732,57442,198594,44
5733,57452,198662,38
5734,57462,198708,40
5735,57472,198778,46
5736,57482,198886,44
5737,57492,198935,32
5738,57502,198995,46
5739,57512,199040,40
5740,57522,199108,42
5741,57532,199162,42
5742,57542,199251,44
5743,57552,199335,43
5744,57562,199402,37
5745,57573,199474,23
5746,57583,199545,39
5747,57593,199556,45
5748,57603,199599,46
5749,57613,199580,38
5750,57623,199560,30
5751,57633,199495,34
5752,57643,199463,38
5753,57653,199453,36
5754,57663,199443,50
5755,57673,199411,24
5756,57683,199435,49
5757,57693,199462,51
5758,57703,199475,44
5759,57713,199483,41
5760,57723,199453,43
5761,57733,199426,48
5762,57743,199383,45
5763,57753,199396,46
5764,57763,199371,54
5765,57773,199412,43
5766,57783,199421,44
5767,57793,199455,46
5768,57803,199494,56
5769,57813,199525,46
5770,57823,199586,53
5771,57833,199624,56
5772,57843,199649,50
5773,57853,199671,33
5774,57863,199659,50
5775,57873,199650,48
5776,57883,199599,48
5777,57893,199504,43
5778,57903,199370,55
5779,57913,199229,56
5780,57923,199038,42
5781,57933,198888,52
5782,57943,198746,37
5783,57953,198580,34
5784,57963,198468,45
5785,57973,198418,46
5786,57983,198416,46
5787,57993,198422,49
5788,58003,198473,58
5789,58013,198534,38
5790,58023,198591,36
5791,58033,198703,36
5792,58044,198770,33
5793,58054,198889,29
5794,58064,198969,31
5795,58074,199054,44
5796,58084,199140,60
5797,58094,199185,29
5798,58104,199240,53
5799,58114,199303,45
5800,58124,199355,45
5801,58134,199399,36
5802,58144,199465,37
5803,58154,199454,37
5804,58164,199429,46
5805,58174,199374,31
5806,58184,199329,37
5807,58194,199284,41
5808,58204,199225,45
5809,58214,199190,48
5810,58224,199189,39
5811,58234,199226,35
5812,58244,199267,44
5813,58254,199286,48
5814,58264,199309,46
5815,58274,199341,61
5816,58284,199321,35
5817,58294,199310,45
5818,58304,199317,49
5819,58314,199333,21
5820,58324,199382,39
5821,58334,199449,46
5822,58344,199519,37
5823,58354,199583,40
5824,58364,199645,39
5825,58374,199624,43
5826,58384,199608,45
5827,58394,199540,53
5828,58404,199440,50
5829,58414,199323,49
5830,58424,199238,53
5831,58434,199173,52
5832,58444,199109,48
5833,58454,199032,40
5834,58464,198968,34
5835,58474,198921,33
5836,58484,198850,43
5837,58495,198751,33
5838,58505,198681,32
5839,58515,198626,46
5840,58525,198592,50
5841,58535,198560,42
5842,58545,198577,33
5843,58555,198619,40
5844,58565,198680,45
5845,58575,198691,28
5846,58585,198813,44
5847,58595,198853,46
5848,58605,198932,53
5849,58615,199006,33
5850,58625,199080,43
5851,58635,199142,34
5852,58645,199241,32
5853,58655,199362,42
5854,58665,199485,50
5855,58675,199620,54
5856,58685,199764,54
5857,58695,199841,28
5858,58705,199917,41
5859,58715,199928,38
5860,58725,199896,49
5861,58735,199786,47
5862,58745,199656,43
5863,58755,199445,32
5864,58765,199265,32
5865,58775,199074,48
5866,58785,198932,40
5867,58795,198818,41
5868,58805,198746,60
5869,58815,198700,47
5870,58825,198673,28
5871,58835,198655,39
5872,58845,198631,37
5873,58855,198644,46
5874,58865,198654,38
5875,58875,198658,54
5876,58885,198698,51
5877,58895,198748,45
5878,58905,198817,40
5879,58915,198906,47
5880,58925,198942,44
5881,58936,198997,37
5882,58946,199042,60
5883,58956,199083,44
5884,58966,199123,48
5885,58976,199164,50
5886,58986,199170,37
5887,58996,199169,35
5888,59006,199155,45
5889,59016,199105,34
5890,59026,199057,46
5891,59036,198972,35
5892,59046,198914,41
5893,59056,198798,32
5894,59066,198711,49
5895,59076,198589,28
5896,59086,198486,37
5897,59096,198396,45
5898,59106,198361,45
5899,59116,198329,48
5900,59126,198314,50
5901,59136,198310,41
5902,59146,198306,36
5903,59156,198296,40
5904,59166,198329,37
5905,59176,198339,44
5906,59186,198392,56
5907,59196,198475,42
5908,59206,198540,38
5909,59216,198636,37
5910,59226,198724,53
5911,59236,198779,43
5912,59246,198866,55
5913,59256,198926,41
5914,59266,198992,49
5915,59276,199029,47
5916,59286,199069,42
5917,59296,199062,38
5918,59306,199086,32
5919,59316,199089,40
5920,59326,199096,41
5921,59336,199096,38
5922,59346,199090,39
5923,59356,199076,49
5924,59366,199069,45
5925,59376,199017,39
5926,59387,199035,44
5927,59397,199013,42
5928,59407,199011,45
5929,59417,199004,48
5930,59427,199026,48
5931,59437,199055,34
5932,59447,199062,35
5933,59457,199062,37
5934,59467,199068,42
5935,59477,199086,28
5936,59487,199103,44
5937,59497,199128,47
5938,59507,199185,61
5939,59517,199191,32
5940,59527,199269,44
5941,59537,199285,44
5942,59547,199274,44
5943,59557,199230,48
5944,59567,199190,54
5945,59577,199094,41
5946,59587,198981,37
5947,59597,198845,32
5948,59607,198718,45
5949,59617,198600,32
5950,59627,198533,41
5951,59637,198433,53
5952,59647,198382,32
5953,59657,198343,51
5954,59667,198348,46
5955,59677,198344,19
5956,59687,198380,40
5957,59697,198406,28
5958,59707,198504,44
5959,59717,198592,38
5960,59727,198667,41
5961,59737,198741,42
5962,59747,198817,45
5963,59757,198857,32
5964,59767,198905,48
5965,59777,198902,33
5966,59787,198942,57
5967,59797,198939,55
5968,59807,198967,45
5969,59817,199003,53
5970,59827,199035,41
5971,59837,199012,39
5972,59848,198992,42
5973,59858,198937,44
5974,59868,198886,46
5975,59878,198800,54
5976,59888,198781,53
5977,59898,198706,43
5978,59908,198671,35
5979,59918,198636,37
5980,59928,198611,50
5981,59938,198613,50
5982,59948,198632,36
5983,59958,198655,49
5984,59968,198671,30
5985,59978,198689,34
5986,59988,198725,41
5987,59998,198759,41
5988,60008,198742,40
5989,60018,198732,41
5990,60028,198722,47
5991,60038,198728,40
5992,60048,198756,39
5993,60058,198771,38
5994,60068,198769,43
5995,60078,198753,47
5996,60088,198814,35
5997,60098,198838,39
5998,60108,198887,44
5999,60118,198914,39
6000,60128,198957,38
6001,60138,198953,44
6002,60148,199002,49
6003,60158,199000,38
6004,60168,199014,42
6005,60178,199055,48
6006,60188,199107,38
6007,60198,199124,40
6008,60208,199183,29
6009,60218,199239,24
6010,60228,199329,44
6011,60238,199366,48
6012,60248,199436,52
6013,60258,199476,38
6014,60268,199527,35
6015,60278,199496,43
6016,60288,199525,33
6017,60299,199528,34
6018,60309,199580,56
6019,60319,199613,52
6020,60329,199658,53
6021,60339,199688,48
6022,60349,199753,36
6023,60359,199772,26
6024,60369,199788,25
6025,60379,199799,48
6026,60389,199846,41
6027,60399,199872,42
6028,60409,199924,36
6029,60419,199914,44
6030,60429,199921,46
6031,60439,199881,34
6032,60449,199819,42
6033,60459,199704,49
6034,60469,199572,45
6035,60479,199404,41
6036,60489,199233,36
6037,60499,199047,42
6038,60509,198889,50
6039,60519,198746,34
6040,60529,198709,33
6041,60539,198657,47
6042,60549,198683,59
6043,60559,198683,43
6044,60569,198746,23
6045,60579,198785,46
6046,60589,198881,19
6047,60599,198946,41
6048,60609,199055,60
6049,60619,199134,50
6050,60629,199244,42
6051,60639,199264,49
6052,60649,199332,45
6053,60659,199332,36
6054,60669,199317,34
6055,60679,199255,32
6056,60689,199181,38
6057,60699,199108,53
6058,60709,199074,38
6059,60719,198999,54
6060,60729,198979,38
6061,60739,198951,38
6062,60750,198903,38
6063,60760,198838,42
6064,60770,198815,43
6065,60780,198788,45
6066,60790,198776,44
6067,60800,198727,30
6068,60810,198707,41
6069,60820,198686,35
6070,60830,198705,44
6071,60840,198700,44
6072,60850,198761,43
6073,60860,198791,45
6074,60870,198892,49
6075,60880,198899,37
6076,60890,198964,39
6077,60900,198983,45
6078,60910,199025,52
6079,60920,199094,46
6080,60930,199181,53
6081,60940,199253,43
6082,60950,199343,44
6083,60960,199407,37
6084,60970,199478,36
6085,60980,199506,47
6086,60990,199534,41
6087,61000,199481,39
6088,61010,199489,44
6089,61020,199440,44
6090,61030,199414,38
6091,61040,199399,43
6092,61050,199420,44
6093,61060,199375,40
6094,61070,199424,43
6095,61080,199431,46
6096,61090,199457,40
6097,61100,199445,46
6098,61110,199444,29
6099,61120,199412,40
6100,61130,199384,42
6101,61140,199351,36
6102,61150,199366,50
6103,61160,199379,45
6104,61170,199446,45
6105,61180,199496,34
6106,61190,199548,38
6107,61200,199566,30
6108,61211,199611,43
6109,61221,199594,36
6110,61231,199613,52
6111,61241,199583,44
6112,61251,199628,61
6113,61261,199648,36
6114,61271,199655,41
6115,61281,199666,43
6116,61291,199659,50
6117,61301,199621,51
6118,61311,199588,44
6119,61321,199474,50
6120,61331,199328,35
6121,61341,199148,31
6122,61351,199002,38
6123,61361,198799,41
6124,61371,198697,43
6125,61381,198563,62
6126,61391,198541,36
6127,61401,198511,43
6128,61411,198518,48
6129,61421,198499,39
6130,61431,198561,33
6131,61441,198608,40
6132,61451,198709,52
6133,61461,198779,49
6134,61471,198898,47
6135,61481,199007,29
6136,61491,199110,38
6137,61501,199171,39
6138,61511,199269,37
6139,61521,199336,46
6140,61531,199445,49
6141,61541,199516,53
6142,61551,199619,46
6143,61561,199651,42
6144,61571,199736,37
6145,61581,199736,36
6146,61591,199771,46
6147,61601,199757,45
6148,61611,199781,47
6149,61621,199733,45
6150,61631,199713,28
6151,61641,199627,44
6152,61651,199592,30
6153,61662,199484,30
6154,61672,199447,35
6155,61682,199352,50
6156,61692,199248,40
6157,61702,199147,49
6158,61712,199073,24
6159,61722,198987,42
6160,61732,198940,45
6161,61742,198859,38
6162,61752,198865,36
6163,61762,198876,37
6164,61772,198927,34
6165,61782,198991,37
6166,61792,199055,29
6167,61802,199094,40
6168,61812,199162,46
6169,61822,199213,39
6170,61832,199310,46
6171,61842,199351,53
6172,61852,199436,46
6173,61862,199457,50
6174,61872,199512,34
6175,61882,199542,51
6176,61892,199597,35
6177,61902,199619,32
6178,61912,199664,56
6179,61922,199664,41
6180,61932,199728,29
6181,61942,199715,45
6182,61952,199769,40
6183,61962,199779,40
6184,61972,199789,53
6185,61982,199729,63
6186,61992,199751,37
6187,62002,199689,54
6188,62012,199697,40
6189,62022,199671,50
6190,62032,199707,35
6191,62042,199688,49
6192,62052,199720,34
6193,62062,199733,47
6194,62072,199803,48
6195,62082,199833,48
6196,62092,199894,41
6197,62102,199909,40
6198,62112,199943,32
6199,62123,199981,56
6200,62133,200026,44
6201,62143,200057,46
6202,62153,200122,56
6203,62163,200146,45
6204,62173,200191,36
6205,62183,200167,37
6206,62193,200121,47
6207,62203,200058,41
6208,62213,199946,62
6209,62223,199804,52
6210,62233,199614,41
6211,62243,199461,42
6212,62253,199359,29
6213,62263,199246,34
6214,62273,199172,29
6215,62283,199108,45
6216,62293,199094,45
6217,62303,199055,43
6218,62313,199120,41
6219,62323,199113,44
6220,62333,199166,37
6221,62343,199216,39
6222,62353,199258,49
6223,62363,199278,39
6224,62373,199306,41
6225,62383,199313,38
6226,62393,199392,43
6227,62403,199397,24
6228,62413,199439,33
6229,62423,199452,38
6230,62433,199497,27
6231,62443,199489,45
6232,62453,199524,45
6233,62463,199518,52
6234,62473,199551,40
6235,62483,199543,32
6236,62493,199552,36
6237,62503,199574,42
6238,62513,199634,38
6239,62523,199651,45
6240,62533,199720,53
6241,62543,199717,54
6242,62553,199732,38
6243,62563,199705,23
6244,62573,199692,31
6245,62584,199663,41
6246,62594,199707,43
6247,62604,199720,44
6248,62614,199762,48
6249,62624,199848,55
6250,62634,199970,43
6251,62644,200053,34
6252,62654,200124,45
6253,62664,200172,34
6254,62674,200266,51
6255,62684,200272,47
6256,62694,200321,47
6257,62704,200336,47
6258,62714,200387,36
6259,62724,200433,32
6260,62734,200485,43
6261,62744,200498,42
6262,62754,200577,52
6263,62764,200584,28
6264,62774,200604,46
6265,62784,200577,54
6266,62794,200598,40
6267,62804,200581,39
6268,62814,200616,47
6269,62824,200585,49
6270,62834,200656,43
6271,62844,200701,42
6272,62854,200770,47
6273,62864,200777,32
6274,62874,200802,35
6275,62884,200756,33
6276,62894,200730,38
6277,62904,200701,46
6278,62914,200746,38
6279,62924,200741,39
6280,62934,200801,52
6281,62944,200802,42
6282,62954,200849,36
6283,62964,200822,46
6284,62974,200776,45
6285,62984,200702,46
6286,62994,200634,42
6287,63004,200556,46
6288,63014,200563,33
6289,63024,200539,46
6290,63034,200605,38
6291,63045,200629,46
6292,63055,200754,48
6293,63065,200794,58
6294,63075,200855,46
6295,63085,200833,47
6296,63095,200783,19
6297,63105,200632,29
6298,63115,200447,45
6299,63125,200213,37
6300,63135,200084,49
6301,63145,199929,50
6302,63155,199857,40
6303,63165,199796,49
6304,63175,199810,29
6305,63185,199802,44
6306,63195,199905,39
6307,63205,199929,39
6308,63215,200022,51
6309,63225,200042,48
6310,63235,200140,47
6311,63245,200146,34
6312,63255,200190,38
6313,63265,200187,45
6314,63275,200187,43
6315,63285,200155,45
6316,63295,200166,47
6317,63305,200172,43
6318,63315,200238,43
6319,63325,200288,31
6320,63335,200369,48
6321,63345,200418,39
6322,63355,200516,29
6323,63365,200476,50
6324,63375,200477,45
6325,63385,200405,51
6326,63395,200383,41
6327,63405,200314,51
6328,63415,200273,36
6329,63425,200211,44
6330,63435,200249,39
6331,63445,200240,37
6332,63455,200320,42
6333,63465,200325,34
6334,63475,200388,41
6335,63485,200349,46
6336,63496,200364,34
6337,63506,200339,47
6338,63516,200374,55
6339,63526,200349,25
6340,63536,200430,34
6341,63546,200433,27
6342,63556,200495,41
6343,63566,200470,48
6344,63576,200491,53
6345,63586,200418,49
6346,63596,200378,54
6347,63606,200302,47
6348,63616,200255,45
6349,63626,200180,31
6350,63636,200121,43
6351,63646,200012,35
6352,63656,200000,38
6353,63666,199936,41
6354,63676,199923,47
6355,63686,199889,39
6356,63696,199913,40
6357,63706,199860,33
6358,63716,199906,40
6359,63726,199890,58
6360,63736,199945,50
6361,63746,199942,36
6362,63756,200030,42
6363,63766,200037,33
6364,63776,200098,35
6365,63786,200151,35
6366,63796,200241,40
6367,63806,200331,48
6368,63816,200404,54
6369,63826,200472,41
6370,63836,200542,43
6371,63846,200550,48
6372,63856,200613,43
6373,63866,200579,34
6374,63876,200536,37
6375,63886,200403,41
6376,63896,200267,45
6377,63906,200045,42
6378,63916,199892,34
6379,63926,199700,47
6380,63936,199572,36
6381,63946,199428,50
6382,63957,199357,44
6383,63967,199299,46
6384,63977,199302,34
6385,63987,199297,50
6386,63997,199357,42
6387,64007,199374,34
6388,64017,199491,39
6389,64027,199532,30
6390,64037,199641,51
6391,64047,199724,45
6392,64057,199841,35
6393,64067,199903,41
6394,64077,200028,32
6395,64087,200104,39
6396,64097,200190,36
6397,64107,200190,41
6398,64117,200221,57
6399,64127,200201,49
6400,64137,200228,38
6401,64147,200187,43
6402,64157,200205,33
6403,64167,200135,35
6404,64177,200127,36
6405,64187,200052,44
6406,64197,200032,46
6407,64207,199957,40
6408,64217,199919,40
6409,64227,199837,44
6410,64237,199851,43
6411,64247,199757,54
6412,64257,199821,31
6413,64267,199797,45
6414,64277,199864,52
6415,64287,199869,48
6416,64297,199988,36
6417,64307,200009,26
6418,64317,200105,43
6419,64327,200141,49
6420,64337,200202,50
6421,64347,200248,53
6422,64357,200337,55
6423,64367,200329,45
6424,64377,200379,56
6425,64387,200372,30
6426,64397,200410,42
6427,64408,200380,40
6428,64418,200415,36
6429,64428,200377,37
6430,64438,200402,50
6431,64448,200337,44
6432,64458,200304,23
6433,64468,200198,30
6434,64478,200189,47
6435,64488,200075,46
6436,64498,200076,38
6437,64508,199992,39
6438,64518,199991,38
6439,64528,199929,30
6440,64538,199951,35
6441,64548,199895,45
6442,64558,199917,38
6443,64568,199837,44
6444,64578,199847,46
6445,64588,199806,44
6446,64598,199875,46
6447,64608,199918,41
6448,64618,199992,31
6449,64628,199983,39
6450,64638,200046,34
6451,64648,200033,54
6452,64658,200038,43
6453,64668,199971,36
6454,64678,199936,57
6455,64688,199796,40
6456,64698,199703,36
6457,64708,199607,38
6458,64718,199537,45
6459,64728,199454,49
6460,64738,199462,46
6461,64748,199393,53
6462,64758,199478,39
6463,64768,199459,39
6464,64778,199537,37
6465,64788,199559,30
6466,64798,199643,44
6467,64808,199650,49
6468,64818,199759,48
6469,64828,199758,49
6470,64838,199799,43
6471,64848,199788,30
6472,64858,199842,36
6473,64869,199805,24
6474,64879,199880,53
6475,64889,199849,50
6476,64899,199927,32
6477,64909,199925,39
6478,64919,199969,40
6479,64929,199989,39
6480,64939,200064,45
6481,64949,200028,41
6482,64959,200077,43
6483,64969,200052,49
6484,64979,200084,29
6485,64989,200055,37
6486,64999,200058,35
6487,65009,199952,44
6488,65019,199953,34
6489,65029,199915,43
6490,65039,199942,43
6491,65049,199929,47
6492,65059,199998,57
6493,65069,200003,36
6494,65079,200079,37
6495,65089,200064,37
6496,65099,200143,49
6497,65109,200138,48
6498,65119,200247,51
6499,65129,200199,38
6500,65139,200277,45
6501,65149,200252,49
6502,65159,200281,32
6503,65169,200248,43
6504,65179,200284,44
6505,65189,200257,47
6506,65199,200301,47
6507,65209,200268,59
6508,65219,200349,43
6509,65229,200332,32
6510,65239,200404,41
6511,65249,200384,49
6512,65259,200503,57
6513,65269,200491,48
6514,65279,200560,47
6515,65289,200533,38
6516,65299,200584,33
6517,65309,200547,45
6518,65319,200637,42
6519,65330,200580,45
6520,65340,200653,46
6521,65350,200624,37
6522,65360,200665,36
6523,65370,200623,43
6524,65380,200647,38
6525,65390,200573,43
6526,65400,200579,42
6527,65410,200529,41
6528,65420,200585,43
6529,65430,200553,41
6530,65440,200602,50
6531,65450,200538,34
6532,65460,200562,34
6533,65470,200462,35
6534,65480,200427,40
6535,65490,200245,55
6536,65500,200110,44
6537,65510,199916,42
6538,65520,199796,48
6539,65530,199607,40
6540,65540,199544,42
6541,65550,199382,41
6542,65560,199325,44
6543,65570,199186,42
6544,65580,199174,54
6545,65590,199101,48
6546,65600,199135,39
6547,65610,199137,25
6548,65620,199285,40
6549,65630,199320,43
6550,65640,199516,53
6551,65650,199624,51
6552,65660,199828,46
6553,65670,199945,37
6554,65680,200136,29
6555,65690,200209,42
6556,65700,200343,40
6557,65710,200332,40
6558,65720,200439,49
6559,65730,200436,37
6560,65740,200499,34
6561,65750,200485,38
6562,65760,200549,39
6563,65770,200500,48
6564,65781,200529,42
6565,65791,200453,49
6566,65801,200435,44
6567,65811,200358,50
6568,65821,200320,52
6569,65831,200214,46
6570,65841,200204,35
6571,65851,200075,32
6572,65861,200068,37
6573,65871,199979,42
6574,65881,199997,46
6575,65891,199940,43
6576,65901,199980,31
6577,65911,199940,34
6578,65921,200014,35
6579,65931,199974,33
6580,65941,200093,50
6581,65951,200082,47
6582,65961,200163,26
6583,65971,200144,56
6584,65981,200260,34
6585,65991,200228,37
6586,66001,200295,38
6587,66011,200272,66
6588,66021,200354,33
6589,66031,200334,47
6590,66041,200394,53
6591,66051,200322,33
6592,66061,200339,36
6593,66071,200271,30
6594,66081,200291,39
6595,66091,200237,46
6596,66101,200293,31
6597,66111,200189,52
6598,66121,200257,45
6599,66131,200192,43
6600,66141,200242,28
6601,66151,200202,42
6602,66161,200255,45
6603,66171,200215,48
6604,66181,200310,43
6605,66191,200277,48
6606,66201,200365,47
6607,66211,200338,38
6608,66221,200388,34
6609,66232,200314,36
6610,66242,200307,50
6611,66252,200200,48
6612,66262,200167,44
6613,66272,199981,47
6614,66282,199905,36
6615,66292,199732,34
6616,66302,199686,42
6617,66312,199607,40
6618,66322,199677,49
6619,66332,199638,42
6620,66342,199727,35
6621,66352,199731,21
6622,66362,199814,38
6623,66372,199806,40
6624,66382,199846,48
6625,66392,199818,56
6626,66402,199870,53
6627,66412,199835,50
6628,66422,199889,51
6629,66432,199821,44
6630,66442,199851,41
6631,66452,199793,35
6632,66462,199813,39
6633,66472,199741,33
6634,66482,199758,43
6635,66492,199644,46
6636,66502,199639,27
6637,66512,199499,30
6638,66522,199477,33
6639,66532,199314,29
6640,66542,199275,54
6641,66552,199154,49
6642,66562,199187,35
6643,66572,199121,48
6644,66582,199198,36
6645,66592,199143,39
6646,66602,199220,34
6647,66612,199154,33
6648,66622,199238,54
6649,66632,199235,50
6650,66642,199313,28
6651,66652,199324,35
6652,66662,199465,48
6653,66672,199463,24
6654,66683,199592,36
6655,66693,199623,47
6656,66703,199716,57
6657,66713,199706,45
6658,66723,199790,46
6659,66733,199740,43
6660,66743,199768,44
6661,66753,199699,41
6662,66763,199726,43
6663,66773,199645,57
6664,66783,199684,54
6665,66793,199634,56
6666,66803,199698,46
6667,66813,199633,38
6668,66823,199689,40
6669,66833,199621,37
6670,66843,199707,38
6671,66853,199694,49
6672,66863,199760,49
6673,66873,199719,47
6674,66883,199803,44
6675,66893,199782,37
6676,66903,199915,47
6677,66913,199911,35
6678,66923,200047,39
6679,66933,200071,45
6680,66943,200215,49
6681,66953,200299,54
6682,66963,200454,37
6683,66973,200480,38
6684,66983,200628,34
6685,66993,200594,48
6686,67003,200646,36
6687,67013,200513,47
6688,67023,200447,50
6689,67033,200204,44
6690,67043,200014,46
6691,67053,199726,41
6692,67063,199520,45
6693,67073,199248,37
6694,67083,199084,41
6695,67093,198842,42
6696,67103,198769,45
6697,67113,198591,37
6698,67123,198523,35
6699,67133,198379,40
6700,67144,198368,42
6701,67154,198284,47
6702,67164,198309,47
6703,67174,198263,39
6704,67184,198359,39
6705,67194,198343,37
6706,67204,198438,27
6707,67214,198444,31
6708,67224,198561,43
6709,67234,198576,59
6710,67244,198692,35
6711,67254,198711,50
6712,67264,198837,29
6713,67274,198835,40
6714,67284,198977,41
6715,67294,198976,42
6716,67304,199087,60
6717,67314,199051,35
6718,67324,199134,45
6719,67334,199114,48
6720,67344,199145,52
6721,67354,199070,39
6722,67364,199084,39
6723,67374,198985,40
6724,67384,198991,46
6725,67394,198873,42
6726,67404,198914,37
6727,67414,198888,51
6728,67424,198930,40
6729,67434,198914,39
6730,67444,198977,39
6731,67454,198954,46
6732,67464,199027,51
6733,67474,199018,48
6734,67484,199092,40
6735,67494,199077,37
6736,67504,199184,32
6737,67514,199139,38
6738,67524,199205,18
6739,67534,199203,33
6740,67544,199251,47
6741,67554,199175,38
6742,67564,199241,56
6743,67574,199143,40
6744,67584,199169,48
6745,67594,199098,38
6746,67605,199111,41
6747,67615,199070,40
6748,67625,199168,49
6749,67635,199158,52
6750,67645,199265,40
6751,67655,199307,30
6752,67665,199420,36
6753,67675,199463,49
6754,67685,199605,42
6755,67695,199617,34
6756,67705,199780,36
6757,67715,199836,38
6758,67725,199994,45
6759,67735,200012,50
6760,67745,200178,39
6761,67755,200191,52
6762,67765,200333,43
6763,67775,200331,38
6764,67785,200461,54
6765,67795,200449,30
6766,67805,200501,44
6767,67815,200393,39
6768,67825,200356,44
6769,67835,200227,55
6770,67845,200218,47
6771,67855,200109,45
6772,67865,200158,43
6773,67875,200107,26
6774,67885,200142,44
6775,67895,200051,45
6776,67905,200033,32
6777,67915,199883,48
6778,67925,199775,40
6779,67935,199527,42
6780,67945,199335,35
6781,67955,199068,33
6782,67965,198904,38
6783,67975,198696,46
6784,67985,198631,50
6785,67995,198515,50
6786,68005,198543,56
6787,68015,198497,25
6788,68025,198547,35
6789,68035,198509,28
6790,68046,198611,39
6791,68056,198581,43
6792,68066,198666,35
6793,68076,198701,47
6794,68086,198824,29
6795,68096,198822,48
6796,68106,198900,50
6797,68116,198844,43
6798,68126,198875,52
6799,68136,198817,47
6800,68146,198819,52
6801,68156,198735,47
6802,68166,198762,35
6803,68176,198685,39
6804,68186,198716,41
6805,68196,198618,32
6806,68206,198658,40
6807,68216,198569,47
6808,68226,198586,42
6809,68236,198535,49
6810,68246,198555,41
6811,68256,198479,52
6812,68266,198519,42
6813,68276,198459,42
6814,68286,198538,59
6815,68296,198529,44
6816,68306,198636,50
6817,68316,198671,45
6818,68326,198764,27
6819,68336,198791,38
6820,68346,198911,48
6821,68356,198925,36
6822,68366,199040,57
6823,68376,199061,47
6824,68386,199157,36
6825,68396,199137,32
6826,68406,199212,43
6827,68416,199164,48
6828,68426,199241,41
6829,68436,199193,35
6830,68446,199268,44
6831,68456,199276,32
6832,68466,199370,42
6833,68476,199371,41
6834,68486,199473,44
6835,68496,199461,62
6836,68507,199544,43
6837,68517,199536,49
6838,68527,199634,46
6839,68537,199626,43
6840,68547,199709,39
6841,68557,199682,47
6842,68567,199733,47
6843,68577,199652,43
6844,68587,199661,56
6845,68597,199585,48
6846,68607,199582,45
6847,68617,199510,64
6848,68627,199512,52
6849,68637,199466,42
6850,68647,199533,48
6851,68657,199518,42
6852,68667,199572,53
6853,68677,199571,53
6854,68687,199638,38
6855,68697,199616,32
6856,68707,199672,41
6857,68717,199644,41
6858,68727,199695,40
6859,68737,199685,53
6860,68747,199719,33
6861,68757,199645,45
6862,68767,199640,43
6863,68777,199474,33
6864,68787,199381,35
6865,68797,199148,36
6866,68807,199021,33
6867,68817,198805,53
6868,68827,198741,43
6869,68837,198600,54
6870,68847,198620,46
6871,68857,198557,40
6872,68867,198631,39
6873,68877,198605,42
6874,68887,198701,38
6875,68897,198643,49
6876,68907,198734,51
6877,68917,198718,44
6878,68927,198800,28
6879,68937,198790,34
6880,68947,198877,34
6881,68958,198837,45
6882,68968,198920,34
6883,68978,198889,50
6884,68988,198967,36
6885,68998,198970,34
6886,69008,199034,39
6887,69018,198998,36
6888,69028,199032,37
6889,69038,198978,35
6890,69048,199018,39
6891,69058,198937,37
6892,69068,198954,55
6893,69078,198870,39
6894,69088,198897,39
6895,69098,198817,40
6896,69108,198865,39
6897,69118,198842,48
6898,69128,198920,45
6899,69138,198869,35
6900,69148,198991,51
6901,69158,198982,29
6902,69168,199052,38
6903,69178,199028,39
6904,69188,199091,46
6905,69198,199080,32
6906,69208,199136,45
6907,69218,199151,42
6908,69228,199243,46
6909,69238,199220,38
6910,69248,199255,47
6911,69258,199209,44
6912,69268,199285,47
6913,69278,199240,35
6914,69288,199302,47
6915,69298,199225,45
6916,69308,199225,30
6917,69318,199129,30
6918,69328,199135,35
6919,69338,199016,47
6920,69348,199012,53
6921,69358,198915,52
6922,69368,198940,41
6923,69378,198852,33
6924,69388,198863,50
6925,69398,198781,33
6926,69408,198808,45
6927,69419,198729,41
6928,69429,198739,48
6929,69439,198666,39
6930,69449,198706,36
6931,69459,198636,27
6932,69469,198680,25
6933,69479,198649,43
6934,69489,198737,46
6935,69499,198690,43
6936,69509,198781,39
6937,69519,198759,39
6938,69529,198849,44
6939,69539,198875,33
6940,69549,199010,24
6941,69559,198985,26
6942,69569,199082,50
6943,69579,199097,44
6944,69589,199161,48
6945,69599,199162,31
6946,69609,199204,55
6947,69619,199123,45
6948,69629,199098,35
6949,69639,198873,50
6950,69649,198744,36
6951,69659,198495,51
6952,69669,198404,38
6953,69679,198227,40
6954,69689,198181,36
6955,69699,198071,36
6956,69709,198093,40
6957,69719,198045,25
6958,69729,198121,39
6959,69739,198068,48
6960,69749,198137,50
6961,69759,198143,45
6962,69769,198261,32
6963,69779,198272,41
6964,69789,198403,46
6965,69799,198377,36
6966,69809,198491,37
6967,69819,198436,59
6968,69829,198507,56
6969,69839,198452,36
6970,69849,198490,40
6971,69859,198429,51
6972,69869,198469,39
6973,69880,198415,39
6974,69890,198481,61
6975,69900,198418,44
6976,69910,198482,58
6977,69920,198422,53
6978,69930,198495,41
6979,69940,198459,31
6980,69950,198487,45
6981,69960,198403,35
6982,69970,198438,49
6983,69980,198351,39
6984,69990,198371,42
6985,70000,198277,35
6986,70010,198331,40
6987,70020,198290,28
6988,70030,198398,38
6989,70040,198371,43
6990,70050,198459,44
6991,70060,198460,50
6992,70070,198576,44
6993,70080,198586,34
6994,70090,198690,46
6995,70100,198694,50
6996,70110,198784,37
6997,70120,198752,50
6998,70130,198830,59
6999,70140,198775,38
7000,70150,198860,45
7001,70160,198801,32
7002,70170,198928,30
7003,70180,198877,24
7004,70190,198981,53
7005,70200,198939,44
7006,70210,199017,42
7007,70220,198952,38
7008,70230,198998,40
7009,70240,198905,36
7010,70250,198989,39
7011,70260,198949,28
7012,70270,199020,41
7013,70280,198992,36
7014,70290,199066,43
7015,70300,199038,37
7016,70310,199115,47
7017,70320,199079,42
7018,70330,199156,37
7019,70341,199100,25
7020,70351,199208,52
7021,70361,199168,42
7022,70371,199249,53
7023,70381,199217,42
7024,70391,199271,46
7025,70401,199252,31
7026,70411,199300,44
7027,70421,199233,45
7028,70431,199272,55
7029,70441,199171,54
7030,70451,199174,45
7031,70461,199065,43
7032,70471,199070,39
7033,70481,198923,25
7034,70491,198959,29
7035,70501,198862,47
7036,70511,198881,52
7037,70521,198728,40
7038,70531,198633,39
7039,70541,198390,46
7040,70551,198256,46
7041,70561,197994,38
7042,70571,197929,58
7043,70581,197740,47
7044,70591,197738,42
7045,70601,197674,37
7046,70611,197737,38
7047,70621,197715,33
7048,70631,197813,27
7049,70641,197790,44
7050,70651,197903,55
7051,70661,197904,49
7052,70671,198021,34
7053,70681,198030,39
7054,70691,198234,47
7055,70701,198239,38
7056,70711,198361,41
7057,70721,198384,42
7058,70731,198482,42
7059,70741,198405,42
7060,70751,198441,31
7061,70761,198363,50
7062,70771,198385,41
7063,70782,198302,26
7064,70792,198352,58
7065,70802,198289,50
7066,70812,198344,44
7067,70822,198254,45
7068,70832,198291,39
7069,70842,198160,41
7070,70852,198193,41
7071,70862,198060,38
7072,70872,198110,51
7073,70882,198030,51
7074,70892,198078,41
7075,70902,198033,23
7076,70912,198100,34
7077,70922,198018,34
7078,70932,198129,43
7079,70942,198101,50
7080,70952,198231,48
7081,70962,198244,47
7082,70972,198373,33
7083,70982,198359,35
7084,70992,198479,40
7085,71002,198458,39
7086,71012,198560,45
7087,71022,198495,33
7088,71032,198595,54
7089,71042,198546,45
7090,71052,198630,35
7091,71062,198600,36
7092,71072,198705,46
7093,71082,198646,34
7094,71092,198740,33
7095,71102,198664,37
7096,71112,198729,35
7097,71122,198657,34
7098,71132,198724,45
7099,71142,198677,43
7100,71152,198766,58
7101,71162,198750,55
7102,71172,198843,49
7103,71182,198781,39
7104,71192,198812,48
7105,71202,198750,22
7106,71213,198783,46
7107,71223,198722,53
7108,71233,198777,38
7109,71243,198722,45
7110,71253,198786,34
7111,71263,198783,45
7112,71273,198909,41
7113,71283,198914,47
7114,71293,199078,33
7115,71303,199071,33
7116,71313,199182,52
7117,71323,199136,32
7118,71333,199204,39
7119,71343,199106,38
7120,71353,199102,38
7121,71363,198941,48
7122,71373,198856,40
7123,71383,198585,45
7124,71393,198444,47
7125,71403,198129,38
7126,71413,198006,37
7127,71423,197734,38
7128,71433,197649,45
7129,71443,197446,49
7130,71453,197424,52
7131,71463,197308,35
7132,71473,197370,45
7133,71483,197307,42
7134,71493,197429,42
7135,71503,197475,42
7136,71513,197660,44
7137,71523,197710,46
7138,71533,197887,43
7139,71543,197962,41
7140,71553,198088,43
7141,71563,198060,40
7142,71573,198169,42
7143,71583,198123,46
7144,71593,198216,41
7145,71603,198184,39
7146,71613,198311,41
7147,71623,198299,44
7148,71634,198411,48
7149,71644,198379,46
7150,71654,198496,47
7151,71664,198431,33
7152,71674,198487,49
7153,71684,198386,30
7154,71694,198407,36
7155,71704,198279,30
7156,71714,198314,45
7157,71724,198225,45
7158,71734,198356,41
7159,71744,198354,37
7160,71754,198488,42
7161,71764,198475,37
7162,71774,198582,34
7163,71784,198520,33
7164,71794,198592,46
7165,71804,198550,50
7166,71814,198606,44
7167,71824,198560,47
7168,71834,198656,50
7169,71844,198604,39
7170,71854,198716,33
7171,71864,198676,40
7172,71874,198783,52
7173,71884,198728,45
7174,71894,198786,39
7175,71904,198640,47
7176,71914,198606,49
7177,71924,198458,42
7178,71934,198417,43
7179,71944,198317,40
7180,71954,198345,46
7181,71964,198290,40
7182,71974,198397,42
7183,71984,198357,47
7184,71994,198421,28
7185,72004,198353,50
7186,72014,198406,54
7187,72024,198345,36
7188,72034,198416,39
7189,72044,198326,47
7190,72054,198413,35
7191,72065,198327,44
7192,72075,198430,44
7193,72085,198423,48
7194,72095,198540,43
7195,72105,198535,42
7196,72115,198636,49
7197,72125,198598,42
7198,72135,198688,38
7199,72145,198657,43
7200,72155,198722,38
7201,72165,198690,51
7202,72175,198748,44
7203,72185,198701,49
7204,72195,198764,32
7205,72205,198662,49
7206,72215,198691,23
7207,72225,198523,42
7208,72235,198415,50
7209,72245,198197,53
7210,72255,198089,40
7211,72265,197911,47
7212,72275,197885,27
7213,72285,197763,46
7214,72295,197801,40
7215,72305,197747,43
7216,72315,197843,43
7217,72325,197842,43
7218,72335,197982,51
7219,72345,198001,42
7220,72355,198160,33
7221,72365,198212,50
7222,72375,198379,32
7223,72385,198387,50
7224,72395,198508,43
7225,72405,198467,45
7226,72415,198520,41
7227,72425,198435,30
7228,72435,198436,35
7229,72445,198308,52
7230,72455,198300,44
7231,72465,198173,49
7232,72475,198188,19
7233,72485,198100,44
7234,72495,198125,38
7235,72506,198008,39
7236,72516,198022,49
7237,72526,197903,38
7238,72536,197907,41
7239,72546,197791,52
7240,72556,197835,43
7241,72566,197731,43
7242,72576,197759,33
7243,72586,197698,41
7244,72596,197792,42
7245,72606,197733,50
7246,72616,197850,47
7247,72626,197867,59
7248,72636,197969,43
7249,72646,197971,47
7250,72656,198096,41
7251,72666,198097,46
7252,72676,198216,54
7253,72686,198238,48
7254,72696,198377,38
7255,72706,198367,46
7256,72716,198479,29
7257,72726,198442,47
7258,72736,198520,36
7259,72746,198463,38
7260,72756,198511,41
7261,72766,198425,49
7262,72776,198465,46
7263,72786,198404,46
7264,72796,198446,36
7265,72806,198333,48
7266,72816,198373,47
7267,72826,198270,47
7268,72836,198284,35
7269,72846,198190,40
7270,72856,198254,29
7271,72866,198214,51
7272,72876,198295,37
7273,72886,198242,45
7274,72896,198357,44
7275,72906,198328,49
7276,72916,198436,37
7277,72926,198417,37
7278,72936,198497,29
7279,72946,198474,51
7280,72957,198576,28
7281,72967,198576,46
7282,72977,198732,38
7283,72987,198727,55
7284,72997,198850,42
7285,73007,198828,35
7286,73017,198940,24
7287,73027,198907,39
7288,73037,198989,44
7289,73047,198941,46
7290,73057,199016,43
7291,73067,198965,55
7292,73077,199009,35
7293,73087,198903,48
7294,73097,198911,27
7295,73107,198706,38
7296,73117,198579,59
7297,73127,198284,36
7298,73137,198142,51
7299,73147,197887,36
7300,73157,197809,46
7301,73167,197623,44
7302,73177,197618,50
7303,73187,197540,43
7304,73197,197610,30
7305,73207,197564,50
7306,73217,197670,42
7307,73227,197678,40
7308,73237,197801,37
7309,73247,197807,34
7310,73257,197934,41
7311,73267,197927,45
7312,73277,198042,41
7313,73287,197999,45
7314,73297,198115,40
7315,73307,198104,38
7316,73317,198204,46
7317,73327,198181,31
7318,73337,198309,52
7319,73347,198302,38
7320,73357,198397,40
7321,73367,198371,44
7322,73377,198434,33
7323,73387,198353,47
7324,73397,198387,42
7325,73408,198239,46
7326,73418,198285,51
7327,73428,198182,51
7328,73438,198236,49
7329,73448,198180,57
7330,73458,198253,32
7331,73468,198213,38
7332,73478,198271,28
7333,73488,198211,45
7334,73498,198265,53
7335,73508,198185,44
7336,73518,198296,49
7337,73528,198258,40
7338,73538,198382,29
7339,73548,198381,33
7340,73558,198501,39
7341,73568,198484,40
7342,73578,198647,43
7343,73588,198598,47
7344,73598,198656,41
7345,73608,198614,32
7346,73618,198635,35
7347,73628,198545,48
7348,73638,198570,46
7349,73648,198534,39
7350,73658,198603,29
7351,73668,198570,40
7352,73678,198678,41
7353,73688,198620,52
7354,73698,198688,32
7355,73708,198643,36
7356,73718,198720,44
7357,73728,198649,54
7358,73738,198719,43
7359,73748,198638,36
7360,73758,198684,34
7361,73768,198619,40
7362,73778,198694,47
7363,73788,198622,22
7364,73798,198718,50
7365,73808,198664,47
7366,73818,198748,52
7367,73828,198682,43
7368,73838,198737,24
7369,73848,198647,47
7370,73858,198686,21
7371,73869,198614,42
7372,73879,198718,41
7373,73889,198662,38
7374,73899,198771,38
7375,73909,198766,33
7376,73919,198865,35
7377,73929,198817,34
7378,73939,198919,38
7379,73949,198829,35
7380,73959,198810,56
7381,73969,198626,56
7382,73979,198506,36
7383,73989,198247,29
7384,73999,198126,32
7385,74009,197902,43
7386,74019,197856,35
7387,74029,197723,59
7388,74039,197772,44
7389,74049,197702,40
7390,74059,197831,52
7391,74069,197826,44
7392,74079,197948,47
7393,74089,197980,53
7394,74099,198123,43
7395,74109,198168,38
7396,74119,198354,58
7397,74129,198418,46
7398,74139,198570,46
7399,74149,198580,24
7400,74159,198716,51
7401,74169,198703,37
7402,74179,198789,48
7403,74189,198749,39
7404,74199,198795,42
7405,74209,198715,33
7406,74219,198764,37
7407,74229,198659,48
7408,74239,198667,25
7409,74249,198571,42
7410,74259,198627,39
7411,74269,198546,37
7412,74279,198634,39
7413,74289,198643,33
7414,74299,198744,31
7415,74309,198722,35
7416,74320,198819,39
7417,74330,198791,56
7418,74340,198880,45
7419,74350,198828,46
7420,74360,198951,49
7421,74370,198910,36
7422,74380,199042,38
7423,74390,198986,37
7424,74400,199118,53
7425,74410,199074,40
7426,74420,199134,36
7427,74430,199033,42
7428,74440,199038,33
7429,74450,198912,39
7430,74460,198919,49
7431,74470,198783,30
7432,74480,198807,48
7433,74490,198697,48
7434,74500,198759,45
7435,74510,198708,36
7436,74520,198763,28
7437,74530,198686,39
7438,74540,198754,44
7439,74550,198652,38
7440,74560,198709,53
7441,74570,198622,40
7442,74580,198669,24
7443,74590,198632,28
7444,74600,198745,43
7445,74610,198747,36
7446,74620,198910,48
7447,74630,198927,48
7448,74640,199063,42
7449,74650,199071,38
7450,74660,199144,36
7451,74670,199097,43
7452,74680,199216,38
7453,74690,199156,35
7454,74700,199282,39
7455,74710,199219,48
7456,74720,199337,45
7457,74730,199290,48
7458,74740,199382,37
7459,74750,199334,35
7460,74761,199421,41
7461,74771,199350,55
7462,74781,199411,52
7463,74791,199333,43
7464,74801,199392,40
7465,74811,199284,38
7466,74821,199246,45
7467,74831,199055,34
7468,74841,198937,32
7469,74851,198694,44
7470,74861,198608,44
7471,74871,198408,45
7472,74881,198402,46
7473,74891,198253,30
7474,74901,198307,38
7475,74911,198194,26
7476,74921,198298,49
7477,74931,198282,38
7478,74941,198444,47
7479,74951,198459,50
7480,74961,198661,40
7481,74971,198698,40
7482,74981,198868,39
7483,74991,198864,49
7484,75001,198975,40
7485,75011,198929,48
7486,75021,199006,45
7487,75031,198925,49
7488,75041,198987,43
7489,75051,198921,44
7490,75061,198970,33
7491,75071,198922,60
7492,75081,199033,55
7493,75091,198944,34
7494,75101,198970,33
7495,75111,198825,37
7496,75121,198817,31
7497,75131,198607,34
7498,75141,198562,48
7499,75151,198356,42
7500,75161,198328,45
7501,75171,198192,53
7502,75181,198226,46
7503,75191,198144,39
7504,75201,198215,21
7505,75212,198164,40
7506,75222,198275,49
7507,75232,198263,36
7508,75242,198413,29
7509,75252,198414,47
7510,75262,198545,38
7511,75272,198543,33
7512,75282,198696,30
7513,75292,198692,50
7514,75302,198835,49
7515,75312,198845,41
7516,75322,198990,41
7517,75332,198964,49
7518,75342,199060,37
7519,75352,199003,39
7520,75362,199067,37
7521,75372,199015,43
7522,75382,199114,47
7523,75392,199072,41
7524,75402,199167,37
7525,75412,199095,31
7526,75422,199181,39
7527,75432,199101,43
7528,75442,199159,30
7529,75452,199048,45
7530,75462,199091,45
7531,75472,198975,33
7532,75482,198987,41
7533,75492,198916,36
7534,75502,198987,44
7535,75512,198915,30
7536,75522,198988,60
7537,75532,198931,55
7538,75542,199042,59
7539,75552,198995,31
7540,75562,199139,42
7541,75572,199099,43
7542,75582,199180,47
7543,75592,199145,44
7544,75602,199220,51
7545,75612,199165,41
7546,75622,199263,40
7547,75632,199251,32
7548,75642,199378,54
7549,75652,199364,33
7550,75663,199498,24
7551,75673,199460,52
7552,75683,199581,38
7553,75693,199506,43
7554,75703,199544,43
7555,75713,199384,37
7556,75723,199303,50
7557,75733,199024,34
7558,75743,198857,41
7559,75753,198589,48
7560,75763,198509,40
7561,75773,198301,53
7562,75783,198304,47
7563,75793,198171,25
7564,75803,198198,38
7565,75813,198134,33
7566,75823,198209,53
7567,75833,198127,53
7568,75843,198229,39
7569,75853,198193,48
7570,75863,198304,36
7571,75873,198249,38
7572,75883,198342,45
7573,75893,198306,32
7574,75903,198429,44
7575,75913,198375,56
7576,75923,198446,50
7577,75933,198394,45
7578,75943,198486,35
7579,75953,198433,40
7580,75963,198513,53
7581,75973,198479,53
7582,75983,198546,58
7583,75993,198466,46
7584,76003,198538,52
7585,76013,198476,35
7586,76023,198546,28
7587,76033,198482,43
7588,76043,198556,39
7589,76053,198479,50
7590,76063,198540,40
7591,76073,198441,27
7592,76083,198515,29
7593,76093,198452,35
7594,76103,198556,41
7595,76114,198518,43
7596,76124,198629,55
7597,76134,198605,57
7598,76144,198742,50
7599,76154,198748,47
7600,76164,198875,42
7601,76174,198805,35
7602,76184,198914,31
7603,76194,198854,41
7604,76204,198966,39
7605,76214,198906,27
7606,76224,199020,52
7607,76234,198953,40
7608,76244,199075,40
7609,76254,199052,29
7610,76264,199157,38
7611,76274,199097,57
7612,76284,199198,38
7613,76294,199119,46
7614,76304,199176,40
7615,76314,199066,42
7616,76324,199103,32
7617,76334,199033,45
7618,76344,199107,45
7619,76354,199076,45
7620,76364,199187,57
7621,76374,199154,46
7622,76384,199289,28
7623,76394,199202,35
7624,76404,199282,46
7625,76414,199203,59
7626,76424,199315,36
7627,76434,199246,43
7628,76444,199336,39
7629,76454,199271,42
7630,76464,199359,52
7631,76474,199335,35
7632,76484,199435,28
7633,76494,199416,52
7634,76504,199525,52
7635,76514,199532,48
7636,76524,199644,51
7637,76534,199590,41
7638,76544,199670,42
7639,76555,199575,49
7640,76565,199645,36
7641,76575,199519,58
7642,76585,199468,47
7643,76595,199245,40
7644,76605,199123,32
7645,76615,198865,42
7646,76625,198774,39
7647,76635,198558,48
7648,76645,198520,37
7649,76655,198365,33
7650,76665,198370,37
7651,76675,198257,44
7652,76685,198330,46
7653,76695,198259,42
7654,76705,198352,41
7655,76715,198322,43
7656,76725,198471,55
7657,76735,198481,47
7658,76745,198637,50
7659,76755,198627,42
7660,76765,198736,26
7661,76775,198680,36
7662,76785,198774,33
7663,76795,198724,54
7664,76805,198767,51
7665,76815,198702,43
7666,76825,198794,37
7667,76835,198726,46
7668,76845,198784,31
7669,76855,198663,44
7670,76865,198711,37
7671,76875,198588,43
7672,76885,198618,59
7673,76895,198519,39
7674,76905,198570,37
7675,76915,198461,34
7676,76925,198551,45
7677,76935,198473,48
7678,76945,198570,35
7679,76955,198538,49
7680,76965,198640,44
7681,76975,198596,44
7682,76985,198694,28
7683,76995,198659,39
7684,77006,198737,38
7685,77016,198711,48
7686,77026,198826,44
7687,77036,198823,50
7688,77046,198966,38
7689,77056,198942,45
7690,77066,199054,31
7691,77076,199012,37
7692,77086,199114,39
7693,77096,199044,35
7694,77106,199131,43
7695,77116,199041,43
7696,77126,199129,51
7697,77136,199110,33
7698,77146,199221,58
7699,77156,199156,34
7700,77166,199253,36
7701,77176,199219,45
7702,77186,199369,59
7703,77196,199362,35
7704,77206,199503,45
7705,77216,199459,44
7706,77226,199556,52
7707,77236,199473,38
7708,77246,199554,48
7709,77256,199488,39
7710,77266,199593,37
7711,77276,199540,43
7712,77286,199592,31
7713,77296,199589,44
7714,77306,199653,46
7715,77316,199621,55
7716,77326,199729,55
7717,77336,199666,45
7718,77346,199744,48
7719,77356,199651,36
7720,77366,199690,32
7721,77376,199579,41
7722,77386,199629,31
7723,77396,199467,41
7724,77406,199430,46
7725,77416,199187,46
7726,77426,199073,41
7727,77436,198823,47
7728,77446,198735,35
7729,77456,198559,42
7730,77467,198524,46
7731,77477,198370,46
7732,77487,198413,42
7733,77497,198339,36
7734,77507,198452,43
7735,77517,198399,26
7736,77527,198557,33
7737,77537,198557,40
7738,77547,198761,48
7739,77557,198800,44
7740,77567,199000,42
7741,77577,199058,35
7742,77587,199223,39
7743,77597,199225,45
7744,77607,199335,30
7745,77617,199242,40
7746,77627,199329,46
7747,77637,199228,49
7748,77647,199299,49
7749,77657,199196,23
7750,77667,199237,39
7751,77677,199126,43
7752,77687,199144,43
7753,77697,198987,50
7754,77707,199004,56
7755,77717,198833,47
7756,77727,198837,50
7757,77737,198681,37
7758,77747,198683,39
7759,77757,198556,42
7760,77767,198607,31
7761,77777,198526,40
7762,77787,198586,41
7763,77797,198511,41
7764,77807,198613,60
7765,77817,198554,32
7766,77827,198668,45
7767,77837,198645,33
7768,77847,198747,43
7769,77857,198733,53
7770,77867,198859,44
7771,77877,198848,56
7772,77887,198978,61
7773,77897,198934,30
7774,77907,199065,36
7775,77917,198995,37
7776,77928,199081,38
7777,77938,199074,59
7778,77948,199181,43
7779,77958,199134,51
7780,77968,199283,34
7781,77978,199216,40
7782,77988,199314,40
7783,77998,199223,34
7784,78008,199284,50
7785,78018,199195,32
7786,78028,199291,26
7787,78038,199227,45
7788,78048,199324,35
7789,78058,199253,54
7790,78068,199345,39
7791,78078,199313,44
7792,78088,199393,47
7793,78098,199331,40
7794,78108,199436,50
7795,78118,199414,42
7796,78128,199507,43
7797,78138,199491,37
7798,78148,199610,37
7799,78158,199567,40
7800,78168,199695,47
7801,78178,199661,37
7802,78188,199749,46
7803,78198,199700,36
7804,78208,199776,33
7805,78218,199711,44
7806,78228,199796,41
7807,78238,199741,44
7808,78248,199832,43
7809,78258,199756,55
7810,78268,199826,52
7811,78278,199709,47
7812,78288,199736,31
7813,78298,199573,37
7814,78308,199536,40
7815,78318,199288,49
7816,78328,199163,41
7817,78338,198926,57
7818,78348,198822,55
7819,78358,198621,34
7820,78368,198554,29
7821,78378,198357,39
7822,78388,198365,51
7823,78399,198242,42
7824,78409,198331,55
7825,78419,198304,43
7826,78429,198472,53
7827,78439,198502,41
7828,78449,198698,26
7829,78459,198727,30
7830,78469,198905,52
7831,78479,198901,43
7832,78489,199001,36
7833,78499,198936,48
7834,78509,199046,46
7835,78519,198960,33
7836,78529,199021,35
7837,78539,198921,36
7838,78549,199001,44
7839,78559,198930,39
7840,78569,199026,54
7841,78579,198968,60
7842,78589,199068,42
7843,78599,199032,39
7844,78609,199077,43
7845,78619,198972,44
7846,78629,199049,33
7847,78639,198971,54
7848,78649,199084,37
7849,78659,199079,44
7850,78669,199197,37
7851,78679,199153,35
7852,78689,199274,39
7853,78699,199246,37
7854,78709,199358,57
7855,78719,199301,54
7856,78729,199387,57
7857,78739,199338,60
7858,78749,199430,37
7859,78759,199398,37
7860,78769,199500,42
7861,78779,199467,38
7862,78789,199571,49
7863,78799,199520,49
7864,78809,199606,57
7865,78819,199551,43
7866,78829,199655,41
7867,78839,199597,45
7868,78849,199718,42
7869,78860,199647,38
7870,78870,199760,48
7871,78880,199723,48
7872,78890,199827,52
7873,78900,199759,49
7874,78910,199831,42
7875,78920,199709,37
7876,78930,199756,31
7877,78940,199656,51
7878,78950,199680,39
7879,78960,199586,54
7880,78970,199650,47
7881,78980,199586,44
7882,78990,199639,42
7883,79000,199515,40
7884,79010,199509,48
7885,79020,199366,51
7886,79030,199388,53
7887,79040,199264,42
7888,79050,199317,44
7889,79060,199210,28
7890,79070,199271,42
7891,79080,199153,44
7892,79090,199265,30
7893,79100,199219,32
7894,79110,199346,40
7895,79120,199352,51
7896,79130,199524,32
7897,79140,199529,30
7898,79150,199672,35
7899,79160,199625,45
7900,79170,199743,52
7901,79180,199687,55
7902,79190,199744,54
7903,79200,199606,36
7904,79210,199553,41
7905,79220,199338,30
7906,79230,199222,44
7907,79240,198980,45
7908,79250,198918,43
7909,79260,198743,48
7910,79270,198693,45
7911,79280,198526,40
7912,79290,198536,41
7913,79301,198388,47
7914,79311,198465,49
7915,79321,198407,44
7916,79331,198544,48
7917,79341,198540,44
7918,79351,198697,34
7919,79361,198718,31
7920,79371,198867,47
7921,79381,198874,48
7922,79391,199046,42
7923,79401,198994,48
7924,79411,199115,30
7925,79421,199102,35
7926,79431,199208,31
7927,79441,199175,33
7928,79451,199288,44
7929,79461,199302,48
7930,79471,199433,54
7931,79481,199378,44
7932,79491,199479,37
7933,79501,199375,31
7934,79511,199400,34
7935,79521,199294,50
7936,79531,199305,43
7937,79541,199179,42
7938,79551,199259,35
7939,79561,199178,49
7940,79571,199217,49
7941,79581,199116,47
7942,79591,199186,37
7943,79601,199080,63
7944,79611,199128,42
7945,79621,199005,44
7946,79631,199051,40
7947,79641,198994,39
7948,79651,199088,29
7949,79661,199046,39
7950,79671,199164,40
7951,79681,199165,55
7952,79691,199310,63
7953,79701,199319,53
7954,79711,199467,42
7955,79721,199466,48
7956,79731,199596,39
7957,79742,199581,25
7958,79752,199722,46
7959,79762,199699,40
7960,79772,199797,27
7961,79782,199742,49
7962,79792,199813,34
7963,79802,199739,38
7964,79812,199776,26
7965,79822,199651,43
7966,79832,199662,37
7967,79842,199510,31
7968,79852,199469,51
7969,79862,199305,32
7970,79872,199290,32
7971,79882,199122,35
7972,79892,199103,48
7973,79902,198974,67
7974,79912,198971,62
7975,79922,198863,53
7976,79932,198901,35
7977,79942,198798,41
7978,79952,198883,35
7979,79962,198831,37
7980,79972,198955,51
7981,79982,198944,45
7982,79992,199054,43
7983,80002,199051,36
7984,80012,199152,41
7985,80022,199109,37
7986,80032,199162,45
7987,80042,198991,37
7988,80052,198927,45
7989,80062,198721,42
7990,80072,198618,48
7991,80082,198422,39
7992,80092,198370,27
7993,80102,198196,45
7994,80112,198182,46
7995,80122,198065,52
7996,80132,198103,50
7997,80142,198029,42
7998,80152,198133,56
7999,80162,198108,35
8000,80172,198262,40
8001,80183,198258,45
8002,80193,198449,42
8003,80203,198430,49
8004,80213,198610,42
8005,80223,198590,36
8006,80233,198697,38
8007,80243,198674,36
8008,80253,198763,39
8009,80263,198698,39
8010,80273,198817,44
8011,80283,198797,52
8012,80293,198932,49
8013,80303,198925,30
8014,80313,199033,42
8015,80323,198994,56
8016,80333,199047,28
8017,80343,198942,39
8018,80353,198983,45
8019,80363,198864,41
8020,80373,198910,45
8021,80383,198769,38
8022,80393,198788,43
8023,80403,198693,42
8024,80413,198732,41
8025,80423,198644,47
8026,80433,198692,63
8027,80443,198643,48
8028,80453,198761,38
8029,80463,198726,34
8030,80473,198851,50
8031,80483,198828,40
8032,80493,198971,54
8033,80503,198933,39
8034,80513,199056,51
8035,80523,198996,31
8036,80533,199083,28
8037,80543,199030,38
8038,80553,199107,45
8039,80563,199018,37
8040,80573,199035,43
8041,80583,198895,55
8042,80593,198915,46
8043,80603,198814,45
8044,80613,198865,33
8045,80623,198772,53
8046,80634,198855,47
8047,80644,198804,45
8048,80654,198876,40
8049,80664,198798,52
8050,80674,198828,56
8051,80684,198705,40
8052,80694,198723,48
8053,80704,198637,38
8054,80714,198688,35
8055,80724,198630,45
8056,80734,198723,40
8057,80744,198690,44
8058,80754,198798,37
8059,80764,198762,36
8060,80774,198872,38
8061,80784,198842,53
8062,80794,198944,31
8063,80804,198934,52
8064,80814,199013,32
8065,80824,198980,55
8066,80834,199065,25
8067,80844,198957,46
8068,80854,198977,44
8069,80864,198804,49
8070,80874,198700,46
8071,80884,198483,37
8072,80894,198406,49
8073,80904,198181,30
8074,80914,198130,39
8075,80924,197956,59
8076,80934,197954,31
8077,80944,197839,27
8078,80954,197919,46
8079,80964,197882,48
8080,80974,198028,42
8081,80984,198043,36
8082,80994,198240,20
8083,81004,198260,42
8084,81014,198453,37
8085,81024,198470,46
8086,81034,198614,47
8087,81044,198618,47
8088,81054,198733,44
8089,81064,198683,28
8090,81074,198770,56
8091,81085,198711,44
8092,81095,198816,50
8093,81105,198749,43
8094,81115,198854,53
8095,81125,198751,46
8096,81135,198785,37
8097,81145,198662,42
8098,81155,198690,31
8099,81165,198587,49
8100,81175,198578,44
8101,81185,198475,44
8102,81195,198515,46
8103,81205,198422,34
8104,81215,198469,44
8105,81225,198405,44
8106,81235,198439,39
8107,81245,198360,43
8108,81255,198427,50
8109,81265,198356,39
8110,81275,198436,40
8111,81285,198350,29
8112,81295,198404,51
8113,81305,198338,43
8114,81315,198403,51
8115,81325,198371,52
8116,81335,198440,45
8117,81345,198424,49
8118,81355,198538,38
8119,81365,198486,26
8120,81375,198588,37
8121,81385,198522,40
8122,81395,198575,54
8123,81405,198513,40
8124,81415,198571,51
8125,81425,198541,47
8126,81435,198587,48
8127,81445,198510,43
8128,81455,198588,33
8129,81465,198511,44
8130,81475,198582,55
8131,81485,198535,46
8132,81495,198646,21
8133,81505,198656,39
8134,81515,198750,51
8135,81525,198755,41
8136,81536,198874,39
8137,81546,198869,42
8138,81556,198979,40
8139,81566,198942,46
8140,81576,199069,30
8141,81586,199057,29
8142,81596,199174,38
8143,81606,199187,38
8144,81616,199340,36
8145,81626,199348,58
8146,81636,199513,56
8147,81646,199484,51
8148,81656,199597,40
8149,81666,199472,36
8150,81676,199439,38
8151,81686,199198,40
8152,81696,199053,50
8153,81706,198746,41
8154,81716,198595,48
8155,81726,198339,28
8156,81736,198259,31
8157,81746,198071,42
8158,81756,198067,45
8159,81766,197964,50
8160,81776,198012,55
8161,81786,197968,41
8162,81796,198041,46
8163,81806,198013,32
8164,81816,198126,30
8165,81826,198083,33
8166,81836,198168,49
8167,81846,198152,38
8168,81856,198244,42
8169,81866,198191,27
8170,81876,198260,64
8171,81886,198197,37
8172,81896,198305,27
8173,81906,198231,48
8174,81916,198338,39
8175,81926,198306,31
8176,81936,198399,56
8177,81946,198352,44
8178,81956,198428,47
8179,81966,198351,35
8180,81976,198384,36
8181,81986,198302,28
8182,81997,198346,35
8183,82007,198306,51
8184,82017,198404,43
8185,82027,198394,35
8186,82037,198566,25
8187,82047,198605,43
8188,82057,198758,23
8189,82067,198785,34
8190,82077,198899,30
8191,82087,198873,36
8192,82097,198964,50
8193,82107,198919,56
8194,82117,198949,42
8195,82127,198910,23
8196,82137,198957,41
8197,82147,198860,46
8198,82157,198888,56
8199,82167,198774,43
8200,82177,198792,35
8201,82187,198675,43
8202,82197,198698,41
8203,82207,198582,34
8204,82217,198595,27
8205,82227,198526,54
8206,82237,198588,52
8207,82247,198521,41
8208,82257,198614,47
8209,82267,198524,47
8210,82277,198593,50
8211,82287,198503,39
8212,82297,198575,34
8213,82307,198531,45
8214,82317,198595,57
8215,82327,198570,50
8216,82337,198688,40
8217,82347,198678,36
8218,82357,198823,46
8219,82367,198796,50
8220,82377,198929,41
8221,82387,198922,41
8222,82397,199010,38
8223,82407,198975,25
8224,82417,199024,48
8225,82428,198912,32
8226,82438,198897,55
8227,82448,198717,48
8228,82458,198635,62
8229,82468,198398,46
8230,82478,198278,40
8231,82488,198008,50
8232,82498,197934,41
8233,82508,197713,40
8234,82518,197710,59
8235,82528,197571,38
8236,82538,197655,60
8237,82548,197601,28
8238,82558,197702,35
8239,82568,197690,19
8240,82578,197814,32
8241,82588,197837,50
8242,82598,198013,42
8243,82608,198064,47
8244,82618,198238,49
8245,82628,198247,43
8246,82638,198406,39
8247,82648,198380,32
8248,82658,198484,48
8249,82668,198465,37
8250,82678,198583,52
8251,82688,198593,55
8252,82698,198751,43
8253,82708,198741,42
8254,82718,198850,33
8255,82728,198785,30
8256,82738,198824,33
8257,82748,198734,47
8258,82758,198747,48
8259,82768,198634,59
8260,82778,198687,38
8261,82788,198601,43
8262,82798,198645,45
8263,82808,198593,49
8264,82818,198630,43
8265,82828,198551,53
8266,82838,198644,53
8267,82848,198575,30
8268,82858,198656,37
8269,82868,198550,26
8270,82879,198641,51
8271,82889,198560,42
8272,82899,198628,37
8273,82909,198565,48
8274,82919,198670,39
8275,82929,198618,44
8276,82939,198675,36
8277,82949,198586,43
8278,82959,198623,40
8279,82969,198527,51
8280,82979,198583,45
8281,82989,198488,41
8282,82999,198534,42
8283,83009,198396,28
8284,83019,198414,31
8285,83029,198290,42
8286,83039,198315,38
8287,83049,198223,43
8288,83059,198262,47
8289,83069,198180,38
8290,83079,198260,35
8291,83089,198180,40
8292,83099,198309,37
8293,83109,198275,56
8294,83119,198430,54
8295,83129,198473,68
8296,83139,198608,37
8297,83149,198667,50
8298,83159,198819,40
8299,83169,198830,40
8300,83179,198992,46
8301,83189,199018,50
8302,83199,199173,44
8303,83209,199192,36
8304,83219,199313,22
8305,83229,199314,40
8306,83239,199400,56
8307,83249,199348,31
8308,83259,199393,48
8309,83269,199313,59
8310,83279,199256,47
8311,83289,199018,37
8312,83299,198852,44
8313,83309,198568,42
8314,83320,198343,44
8315,83330,198053,45
8316,83340,197943,34
8317,83350,197749,49
8318,83360,197690,45
8319,83370,197605,39
8320,83380,197680,29
8321,83390,197633,24
8322,83400,197724,45
8323,83410,197721,49
8324,83420,197853,38
8325,83430,197877,43
8326,83440,198018,32
8327,83450,198013,32
8328,83460,198144,38
8329,83470,198104,46
8330,83480,198219,43
8331,83490,198188,42
8332,83500,198262,40
8333,83510,198219,49
8334,83520,198260,41
8335,83530,198215,40
8336,83540,198245,31
8337,83550,198164,44
8338,83560,198183,36
8339,83570,198058,35
8340,83580,198090,50
8341,83590,197995,41
8342,83600,198024,37
8343,83610,197937,49
8344,83620,198000,39
8345,83630,197898,39
8346,83640,197963,38
8347,83650,197929,39
8348,83660,198002,45
8349,83670,197990,36
8350,83680,198119,40
8351,83690,198136,42
8352,83700,198250,37
8353,83710,198308,52
8354,83720,198494,38
8355,83730,198540,36
8356,83740,198679,42
8357,83750,198664,46
8358,83760,198747,43
8359,83771,198694,45
8360,83781,198767,37
8361,83791,198731,49
8362,83801,198802,47
8363,83811,198765,51
8364,83821,198806,49
8365,83831,198744,38
8366,83841,198778,47
8367,83851,198696,45
8368,83861,198725,58
8369,83871,198622,43
8370,83881,198646,46
8371,83891,198513,38
8372,83901,198534,41
8373,83911,198429,44
8374,83921,198477,29
8375,83931,198415,56
8376,83941,198499,51
8377,83951,198479,41
8378,83961,198517,46
8379,83971,198463,29
8380,83981,198521,29
8381,83991,198432,53
8382,84001,198483,50
8383,84011,198440,54
8384,84021,198544,39
8385,84031,198526,49
8386,84041,198629,47
8387,84051,198605,44
8388,84061,198701,47
8389,84071,198639,36
8390,84081,198695,50
8391,84091,198600,44
8392,84101,198558,48
8393,84111,198350,37
8394,84121,198280,38
8395,84131,198086,46
8396,84141,198022,34
8397,84151,197882,51
8398,84161,197870,50
8399,84171,197747,47
8400,84181,197793,44
8401,84191,197751,49
8402,84201,197842,37
8403,84211,197867,37
8404,84222,198004,35
8405,84232,198063,39
8406,84242,198267,57
8407,84252,198342,55
8408,84262,198520,37
8409,84272,198547,31
8410,84282,198660,43
8411,84292,198637,37
8412,84302,198724,43
8413,84312,198647,42
8414,84322,198715,37
8415,84332,198648,47
8416,84342,198735,34
8417,84352,198700,39
8418,84362,198818,31
8419,84372,198772,40
8420,84382,198888,42
8421,84392,198862,51
8422,84402,198927,52
8423,84412,198894,31
8424,84422,198928,44
8425,84432,198844,41
8426,84442,198873,32
8427,84452,198793,38
8428,84462,198837,43
8429,84472,198770,55
8430,84482,198846,51
8431,84492,198793,34
8432,84502,198842,36
8433,84512,198797,46
8434,84522,198852,38
8435,84532,198769,52
8436,84542,198843,33
8437,84552,198778,54
8438,84562,198816,42
8439,84572,198716,41
8440,84582,198753,31
8441,84592,198633,39
8442,84602,198661,25
8443,84612,198537,45
8444,84622,198575,25
8445,84632,198485,47
8446,84642,198528,48
8447,84652,198490,27
8448,84663,198562,27
8449,84673,198541,34
8450,84683,198647,52
8451,84693,198634,43
8452,84703,198757,56
8453,84713,198730,39
8454,84723,198861,41
8455,84733,198893,42
8456,84743,199012,33
8457,84753,199052,55
8458,84763,199194,45
8459,84773,199203,46
8460,84783,199345,52
8461,84793,199401,40
8462,84803,199527,36
8463,84813,199565,43
8464,84823,199720,41
8465,84833,199749,47
8466,84843,199854,45
8467,84853,199835,50
8468,84863,199887,47
8469,84873,199695,45
8470,84883,199552,38
8471,84893,199206,41
8472,84903,198958,38
8473,84913,198589,51
8474,84923,198340,30
8475,84933,198060,35
8476,84943,197961,50
8477,84953,197762,40
8478,84963,197703,43
8479,84973,197566,36
8480,84983,197570,55
8481,84993,197470,43
8482,85003,197528,53
8483,85013,197461,51
8484,85023,197491,46
8485,85033,197448,41
8486,85043,197512,28
8487,85053,197474,49
8488,85063,197594,46
8489,85073,197593,38
8490,85083,197725,35
8491,85093,197696,45
8492,85103,197771,37
8493,85113,197698,37
8494,85124,197720,45
8495,85134,197651,29
8496,85144,197650,27
8497,85154,197561,56
8498,85164,197565,44
8499,85174,197454,24
8500,85184,197490,46
8501,85194,197363,41
8502,85204,197410,58
8503,85214,197294,47
8504,85224,197337,45
8505,85234,197238,43
8506,85244,197305,28
8507,85254,197233,46
8508,85264,197308,35
8509,85274,197278,42
8510,85284,197375,36
8511,85294,197378,51
8512,85304,197493,50
8513,85314,197521,49
8514,85324,197633,39
8515,85334,197627,37
8516,85344,197737,39
8517,85354,197730,43
8518,85364,197808,46
8519,85374,197774,39
8520,85384,197815,40
8521,85394,197757,38
8522,85404,197804,41
8523,85414,197710,46
8524,85424,197729,39
8525,85434,197653,57
8526,85444,197701,48
8527,85454,197598,35
8528,85464,197612,48
8529,85474,197514,33
8530,85484,197492,32
8531,85494,197395,43
8532,85504,197387,21
8533,85514,197321,46
8534,85524,197347,43
8535,85534,197279,45
8536,85544,197347,34
8537,85554,197333,34
8538,85564,197465,45
8539,85575,197438,38
8540,85585,197511,50
8541,85595,197505,37
8542,85605,197603,41
8543,85615,197582,44
8544,85625,197707,25
8545,85635,197713,35
8546,85645,197849,46
8547,85655,197847,35
8548,85665,197941,32
8549,85675,197895,42
8550,85685,197939,39
8551,85695,197790,34
8552,85705,197708,24
8553,85715,197471,45
8554,85725,197340,46
8555,85735,197112,40
8556,85745,197032,49
8557,85755,196893,38
8558,85765,196872,43
8559,85775,196771,39
8560,85785,196807,40
8561,85795,196762,47
8562,85805,196834,55
8563,85815,196865,52
8564,85825,197004,40
8565,85835,197054,35
8566,85845,197225,37
8567,85855,197277,33
8568,85865,197447,46
8569,85875,197483,37
8570,85885,197635,44
8571,85895,197643,41
8572,85905,197756,37
8573,85915,197742,40
8574,85925,197837,32
8575,85935,197784,45
8576,85945,197841,47
8577,85955,197756,46
8578,85965,197744,50
8579,85975,197650,29
8580,85985,197648,51
8581,85995,197525,49
8582,86005,197501,41
8583,86015,197371,27
8584,86026,197342,40
8585,86036,197218,58
8586,86046,197211,50
8587,86056,197099,47
8588,86066,197109,34
8589,86076,197017,41
8590,86086,197026,37
8591,86096,196965,29
8592,86106,197022,56
8593,86116,197064,43
8594,86126,197197,38
8595,86136,197241,36
8596,86146,197380,48
8597,86156,197460,50
8598,86166,197590,28
8599,86176,197589,47
8600,86186,197688,43
8601,86196,197678,56
8602,86206,197745,48
8603,86216,197723,32
8604,86226,197815,43
8605,86236,197769,38
8606,86246,197833,47
8607,86256,197753,37
8608,86266,197786,46
8609,86276,197674,55
8610,86286,197683,32
8611,86296,197589,39
8612,86306,197593,28
8613,86316,197510,41
8614,86326,197560,32
8615,86336,197485,43
8616,86346,197557,59
8617,86356,197517,37
8618,86366,197579,41
8619,86376,197506,44
8620,86386,197604,41
8621,86396,197549,44
8622,86406,197621,43
8623,86416,197592,44
8624,86426,197664,49
8625,86436,197664,42
8626,86446,197807,38
8627,86456,197840,42
8628,86467,198016,46
8629,86477,198052,54
8630,86487,198195,49
8631,86497,198187,42
8632,86507,198246,35
8633,86517,198154,40
8634,86527,198164,42
8635,86537,197980,41
8636,86547,197886,43
8637,86557,197656,35
8638,86567,197554,42
8639,86577,197369,43
8640,86587,197313,35
8641,86597,197170,41
8642,86607,197145,39
8643,86617,197044,42
8644,86627,197079,48
8645,86637,196977,38
8646,86647,197063,40
8647,86657,197030,50
8648,86667,197110,38
8649,86677,197151,45
8650,86687,197276,57
8651,86697,197323,48
8652,86707,197450,48
8653,86717,197454,48
8654,86727,197607,35
8655,86737,197564,26
8656,86747,197628,44
8657,86757,197566,50
8658,86767,197631,44
8659,86777,197599,46
8660,86787,197684,50
8661,86797,197667,40
8662,86807,197780,30
8663,86817,197746,47
8664,86827,197818,34
8665,86837,197752,49
8666,86847,197783,40
8667,86857,197697,47
8668,86867,197737,43
8669,86877,197644,41
8670,86887,197661,45
8671,86897,197613,41
8672,86908,197670,37
8673,86918,197623,45
8674,86928,197707,35
8675,86938,197681,30
8676,86948,197754,40
8677,86958,197717,45
8678,86968,197811,38
8679,86978,197780,60
8680,86988,197876,55
8681,86998,197842,51
8682,87008,197962,34
8683,87018,197913,50
8684,87028,198009,50
8685,87038,198000,46
8686,87048,198078,39
8687,87058,198051,31
8688,87068,198116,55
8689,87078,198034,47
8690,87088,198097,39
8691,87098,198064,50
8692,87108,198104,36
8693,87118,198039,44
8694,87128,198069,42
8695,87138,198024,41
8696,87148,198061,32
8697,87158,197971,51
8698,87168,198006,33
8699,87178,197958,48
8700,87188,198014,50
8701,87198,197935,32
8702,87208,198009,47
8703,87218,197963,47
8704,87228,198051,40
8705,87238,198022,45
8706,87248,198108,31
8707,87258,198052,40
8708,87268,198146,47
8709,87278,198077,44
8710,87288,198129,50
8711,87298,198049,47
8712,87308,197994,48
8713,87318,197831,39
8714,87328,197752,36
8715,87338,197569,38
8716,87348,197550,38
8717,87359,197407,48
8718,87369,197430,54
8719,87379,197392,44
8720,87389,197431,39
8721,87399,197417,31
8722,87409,197547,25
8723,87419,197563,36
8724,87429,197705,53
8725,87439,197737,36
8726,87449,197885,50
8727,87459,197906,33
8728,87469,198028,48
8729,87479,198064,37
8730,87489,198162,39
8731,87499,198166,33
8732,87509,198223,33
8733,87519,198164,44
8734,87529,198184,44
8735,87539,198083,27
8736,87549,198100,48
8737,87559,197995,28
8738,87569,197996,33
8739,87579,197881,41
8740,87589,197899,46
8741,87599,197832,45
8742,87609,197846,49
8743,87619,197796,44
8744,87629,197830,36
8745,87639,197768,43
8746,87649,197816,44
8747,87659,197743,41
8748,87669,197800,59
8749,87679,197757,63
8750,87689,197819,45
8751,87699,197796,34
8752,87709,197866,31
8753,87719,197900,36
8754,87729,197968,40
8755,87739,197966,42
8756,87749,198064,45
8757,87759,198064,35
8758,87769,198157,53
8759,87779,198121,40
8760,87789,198170,36
8761,87800,198086,33
8762,87810,198138,44
8763,87820,198075,41
8764,87830,198095,52
8765,87840,198009,60
8766,87850,198049,40
8767,87860,197951,36
8768,87870,197985,28
8769,87880,197914,27
8770,87890,197962,53
8771,87900,197914,41
8772,87910,197949,50
8773,87920,197938,43
8774,87930,197984,37
8775,87940,197930,25
8776,87950,197964,51
8777,87960,197898,44
8778,87970,197953,43
8779,87980,197898,44
8780,87990,197973,41
8781,88000,197939,37
8782,88010,198016,37
8783,88020,197990,39
8784,88030,198087,43
8785,88040,198070,61
8786,88050,198147,59
8787,88060,198142,49
8788,88070,198239,36
8789,88080,198161,36
8790,88090,198204,36
8791,88100,198076,41
8792,88110,198078,40
8793,88120,197884,44
8794,88130,197815,51
8795,88140,197632,48
8796,88150,197578,41
8797,88160,197420,43
8798,88170,197376,41
8799,88180,197246,46
8800,88190,197269,52
8801,88200,197218,30
8802,88210,197290,41
8803,88220,197311,32
8804,88230,197440,30
8805,88240,197467,40
8806,88250,197590,40
8807,88261,197628,53
8808,88271,197775,38
8809,88281,197754,50
8810,88291,197875,22
8811,88301,197888,30
8812,88311,197984,39
8813,88321,197949,25
8814,88331,198011,56
8815,88341,197942,55
8816,88351,198012,54
8817,88361,197970,47
8818,88371,198036,45
8819,88381,198002,44
8820,88391,198050,47
8821,88401,197975,34
8822,88411,197998,37
8823,88421,197896,55
8824,88431,197849,42
8825,88441,197725,34
8826,88451,197737,48
8827,88461,197638,35
8828,88471,197691,52
8829,88481,197645,34
8830,88491,197702,41
8831,88501,197673,47
8832,88511,197773,44
8833,88521,197776,36
8834,88531,197924,52
8835,88541,197963,40
8836,88551,198115,41
8837,88561,198165,38
8838,88571,198307,30
8839,88581,198367,38
8840,88591,198534,60
8841,88601,198589,46
8842,88611,198754,35
8843,88621,198763,43
8844,88631,198888,35
8845,88641,198856,38
8846,88651,198915,53
8847,88661,198834,62
8848,88671,198837,52
8849,88681,198723,40
8850,88691,198719,51
8851,88701,198610,37
8852,88712,198609,24
8853,88722,198496,52
8854,88732,198475,36
8855,88742,198373,43
8856,88752,198368,36
8857,88762,198271,38
8858,88772,198290,43
8859,88782,198231,36
8860,88792,198274,35
8861,88802,198205,49
8862,88812,198273,54
8863,88822,198217,48
8864,88832,198289,36
8865,88842,198257,36
8866,88852,198366,42
8867,88862,198360,36
8868,88872,198479,53
8869,88882,198528,38
8870,88892,198642,44
8871,88902,198643,52
8872,88912,198736,35
8873,88922,198704,39
8874,88932,198732,45
8875,88942,198626,46
8876,88952,198604,52
8877,88962,198408,45
8878,88972,198306,51
8879,88982,198104,36
8880,88992,198015,39
8881,89002,197874,31
8882,89012,197818,37
8883,89022,197703,49
8884,89032,197696,51
8885,89042,197622,46
8886,89052,197692,40
8887,89062,197667,48
8888,89072,197747,36
8889,89082,197758,29
8890,89092,197888,35
8891,89102,197936,39
8892,89112,198087,38
8893,89122,198117,40
8894,89132,198245,44
8895,89142,198230,45
8896,89152,198314,48
8897,89163,198258,41
8898,89173,198379,36
8899,89183,198371,45
8900,89193,198468,50
8901,89203,198446,52
8902,89213,198515,44
8903,89223,198463,39
8904,89233,198520,47
8905,89243,198469,28
8906,89253,198511,50
8907,89263,198482,33
8908,89273,198508,57
8909,89283,198447,38
8910,89293,198461,44
8911,89303,198373,35
8912,89313,198409,41
8913,89323,198359,45
8914,89333,198430,39
8915,89343,198402,44
8916,89353,198488,48
8917,89363,198463,33
8918,89373,198535,18
8919,89383,198467,34
8920,89393,198531,38
8921,89403,198518,42
8922,89413,198630,39
8923,89423,198642,35
8924,89433,198764,33
8925,89443,198733,28
8926,89453,198822,48
8927,89463,198776,47
8928,89473,198837,43
8929,89483,198800,53
8930,89493,198851,46
8931,89503,198834,35
8932,89513,198880,34
8933,89523,198848,34
8934,89533,198858,41
8935,89543,198773,41
8936,89553,198805,41
8937,89563,198729,28
8938,89573,198777,39
8939,89583,198747,39
8940,89593,198796,42
8941,89603,198738,36
8942,89614,198787,49
8943,89624,198738,44
8944,89634,198801,51
8945,89644,198780,38
8946,89654,198899,35
8947,89664,198948,35
8948,89674,199038,37
8949,89684,199022,39
8950,89694,199108,42
8951,89704,199049,47
8952,89714,199072,29
8953,89724,198898,44
8954,89734,198803,46
8955,89744,198602,29
8956,89754,198500,35
8957,89764,198308,32
8958,89774,198257,23
8959,89784,198117,60
8960,89794,198108,44
8961,89804,198034,37
8962,89814,198107,42
8963,89824,198070,45
8964,89834,198158,40
8965,89844,198160,49
8966,89854,198291,49
8967,89864,198274,43
8968,89874,198413,36
8969,89884,198438,26
8970,89894,198565,30
8971,89904,198572,37
8972,89914,198664,38
8973,89924,198635,50
8974,89934,198699,53
8975,89944,198653,37
8976,89954,198749,36
8977,89964,198726,36
8978,89974,198818,34
8979,89984,198800,34
8980,89994,198920,41
8981,90004,198879,49
8982,90014,198942,36
8983,90024,198848,44
8984,90034,198832,27
8985,90044,198721,48
8986,90054,198745,49
8987,90065,198653,41
8988,90075,198704,53
8989,90085,198651,52
8990,90095,198709,39
8991,90105,198649,35
8992,90115,198688,46
8993,90125,198639,47
8994,90135,198685,26
8995,90145,198663,53
8996,90155,198743,43
8997,90165,198703,52
8998,90175,198769,31
8999,90185,198752,36
9000,90195,198793,47
9001,90205,198745,31
9002,90215,198804,48
9003,90225,198775,48
9004,90235,198856,34
9005,90245,198806,38
9006,90255,198860,47
9007,90265,198800,41
9008,90275,198856,45
9009,90285,198772,46
9010,90295,198871,54
9011,90305,198849,35
9012,90315,198955,45
9013,90325,198940,30
9014,90335,199024,42
9015,90345,198965,46
9016,90355,199001,36
9017,90365,198938,59
9018,90375,198993,37
9019,90385,198962,34
9020,90395,199046,48
9021,90405,199002,48
9022,90415,199061,37
9023,90425,199011,48
9024,90435,199060,39
9025,90445,199024,53
9026,90455,199121,45
9027,90465,199129,32
9028,90475,199217,29
9029,90485,199208,42
9030,90495,199275,33
9031,90506,199209,39
9032,90516,199245,45
9033,90526,199136,44
9034,90536,199104,41
9035,90546,198946,47
9036,90556,198908,35
9037,90566,198740,48
9038,90576,198714,40
9039,90586,198623,44
9040,90596,198665,34
9041,90606,198638,45
9042,90616,198781,52
9043,90626,198848,36
9044,90636,199041,24
9045,90646,199108,46
9046,90656,199266,37
9047,90666,199318,47
9048,90676,199459,59
9049,90686,199484,39
9050,90696,199617,48
9051,90706,199593,40
9052,90716,199642,44
9053,90726,199545,37
9054,90736,199511,37
9055,90746,199367,44
9056,90756,199338,39
9057,90766,199209,47
9058,90776,199192,29
9059,90786,199083,40
9060,90796,199018,32
9061,90806,198903,47
9062,90816,198851,45
9063,90826,198706,40
9064,90836,198678,40
9065,90846,198571,34
9066,90856,198568,37
9067,90866,198495,42
9068,90876,198505,46
9069,90886,198441,50
9070,90896,198500,56
9071,90906,198414,38
9072,90916,198489,35
9073,90926,198482,51
9074,90936,198554,32
9075,90947,198548,42
9076,90957,198659,37
9077,90967,198678,40
9078,90977,198808,31
9079,90987,198853,47
9080,90997,198963,26
9081,91007,198979,36
9082,91017,199110,36
9083,91027,199149,38
9084,91037,199288,44
9085,91047,199291,38
9086,91057,199438,54
9087,91067,199475,50
9088,91077,199625,44
9089,91087,199690,42
9090,91097,199835,35
9091,91107,199891,52
9092,91117,200002,48
9093,91127,199974,41
9094,91137,200062,46
9095,91147,199991,37
9096,91157,200003,41
9097,91167,199909,41
9098,91177,199913,44
9099,91187,199810,43
9100,91197,199758,41
9101,91207,199646,53
9102,91217,199595,46
9103,91227,199481,33
9104,91237,199471,50
9105,91247,199382,43
9106,91257,199430,41
9107,91267,199428,58
9108,91277,199511,39
9109,91287,199509,22
9110,91297,199548,36
9111,91307,199488,39
9112,91317,199502,51
9113,91327,199400,41
9114,91337,199369,58
9115,91347,199209,33
9116,91357,199132,34
9117,91367,198946,41
9118,91377,198879,33
9119,91388,198724,50
9120,91398,198727,48
9121,91408,198641,44
9122,91418,198688,55
9123,91428,198688,50
9124,91438,198742,27
9125,91448,198742,31
9126,91458,198839,37
9127,91468,198863,39
9128,91478,198966,43
9129,91488,198986,42
9130,91498,199106,57
9131,91508,199114,49
9132,91518,199193,52
9133,91528,199149,38
9134,91538,199211,40
9135,91548,199181,37
9136,91558,199268,54
9137,91568,199235,41
9138,91578,199318,30
9139,91588,199294,32
9140,91598,199377,40
9141,91608,199302,42
9142,91618,199371,29
9143,91628,199336,53
9144,91638,199395,57
9145,91648,199372,39
9146,91658,199430,48
9147,91668,199400,31
9148,91678,199422,38
9149,91688,199386,54
9150,91698,199402,46
9151,91708,199371,48
9152,91718,199463,51
9153,91728,199442,30
9154,91738,199564,34
9155,91748,199555,35
9156,91758,199656,57
9157,91768,199656,52
9158,91778,199716,41
9159,91788,199714,49
9160,91798,199768,43
9161,91808,199739,35
9162,91818,199778,42
9163,91829,199712,42
9164,91839,199750,55
9165,91849,199696,44
9166,91859,199751,50
9167,91869,199679,28
9168,91879,199720,30
9169,91889,199665,42
9170,91899,199715,44
9171,91909,199679,39
9172,91919,199727,47
9173,91929,199665,47
9174,91939,199707,36
9175,91949,199660,32
9176,91959,199694,49
9177,91969,199656,40
9178,91979,199726,60
9179,91989,199680,44
9180,91999,199719,38
9181,92009,199715,51
9182,92019,199808,34
9183,92029,199801,40
9184,92039,199905,34
9185,92049,199891,46
9186,92059,199997,40
9187,92069,199957,49
9188,92079,199996,52
9189,92089,199941,39
9190,92099,199898,31
9191,92109,199794,26
9192,92119,199703,38
9193,92129,199516,35
9194,92139,199415,33
9195,92149,199240,50
9196,92159,199173,42
9197,92169,199027,36
9198,92179,199029,46
9199,92189,198966,38
9200,92199,199023,51
9201,92209,199018,42
9202,92219,199111,51
9203,92229,199165,38
9204,92239,199301,53
9205,92249,199354,46
9206,92260,199486,50
9207,92270,199513,43
9208,92280,199638,58
9209,92290,199625,46
9210,92300,199697,40
9211,92310,199690,43
9212,92320,199756,47
9213,92330,199704,49
9214,92340,199775,55
9215,92350,199745,35
9216,92360,199803,48
9217,92370,199727,29
9218,92380,199745,44
9219,92390,199686,46
9220,92400,199634,46
9221,92410,199540,56
9222,92420,199503,52
9223,92430,199416,40
9224,92440,199400,44
9225,92450,199312,22
9226,92460,199342,34
9227,92470,199313,31
9228,92480,199350,44
9229,92490,199347,50
9230,92500,199437,46
9231,92510,199421,45
9232,92520,199506,36
9233,92530,199507,44
9234,92540,199553,35
9235,92550,199548,52
9236,92560,199612,45
9237,92570,199618,52
9238,92580,199677,52
9239,92590,199676,31
9240,92600,199718,35
9241,92610,199686,30
9242,92620,199698,36
9243,92630,199627,47
9244,92640,199621,40
9245,92650,199538,34
9246,92660,199582,29
9247,92670,199542,29
9248,92680,199553,45
9249,92691,199471,32
9250,92701,199444,34
9251,92711,199385,49
9252,92721,199392,36
9253,92731,199357,41
9254,92741,199365,33
9255,92751,199331,45
9256,92761,199374,44
9257,92771,199317,42
9258,92781,199359,37
9259,92791,199309,48
9260,92801,199364,40
9261,92811,199352,47
9262,92821,199416,25
9263,92831,199414,45
9264,92841,199497,45
9265,92851,199488,42
9266,92861,199549,34
9267,92871,199489,40
9268,92881,199490,46
9269,92891,199341,44
9270,92901,199239,31
9271,92911,199023,39
9272,92921,198927,46
9273,92931,198754,44
9274,92941,198711,61
9275,92951,198615,46
9276,92961,198609,46
9277,92971,198551,48
9278,92981,198545,39
9279,92991,198563,45
9280,93001,198648,50
9281,93011,198668,42
9282,93021,198788,49
9283,93031,198828,38
9284,93041,198960,40
9285,93051,198965,45
9286,93061,199066,39
9287,93071,199074,54
9288,93081,199145,36
9289,93091,199131,54
9290,93101,199182,27
9291,93111,199162,34
9292,93122,199189,35
9293,93132,199144,55
9294,93142,199167,58
9295,93152,199114,40
9296,93162,199157,59
9297,93172,199080,47
9298,93182,199109,35
9299,93192,199031,35
9300,93202,198993,34
9301,93212,198933,49
9302,93222,198963,50
9303,93232,198910,46
9304,93242,198927,40
9305,93252,198885,52
9306,93262,198915,35
9307,93272,198884,37
9308,93282,198947,44
9309,93292,198985,50
9310,93302,199060,53
9311,93312,199068,48
9312,93322,199124,37
9313,93332,199104,32
9314,93342,199162,30
9315,93352,199139,45
9316,93362,199200,50
9317,93372,199186,47
9318,93382,199265,48
9319,93392,199261,34
9320,93402,199289,60
9321,93412,199240,34
9322,93422,199274,31
9323,93432,199244,53
9324,93442,199301,46
9325,93452,199244,37
9326,93462,199264,42
9327,93472,199212,40
9328,93482,199202,44
9329,93492,199118,39
9330,93502,199144,49
9331,93512,199089,41
9332,93522,199117,54
9333,93532,199086,48
9334,93542,199120,48
9335,93552,199083,44
9336,93563,199136,33
9337,93573,199091,41
9338,93583,199192,39
9339,93593,199201,43
9340,93603,199285,50
9341,93613,199252,43
9342,93623,199316,42
9343,93633,199291,24
9344,93643,199338,44
9345,93653,199323,44
9346,93663,199349,50
9347,93673,199280,55
9348,93683,199261,39
9349,93693,199117,38
9350,93703,199027,41
9351,93713,198863,34
9352,93723,198775,50
9353,93733,198636,34
9354,93743,198585,44
9355,93753,198500,43
9356,93763,198485,37
9357,93773,198457,35
9358,93783,198512,38
9359,93793,198516,62
9360,93803,198623,49
9361,93813,198653,40
9362,93823,198769,43
9363,93833,198808,49
9364,93843,198904,26
9365,93853,198930,36
9366,93863,199012,41
9367,93873,199042,44
9368,93883,199121,34
9369,93893,199145,46
9370,93903,199248,40
9371,93913,199260,42
9372,93923,199330,35
9373,93933,199321,46
9374,93943,199385,49
9375,93953,199316,39
9376,93963,199299,45
9377,93973,199230,42
9378,93983,199229,39
9379,93993,199137,43
9380,94004,199119,35
9381,94014,199011,49
9382,94024,199016,44
9383,94034,198907,42
9384,94044,198908,65
9385,94054,198858,40
9386,94064,198894,45
9387,94074,198852,37
9388,94084,198922,42
9389,94094,198904,48
9390,94104,198985,45
9391,94114,198972,56
9392,94124,199058,35
9393,94134,199059,44
9394,94144,199108,47
9395,94154,199096,40
9396,94164,199130,46
9397,94174,199108,44
9398,94184,199121,54
9399,94194,199084,34
9400,94204,199070,34
9401,94214,198994,42
9402,94224,198990,46
9403,94234,198929,42
9404,94244,198962,35
9405,94254,198931,41
9406,94264,198959,45
9407,94274,198949,27
9408,94284,198978,42
9409,94294,198959,37
9410,94304,198960,35
9411,94314,198885,44
9412,94324,198829,48
9413,94334,198751,34
9414,94344,198779,30
9415,94354,198839,30
9416,94364,198942,50
9417,94374,198997,36
9418,94384,199052,38
9419,94394,199087,64
9420,94404,199112,42
9421,94414,198976,41
9422,94424,198892,38
9423,94434,198686,46
9424,94445,198519,45
9425,94455,198285,36
9426,94465,198155,50
9427,94475,198006,56
9428,94485,197971,37
9429,94495,197984,29
9430,94505,198018,45
9431,94515,198031,34
9432,94525,198109,39
9433,94535,198099,47
9434,94545,198128,39
9435,94555,198145,43
9436,94565,198199,33
9437,94575,198201,43
9438,94585,198283,33
9439,94595,198340,40
9440,94605,198467,48
9441,94615,198537,48
9442,94625,198676,48
9443,94635,198697,34
9444,94645,198776,41
9445,94655,198763,45
9446,94665,198843,45
9447,94675,198851,47
9448,94685,198863,50
9449,94695,198827,50
9450,94705,198883,28
9451,94715,198890,51
9452,94725,198976,43
9453,94735,198977,43
9454,94745,199095,33
9455,94755,199107,38
9456,94765,199136,47
9457,94775,199125,45
9458,94785,199160,43
9459,94795,199106,44
9460,94805,199076,39
9461,94815,198984,51
9462,94825,198931,47
9463,94835,198865,57
9464,94845,198813,53
9465,94855,198762,37
9466,94865,198806,29
9467,94876,198790,33
9468,94886,198790,56
9469,94896,198753,45
9470,94906,198743,43
9471,94916,198608,38
9472,94926,198501,41
9473,94936,198340,42
9474,94946,198257,34
9475,94956,198059,22
9476,94966,198053,50
9477,94976,197989,54
9478,94986,197963,43
9479,94996,197947,39
9480,95006,197942,35
9481,95016,197840,35
9482,95026,197783,28
9483,95036,197630,35
9484,95046,197529,49
9485,95056,197396,34
9486,95066,197310,47
9487,95076,197224,36
9488,95086,197158,38
9489,95096,197074,50
9490,95106,197007,56
9491,95116,196908,43
9492,95126,196850,54
9493,95136,196715,58
9494,95146,196601,36
9495,95156,196399,44
9496,95166,196284,34
9497,95176,196103,43
9498,95186,196037,51
9499,95196,195975,37
9500,95206,195907,49
9501,95216,195792,47
9502,95226,195724,33
9503,95236,195583,45
9504,95246,195482,34
9505,95256,195311,50
9506,95266,195195,55
9507,95276,195096,44
9508,95286,195150,37
9509,95296,195279,40
9510,95306,195561,29
9511,95316,195890,50
9512,95327,196365,40
9513,95337,196742,46
9514,95347,197178,45
9515,95357,197483,45
9516,95367,197780,37
9517,95377,197932,34
9518,95387,198024,40
9519,95397,197961,45
9520,95407,197811,56
9521,95417,197491,50
9522,95427,197197,41
9523,95437,196866,38
9524,95447,196631,28
9525,95457,196396,37
9526,95467,196275,46
9527,95477,196208,45
9528,95487,196254,50
9529,95497,196268,38
9530,95507,196364,40
9531,95517,196383,40
9532,95527,196431,63
9533,95537,196394,41
9534,95547,196400,37
9535,95557,196358,49
9536,95567,196345,45
9537,95577,196307,33
9538,95587,196352,37
9539,95597,196363,36
9540,95607,196537,37
9541,95617,196674,37
9542,95627,196870,33
9543,95637,197062,46
9544,95647,197284,50
9545,95657,197385,47
9546,95667,197557,42
9547,95677,197617,40
9548,95687,197675,41
9549,95697,197670,38
9550,95707,197718,49
9551,95717,197715,39
9552,95727,197748,35
9553,95737,197788,55
9554,95747,197768,24
9555,95757,197737,42
9556,95767,197763,38
9557,95778,197693,37
9558,95788,197679,39
9559,95798,197624,32
9560,95808,197599,51
9561,95818,197512,42
9562,95828,197472,35
9563,95838,197322,46
9564,95848,197245,46
9565,95858,197166,47
9566,95868,197139,49
9567,95878,197057,42
9568,95888,197050,43
9569,95898,197011,40
9570,95908,197023,47
9571,95918,196951,37
9572,95928,196964,35
9573,95938,196931,48
9574,95948,196982,34
9575,95958,196979,30
9576,95968,197039,40
9577,95978,197057,46
9578,95988,197114,42
9579,95998,197143,47
9580,96008,197222,37
9581,96018,197255,55
9582,96028,197330,39
9583,96038,197354,42
9584,96048,197445,40
9585,96058,197454,30
9586,96068,197507,21
9587,96078,197471,55
9588,96088,197529,51
9589,96098,197478,47
9590,96108,197513,42
9591,96118,197511,47
9592,96128,197523,34
9593,96138,197423,33
9594,96148,197391,36
9595,96158,197276,38
9596,96168,197250,41
9597,96178,197117,48
9598,96188,197096,43
9599,96198,197000,40
9600,96208,196964,37
