sample_index,time_sec,resampled_ppg
0,0.0,52556.1664318902
1,0.008,60290.34036767432
2,0.016,59113.37473261005
3,0.024,68200.64635165021
4,0.032,66762.05696614333
5,0.04,66495.2281278696
6,0.048,64669.002412303795
7,0.056,61801.69002315207
8,0.064,61578.48255896771
9,0.072,61777.3015408418
10,0.08,63892.536134241294
11,0.088,66487.93275627891
12,0.096,69985.25633295749
13,0.104,74770.66306540454
14,0.112,80861.03952234816
15,0.12,87672.99566079912
16,0.128,94017.30286776525
17,0.136,99524.92385026172
18,0.144,103017.18097162763
19,0.152,104431.6841250761
20,0.16,105224.40572163752
21,0.168,105619.79160953332
22,0.176,105818.082679019
23,0.184,106028.59910432792
24,0.192,106231.97691139566
25,0.2,106472.21691581457
26,0.208,106758.91329073405
27,0.216,107556.64821281603
28,0.224,108534.76557048768
29,0.232,110153.68947476019
30,0.24,112667.24426397025
31,0.248,116940.34151235332
32,0.256,124276.79710907988
33,0.264,132454.49741937133
34,0.272,144243.4725813995
35,0.28,157354.29503346403
36,0.288,169676.82080087633
37,0.296,185421.38594437408
38,0.304,190085.57997749135
39,0.312,184422.1943720372
40,0.32,184608.01250307602
41,0.328,185335.44655107395
42,0.336,185173.0450898841
43,0.344,186159.7013372511
44,0.352,186208.3407313086
45,0.36,186767.41631785876
46,0.368,187151.88409212703
47,0.376,187386.31243660563
48,0.384,187681.52741210876
49,0.392,187897.67717253516
50,0.4,188234.36997516715
51,0.408,188265.68355397976
52,0.416,188277.33766089528
53,0.424,188335.71668313578
54,0.432,188481.00419374893
55,0.44,188659.64644471425
56,0.448,188551.44912061535
57,0.456,188511.20576657026
58,0.464,188540.61721514596
59,0.472,188619.68055573766
60,0.48,188757.71019533926
61,0.488,188646.99464253156
62,0.496,188587.46874403927
63,0.504,188585.27831270397
64,0.512,188657.57655351365
65,0.52,188817.74922633413
66,0.528,188735.72983890082
67,0.536,188735.60520815916
68,0.544,188877.29961692146
69,0.552,189065.1113456699
70,0.56,189190.991869019
71,0.568,189030.65328649347
72,0.576,188949.9199609747
73,0.584,188936.86396350924
74,0.592,189025.38655431895
75,0.6,189218.0094329667
76,0.608,189151.05700041694
77,0.616,189143.6948294672
78,0.624,189264.29521129813
79,0.632,189480.00955927456
80,0.64,189724.3385943569
81,0.648,189724.38460135472
82,0.656,189831.70915388365
83,0.664,190019.84395083744
84,0.672,190234.6094092957
85,0.68,190453.8128209448
86,0.688,190396.9955889876
87,0.696,190393.63775466295
88,0.704,190419.0894833412
89,0.712,190448.30605059044
90,0.72,190513.85185193966
91,0.728,190323.0439757104
92,0.736,190169.48216528972
93,0.744,190112.3077878715
94,0.752,190173.4823179237
95,0.76,190326.73020533894
96,0.768,190249.24758891846
97,0.776,190225.80961252208
98,0.784,190295.59039117335
99,0.792,190431.52340546405
100,0.8,190596.90584481592
101,0.808,190543.69655064598
102,0.816,190549.48404017463
103,0.824,190584.5910092511
104,0.832,190694.04543413396
105,0.84,190871.08408635925
106,0.848,190796.65733325516
107,0.856,190788.71436129758
108,0.864,190827.90434705847
109,0.872,190926.67410326708
110,0.88,191083.2219958745
111,0.888,190975.8661411059
112,0.896,190948.13874057494
113,0.904,190968.97111111693
114,0.912,191049.15209395255
115,0.92,191229.3169712954
116,0.928,191142.80512073843
117,0.936,191086.57290086348
118,0.944,191078.02329251403
119,0.952,191118.52708852195
120,0.96,191203.30005786428
121,0.968,191011.00155927803
122,0.976,190867.33235384803
123,0.984,190764.84600204826
124,0.992,190700.4711664388
125,1.0,190700.9734985404
126,1.008,190437.63739942646
127,1.016,190190.67943051294
128,1.024,189985.66126346958
129,1.032,189849.83890365984
130,1.04,189778.37372225232
131,1.048,189458.6837376707
132,1.056,189219.43970288686
133,1.064,189086.9118172862
134,1.072,189061.76303525985
135,1.08,189168.9775576542
136,1.088,189139.5303315406
137,1.096,189261.14829903375
138,1.104,189490.46128594986
139,1.112,189776.77458667278
140,1.12,190102.58448962469
141,1.128,190179.9788210347
142,1.136,190299.63107088258
143,1.144,190458.78570676132
144,1.152,190665.51270333468
145,1.16,190916.1133596054
146,1.168,190940.57915873823
147,1.176,191077.15042728352
148,1.184,191288.27819258688
149,1.192,191521.49096147527
150,1.2,191813.69687297894
151,1.208,191892.01513777033
152,1.216,192002.22573024902
153,1.224,192143.9433771595
154,1.232,192364.00493222414
155,1.24,192620.22118934357
156,1.248,192566.98531791815
157,1.256,192553.59344595438
158,1.264,192599.76991402387
159,1.272,192679.6858678161
160,1.28,192796.33568026192
161,1.288,192686.57341229296
162,1.296,192664.05615495832
163,1.304,192688.35585364382
164,1.312,192798.81274182448
165,1.32,193011.47554132692
166,1.328,192952.2391836718
167,1.336,192943.11849559817
168,1.344,192996.5939835052
169,1.352,193087.87371095348
170,1.36,193270.64402512152
171,1.368,193237.48312226858
172,1.376,193236.26059165417
173,1.384,193304.52843967237
174,1.392,193430.0669422744
175,1.4,193617.86975437528
176,1.408,193608.5501175569
177,1.416,193637.7777121606
178,1.424,193739.36676102612
179,1.432,193941.95277302124
180,1.44,194153.21778074634
181,1.448,194108.2281490409
182,1.456,194145.1720919017
183,1.464,194186.77032720603
184,1.472,194258.41226504373
185,1.48,194388.370652143
186,1.488,194234.31391960717
187,1.496,194139.29269694872
188,1.504,194101.66286824885
189,1.512,194130.87199790624
190,1.52,194248.2795798216
191,1.528,194124.38187094126
192,1.536,194086.7068523095
193,1.544,194085.5516568819
194,1.552,194142.18826619344
195,1.56,194302.31470771699
196,1.568,194191.6245192291
197,1.576,194129.6732005772
198,1.584,194128.0356229061
199,1.592,194210.5585971541
200,1.6,194373.36089439425
201,1.608,194247.27067077244
202,1.616,194196.48327555647
203,1.624,194262.3331879648
204,1.632,194343.68803532867
205,1.64,194552.47733686233
206,1.648,194507.0972486481
207,1.656,194374.31923781105
208,1.664,194578.80677376746
209,1.672,194643.0410575927
210,1.68,194686.56450608425
211,1.688,194906.45148112378
212,1.696,194729.46535992247
213,1.704,194843.9483454404
214,1.712,195086.55849530996
215,1.72,195014.77787552297
216,1.728,195159.437844387
217,1.736,194951.35147090108
218,1.744,194972.96252784002
219,1.752,195189.0674084348
220,1.76,195061.80844980228
221,1.768,195157.8792974602
222,1.776,194871.2740641463
223,1.784,194807.61572380946
224,1.792,195027.6696224619
225,1.8,194893.6991630166
226,1.808,194985.9004267406
227,1.816,194808.8690932625
228,1.824,194798.57273551731
229,1.832,195049.57136126235
230,1.84,195005.77202087373
231,1.848,195111.767910296
232,1.856,194979.46448606165
233,1.864,195016.2825214859
234,1.872,195267.72087799895
235,1.88,195255.9346500191
236,1.888,195342.07448205142
237,1.896,195185.00475502858
238,1.904,195206.04850452914
239,1.912,195380.94296669812
240,1.92,195292.9587191326
241,1.928,195366.95129948892
242,1.936,195225.85269397745
243,1.944,195218.60144590633
244,1.952,195394.0366924226
245,1.96,195353.99840064408
246,1.968,195409.66080179944
247,1.976,195233.15023416196
248,1.984,195236.63140408584
249,1.992,195387.6425688617
250,2.0,195305.96717584817
251,2.008,195332.02378672812
252,2.016,195098.4282899945
253,2.024,195081.7715796846
254,2.032,195168.7459109033
255,2.04,195017.77982707272
256,2.048,195074.32636995087
257,2.056,194777.1521378516
258,2.064,194733.96605879095
259,2.072,194893.54399874344
260,2.08,194732.594429847
261,2.088,194816.9421747588
262,2.096,194574.95962734337
263,2.104,194550.05401001405
264,2.112,194754.3568402842
265,2.12,194626.52547508938
266,2.128,194722.0965065957
267,2.136,194501.05403051898
268,2.144,194481.8216322708
269,2.152,194697.05740715933
270,2.16,194614.5176688904
271,2.168,194718.89978113823
272,2.176,194481.82729672952
273,2.184,194502.65733376215
274,2.192,194762.58658084835
275,2.2,194704.57621538272
276,2.208,194888.8947597302
277,2.216,194757.3910750639
278,2.224,194836.8330435888
279,2.232,195140.92030152405
280,2.24,195106.83772304846
281,2.248,195297.87271553653
282,2.256,195173.89877633608
283,2.264,195169.38531657265
284,2.272,195412.07068195892
285,2.28,195349.99579857776
286,2.288,195412.0044662855
287,2.296,195238.29560344352
288,2.304,195221.10517719135
289,2.312,195408.09016801123
290,2.32,195350.99644909432
291,2.328,195413.82138870508
292,2.336,195271.68679033255
293,2.344,195322.47159614565
294,2.352,195542.02734522702
295,2.36,195536.11679466188
296,2.368,195647.43567350172
297,2.376,195491.0646040556
298,2.384,195533.5576436758
299,2.392,195771.48825072942
300,2.4,195736.24689797818
301,2.408,195802.27632398412
302,2.416,195619.22722900423
303,2.424,195592.6656287771
304,2.432,195738.10986884646
305,2.44,195653.19290510193
306,2.448,195683.8625930785
307,2.456,195451.95652164542
308,2.464,195396.8689790769
309,2.472,195546.04203889807
310,2.48,195457.06540385197
311,2.488,195456.07057853462
312,2.496,195206.84325775655
313,2.504,195166.05667455305
314,2.512,195331.87653494257
315,2.52,195254.9339995025
316,2.528,195295.3338396719
317,2.536,195124.316135581
318,2.544,195150.88154598305
319,2.552,195365.46840325638
320,2.56,195347.99449754457
321,2.568,195441.96865432878
322,2.576,195302.13053491825
323,2.584,195352.8484782166
324,2.592,195583.5234049369
325,2.6,195574.141514292
326,2.608,195674.08914236096
327,2.616,195522.26158587862
328,2.624,195551.47570411128
329,2.632,195760.52320312182
330,2.64,195717.23453816315
331,2.648,195777.056147893
332,2.656,195606.78175501444
333,2.664,195646.8717402398
334,2.672,195836.18524263892
335,2.68,195746.253403144
336,2.688,195816.56522131406
337,2.696,195673.97465488382
338,2.704,195700.83641030392
339,2.712,195908.87662355832
340,2.72,195888.34577649855
341,2.728,195977.52713374986
342,2.736,195796.51030708317
343,2.744,195807.8479025734
344,2.752,195987.24458406417
345,2.76,195890.3470775317
346,2.768,195907.24996610102
347,2.776,195653.3497551561
348,2.784,195592.90505694627
349,2.792,195735.69161242925
350,2.8,195617.16948650498
351,2.808,195640.6890939922
352,2.816,195450.11813027153
353,2.824,195446.09363015907
354,2.832,195623.14897373033
355,2.84,195577.14346584174
356,2.848,195687.95775641233
357,2.856,195553.83540484108
358,2.864,195589.3658559162
359,2.872,195780.975456305
360,2.88,195675.20721646672
361,2.888,195650.80045631836
362,2.896,195350.48816209214
363,2.904,195207.0499282787
364,2.912,195216.59864785703
365,2.92,194989.76161260842
366,2.928,194896.48821900605
367,2.936,194542.8886361441
368,2.944,194406.9214508449
369,2.952,194440.79422024373
370,2.96,194132.20411989815
371,2.968,194011.9434989733
372,2.976,193673.21020545758
373,2.984,193298.8522756102
374,2.992,193391.07963509928
375,3.0,193297.66158906923
376,3.008,193000.98567272373
377,3.016,192858.8229317848
378,3.024,192721.46640171422
379,3.032,192704.99676573116
380,3.04,192734.29534823386
381,3.048,192535.72199055896
382,3.056,192421.71841786162
383,3.064,192362.63037750518
384,3.072,192387.73613561448
385,3.08,192475.12686443928
386,3.088,192253.53945088785
387,3.096,192074.00151968666
388,3.104,191991.5876262554
389,3.112,191944.49959426315
390,3.12,191915.76322567026
391,3.128,191654.78411450077
392,3.136,191476.6929535675
393,3.144,191387.70382168647
394,3.152,191414.04227778647
395,3.16,191523.50822317033
396,3.168,191406.88736549127
397,3.176,191385.11098636407
398,3.184,191417.43338178186
399,3.192,191498.02408253762
400,3.2,191692.6181604726
401,3.208,191642.76139813295
402,3.216,191698.06873402497
403,3.224,192001.1892805081
404,3.232,192096.01828718986
405,3.24,192233.97008994315
406,3.248,192507.12286440193
407,3.256,192548.2615777206
408,3.264,192786.61212832198
409,3.272,193211.75422635017
410,3.28,193407.73314589317
411,3.288,193633.43426978416
412,3.296,193807.1380132477
413,3.304,193917.52172674585
414,3.312,194013.25399709144
415,3.32,194087.17484665196
416,3.328,194239.23258669052
417,3.336,194214.62507350446
418,3.344,194180.02529035351
419,3.352,194165.6842131838
420,3.36,193976.10263931143
421,3.368,193753.64948064616
422,3.376,193467.17993456198
423,3.384,193419.52181208218
424,3.392,193662.07408941904
425,3.4,193731.94391326557
426,3.408,193634.85864934995
427,3.416,193571.24361297663
428,3.424,193677.03752390668
429,3.432,193812.64681976257
430,3.44,193992.11304757674
431,3.448,194170.35895312042
432,3.456,194042.22420819034
433,3.464,194068.8773812273
434,3.472,194091.73208318153
435,3.48,193921.06686089945
436,3.488,193905.22307296094
437,3.496,193606.37362677106
438,3.504,193465.54120987552
439,3.512,193503.4549746394
440,3.52,193258.63621892253
441,3.528,193186.7419006472
442,3.536,193048.54023972448
443,3.544,193007.0962584302
444,3.552,193054.5104069723
445,3.56,192875.38707107186
446,3.568,192711.33137283375
447,3.576,192351.15036337747
448,3.584,192165.7609406915
449,3.592,192087.3126525617
450,3.6,191784.6780079981
451,3.608,191606.4295730485
452,3.616,191190.56264912197
453,3.624,190794.4281162174
454,3.632,190772.3601573246
455,3.64,190561.88307673557
456,3.648,190214.28770614645
457,3.656,190050.52048985593
458,3.664,190064.25092659847
459,3.672,190158.0906660468
460,3.68,190495.8401426412
461,3.688,190873.7929763083
462,3.696,190940.08958243925
463,3.704,191344.62233093867
464,3.712,191879.55653035548
465,3.72,192115.89332898654
466,3.728,192425.93683395936
467,3.736,192515.9512763894
468,3.744,192738.78647402386
469,3.752,193192.05510953662
470,3.76,193478.77933257047
471,3.768,193843.3895651164
472,3.776,194041.4293943408
473,3.784,194331.47102027596
474,3.792,194816.77219189637
475,3.8,195147.8643942283
476,3.808,195431.5801170007
477,3.816,195492.07846179898
478,3.824,195626.42552620743
479,3.832,195889.19841306837
480,3.84,195973.40107040797
481,3.848,196011.42881406978
482,3.856,195938.20164304748
483,3.864,196052.46932827172
484,3.872,196290.2877818946
485,3.88,196463.71982353288
486,3.888,196674.90144893652
487,3.896,196578.3797857863
488,3.904,196660.62947508978
489,3.912,197020.45425186335
490,3.92,197105.1368046616
491,3.928,197066.75033066203
492,3.936,196859.10501148316
493,3.944,196694.12253778198
494,3.952,196625.53469082678
495,3.96,196424.6944533862
496,3.968,196233.1552567709
497,3.976,195974.7617967887
498,3.984,195865.6881074226
499,3.992,195912.0219658693
500,4.0,195884.34317443223
501,4.008,195825.2622987597
502,4.016,195589.40966155587
503,4.024,195447.45713924605
504,4.032,195422.4877129456
505,4.04,195274.94700983414
506,4.048,195091.93570465865
507,4.056,194755.77935711798
508,4.064,194533.1965470617
509,4.072,194379.39289906708
510,4.08,194145.2125766137
511,4.088,193960.28616055675
512,4.096,193587.32610495415
513,4.104,193492.73975697436
514,4.112,193539.86234458094
515,4.12,193412.7363984761
516,4.128,193434.55198312487
517,4.136,193220.24746413762
518,4.144,193215.1935754571
519,4.152,193388.44215715228
520,4.16,193341.6902117988
521,4.168,193442.88619381998
522,4.176,193286.2969639386
523,4.184,193317.12659049476
524,4.192,193527.43479152917
525,4.2,193472.77542947096
526,4.208,193538.5596784002
527,4.216,193336.32817612728
528,4.224,193317.60800997005
529,4.232,193488.0462273015
530,4.24,193388.72078607813
531,4.248,193429.34126083984
532,4.256,193233.7498075799
533,4.264,193190.2664811536
534,4.272,193379.82073574758
535,4.28,193341.6902117988
536,4.288,193385.03410560245
537,4.296,193231.40750874378
538,4.304,193224.47002620742
539,4.312,193372.98209784442
540,4.32,193309.6693952682
541,4.328,193312.03932033703
542,4.336,193093.77000369426
543,4.344,193057.1063327976
544,4.352,193170.33497462343
545,4.36,193072.5152228384
546,4.368,193107.13791585117
547,4.376,192930.2442550655
548,4.384,192902.5355728277
549,4.392,193066.07549287166
550,4.4,193032.48920217514
551,4.408,193074.5353231211
552,4.416,192914.16945015447
553,4.424,192948.92597416192
554,4.432,193158.99884723435
555,4.44,193146.56336106543
556,4.448,193232.75562766162
557,4.456,193116.43303576697
558,4.464,193131.0876502188
559,4.472,193346.11541177833
560,4.48,193378.7142809123
561,4.488,193467.30510491415
562,4.496,193390.0233511798
563,4.504,193460.13794842752
564,4.512,193709.93363462974
565,4.52,193758.96147721325
566,4.528,193830.92144979985
567,4.536,193774.00203263666
568,4.544,193835.47111154997
569,4.552,194086.1152431172
570,4.56,194170.22883952822
571,4.568,194189.57394268987
572,4.576,194127.9373747603
573,4.584,194228.48461686185
574,4.592,194430.67642412637
575,4.6,194484.43310173482
576,4.608,194513.08297222044
577,4.616,194406.04582150173
578,4.624,194428.21772648254
579,4.632,194579.37999535218
580,4.64,194597.5066101085
581,4.648,194605.2410262215
582,4.656,194503.24565572786
583,4.664,194523.51149286842
584,4.672,194666.90286947807
585,4.68,194702.57491434956
586,4.688,194744.32049083704
587,4.696,194679.85265682268
588,4.704,194752.7257253726
589,4.712,194968.53166265917
590,4.72,195060.8077992857
591,4.728,195123.5188278573
592,4.736,195056.99459682987
593,4.744,195085.23926991477
594,4.752,195244.43259912974
595,4.76,195289.95676758286
596,4.768,195281.32862936496
597,4.776,195160.64194648032
598,4.784,195162.3241367518
599,4.792,195267.33126220532
600,4.8,195256.93530053567
601,4.808,195204.4842858952
602,4.816,195023.36481358166
603,4.824,195002.79081595264
604,4.832,195137.6977351877
605,4.84,195156.87024887753
606,4.848,195146.9604580243
607,4.856,195010.17915347454
608,4.864,194989.04558734602
609,4.872,195090.73605981743
610,4.88,195062.80910031887
611,4.888,195005.4560791048
612,4.896,194853.03344216946
613,4.904,194852.17772928218
614,4.912,195014.46562531093
615,4.92,195087.8253632334
616,4.928,195143.06347892332
617,4.936,195107.11722304003
618,4.944,195199.37488979156
619,4.952,195382.84764908813
620,4.96,195438.0530440369
621,4.968,195467.23759999577
622,4.976,195372.8051783037
623,4.984,195403.00742141678
624,4.992,195527.80787543752
625,5.0,195507.09792968104
626,5.008,195457.7984440848
627,5.016,195241.73199648366
628,5.024,195108.2266376164
629,5.032,195099.96935135368
630,5.04,194954.73884452807
631,5.048,194758.10048990638
632,5.056,194452.74410546743
633,5.064,194314.52586702793
634,5.072,194296.62802124541
635,5.08,194153.21778074634
636,5.088,193991.71704575984
637,5.096,193691.65435280371
638,5.104,193585.21140521712
639,5.112,193601.77652204427
640,5.12,193490.78713876943
641,5.128,193425.70983861998
642,5.136,193172.56556122738
643,5.144,193115.232920182
644,5.152,193228.5050012067
645,5.16,193174.5815755297
646,5.168,193176.0389567722
647,5.176,192986.6297681288
648,5.184,192971.53038976534
649,5.192,193101.8799109092
650,5.2,193061.508067156
651,5.208,193125.84527288037
652,5.216,193006.7433708099
653,5.224,193106.60724847316
654,5.232,193418.3204091514
655,5.24,193506.79754703474
656,5.248,193666.08554721993
657,5.256,193654.81858800928
658,5.264,193766.70782142098
659,5.272,194071.79747220705
660,5.28,194180.23534469405
661,5.288,194281.5343713279
662,5.296,194230.662885446
663,5.304,194302.87161451374
664,5.312,194527.0181501441
665,5.32,194564.48514306132
666,5.328,194563.63214705454
667,5.336,194421.127300034
668,5.344,194376.44282340378
669,5.352,194440.61007492163
670,5.36,194382.3667490435
671,5.368,194314.56112700608
672,5.376,194059.9205296022
673,5.384,193904.97727830525
674,5.392,193908.3787648476
675,5.4,193820.00115872474
676,5.408,193688.39065319518
677,5.416,193372.22239072085
678,5.424,193271.155275259
679,5.432,193248.9778044759
680,5.44,193067.5119702555
681,5.448,192977.2683189828
682,5.456,192637.60237328196
683,5.464,192520.91916126737
684,5.472,192556.91092601322
685,5.48,192412.08588189466
686,5.488,192429.08059315334
687,5.496,192155.80989007853
688,5.504,192133.72095768477
689,5.512,192347.31055528278
690,5.52,192297.01107248777
691,5.528,192413.90531628745
692,5.536,192272.9475259098
693,5.544,192312.89851650866
694,5.552,192549.54934962877
695,5.56,192523.1580892352
696,5.568,192658.5033364494
697,5.576,192567.09443051787
698,5.584,192679.62544693158
699,5.592,192993.0572542508
700,5.6,193049.50026095702
701,5.608,193281.51491616736
702,5.616,193284.81062350812
703,5.624,193405.2441928014
704,5.632,193777.58786052672
705,5.64,193906.05710315073
706,5.648,194077.12157436585
707,5.656,194123.97915333582
708,5.664,194307.65846487504
709,5.672,194674.23208669448
710,5.68,194836.66208357146
711,5.688,194989.62692613289
712,5.696,195027.13145821213
713,5.704,195159.55220192036
714,5.712,195425.90469460704
715,5.72,195554.12850396035
716,5.728,195634.6883078643
717,5.736,195584.3765722389
718,5.744,195676.36621847167
719,5.752,195896.59069883978
720,5.76,195970.39911885824
721,5.768,196001.41917713045
722,5.776,195907.36206709567
723,5.784,195960.8738236703
724,5.792,196129.61892397568
725,5.8,196119.49604582888
726,5.808,196044.59043278135
727,5.816,195827.4198652265
728,5.824,195738.6623648154
729,5.832,195792.14867598974
730,5.84,195715.23323712996
731,5.848,195620.58089540355
732,5.856,195455.57239726928
733,5.864,195449.61508639687
734,5.872,195594.65786779908
735,5.88,195648.189652519
736,5.888,195705.38398546074
737,5.896,195676.37450702165
738,5.904,195758.97476083762
739,5.912,195974.24402445034
740,5.92,196088.47587981485
741,5.928,196120.91759470094
742,5.936,196013.31096884445
743,5.944,196048.81817191286
744,5.952,196191.25392316183
745,5.96,196203.5506892217
746,5.968,196198.3825650657
747,5.976,196093.54293557612
748,5.984,196159.0849498869
749,5.992,196385.21876179008
750,6.0,196487.73543593084
751,6.008,196545.91114797822
752,6.016,196472.1153436671
753,6.024,196525.30571301683
754,6.032,196709.8441734362
755,6.04,196776.92343522288
756,6.048,196833.80535526387
757,6.056,196807.44063652138
758,6.064,196951.20671099104
759,6.072,197236.439504189
760,6.08,197390.3222018873
761,6.088,197500.5017918738
762,6.096,197480.8147131278
763,6.104,197601.34280264055
764,6.112,197827.9358693148
765,6.12,197920.66697567544
766,6.128,198004.64038434692
767,6.136,197938.0845805767
768,6.144,198016.5058506773
769,6.152,198266.24306224615
770,6.16,198369.95905762052
771,6.168,198420.26721431833
772,6.176,198328.39610459298
773,6.184,198355.36029043066
774,6.192,198522.5592190781
775,6.2,198552.07745163835
776,6.208,198547.95306454098
777,6.216,198441.71490406242
778,6.224,198437.89010245234
779,6.232,198550.7965671133
780,6.24,198549.0755000886
781,6.248,198494.60929520134
782,6.256,198352.49587391046
783,6.264,198376.9670700155
784,6.272,198493.43045817892
785,6.28,198484.0332165108
786,6.288,198443.55364566608
787,6.296,198217.99070355864
788,6.304,198117.71632031165
789,6.312,198158.41276219778
790,6.32,198056.75544593052
791,6.328,197911.6476839629
792,6.336,197601.86730419766
793,6.344,197462.45561188727
794,6.352,197520.6838733816
795,6.36,197458.36643701483
796,6.368,197397.49151680182
797,6.376,197241.78343844734
798,6.384,197244.56260400522
799,6.392,197398.14399203032
800,6.4,197413.33716376868
801,6.408,197414.2269028865
802,6.416,197321.0644547121
803,6.424,197358.01656825503
804,6.432,197506.69944338134
805,6.44,197546.423682474
806,6.448,197568.2339382081
807,6.456,197435.9152818908
808,6.464,197454.38124183536
809,6.472,197604.6395480493
810,6.48,197599.4581598528
811,6.488,197598.1954209931
812,6.496,197474.67091761326
813,6.504,197448.99485178172
814,6.512,197548.0482982612
815,6.52,197525.41002162578
816,6.528,197485.15313582763
817,6.536,197316.43011484222
818,6.544,197288.89207148767
819,6.552,197456.81529944067
820,6.56,197519.4061185263
821,6.568,197521.0184800925
822,6.576,197432.8386070439
823,6.584,197499.3475743848
824,6.592,197647.69922758068
825,6.6,197645.48808361555
826,6.608,197610.7366748294
827,6.616,197431.06929965364
828,6.624,197369.221041188
829,6.632,197448.43017996932
830,6.64,197418.34041635157
831,6.648,197378.69984069385
832,6.656,197241.54288321987
833,6.664,197258.88610261606
834,6.672,197437.03705627692
835,6.68,197499.39310819466
836,6.688,197523.1487747303
837,6.696,197447.09839031403
838,6.704,197510.88787637223
839,6.712,197683.2447591779
840,6.72,197714.5329692597
841,6.728,197721.04622786219
842,6.736,197615.05247541983
843,6.744,197606.02986320583
844,6.752,197741.08714799606
845,6.76,197799.5882631691
846,6.768,197808.29360635753
847,6.776,197700.91291667375
848,6.784,197744.28317479813
849,6.792,197894.51942583307
850,6.8,197930.67348084127
851,6.808,197952.85538219367
852,6.816,197839.4653103799
853,6.824,197878.96916717643
854,6.832,198059.73249246716
855,6.84,198106.7879717596
856,6.848,198153.38910719252
857,6.856,198083.2236351431
858,6.864,198125.46618247128
859,6.872,198286.8482295433
860,6.88,198322.92848334118
861,6.888,198340.37476117018
862,6.896,198230.61952206964
863,6.904,198258.79517199454
864,6.912,198408.6816705245
865,6.92,198402.9805246677
866,6.928,198367.74213526276
867,6.936,198215.7601255205
868,6.944,198196.8777469463
869,6.952,198296.7774299404
870,6.96,198250.88164614732
871,6.968,198186.72596715664
872,6.976,198015.44778990428
873,6.984,197967.13227823973
874,6.992,198047.78775242684
875,7.0,198027.73658094966
876,7.008,197982.22210698348
877,7.016,197791.78539483136
878,7.024,197746.7004388801
879,7.032,197859.1063177599
880,7.04,197836.61233228262
881,7.048,197798.45208168565
882,7.056,197668.4843052818
883,7.064,197648.9830662794
884,7.072,197782.36155696044
885,7.08,197833.61038073286
886,7.088,197828.3204428383
887,7.096,197721.69948199595
888,7.104,197788.57814456458
889,7.112,197960.6118384914
890,7.12,198010.72552216778
891,7.128,198049.59712098484
892,7.136,197934.9566937275
893,7.144,197945.49599560085
894,7.152,198093.16422171445
895,7.16,198109.78992330935
896,7.168,198118.25703247593
897,7.176,198005.95458508888
898,7.184,198009.9482372074
899,7.192,198130.75516791517
900,7.2,198111.7912243425
901,7.208,198062.55805341914
902,7.216,197881.99510009386
903,7.224,197833.83124799706
904,7.232,197931.42882975715
905,7.24,197907.65851895988
906,7.248,197857.46061500796
907,7.256,197690.37191726893
908,7.264,197658.1580830864
909,7.272,197771.08646324163
910,7.28,197747.55443630688
911,7.288,197674.94909590486
912,7.296,197513.2812642173
913,7.304,197502.52712916886
914,7.312,197631.45472266595
915,7.32,197646.48873413214
916,7.328,197599.59300640924
917,7.336,197427.96684457164
918,7.344,197411.33875834587
919,7.352,197512.45762838837
920,7.36,197483.38269992938
921,7.368,197441.97421551988
922,7.376,197301.2421812907
923,7.384,197317.9475684623
924,7.392,197454.01263685385
925,7.4,197450.3612328822
926,7.408,197451.51665671825
927,7.416,197338.92647323132
928,7.424,197338.73647307506
929,7.432,197494.47883866832
930,7.44,197542.4210804077
931,7.448,197552.22376883184
932,7.456,197468.39127341716
933,7.464,197531.77869965057
934,7.472,197702.0418990293
935,7.48,197763.56484457216
936,7.488,197817.35659149772
937,7.496,197729.61121946122
938,7.504,197766.66204658078
939,7.512,197909.07513660984
940,7.52,197883.64290656193
941,7.528,197840.11523020105
942,7.536,197687.9428140639
943,7.544,197654.66312875517
944,7.552,197758.54787724293
945,7.56,197742.55118372396
946,7.568,197693.62638513042
947,7.576,197545.14686826177
948,7.584,197550.94301024504
949,7.592,197685.33916578445
950,7.6,197698.52256099437
951,7.608,197701.97873988876
952,7.616,197597.31057270837
953,7.624,197612.53892896225
954,7.632,197753.50769802745
955,7.64,197778.57460232088
956,7.648,197761.91664960625
957,7.656,197600.0382301396
958,7.664,197556.59289171916
959,7.672,197656.01884389654
960,7.68,197615.4685681181
961,7.688,197520.9789833039
962,7.696,197357.97751510638
963,7.704,197352.31437561926
964,7.712,197445.6013974936
965,7.72,197412.33651325208
966,7.728,197364.80897857936
967,7.736,197219.9361330761
968,7.744,197218.9236062375
969,7.752,197351.86099934363
970,7.76,197385.31894930438
971,7.768,197386.4370302264
972,7.776,197251.96330512463
973,7.784,197300.16424562427
974,7.792,197509.94320539152
975,7.8,197576.44319797144
976,7.808,197622.5180369926
977,7.816,197563.92391232733
978,7.824,197669.20047940913
979,7.832,197914.11128300257
980,7.84,198004.7216190683
981,7.848,198050.94999645065
982,7.856,197962.20669320048
983,7.864,198015.15525863224
984,7.872,198194.8714757647
985,7.88,198232.86993684887
986,7.888,198262.10726478286
987,7.896,198153.03728238153
988,7.904,198140.7145393782
989,7.912,198260.88389920088
990,7.92,198241.8757914981
991,7.928,198158.5375583586
992,7.936,197948.3903688033
993,7.944,197885.29941519545
994,7.952,197945.68310801813
995,7.96,197896.6513632775
996,7.968,197846.9535114048
997,7.976,197661.00934323846
998,7.984,197609.44272288517
999,7.992,197696.24652674267
1000,8.0,197670.5043465301
1001,8.008,197654.31366120398
1002,8.016,197497.3977259209
1003,8.024,197456.3525400152
1004,8.032,197588.3340083375
1005,8.04,197609.46466501863
1006,8.048,197594.55082502254
1007,8.056,197471.08710563014
1008,8.064,197476.926265874
1009,8.072,197590.24409568586
1010,8.08,197587.45035365384
1011,8.088,197572.85424283534
1012,8.096,197421.5558877616
1013,8.104,197403.3996825719
1014,8.112,197546.51864097282
1015,8.12,197590.4523052036
1016,8.128,197626.608047363
1017,8.136,197577.4311094668
1018,8.144,197705.9010510627
1019,8.152,197965.28736594843
1020,8.16,198078.76975729532
1021,8.168,198161.35193579778
1022,8.176,198103.59977250537
1023,8.184,198173.86148895032
1024,8.192,198386.6600058842
1025,8.2,198471.02475979525
1026,8.208,198516.11086201304
1027,8.216,198417.66389098158
1028,8.224,198455.16648706928
1029,8.232,198645.98072488478
1030,8.24,198706.17763119188
1031,8.248,198723.23580409773
1032,8.256,198620.4078884563
1033,8.264,198660.3176424999
1034,8.272,198829.93280551073
1035,8.28,198864.28041281176
1036,8.288,198861.43380261312
1037,8.296,198714.2708743353
1038,8.304,198663.51687646785
1039,8.312,198736.76207710506
1040,8.32,198692.16852395973
1041,8.328,198608.90035781285
1042,8.336,198398.69161197907
1043,8.344,198313.96797308975
1044,8.352,198368.87835081219
1045,8.36,198317.9252307583
1046,8.368,198247.4016819568
1047,8.376,198080.4294599221
1048,8.384,198040.90792381737
1049,8.392,198106.77306237494
1050,8.4,198058.75674696369
1051,8.408,197993.48398947457
1052,8.416,197818.5968162291
1053,8.424,197805.972942013
1054,8.432,197946.51242281622
1055,8.44,197973.70145305427
1056,8.448,198016.26493366
1057,8.456,197976.70202776938
1058,8.464,198030.49348864562
1059,8.472,198211.310978499
1060,8.48,198321.92783282461
1061,8.488,198389.66795508246
1062,8.496,198319.17953230476
1063,8.504,198421.2135001958
1064,8.512,198672.84502580957
1065,8.52,198781.2264199355
1066,8.528,198870.309542593
1067,8.536,198868.01337107253
1068,8.544,198978.87708161335
1069,8.552,199207.79268160556
1070,8.56,199335.5868061216
1071,8.568,199413.91947542518
1072,8.576,199330.71934996254
1073,8.584,199373.30019311502
1074,8.592,199528.04964713336
1075,8.6,199530.713656855
1076,8.608,199494.3647274188
1077,8.616,199334.48102997334
1078,8.624,199328.73936243076
1079,8.632,199445.8927648604
1080,8.64,199431.64925571342
1081,8.648,199410.96235742487
1082,8.656,199237.14278171747
1083,8.664,199203.09556897014
1084,8.672,199332.4181763456
1085,8.68,199311.57119372365
1086,8.688,199245.18573637478
1087,8.696,199055.22821370722
1088,8.704,199014.5900381019
1089,8.712,199094.02504361916
1090,8.72,199028.38709753111
1091,8.728,198966.08063373144
1092,8.736,198792.96979548992
1093,8.744,198761.79686260328
1094,8.752,198874.89420213588
1095,8.76,198867.28236436148
1096,8.768,198835.98329314723
1097,8.776,198674.62675580604
1098,8.784,198692.74971250747
1099,8.792,198843.945590048
1100,8.8,198829.2576447314
1101,8.808,198800.61819446195
1102,8.816,198641.78877613947
1103,8.824,198655.4756831746
1104,8.832,198816.69486390162
1105,8.84,198826.25569318165
1106,8.848,198849.46191608152
1107,8.856,198739.9219732849
1108,8.864,198771.35792550357
1109,8.872,198984.56741187704
1110,8.88,199076.41832232702
1111,8.888,199159.64754335792
1112,8.896,199132.98509653253
1113,8.904,199243.28242795932
1114,8.912,199483.2679375751
1115,8.92,199574.74227958458
1116,8.928,199623.911960159
1117,8.936,199535.662723647
1118,8.944,199575.11406177274
1119,8.952,199759.48198576682
1120,8.96,199815.89905408068
1121,8.968,199809.74185741172
1122,8.976,199639.29563130147
1123,8.984,199583.79217520813
1124,8.992,199666.7808748125
1125,9.0,199600.7591930157
1126,9.008,199483.808416807
1127,9.016,199273.01793389316
1128,9.024,199190.98331127746
1129,9.032,199264.67523163353
1130,9.04,199263.53996892774
1131,9.048,199220.2387862348
1132,9.056,199057.23142707668
1133,9.064,199014.32506032733
1134,9.072,199097.2161708904
1135,9.08,199074.41702129386
1136,9.088,198977.75084421746
1137,9.096,198754.77969956739
1138,9.104,198718.771676125
1139,9.112,198807.87458015405
1140,9.12,198760.21275908727
1141,9.128,198706.7255784717
1142,9.136,198551.26721058658
1143,9.144,198586.4282482659
1144,9.152,198771.64829673193
1145,9.16,198801.23943026713
1146,9.168,198821.77423938422
1147,9.176,198727.39757951457
1148,9.184,198753.7373693421
1149,9.192,198885.99345094155
1150,9.2,198863.27976229516
1151,9.208,198823.91882041725
1152,9.216,198645.47541681668
1153,9.224,198575.29910527144
1154,9.232,198679.5493237613
1155,9.24,198671.15486311153
1156,9.248,198611.04743174752
1157,9.256,198476.57841025485
1158,9.264,198507.18608654756
1159,9.272,198656.51177769664
1160,9.28,198678.1594167276
1161,9.288,198675.17426312107
1162,9.296,198581.41062580218
1163,9.304,198615.6331702475
1164,9.312,198765.82388111742
1165,9.32,198815.24853749925
1166,9.328,198854.76162827932
1167,9.336,198799.26543808094
1168,9.344,198888.13457127326
1169,9.352,199105.78693017364
1170,9.36,199190.4924812173
1171,9.368,199225.74615115096
1172,9.376,199166.8874960574
1173,9.384,199278.58685112113
1174,9.392,199479.91889678434
1175,9.4,199510.70064652336
1176,9.408,199472.55206378995
1177,9.416,199231.3979264423
1178,9.424,199101.85259135757
1179,9.432,199074.6124974495
1180,9.44,198868.28301487808
1181,9.448,198664.7337972765
1182,9.456,198350.02121208154
1183,9.464,198167.97690678923
1184,9.472,198162.50510491876
1185,9.48,198068.76325212952
1186,9.488,197973.8642725238
1187,9.496,197787.18691984547
1188,9.504,197781.40850292373
1189,9.512,197902.6492084871
1190,9.52,197887.64550862828
1191,9.528,197832.2229559576
1192,9.536,197577.72199138327
1193,9.544,197490.61118506774
1194,9.552,197566.57817460407
1195,9.56,197494.38985561175
1196,9.568,197432.06233377339
1197,9.576,197200.86694734788
1198,9.584,197110.24799626908
1199,9.592,197195.73207549215
1200,9.6,197130.15306757612
1201,9.608,197077.54049100028
1202,9.616,196925.8458652354
1203,9.624,196917.73694698035
1204,9.632,197051.46399171863
1205,9.64,197078.1192407139
1206,9.648,197126.67784996462
1207,9.656,197056.1875059106
1208,9.664,197177.5201425747
1209,9.672,197460.50181009693
1210,9.68,197583.44775158752
1211,9.688,197695.60801172166
1212,9.696,197642.0568145706
1213,9.704,197689.66786296072
1214,9.712,197879.0022561614
1215,9.72,197942.68128704024
1216,9.728,197990.96765922187
1217,9.736,197889.81987675853
1218,9.744,197945.62974167144
1219,9.752,198155.8701482872
1220,9.76,198229.86798529912
1221,9.768,198303.68224874075
1222,9.776,198220.3432253651
1223,9.784,198246.04005528902
1224,9.792,198404.65149053544
1225,9.8,198415.98898138327
1226,9.808,198410.59576356242
1227,9.816,198276.6559734545
1228,9.824,198275.6785337733
1229,9.832,198397.96471833898
1230,9.84,198375.96296072
1231,9.848,198341.09938829072
1232,9.856,198173.01759657866
1233,9.864,198143.99696724862
1234,9.872,198248.10449170705
1235,9.88,198212.85692651724
1236,9.888,198142.1708199265
1237,9.896,197898.5291995785
1238,9.904,197799.36013424344
1239,9.912,197851.26527896206
1240,9.92,197755.55964043952
1241,9.928,197653.21102280554
1242,9.936,197411.9943078856
1243,9.944,197297.9525564303
1244,9.952,197345.95641156362
1245,9.96,197275.24739248044
1246,9.968,197179.6113404325
1247,9.976,196960.2909234584
1248,9.984,196911.95845423013
1249,9.992,197018.8294411226
1250,10.0,197014.07760765267
1251,10.008,197014.75516713303
1252,10.016,196862.22359339503
1253,10.024,196850.08113029902
1254,10.032,197007.92966451112
1255,10.04,197050.1010262496
1256,10.048,197082.92491992068
1257,10.056,196995.1318118834
1258,10.064,197100.97983166054
1259,10.072,197360.19855041214
1260,10.08,197456.36513598167
1261,10.088,197540.3638178184
1262,10.096,197473.89800896298
1263,10.104,197537.7290460989
1264,10.112,197747.6217011038
1265,10.12,197814.59802091782
1266,10.128,197874.906443691
1267,10.136,197803.96555157882
1268,10.144,197867.2715131385
1269,10.152,198069.75476960314
1270,10.16,198142.81139035654
1271,10.168,198205.22007173675
1272,10.176,198102.70437010872
1273,10.184,198098.22103438756
1274,10.192,198225.6708193599
1275,10.2,198223.86408219964
1276,10.208,198188.0896945051
1277,10.216,197992.89052159205
1278,10.224,197944.39960569105
1279,10.232,198057.53219322642
1280,10.24,198024.73462939993
1281,10.248,197964.27341740014
1282,10.256,197795.89403799697
1283,10.264,197768.40083972816
1284,10.272,197876.75060214373
1285,10.28,197863.62989623033
1286,10.288,197852.36781968956
1287,10.296,197727.44139208828
1288,10.304,197711.15801252765
1289,10.312,197884.6177135428
1290,10.32,197969.69885098794
1291,10.328,197962.55308832094
1292,10.336,197843.91930663274
1293,10.344,197879.6766533044
1294,10.352,198030.8543713798
1295,10.36,198082.77235936164
1296,10.368,198110.5350936752
1297,10.376,198004.56148678483
1298,10.384,198044.03757550305
1299,10.392,198231.48715354333
1300,10.4,198303.91612352614
1301,10.408,198315.06959614888
1302,10.416,198172.21948424578
1303,10.424,198205.25144507724
1304,10.432,198357.0660651999
1305,10.44,198355.94995038837
1306,10.448,198377.5965508211
1307,10.456,198265.78935541213
1308,10.464,198307.60926956704
1309,10.472,198543.04835496822
1310,10.48,198636.13209503118
1311,10.488,198672.52215802218
1312,10.496,198567.47042750972
1313,10.504,198604.920457134
1314,10.512,198764.26342829797
1315,10.52,198793.23422613446
1316,10.528,198810.29996931096
1317,10.536,198663.10165644213
1318,10.544,198677.53432817667
1319,10.552,198844.84815414096
1320,10.56,198830.25829524797
1321,10.568,198793.46556517092
1322,10.576,198634.43740194768
1323,10.584,198604.94506654827
1324,10.592,198709.22447981616
1325,10.6,198695.17047550948
1326,10.608,198676.52314139207
1327,10.616,198510.14408009357
1328,10.624,198509.8858767711
1329,10.632,198685.71427502207
1330,10.64,198707.17828170847
1331,10.648,198694.97290561895
1332,10.656,198547.14770269787
1333,10.664,198510.385537187
1334,10.672,198599.62371176458
1335,10.68,198532.06444130672
1336,10.688,198413.55020269158
1337,10.696,198161.37676837028
1338,10.704,198007.97462653692
1339,10.712,197993.04756520217
1340,10.72,197885.6442075951
1341,10.728,197742.16978277615
1342,10.736,197503.17025585947
1343,10.744,197444.6950753191
1344,10.752,197512.00095874706
1345,10.76,197490.38725354543
1346,10.768,197499.6475054816
1347,10.776,197365.70405325218
1348,10.784,197375.50641357215
1349,10.792,197564.71031516822
1350,10.8,197614.46791760155
1351,10.808,197627.0772535677
1352,10.816,197525.60096485546
1353,10.824,197551.05026910466
1354,10.832,197738.63994512102
1355,10.84,197836.61233228262
1356,10.848,197888.22456139608
1357,10.856,197808.9715960123
1358,10.864,197893.17479043602
1359,10.872,198117.93112353212
1360,10.88,198195.84586773536
1361,10.888,198238.0068352104
1362,10.896,198172.84432020638
1363,10.904,198233.92807104808
1364,10.912,198404.44951992677
1365,10.92,198461.01825462942
1366,10.928,198503.66570178868
1367,10.936,198395.81231627375
1368,10.944,198396.06668435337
1369,10.952,198531.14304623657
1370,10.96,198530.06314027356
1371,10.968,198490.57312426984
1372,10.976,198346.3835179897
1373,10.984,198335.20977131304
1374,10.992,198434.53865024474
1375,11.0,198424.9948360325
1376,11.008,198412.53482911063
1377,11.016,198273.91217185074
1378,11.024,198274.93911956815
1379,11.032,198396.28650344245
1380,11.04,198368.95840710393
1381,11.048,198311.9219928478
1382,11.056,198122.37548157648
1383,11.064,198087.48884337302
1384,11.072,198202.3482895306
1385,11.08,198179.83545947005
1386,11.088,198136.02551228396
1387,11.096,197975.55816888687
1388,11.104,197980.60221170663
1389,11.112,198128.56840164345
1390,11.12,198140.81008932338
1391,11.128,198154.39608053296
1392,11.136,198049.2681364975
1393,11.144,198085.0794297489
1394,11.152,198255.40579534575
1395,11.16,198308.91937610906
1396,11.168,198346.4267290773
1397,11.176,198223.03061039647
1398,11.184,198281.70264661644
1399,11.192,198485.0685816807
1400,11.2,198514.05273200825
1401,11.208,198558.31696828234
1402,11.216,198467.1301822218
1403,11.224,198505.75128847023
1404,11.232,198700.9356873363
1405,11.24,198746.20365185515
1406,11.248,198787.16177415327
1407,11.256,198720.13557495156
1408,11.264,198782.43917065722
1409,11.272,198984.5608581945
1410,11.28,199058.40661302855
1411,11.288,199101.79007764475
1412,11.296,199001.5853527565
1413,11.304,199019.82590043536
1414,11.312,199166.78943507964
1415,11.32,199191.49313173388
1416,11.328,199167.9832826309
1417,11.336,198994.48132833303
1418,11.344,199013.43917725232
1419,11.352,199165.56035145893
1420,11.36,199154.46906262037
1421,11.368,199167.02904893862
1422,11.376,199046.0137640706
1423,11.384,199047.29446338053
1424,11.392,199199.15604882795
1425,11.4,199221.5126472313
1426,11.408,199231.17045043327
1427,11.416,199099.02201125163
1428,11.424,199119.33198771812
1429,11.432,199282.0213173085
1430,11.44,199287.5555813257
1431,11.448,199279.8673726246
1432,11.456,199123.59072478983
1433,11.464,199073.30516799234
1434,11.472,199149.59293945902
1435,11.48,199070.4144192275
1436,11.488,198952.6154890147
1437,11.496,198713.5860881317
1438,11.504,198623.9348470494
1439,11.512,198658.01197418454
1440,11.52,198571.0898114534
1441,11.528,198502.93424770967
1442,11.536,198315.17967711584
1443,11.544,198284.84804026928
1444,11.552,198417.09202070584
1445,11.56,198419.9915834496
1446,11.568,198425.7402063167
1447,11.576,198326.22439192503
1448,11.584,198366.74226488732
1449,11.592,198559.25710769015
1450,11.6,198616.11908469955
1451,11.608,198623.98930475838
1452,11.616,198507.97342213543
1453,11.624,198533.6491604676
1454,11.632,198674.62000846508
1455,11.64,198692.16852395973
1456,11.648,198673.3912959848
1457,11.656,198480.72252435653
1458,11.664,198465.50561304973
1459,11.672,198620.212907425
1460,11.68,198632.12949296486
1461,11.688,198658.7315148587
1462,11.696,198551.60464780882
1463,11.704,198547.36639308976
1464,11.712,198684.31318337185
1465,11.72,198712.18153429136
1466,11.728,198718.62644921092
1467,11.736,198558.12886328757
1468,11.744,198529.8414557475
1469,11.752,198609.03555647837
1470,11.76,198514.05273200825
1471,11.768,198416.1128185292
1472,11.776,198179.138089639
1473,11.784,198070.3582152626
1474,11.792,198107.00891927374
1475,11.8,198019.731376817
1476,11.808,197938.6402414364
1477,11.816,197734.32570602858
1478,11.824,197697.4019773242
1479,11.832,197822.24176468476
1480,11.84,197808.59411781834
1481,11.848,197780.05280703018
1482,11.856,197609.53021333853
1483,11.864,197579.9796157502
1484,11.872,197682.2564204224
1485,11.88,197632.4796269
1486,11.888,197591.57606704958
1487,11.896,197440.84123924302
1488,11.904,197425.67779640298
1489,11.912,197561.0508309841
1490,11.92,197602.46011140256
1491,11.928,197657.01898120332
1492,11.936,197576.51614461932
1493,11.944,197650.22680785414
1494,11.952,197881.50731176458
1495,11.96,197976.70340460402
1496,11.968,198051.60496530347
1497,11.976,197986.01699552112
1498,11.984,198063.37479391188
1499,11.992,198254.08684663635
1500,12.0,198303.91612352614
1501,12.008,198353.84652385412
1502,12.016,198240.23446506183
1503,12.024,198296.20153999855
1504,12.032,198473.17467883378
1505,12.04,198473.02606082842
1506,12.048,198520.20377028448
1507,12.056,198414.49276829197
1508,12.064,198445.8028093294
1509,12.072,198670.1774416813
1510,12.08,198739.19909823907
1511,12.088,198788.4711714248
1512,12.096,198701.47086586867
1513,12.104,198726.73115525872
1514,12.112,198867.92319455917
1515,12.12,198860.27781074544
1516,12.128,198840.50617839073
1517,12.136,198689.64422233845
1518,12.144,198684.28006159925
1519,12.152,198816.00359570966
1520,12.16,198819.25113956557
1521,12.168,198830.29346873934
1522,12.176,198711.780440168
1523,12.184,198735.00615390638
1524,12.192,198878.39936435936
1525,12.2,198873.286267461
1526,12.208,198874.59509491303
1527,12.216,198730.25617048846
1528,12.224,198711.8309477086
1529,12.232,198813.25001079417
1530,12.24,198747.2043023717
1531,12.248,198654.53096779386
1532,12.256,198400.41482415842
1533,12.264,198285.43598266295
1534,12.272,198316.00494592817
1535,12.28,198194.84521721877
1536,12.288,198087.49847264957
1537,12.296,197881.26629706574
1538,12.304,197815.03975572097
1539,12.312,197895.26150138298
1540,12.32,197876.63835294588
1541,12.328,197881.2714160615
1542,12.336,197756.75679279937
1543,12.344,197766.53050574817
1544,12.352,197939.39911065387
1545,12.36,197999.71836648538
1546,12.368,198037.1516939539
1547,12.376,197944.34314507188
1548,12.384,198010.44243767977
1549,12.392,198208.10811925106
1550,12.4,198261.88880182971
1551,12.408,198309.326410276
1552,12.416,198210.65092033165
1553,12.424,198237.59209838512
1554,12.432,198401.2614919202
1555,12.44,198421.99288448275
1556,12.448,198407.37200248073
1557,12.456,198240.02448378786
1558,12.464,198227.78775686523
1559,12.472,198343.41343612195
1560,12.48,198308.91937610906
1561,12.488,198278.21935561483
1562,12.496,198084.85717471072
1563,12.504,198024.0183644014
1564,12.512,198127.4207438168
1565,12.52,198080.77105832848
1566,12.528,198008.74490451947
1567,12.536,197797.65672864168
1568,12.544,197720.30204523166
1569,12.552,197788.20844653845
1570,12.56,197708.5290661602
1571,12.568,197604.8369810326
1572,12.576,197378.08410466052
1573,12.584,197277.6431384727
1574,12.592,197324.3017697344
1575,12.6,197266.2415378312
1576,12.608,197186.08105218457
1577,12.616,196990.1065520234
1578,12.624,196965.9415294232
1579,12.632,197073.4726486241
1580,12.64,197070.11403658125
1581,12.648,197103.9832408673
1582,12.656,197005.46225628103
1583,12.664,197035.61301915147
1584,12.672,197216.77303457918
1585,12.68,197275.24739248044
1586,12.688,197330.06482953054
1587,12.696,197256.57417747675
1588,12.704,197329.23580146418
1589,12.712,197531.34202755627
1590,12.72,197568.4379938388
1591,12.728,197584.43455746863
1592,12.736,197480.33054739237
1593,12.744,197524.84138528377
1594,12.752,197723.24116298123
1595,12.76,197784.5785054204
1596,12.768,197821.48634113246
1597,12.776,197745.7653533984
1598,12.784,197814.29002049565
1599,12.792,198025.7707191549
1600,12.8,198124.79968105807
1601,12.808,198206.68653217825
1602,12.816,198171.0090496462
1603,12.824,198303.13340664245
1604,12.832,198551.51654294477
1605,12.84,198648.13990123017
1606,12.848,198739.83480586557
1607,12.856,198677.38152763774
1608,12.864,198738.45642668332
1609,12.872,198914.20602118142
1610,12.88,198924.31944380663
1611,12.888,198910.87682362634
1612,12.896,198733.4145719373
1613,12.904,198691.073725099
1614,12.912,198775.49015148217
1615,12.92,198723.18868997376
1616,12.928,198674.40635066023
1617,12.936,198422.14415213853
1618,12.944,198296.42551592627
1619,12.952,198325.58943791236
1620,12.96,198164.82570172133
1621,12.968,197982.382566426
1622,12.976,197675.0621994127
1623,12.984,197515.6474413105
1624,12.992,197510.06610979937
1625,13.0,197387.32025033754
1626,13.008,197294.4530699052
1627,13.016,197086.696620004
1628,13.024,197043.8910029677
1629,13.032,197203.84755979656
1630,13.04,197259.23698421512
1631,13.048,197296.34617975497
1632,13.056,197208.53759070003
1633,13.064,197262.96727743084
1634,13.072,197445.0896044743
1635,13.08,197491.38790406202
1636,13.088,197515.4580009479
1637,13.096,197395.39651773078
1638,13.104,197428.81590099796
1639,13.112,197597.0924741067
1640,13.12,197630.47832586683
1641,13.128,197670.4510304626
1642,13.136,197564.7500850803
1643,13.144,197608.38211114373
1644,13.152,197786.51623970692
1645,13.16,197802.59021471883
1646,13.168,197826.05150200886
1647,13.176,197721.1138098367
1648,13.184,197746.20021340024
1649,13.192,197880.7976220009
1650,13.2,197900.65396534384
1651,13.208,197962.97321911974
1652,13.216,197823.3408859569
1653,13.224,197801.78646703062
1654,13.232,197971.06997892252
1655,13.24,197977.7040551206
1656,13.248,197963.6207795166
1657,13.256,197839.2565079108
1658,13.264,197840.02985303503
1659,13.272,197959.5320253592
1660,13.28,197967.69754995478
1661,13.288,197990.83548200005
1662,13.296,197876.15042355214
1663,13.304,197922.78338867548
1664,13.312,198115.17652653702
1665,13.32,198152.81789552234
1666,13.328,198184.7123606812
1667,13.336,198070.91395723747
1668,13.344,198083.34572516783
1669,13.352,198231.28520407737
1670,13.36,198252.88294718048
1671,13.368,198248.7772050256
1672,13.376,198066.50718748735
1673,13.384,198079.92362773206
1674,13.392,198229.16732879344
1675,13.4,198205.85237290116
1676,13.408,198234.7016362919
1677,13.416,198096.37820436264
1678,13.424,198095.05965708263
1679,13.432,198247.79866484492
1680,13.44,198224.8647327162
1681,13.448,198220.19292479995
1682,13.456,198051.0751449693
1683,13.464,197998.58859755282
1684,13.472,198077.78803754257
1685,13.48,197986.70990976982
1686,13.488,197897.64573182468
1687,13.496,197644.42095511474
1688,13.504,197535.62016762106
1689,13.512,197599.16828214825
1690,13.52,197509.3996133605
1691,13.528,197420.765613257
1692,13.536,197214.98443529545
1693,13.544,197165.45742726838
1694,13.552,197267.53868330497
1695,13.56,197242.22592543325
1696,13.568,197214.1179069659
1697,13.576,197032.60269411045
1698,13.584,197012.90684775155
1699,13.592,197144.9595433957
1700,13.6,197111.14070776108
1701,13.608,197080.01346959523
1702,13.616,196928.69187048604
1703,13.624,196925.05302642906
1704,13.632,197083.6478995083
1705,13.64,197126.1504655098
1706,13.648,197166.7259022583
1707,13.656,197069.87767157154
1708,13.664,197128.20013163352
1709,13.672,197310.0020449426
1710,13.68,197361.30333690642
1711,13.688,197444.350554733
1712,13.696,197355.03841121268
1713,13.704,197401.11155967042
1714,13.712,197606.64010648403
1715,13.72,197643.4867825824
1716,13.728,197659.56257205183
1717,13.736,197520.9436380808
1718,13.744,197513.381260497
1719,13.752,197641.1748868887
1720,13.76,197614.46791760155
1721,13.768,197591.7872153222
1722,13.776,197430.7883789601
1723,13.784,197400.1816637359
1724,13.792,197534.15484725154
1725,13.8,197541.4204298911
1726,13.808,197534.24565207053
1727,13.816,197402.23700433003
1728,13.824,197396.59227969754
1729,13.832,197514.86637490176
1730,13.84,197519.4061185263
1731,13.848,197519.67784514415
1732,13.856,197364.76024998675
1733,13.864,197351.68893649228
1734,13.872,197491.4019672358
1735,13.88,197482.3820494128
1736,13.888,197435.38679906868
1737,13.896,197237.43393182792
1738,13.904,197178.1380150425
1739,13.912,197262.40170265152
1740,13.92,197205.20185631973
1741,13.928,197130.85057315882
1742,13.936,196931.72301670018
1743,13.944,196873.7865485163
1744,13.952,196929.34756402113
1745,13.96,196855.97482603282
1746,13.968,196791.36701216022
1747,13.976,196569.83212683882
1748,13.984,196505.20212682738
1749,13.992,196612.61944915412
1750,14.0,196574.79203087342
1751,14.008,196539.92501566216
1752,14.016,196391.8441676207
1753,14.024,196392.18548159633
1754,14.032,196557.65293835738
1755,14.04,196622.82325566933
1756,14.048,196685.05048228605
1757,14.056,196607.51459776226
1758,14.064,196698.11752860819
1759,14.072,196924.58680007086
1760,14.08,197020.08151075215
1761,14.088,197147.73214409818
1762,14.096,197116.63420883895
1763,14.104,197218.3112286424
1764,14.112,197473.814081718
1765,14.12,197570.43929487196
1766,14.128,197657.2636300273
1767,14.136,197584.86342653757
1768,14.144,197621.90115987652
1769,14.152,197818.74496671374
1770,14.16,197866.63184778005
1771,14.168,197847.8481176239
1772,14.176,197689.24512769634
1773,14.184,197705.10895255566
1774,14.192,197861.57971246625
1775,14.2,197877.63900346245
1776,14.208,197881.1860925935
1777,14.216,197726.1985630075
1778,14.224,197709.67886834766
1779,14.232,197840.8825843127
1780,14.24,197834.61103124946
1781,14.248,197826.46808083804
1782,14.256,197666.43920160024
1783,14.264,197621.49609153904
1784,14.272,197722.2340964408
1785,14.28,197680.5108516959
1786,14.288,197601.10840185027
1787,14.296,197390.73494438463
1788,14.304,197351.90213003033
1789,14.312,197468.4470706434
1790,14.32,197451.36188339876
1791,14.328,197430.01696098366
1792,14.336,197280.80245370237
1793,14.344,197279.04685337842
1794,14.352,197433.72413234436
1795,14.36,197469.37359269723
1796,14.368,197482.42954172555
1797,14.376,197334.56565576926
1798,14.384,197336.28480835276
1799,14.392,197502.50833212148
1800,14.4,197527.41132265894
1801,14.408,197533.4289456677
1802,14.416,197413.45866394058
1803,14.424,197436.45544434217
1804,14.432,197609.71271306628
1805,14.44,197683.51280324566
1806,14.448,197740.37258377657
1807,14.456,197599.80265868374
1808,14.464,197586.309286223
1809,14.472,197722.89850705652
1810,14.48,197687.51540531198
1811,14.488,197604.77777184572
1812,14.496,197376.60453040173
1813,14.504,197293.4705312011
1814,14.512,197332.4802743666
1815,14.52,197229.2174687177
1816,14.528,197143.11532234514
1817,14.536,196929.1572164498
1818,14.544,196881.8360629134
1819,14.552,196989.54021288216
1820,14.56,196956.03987769096
1821,14.568,196934.35664586042
1822,14.576,196788.9874482968
1823,14.584,196819.7540350948
1824,14.592,197004.36194110062
1825,14.6,197030.08801591798
1826,14.608,197068.2768625251
1827,14.616,196976.9617121409
1828,14.624,197013.96442318437
1829,14.632,197204.18687857996
1830,14.64,197247.22917801616
1831,14.648,197283.01366341786
1832,14.656,197210.8579097471
1833,14.664,197251.10553650133
1834,14.672,197446.3054560966
1835,14.68,197519.4061185263
1836,14.688,197521.21447042888
1837,14.696,197402.3951574315
1838,14.704,197424.79113254315
1839,14.712,197578.86777746567
1840,14.72,197632.4796269
1841,14.728,197654.3928487598
1842,14.736,197544.3821801311
1843,14.744,197574.7569561362
1844,14.752,197721.13664419623
1845,14.76,197736.54728062448
1846,14.768,197725.23351019254
1847,14.776,197567.69066465335
1848,14.784,197561.28979032728
1849,14.792,197707.65931135113
1850,14.8,197685.51410427882
1851,14.808,197623.14503807752
1852,14.816,197464.71745021074
1853,14.824,197428.67812583354
1854,14.832,197511.38633429012
1855,14.84,197471.3748937304
1856,14.848,197380.83807452253
1857,14.856,197151.14062835695
1858,14.864,197060.20463960207
1859,14.872,197092.50117139978
1860,14.88,196991.0626457713
1861,14.888,196860.91486077875
1862,14.896,196616.42536253706
1863,14.904,196552.46377793726
1864,14.912,196662.70690194357
1865,14.92,196643.83691651755
1866,14.928,196621.26489278037
1867,14.936,196538.4085733477
1868,14.944,196614.75436437113
1869,14.952,196848.85538209468
1870,14.96,197011.07565610294
1871,14.968,197157.52154763896
1872,14.976,197169.1180079251
1873,14.984,197335.09777069418
1874,14.992,197650.7361170668
1875,15.0,197825.60517660022
1876,15.008,197946.6964784338
1877,15.016,197946.44085628694
1878,15.024,198116.13248766074
1879,15.032,198399.5106672485
1880,15.04,198519.05598459116
1881,15.048,198608.90398898034
1882,15.056,198523.30354939267
1883,15.064,198532.64954203548
1884,15.072,198672.82088963155
1885,15.08,198692.16852395973
1886,15.088,198675.14363071867
1887,15.096,198465.68829882095
1888,15.104,198374.5110236082
1889,15.112,198401.73966745634
1890,15.12,198254.88424821367
1891,15.128,198099.12213783746
1892,15.136,197807.4555484988
1893,15.144,197624.55305597433
1894,15.152,197594.06212285234
1895,15.16,197449.3605823656
1896,15.168,197293.09749090706
1897,15.176,197025.0346332982
1898,15.184,196882.70868807717
1899,15.192,196859.50129971703
1900,15.2,196720.8870062943
1901,15.208,196555.4701972151
1902,15.216,196242.84389423375
1903,15.224,196090.48116481848
1904,15.232,196080.26762821368
1905,15.24,195936.37700129446
1906,15.248,195821.03603392254
1907,15.256,195605.97466947755
1908,15.264,195523.25320610768
1909,15.272,195604.61723336202
1910,15.28,195584.1480194578
1911,15.288,195557.20870851516
1912,15.296,195434.0550832583
1913,15.304,195464.5395222781
1914,15.312,195626.26924425832
1915,15.32,195685.21372163252
1916,15.328,195743.52538199731
1917,15.336,195658.01032410248
1918,15.344,195730.09380849384
1919,15.352,195953.53576496753
1920,15.36,196023.43359623704
1921,15.368,196071.58980442412
1922,15.376,196005.3427670603
1923,15.384,196092.33121712945
1924,15.392,196302.26965324688
1925,15.4,196363.65477187475
1926,15.408,196418.01545586437
1927,15.416,196322.20225298975
1928,15.424,196345.84971566484
1929,15.432,196535.2939393467
1930,15.44,196584.79853603925
1931,15.448,196577.66013252296
1932,15.456,196445.99632831968
1933,15.464,196455.17546292796
1934,15.472,196599.5776521544
1935,15.48,196604.81154637085
1936,15.488,196547.4648206603
1937,15.496,196342.76821020822
1938,15.504,196276.45277822766
1939,15.512,196334.08045751546
1940,15.52,196230.56825316942
1941,15.528,196072.5859027458
1942,15.536,195786.73962543966
1943,15.544,195639.57317808166
1944,15.552,195623.97474990273
1945,15.56,195514.1024832971
1946,15.568,195411.70452140018
1947,15.576,195196.19024917958
1948,15.584,195182.79495520468
1949,15.592,195319.88788874185
1950,15.6,195310.97042843106
1951,15.608,195326.3182761506
1952,15.616,195202.91490241434
1953,15.624,195196.8616526006
1954,15.632,195357.0522073897
1955,15.64,195383.01726562492
1956,15.648,195365.79113778204
1957,15.656,195217.61023564424
1958,15.664,195213.78112144908
1959,15.672,195312.55634146012
1960,15.68,195275.9476603507
1961,15.688,195242.18083357695
1962,15.696,195029.24255912332
1963,15.704,194959.81453092667
1964,15.712,195078.09869629383
1965,15.72,195064.81040135204
1966,15.728,195037.26999216323
1967,15.736,194888.39775364875
1968,15.744,194912.64786405297
1969,15.752,195102.50086679816
1970,15.76,195165.87610352677
1971,15.768,195221.77915621595
1972,15.776,195127.43056359902
1973,15.784,195187.1442016324
1974,15.792,195430.89323769906
1975,15.8,195575.14216480858
1976,15.808,195722.59936079622
1977,15.816,195729.5597260474
1978,15.824,195906.61244422267
1979,15.832,196260.38765001128
1980,15.84,196467.7224255992
1981,15.848,196671.09443768437
1982,15.856,196771.15588246752
1983,15.864,197003.98879622007
1984,15.872,197369.1900046953
1985,15.88,197615.4685681181
1986,15.888,197837.4154868966
1987,15.896,197897.06601047865
1988,15.904,198082.8397158662
1989,15.912,198382.23932128638
1990,15.92,198482.03191547765
1991,15.928,198524.72555064704
1992,15.936,198406.18713268195
1993,15.944,198323.36947276955
1994,15.952,198317.89731872446
1995,15.96,198152.81789552234
1996,15.968,197917.70308264185
1997,15.976,197568.21419854002
1998,15.984,197346.68892276916
1999,15.992,197260.7002308679
2000,16.0,197090.12704691285
2001,16.008,196884.8794469046
2002,16.016,196576.1317605594
2003,16.024,196461.8010657463
2004,16.032,196479.4033069395
2005,16.04,196371.6599760074
2006,16.048,196270.5622341712
2007,16.056,196048.49177676748
2008,16.064,195979.84847813085
2009,16.072,196081.62955445863
2010,16.08,196077.46872413246
2011,16.088,196061.019815612
2012,16.096,195910.53246367734
2013,16.104,195917.249540214
2014,16.112,196109.10269028283
2015,16.12,196205.55199025487
2016,16.128,196288.46869025767
2017,16.136,196250.35185415682
2018,16.144,196384.03298597698
2019,16.152,196654.76930327344
2020,16.16,196762.91432799073
2021,16.168,196854.09826762733
2022,16.176,196805.20680563772
2023,16.184,196848.0430444219
2024,16.192,197033.90875895356
2025,16.2,197117.14461086056
2026,16.208,197167.2868799751
2027,16.216,197082.5819196793
2028,16.224,197143.14499910828
2029,16.232,197352.50698542004
2030,16.24,197432.34952358372
2031,16.248,197469.3436857369
2032,16.256,197381.5997366501
2033,16.264,197434.11812640322
2034,16.272,197594.21440782206
2035,16.28,197586.44970313724
2036,16.288,197544.99195612714
2037,16.296,197385.48891893736
2038,16.304,197342.9634472582
2039,16.312,197440.31672491346
2040,16.32,197430.34822255056
2041,16.328,197364.8839519509
2042,16.336,197168.0639611938
2043,16.344,197142.99877170168
2044,16.352,197230.37170706445
2045,16.36,197179.18494288862
2046,16.368,197149.934444576
2047,16.376,196989.1247727455
2048,16.384,196957.10979596383
2049,16.392,197108.91982045438
2050,16.4,197159.171932557
2051,16.408,197175.28062098086
2052,16.416,197056.40411987723
2053,16.424,197076.63957742992
2054,16.432,197222.33202540522
2055,16.44,197231.21876975085
2056,16.448,197217.2655215089
2057,16.456,197066.57172794093
2058,16.464,197065.13686879276
2059,16.472,197217.35998226274
2060,16.48,197235.22137181717
2061,16.488,197238.59986752
2062,16.496,197135.48172950212
2063,16.504,197178.25649209027
2064,16.512,197369.30870104957
2065,16.52,197485.38400096254
2066,16.528,197621.6568589276
2067,16.536,197619.4835742958
2068,16.544,197767.47263934786
2069,16.552,198035.56997703412
2070,16.56,198134.80618622387
2071,16.568,198219.7932609056
2072,16.576,198152.95272116837
2073,16.584,198212.45181991233
2074,16.592,198416.58994345446
2075,16.6,198470.02410927866
2076,16.608,198491.83457459754
2077,16.616,198371.3147338127
2078,16.624,198384.3007926691
2079,16.632,198511.3701892271
2080,16.64,198472.02541031182
2081,16.648,198407.49618604023
2082,16.656,198183.58944720504
2083,16.664,198063.62661006922
2084,16.672,198089.46000953022
2085,16.68,197994.7151139025
2086,16.688,197886.53183137593
2087,16.696,197665.3805388149
2088,16.704,197587.51427729713
2089,16.712,197649.53657976858
2090,16.72,197589.451654687
2091,16.728,197497.4297904195
2092,16.736,197259.57602599481
2093,16.744,197162.39618723854
2094,16.752,197199.63142028873
2095,16.76,197109.13940672792
2096,16.768,197004.49897536775
2097,16.776,196753.4009738338
2098,16.784,196648.16028535727
2099,16.792,196699.19650792115
2100,16.8,196606.81284740404
2101,16.808,196503.2189903888
2102,16.816,196307.32178244615
2103,16.824,196266.9999483979
2104,16.832,196374.18073174305
2105,16.84,196351.64696567575
2106,16.848,196333.66063110673
2107,16.856,196238.99463327994
2108,16.864,196263.3056282895
2109,16.872,196432.87358013482
2110,16.88,196508.74909677904
2111,16.888,196527.11967888544
2112,16.896,196428.38437006672
2113,16.904,196492.32299711127
2114,16.912,196688.79249236258
2115,16.92,196792.93384348816
2116,16.928,196863.92429113775
2117,16.936,196759.9920407256
2118,16.944,196837.21817010592
2119,16.952,197079.5750715823
2120,16.96,197157.17063152383
2121,16.968,197216.31718499502
2122,16.976,197140.49536707217
2123,16.984,197169.8725668157
2124,16.992,197307.2883526521
2125,17.0,197290.25715022915
2126,17.008,197248.61466660572
2127,17.016,197065.35513194077
2128,17.024,197004.79886019783
2129,17.032,197088.46577864248
2130,17.04,197069.11338606465
2131,17.048,197040.28399233753
2132,17.056,196874.17816972596
2133,17.064,196878.96039260272
2134,17.072,197045.1918303976
2135,17.08,197074.11663864757
2136,17.088,197087.81986137337
2137,17.096,196948.11606163342
2138,17.104,196928.3332156035
2139,17.112,197058.36143359597
2140,17.12,197054.10362831593
2141,17.128,197006.53772169838
2142,17.136,196823.23332424634
2143,17.144,196807.52452549292
2144,17.152,196905.3676628996
2145,17.16,196874.98718584786
2146,17.168,196889.58910982372
2147,17.176,196754.657468148
2148,17.184,196776.1335947997
2149,17.192,196989.74668365862
2150,17.2,197061.108181932
2151,17.208,197127.07455193138
2152,17.216,197068.83886398742
2153,17.224,197148.1806733754
2154,17.232,197397.7220715071
2155,17.24,197493.38920509518
2156,17.248,197527.19867899353
2157,17.256,197451.77681393232
2158,17.264,197518.7689902007
2159,17.272,197703.67433504283
2160,17.28,197788.5811074867
2161,17.288,197865.2944286644
2162,17.296,197801.3534518106
2163,17.304,197913.23223789732
2164,17.312,198143.45663632292
2165,17.32,198191.843265669
2166,17.328,198245.72179802376
2167,17.336,198160.56219043952
2168,17.344,198172.6251979136
2169,17.352,198318.24190605772
2170,17.36,198307.91872559246
2171,17.368,198248.12082484784
2172,17.376,198047.1039849834
2173,17.384,197958.74690184832
2174,17.392,198020.7498881991
2175,17.4,197984.70860873666
2176,17.408,197930.04958649876
2177,17.416,197768.16269632394
2178,17.424,197755.86766989107
2179,17.432,197901.97717345107
2180,17.44,197940.67998600708
2181,17.448,197955.3924819924
2182,17.456,197884.90577651368
2183,17.464,197967.3715928288
2184,17.472,198185.64382467442
2185,17.48,198308.91937610906
2186,17.488,198387.7972627048
2187,17.496,198318.95800732562
2188,17.504,198431.6335214513
2189,17.512,198675.0425212651
2190,17.52,198784.22837148522
2191,17.528,198908.7787139807
2192,17.536,198879.80984285177
2193,17.544,198986.13367386063
2194,17.552,199234.49543577072
2195,17.56,199316.57444630656
2196,17.568,199375.83765870202
2197,17.576,199263.80950356383
2198,17.584,199232.8114763288
2199,17.592,199348.07759935746
2200,17.6,199324.5796504392
2201,17.608,199246.68426903719
2202,17.616,199041.62808957847
2203,17.624,198984.59737836863
2204,17.632,199075.9894869108
2205,17.64,199063.40986561147
2206,17.648,199003.77230353805
2207,17.656,198769.46813477107
2208,17.664,198696.73237749244
2209,17.672,198751.85744458958
2210,17.68,198615.11843418298
2211,17.688,198457.57985332244
2212,17.696,198183.53175186063
2213,17.704,198031.19805495607
2214,17.712,198013.68279349513
2215,17.72,197865.6311972635
2216,17.728,197698.03992905864
2217,17.736,197418.56322799076
2218,17.744,197302.08937299342
2219,17.752,197359.99214904345
2220,17.76,197326.28056882607
2221,17.768,197292.76363803793
2222,17.776,197160.13595886284
2223,17.784,197198.75321968584
2224,17.792,197370.3103034415
2225,17.8,197416.3391153184
2226,17.808,197449.44594461727
2227,17.816,197313.3871474147
2228,17.824,197307.04609481068
2229,17.832,197449.67069364115
2230,17.84,197456.36513598167
2231,17.848,197467.01374377753
2232,17.856,197373.68265856613
2233,17.864,197454.4838366815
2234,17.872,197708.75525259058
2235,17.88,197833.61038073286
2236,17.888,197954.35600503816
2237,17.896,197982.87036245182
2238,17.904,198164.7028888253
2239,17.912,198460.03988911962
2240,17.92,198595.10542385135
2241,17.928,198690.5293896183
2242,17.936,198615.6480392128
2243,17.944,198633.72749138623
2244,17.952,198768.6248046312
2245,17.96,198761.21340960386
2246,17.968,198700.87327433715
2247,17.976,198480.17679419517
2248,17.984,198424.4633367625
2249,17.992,198529.88706175584
2250,18.0,198509.04947942533
2251,18.008,198477.87176130686
2252,18.016,198309.67538934786
2253,18.024,198316.67516702405
2254,18.032,198475.23983587083
2255,18.04,198486.03451754397
2256,18.048,198485.58078321037
2257,18.056,198302.35507032537
2258,18.064,198226.08600976446
2259,18.072,198287.3129966159
2260,18.08,198152.81789552234
2261,18.088,197978.86438285047
2262,18.096,197698.1968068782
2263,18.104,197530.9648283298
2264,18.112,197526.4462786649
2265,18.12,197423.34366893448
2266,18.128,197283.4593365458
2267,18.136,197075.26361293622
2268,18.144,197049.24181572694
2269,18.152,197163.73193924155
2270,18.16,197199.19795322025
2271,18.168,197223.502086629
2272,18.176,197106.085317435
2273,18.184,197154.07958768847
2274,18.192,197359.74576549695
2275,18.2,197416.3391153184
2276,18.208,197429.27456507736
2277,18.216,197312.2149689899
2278,18.224,197334.3809938792
2279,18.232,197507.27740104418
2280,18.24,197566.43669280564
2281,18.248,197622.27159144107
2282,18.256,197588.59746233962
2283,18.264,197710.9383456029
2284,18.272,197973.28164230147
2285,18.28,198138.80878829022
2286,18.288,198274.05156301684
2287,18.296,198223.2238156929
2288,18.304,198321.5286686903
2289,18.312,198577.17700084165
2290,18.32,198658.14640639597
2291,18.328,198692.62307345335
2292,18.336,198595.06796733246
2293,18.344,198616.22366023934
2294,18.352,198745.91506206235
2295,18.36,198727.19129204008
2296,18.368,198677.7013325023
2297,18.376,198479.3103582666
2298,18.384,198408.44832169064
2299,18.392,198462.52637938922
2300,18.4,198383.96816485267
2301,18.408,198290.97452771384
2302,18.416,198037.29800743624
2303,18.424,197915.82005414052
2304,18.432,197970.30212974083
2305,18.44,197909.65981999304
2306,18.448,197823.45823317757
2307,18.456,197627.38718713474
2308,18.464,197621.4871223314
2309,18.472,197771.22283220888
2310,18.48,197797.58696213595
2311,18.488,197851.02520933168
2312,18.496,197798.57058406036
2313,18.504,197890.68624328854
2314,18.512,198136.38496158956
2315,18.52,198237.87318943176
2316,18.528,198295.21152795842
2317,18.536,198213.12391215714
2318,18.544,198252.16759511284
2319,18.552,198428.3618083706
2320,18.56,198504.04622684245
2321,18.568,198580.3667174247
2322,18.576,198544.07974950236
2323,18.584,198682.41610543375
2324,18.592,198982.8204931689
2325,18.6,199141.4606059048
2326,18.608,199254.4299862973
2327,18.616,199223.53187505805
2328,18.624,199317.31340998807
2329,18.632,199507.79007478387
2330,18.64,199534.7162589213
2331,18.648,199537.43252812602
2332,18.656,199381.65623190624
2333,18.664,199328.09950426838
2334,18.672,199417.61862784263
2335,18.68,199383.6180309175
2336,18.688,199324.95505638875
2337,18.696,199141.05022707718
2338,18.704,199088.05321041212
2339,18.712,199178.4273535404
2340,18.72,199138.45865435505
2341,18.728,199043.39446494775
2342,18.736,198812.64089648757
2343,18.744,198720.00590668587
2344,18.752,198749.2600597411
2345,18.76,198661.14835794573
2346,18.768,198559.3619786469
2347,18.776,198309.32594829623
2348,18.784,198195.77257514154
2349,18.792,198228.23408688005
2350,18.8,198133.8055357073
2351,18.808,198022.53818048275
2352,18.816,197774.63287995348
2353,18.824,197672.35897327188
2354,18.832,197722.42878846105
2355,18.84,197642.48613206582
2356,18.848,197551.54044853753
2357,18.856,197349.37344257778
2358,18.864,197294.6678106819
2359,18.872,197357.15093198334
2360,18.88,197315.27341314367
2361,18.888,197310.7607691737
2362,18.896,197162.24940186407
2363,18.904,197172.1353986372
2364,18.912,197342.51410297363
2365,18.92,197342.29097709138
2366,18.928,197325.59804686368
2367,18.936,197192.6345282606
2368,18.944,197186.94964783065
2369,18.952,197285.45770528613
2370,18.96,197247.22917801616
2371,18.968,197212.90289825966
2372,18.976,197010.62421751395
2373,18.984,196948.94523906117
2374,18.992,197071.7035867157
2375,19.0,197073.11598813097
2376,19.008,197064.87730024493
2377,19.016,196944.49847516074
2378,19.024,197006.89270339237
2379,19.032,197206.49114612959
2380,19.04,197260.23763473172
2381,19.048,197323.77707702707
2382,19.056,197227.20803600454
2383,19.064,197259.76353311876
2384,19.072,197442.33211150547
2385,19.08,197454.3638349485
2386,19.088,197434.05751453954
2387,19.096,197277.27609549003
2388,19.104,197240.69254015732
2389,19.112,197325.82583167544
2390,19.12,197267.24218834777
2391,19.128,197201.26925823357
2392,19.136,197022.12858555364
2393,19.144,196996.5298857324
2394,19.152,197131.28730965703
2395,19.16,197141.1602232585
2396,19.168,197152.84952792004
2397,19.176,197075.88204474453
2398,19.184,197118.53545178127
2399,19.192,197297.10487620594
2400,19.2,197361.30333690642
2401,19.208,197369.14056482134
2402,19.216,197232.61163449998
2403,19.224,197196.88957867
2404,19.232,197263.50476359043
2405,19.24,197229.2174687177
2406,19.248,197158.41481848893
2407,19.256,196930.7522102911
2408,19.264,196883.42919525862
2409,19.272,197001.78112058464
2410,19.28,196999.06784990395
2411,19.288,197007.999491035
2412,19.296,196893.03341786165
2413,19.304,196931.75147139272
2414,19.312,197150.66476649622
2415,19.32,197236.22202233376
2416,19.328,197295.0252828141
2417,19.336,197254.52802353053
2418,19.344,197350.4776218967
2419,19.352,197551.97347733367
2420,19.36,197620.47182070103
2421,19.368,197674.13408944104
2422,19.376,197594.3411331353
2423,19.384,197657.79482771413
2424,19.392,197847.57148304803
2425,19.4,197888.64615914485
2426,19.408,197925.8403006058
2427,19.416,197848.19478293168
2428,19.424,197891.26281143576
2429,19.432,198056.6452412734
2430,19.44,198089.77691297772
2431,19.448,198090.9623859233
2432,19.456,197954.17956234294
2433,19.464,197970.23157260145
2434,19.472,198132.36688242838
2435,19.48,198152.81789552234
2436,19.488,198154.62354755992
2437,19.496,198009.21895419285
2438,19.504,197942.3903449591
2439,19.512,198032.77481750812
2440,19.52,198016.7294252673
2441,19.528,197943.33764573256
2442,19.536,197765.97193920394
2443,19.544,197700.58697798027
2444,19.552,197742.85019267676
2445,19.56,197710.53036719337
2446,19.568,197661.38038392883
2447,19.576,197484.8863550985
2448,19.584,197462.57562072604
2449,19.592,197587.03112580927
2450,19.6,197598.45750933624
2451,19.608,197586.8178487413
2452,19.616,197451.67072336873
2453,19.624,197451.10175566003
2454,19.632,197586.1508137654
2455,19.64,197603.46076191915
2456,19.648,197584.7280131035
2457,19.656,197429.76411985507
2458,19.664,197435.67507279603
2459,19.672,197588.40904690768
2460,19.68,197623.47377225076
2461,19.688,197663.07491375357
2462,19.696,197568.81114898206
2463,19.704,197612.81795913386
2464,19.712,197828.86161913312
2465,19.72,197940.67998600708
2466,19.728,198018.73972645387
2467,19.736,197945.65440188083
2468,19.744,198024.52035390213
2469,19.752,198234.0751013346
2470,19.76,198273.8966080287
2471,19.768,198295.97419202875
2472,19.776,198192.68778667974
2473,19.784,198200.19515291866
2474,19.792,198353.9905770848
2475,19.8,198387.970766919
2476,19.808,198356.62373937786
2477,19.816,198180.01165612784
2478,19.824,198173.1000403881
2479,19.832,198286.83752308926
2480,19.84,198220.86213064988
2481,19.848,198132.65057361108
2482,19.856,197928.14901423565
2483,19.864,197835.8993888639
2484,19.872,197865.95178764
2485,19.88,197787.5804569701
2486,19.888,197697.0895760073
2487,19.896,197476.3248114242
2488,19.904,197418.72481036407
2489,19.912,197520.79412725105
2490,19.92,197472.37554424698
2491,19.928,197411.1796538078
2492,19.936,197273.44961878587
2493,19.944,197260.8264858122
2494,19.952,197371.83517742617
2495,19.96,197395.3254544702
2496,19.968,197399.13711424937
2497,19.976,197276.19710724958
2498,19.984,197335.28907571617
2499,19.992,197543.76748351287
2500,20.0,197610.4653155352
2501,20.008,197663.84141100862
2502,20.016,197589.91506923258
2503,20.024,197654.38625534365
2504,20.032,197886.11601616847
2505,20.04,197995.71576441906
2506,20.048,198061.54556104227
2507,20.056,198002.95537280058
2508,20.064,198087.41988208037
2509,20.072,198292.18629746762
2510,20.08,198351.94734832205
2511,20.088,198375.88826244982
2512,20.096,198260.13312863006
2513,20.104,198277.53306870806
2514,20.112,198430.67888104627
2515,20.12,198468.0228082455
2516,20.128,198476.42572292246
2517,20.136,198317.0318742142
2518,20.144,198296.9925437203
2519,20.152,198419.81503371615
2520,20.16,198405.98247621744
2521,20.168,198386.11480602893
2522,20.176,198229.7534635039
2523,20.184,198220.68491099455
2524,20.192,198371.65365227015
2525,20.2,198375.96296072
2526,20.208,198351.98906780995
2527,20.216,198204.87276787858
2528,20.224,198182.4905143742
2529,20.232,198283.34602958095
2530,20.24,198244.87774304784
2531,20.248,198193.57205183886
2532,20.256,198037.47073612857
2533,20.264,198013.5402430699
2534,20.272,198143.9755020637
2535,20.28,198178.83480895346
2536,20.288,198187.09644433964
2537,20.296,198085.32025515463
2538,20.304,198150.00110523307
2539,20.312,198360.9309137807
2540,20.32,198443.00654533095
2541,20.328,198458.57274995465
2542,20.336,198316.86527381578
2543,20.344,198351.11125520215
2544,20.352,198514.0344646007
2545,20.36,198504.04622684245
2546,20.368,198489.33095107262
2547,20.376,198342.61307341323
2548,20.384,198306.1225899424
2549,20.392,198433.14038074354
2550,20.4,198427.99678758223
2551,20.408,198369.90464810393
2552,20.416,198205.28286649263
2553,20.424,198166.8119553872
2554,20.432,198227.50783252539
2555,20.44,198180.83610998662
2556,20.448,198120.51801698812
2557,20.456,197913.22776550206
2558,20.464,197856.1933041099
2559,20.472,197944.1745439198
2560,20.48,197892.64876121117
2561,20.488,197826.2279844204
2562,20.496,197637.91023353368
2563,20.504,197585.53460698065
2564,20.512,197691.1696928798
2565,20.52,197688.51605582857
2566,20.528,197671.55274610175
2567,20.536,197529.79233830335
2568,20.544,197517.272208353
2569,20.552,197664.54186280209
2570,20.56,197719.53622184257
2571,20.568,197742.9980381515
2572,20.576,197632.22262165914
2573,20.584,197655.55237466606
2574,20.592,197771.04133655236
2575,20.6,197740.5498826908
2576,20.608,197721.46829143967
2577,20.616,197571.56096891453
2578,20.624,197529.5956798905
2579,20.632,197633.7211326615
2580,20.64,197620.47182070103
2581,20.648,197579.54042732736
2582,20.656,197424.26793049276
2583,20.664,197412.45495751934
2584,20.672,197511.82080678781
2585,20.68,197472.37554424698
2586,20.688,197426.56261439653
2587,20.696,197266.77852165714
2588,20.704,197253.31421112624
2589,20.712,197363.48101575676
2590,20.72,197331.283821409
2591,20.728,197299.77478163404
2592,20.736,197161.93624065048
2593,20.744,197167.558361487
2594,20.752,197322.3390297865
2595,20.76,197361.30333690642
2596,20.768,197389.99898122874
2597,20.776,197303.54612576377
2598,20.784,197356.45537783505
2599,20.792,197535.23652406753
2600,20.8,197582.44710107092
2601,20.808,197614.80795148446
2602,20.816,197520.13639681105
2603,20.824,197563.6769408373
2604,20.832,197750.9365860348
2605,20.84,197787.5804569701
2606,20.848,197781.77941572864
2607,20.856,197668.98164380676
2608,20.864,197693.2603496633
2609,20.872,197854.43263322988
2610,20.88,197893.64941172776
2611,20.888,197893.20048702872
2612,20.896,197793.33919783134
2613,20.904,197860.79172591236
2614,20.912,198047.01356472904
2615,20.92,198135.80683674046
2616,20.928,198216.45680711773
2617,20.936,198110.0773956311
2618,20.944,198169.66056498693
2619,20.952,198402.49107955027
2620,20.96,198454.01370101335
2621,20.968,198484.75646003842
2622,20.976,198407.46690310712
2623,20.984,198446.60612459213
2624,20.992,198617.0170884027
2625,21.0,198639.13404658093
2626,21.008,198623.94358478623
2627,21.016,198488.97678869602
2628,21.024,198432.00679932855
2629,21.032,198470.90075527068
2630,21.04,198421.99288448275
2631,21.048,198348.8748275916
2632,21.056,198126.40731689837
2633,21.064,198059.260992114
2634,21.072,198164.21276824866
2635,21.08,198168.82830378765
2636,21.088,198135.85228263572
2637,21.096,197955.4089040446
2638,21.104,197937.54221135163
2639,21.112,198056.16566837323
2640,21.12,198029.73788198284
2641,21.128,198004.28342723448
2642,21.136,197837.64096429158
2643,21.144,197773.06799194243
2644,21.152,197856.71996327688
2645,21.16,197807.59346730175
2646,21.168,197715.90540179957
2647,21.176,197517.68500983636
2648,21.184,197479.79907318382
2649,21.192,197604.23486286894
2650,21.2,197618.47051966787
2651,21.208,197612.8291249246
2652,21.216,197513.19447012132
2653,21.224,197553.60288956866
2654,21.232,197722.62136096164
2655,21.24,197809.5947683349
2656,21.248,197871.3433071673
2657,21.256,197765.16841877028
2658,21.264,197814.8286793624
2659,21.272,197981.84392690237
2660,21.28,197986.70990976982
2661,21.288,197988.5659125181
2662,21.296,197828.5188852666
2663,21.304,197796.39693004263
2664,21.312,197936.0866648475
2665,21.32,197957.69104478898
2666,21.328,197958.5654445149
2667,21.336,197806.3362557038
2668,21.344,197813.56894558712
2669,21.352,197969.50268143837
2670,21.36,197957.69104478898
2671,21.368,197952.65985071787
2672,21.376,197842.54811340992
2673,21.384,197836.27882608256
2674,21.392,197973.93728486716
2675,21.4,198003.7209685517
2676,21.408,198002.9034700338
2677,21.416,197893.72959179082
2678,21.424,197945.8141948375
2679,21.432,198128.50906564726
2680,21.44,198164.82570172133
2681,21.448,198193.47718191164
2682,21.456,198134.71863469854
2683,21.464,198182.28133555476
2684,21.472,198342.53954675337
2685,21.48,198403.98117518428
2686,21.488,198409.62198222568
2687,21.496,198252.50767453812
2688,21.504,198245.69691365672
2689,21.512,198354.92026343328
2690,21.52,198306.9180750759
2691,21.528,198259.19516447262
2692,21.536,198085.91308295782
2693,21.544,198012.72861603767
2694,21.552,198114.3767893432
2695,21.56,198116.79447692542
2696,21.568,198056.36327394817
2697,21.576,197891.88939920478
2698,21.584,197879.0546334394
2699,21.592,197983.1801113533
2700,21.6,197983.7079582201
2701,21.608,197976.61698858012
2702,21.616,197844.8981219351
2703,21.624,197850.5486423026
2704,21.632,198004.376137199
2705,21.64,198032.73983353257
2706,21.648,198034.69319973333
2707,21.656,197940.21841332372
2708,21.664,197966.0342895522
2709,21.672,198110.8679667911
2710,21.68,198147.81464293945
2711,21.688,198142.15311334858
2712,21.696,198005.88158397237
2713,21.704,198017.32623984883
2714,21.712,198161.7062712148
2715,21.72,198178.83480895346
2716,21.728,198180.05741829207
2717,21.736,198067.22803741763
2718,21.744,198069.34060763693
2719,21.752,198209.31266997402
2720,21.76,198231.86928633228
2721,21.768,198203.78756170484
2722,21.776,198062.39880158863
2723,21.784,198061.8725671242
2724,21.792,198192.55372004255
2725,21.8,198222.86343168304
2726,21.808,198218.77701275877
2727,21.816,198076.82611216136
2728,21.824,198084.1892233257
2729,21.832,198209.41398837487
2730,21.84,198204.85172238457
2731,21.848,198211.66531709683
2732,21.856,198090.87627562694
2733,21.864,198095.5398101642
2734,21.872,198257.34974768836
2735,21.88,198308.91937610906
2736,21.888,198333.03488948912
2737,21.896,198232.30794729004
2738,21.904,198298.41179716168
2739,21.912,198507.8760625145
2740,21.92,198568.08785990364
2741,21.928,198611.30213673107
2742,21.936,198520.55675756457
2743,21.944,198530.41968640432
2744,21.952,198701.12734908782
2745,21.96,198765.21601167019
2746,21.968,198779.51501506806
2747,21.976,198679.28370986323
2748,21.984,198691.85769237275
2749,21.992,198811.47457975268
2750,22.0,198835.2615478309
2751,22.008,198841.7250898915
2752,22.016,198718.92534377507
2753,22.024,198732.78972939108
2754,22.032,198888.71674814855
2755,22.04,198934.32594897246
2756,22.048,198930.8894941549
2757,22.056,198779.78779000585
2758,22.064,198792.12509700767
2759,22.072,198938.459262315
2760,22.08,198938.32855103878
2761,22.088,198931.6800611534
2762,22.096,198799.84595099924
2763,22.104,198800.00811784723
2764,22.112,198945.4063314662
2765,22.12,198939.32920155535
2766,22.128,198894.81172761373
2767,22.136,198736.24684212497
2768,22.144,198683.97861328817
2769,22.152,198748.19671807942
2770,22.16,198680.16071776077
2771,22.168,198569.66590950315
2772,22.176,198357.51321704788
2773,22.184,198270.98658967626
2774,22.192,198311.0760611733
2775,22.2,198268.8933554458
2776,22.208,198214.85032345308
2777,22.216,198051.32464249377
2778,22.224,198040.54351297455
2779,22.232,198181.61163440897
2780,22.24,198201.84977083484
2781,22.248,198188.86018177253
2782,22.256,198076.22157089505
2783,22.264,198082.50585333386
2784,22.272,198229.0621070867
2785,22.28,198284.9037637111
2786,22.288,198292.70141987916
2787,22.296,198179.8843088967
2788,22.304,198192.26169775665
2789,22.312,198334.5706979243
2790,22.32,198377.96426175316
2791,22.328,198387.6847928265
2792,22.336,198283.894483791
2793,22.344,198305.74818028716
2794,22.352,198462.27156093085
2795,22.36,198511.0507804585
2796,22.368,198503.18862455353
2797,22.376,198367.97265806588
2798,22.384,198355.86900326752
2799,22.392,198458.14482721785
2800,22.4,198441.0052442978
2801,22.408,198387.54574369497
2802,22.416,198213.11692594198
2803,22.424,198162.0947045283
2804,22.432,198238.2799069043
2805,22.44,198220.86213064988
2806,22.448,198177.00098917203
2807,22.456,197999.17689296647
2808,22.464,197980.15434229653
2809,22.472,198100.77268285374
2810,22.48,198092.77886452747
2811,22.488,198068.3107198512
2812,22.496,197919.1647442203
2813,22.504,197932.9061687047
2814,22.512,198106.88686804392
2815,22.52,198149.81594397262
2816,22.528,198187.8740389715
2817,22.536,198109.36750308576
2818,22.544,198135.6801232851
2819,22.552,198293.81620371342
2820,22.56,198332.934988507
2821,22.568,198330.99159391748
2822,22.576,198206.8392951966
2823,22.584,198222.45024862516
2824,22.592,198365.3289694767
2825,22.6,198405.98247621744
2826,22.608,198431.95163487564
2827,22.616,198317.85655723026
2828,22.624,198372.15079309646
2829,22.632,198580.08072405515
2830,22.64,198646.138600197
2831,22.648,198704.8042628195
2832,22.656,198638.871456141
2833,22.664,198699.72355049345
2834,22.672,198908.71977065824
2835,22.68,198980.3558727352
2836,22.688,199001.3969266847
2837,22.696,198877.691156712
2838,22.704,198867.8901555261
2839,22.712,198982.0841666868
2840,22.72,198974.3519696357
2841,22.728,198908.3080234467
2842,22.736,198671.94827838254
2843,22.744,198604.59025327553
2844,22.752,198708.22491591505
2845,22.76,198650.14120226333
2846,22.768,198560.22003603147
2847,22.776,198368.64425154612
2848,22.784,198291.01833282397
2849,22.792,198368.75914710265
2850,22.8,198369.95905762052
2851,22.808,198344.11039259058
2852,22.816,198208.46468664985
2853,22.824,198220.96699541764
2854,22.832,198371.1790356493
2855,22.84,198425.99548654907
2856,22.848,198465.501732742
2857,22.856,198377.53692695836
2858,22.864,198420.03115926814
2859,22.872,198580.96493513588
2860,22.88,198619.1210362493
2861,22.888,198649.62143957958
2862,22.896,198565.45600181364
2863,22.904,198635.15142694212
2864,22.912,198859.46902250682
2865,22.92,198950.33635723774
2866,22.928,199008.71704173688
2867,22.936,198936.2068839297
2868,22.944,198971.3710519642
2869,22.952,199145.87211826208
2870,22.96,199188.49118018412
2871,22.968,199147.81336684854
2872,22.976,198973.19923429555
2873,22.984,198934.36080940277
2874,22.992,198989.5696142098
2875,23.0,198899.3031808921
2876,23.008,198782.9949528919
2877,23.016,198535.675174028
2878,23.024,198421.39491251408
2879,23.032,198473.10435652194
2880,23.04,198417.99028241643
2881,23.048,198333.3603849563
2882,23.056,198161.1820431477
2883,23.064,198145.45855038575
2884,23.072,198257.98025154858
2885,23.08,198276.89855957843
2886,23.088,198268.041068264
2887,23.096,198094.43589366932
2888,23.104,198093.21203570336
2889,23.112,198261.24932364587
2890,23.12,198287.90571526083
2891,23.128,198311.26495587177
2892,23.136,198230.83378073835
2893,23.144,198288.99457453523
2894,23.152,198487.78751482745
2895,23.16,198544.07224750568
2896,23.168,198572.00820458055
2897,23.176,198480.31573557467
2898,23.184,198498.45786321082
2899,23.192,198662.78717726926
2900,23.2,198717.18478687428
2901,23.208,198703.98039177753
2902,23.216,198560.53685841747
2903,23.224,198568.11281417453
2904,23.232,198706.2714382107
2905,23.24,198711.1808837748
2906,23.248,198674.77515402812
2907,23.256,198512.97262215288
2908,23.264,198477.64414811312
2909,23.272,198578.86220955645
2910,23.28,198562.08395680416
2911,23.288,198503.5340510761
2912,23.296,198338.2969367996
2913,23.304,198329.86188863977
2914,23.312,198449.8917274992
2915,23.32,198437.00264223147
2916,23.328,198401.95374699007
2917,23.336,198265.44241722242
2918,23.344,198264.1466034416
2919,23.352,198392.67786738373
2920,23.36,198405.98247621744
2921,23.368,198401.29795917342
2922,23.376,198284.61954206263
2923,23.384,198285.02985513085
2924,23.392,198418.40438846964
2925,23.4,198466.02150721234
2926,23.408,198490.12007392608
2927,23.416,198382.07486245176
2928,23.424,198419.73053379575
2929,23.432,198586.5904776572
2930,23.44,198654.14380432965
2931,23.448,198736.00979122534
2932,23.456,198674.67916473484
2933,23.464,198749.97749128428
2934,23.472,198991.9079099314
2935,23.48,199085.42417697626
2936,23.488,199118.02863730834
2937,23.496,199014.64415662855
2938,23.504,199037.75600241468
2939,23.512,199207.43536565284
2940,23.52,199231.51915239714
2941,23.528,199190.25730894977
2942,23.536,199045.66142254198
2943,23.544,199027.83271294355
2944,23.552,199129.67305483564
2945,23.56,199103.4358862747
2946,23.568,199022.87524413745
2947,23.576,198851.73204872166
2948,23.584,198824.9542092957
2949,23.592,198922.83244716245
2950,23.6,198922.31814277347
2951,23.608,198879.66040212926
2952,23.616,198703.18157739134
2953,23.624,198661.05867509032
2954,23.632,198746.44316010756
2955,23.64,198712.18153429136
2956,23.648,198647.10163636104
2957,23.656,198471.20081513058
2958,23.664,198444.03149679562
2959,23.672,198535.6376710447
2960,23.68,198520.05663510773
2961,23.688,198523.37304463936
2962,23.696,198401.04776087415
2963,23.704,198410.42896733197
2964,23.712,198583.39973844253
2965,23.72,198647.13925071358
2966,23.728,198684.06690337343
2967,23.736,198592.9684522452
2968,23.744,198630.2418644514
2969,23.752,198794.45119276494
2970,23.76,198833.26024679773
2971,23.768,198855.82253184737
2972,23.776,198752.50595333375
2973,23.784,198777.76778974786
2974,23.792,198964.7341855074
2975,23.8,199027.38644701452
2976,23.808,199025.07333149915
2977,23.816,198899.49686930166
2978,23.824,198898.83916840114
2979,23.832,199009.67131721898
2980,23.84,198995.36563048392
2981,23.848,198936.0367935721
2982,23.856,198740.2922463378
2983,23.864,198670.9570039719
2984,23.872,198721.82060798834
2985,23.88,198663.1496589789
2986,23.888,198592.57828181164
2987,23.896,198381.65870752244
2988,23.904,198302.88038080285
2989,23.912,198392.81349441773
2990,23.92,198364.9558050376
2991,23.928,198308.96054554672
2992,23.936,198164.01006050163
2993,23.944,198145.90100477278
2994,23.952,198253.3873893535
2995,23.96,198274.89725854527
2996,23.968,198279.6706933779
2997,23.976,198165.15928099534
2998,23.984,198203.48876338656
2999,23.992,198386.5642306811
3000,24.0,198434.00069068174
3001,24.008,198454.1052695798
3002,24.016,198392.77465711086
3003,24.024,198464.56984522432
3004,24.032,198652.93171366505
3005,24.04,198725.18999100692
3006,24.048,198762.14085783836
3007,24.056,198664.28025290807
3008,24.064,198668.32080011064
3009,24.072,198802.7210759269
3010,24.08,198829.2576447314
3011,24.088,198791.78818280515
3012,24.096,198627.85351193126
3013,24.104,198624.93135606564
3014,24.112,198746.55398194608
3015,24.12,198752.20755495463
3016,24.128,198749.9905408132
3017,24.136,198608.65977992627
3018,24.144,198599.1380853843
3019,24.152,198752.43871597518
3020,24.16,198792.2335756179
3021,24.168,198799.80521668424
3022,24.176,198684.86127999393
3023,24.184,198712.91231178952
3024,24.192,198891.7825428679
3025,24.2,198947.33440568802
3026,24.208,198956.73131622782
3027,24.216,198849.75439319358
3028,24.224,198904.18762200966
3029,24.232,199090.1679357999
3030,24.24,199151.4671110706
3031,24.248,199199.76077506726
3032,24.256,199121.29783238657
3033,24.264,199192.92683550276
3034,24.272,199419.40921941516
3035,24.28,199509.69999600676
3036,24.288,199574.55844313736
3037,24.296,199531.22722047594
3038,24.304,199625.09583547676
3039,24.312,199870.52498015217
3040,24.32,199989.01159344928
3041,24.328,200033.25215203193
3042,24.336,199930.67417744396
3043,24.344,199960.22158588804
3044,24.352,200121.77345499562
3045,24.36,200129.10266577068
3046,24.368,200084.30655510674
3047,24.376,199947.36474268316
3048,24.384,199925.32922311663
3049,24.392,200034.3077789846
3050,24.4,200036.04216772862
3051,24.408,199979.1738169486
3052,24.416,199829.41521138622
3053,24.424,199797.3367918253
3054,24.432,199866.70962369125
3055,24.44,199834.91141389575
3056,24.448,199738.09122046962
3057,24.456,199502.6662079126
3058,24.464,199402.08755979437
3059,24.472,199431.3785240451
3060,24.48,199346.593961804
3061,24.488,199234.9510405019
3062,24.496,199020.81029204823
3063,24.504,198928.9482476262
3064,24.512,199003.62228628967
3065,24.52,199003.37083461657
3066,24.528,198951.59031193564
3067,24.536,198812.1807176504
3068,24.544,198827.5290828341
3069,24.552,198957.6001839099
3070,24.56,198973.35131911913
3071,24.568,198959.1162298925
3072,24.576,198834.09756386702
3073,24.584,198821.09179188745
3074,24.592,198931.58207464442
3075,24.6,198948.33505620458
3076,24.608,198922.54191794532
3077,24.616,198786.84824966034
3078,24.624,198825.08950230677
3079,24.632,199002.09968642797
3080,24.64,199043.39685527983
3081,24.648,199076.6571051572
3082,24.656,199031.47385889443
3083,24.664,199097.42943542742
3084,24.672,199285.60900341187
3085,24.68,199360.60306903615
3086,24.688,199385.576072333
3087,24.696,199303.13655162253
3088,24.704,199332.5318387643
3089,24.712,199490.4095899816
3090,24.72,199540.7201620208
3091,24.728,199527.06493808865
3092,24.736,199415.60241238697
3093,24.744,199415.57949525068
3094,24.752,199505.10640390875
3095,24.76,199516.70454962284
3096,24.768,199483.07120784343
3097,24.776,199288.5060713755
3098,24.784,199264.34478467444
3099,24.792,199403.41659461593
3100,24.8,199407.63364331546
3101,24.808,199390.52352505224
3102,24.816,199280.63204464837
3103,24.824,199313.8500255606
3104,24.832,199497.13001059226
3105,24.84,199570.73967751826
3106,24.848,199602.8107669463
3107,24.856,199516.46920978767
3108,24.864,199579.1787918321
3109,24.872,199795.80944101833
3110,24.88,199884.94393972482
3111,24.888,199919.34812522942
3112,24.896,199835.13957174396
3113,24.904,199851.39967514886
3114,24.912,199978.65634226636
3115,24.92,199994.0148460322
3116,24.928,199971.02498916993
3117,24.936,199852.14447450353
3118,24.944,199866.29488435114
3119,24.952,200019.13389558133
3120,24.96,200073.06623684213
3121,24.968,200085.6289422968
3122,24.976,199999.56922938523
3123,24.984,200035.3263958197
3124,24.992,200203.26062755656
3125,25.0,200265.19113602577
3126,25.008,200219.06136876624
3127,25.016,200021.08952527336
3128,25.024,199979.07600525927
3129,25.032,200036.53143822387
3130,25.04,199970.9998841508
3131,25.048,199896.49080507772
3132,25.056,199684.61449313798
3133,25.064,199637.97678631693
3134,25.072,199739.32162156867
3135,25.08,199694.82034157435
3136,25.088,199653.96443932067
3137,25.096,199488.65446471775
3138,25.104,199421.47179444393
3139,25.112,199499.6414516666
3140,25.12,199471.67527637669
3141,25.128,199417.79121489116
3142,25.136,199243.77075682906
3143,25.144,199210.0004370011
3144,25.152,199322.0365540066
3145,25.16,199318.57574733972
3146,25.168,199276.45190430354
3147,25.176,199124.8174081974
3148,25.184,199155.1481744595
3149,25.192,199307.294103333
3150,25.2,199307.56859165733
3151,25.208,199303.35652841025
3152,25.216,199176.45769436436
3153,25.224,199183.01981870833
3154,25.232,199330.1745263565
3155,25.24,199351.59721438691
3156,25.248,199350.00425649105
3157,25.256,199194.57472838252
3158,25.264,199164.09932321525
3159,25.272,199296.1761919702
3160,25.28,199299.5633875247
3161,25.288,199272.7880061223
3162,25.296,199148.575012715
3163,25.304,199167.70189232132
3164,25.312,199307.6421276856
3165,25.32,199332.58485457188
3166,25.328,199328.42334550738
3167,25.336,199173.44844311257
3168,25.344,199167.89658750728
3169,25.352,199289.63559022534
3170,25.36,199261.53866789458
3171,25.368,199225.92618869597
3172,25.376,199055.80231874748
3173,25.384,199007.78035775112
3174,25.392,199103.3139887127
3175,25.4,199061.4085645783
3176,25.408,198995.60756101547
3177,25.416,198811.08683686427
3178,25.424,198759.11261898646
3179,25.432,198883.66651622907
3180,25.44,198877.2888695273
3181,25.448,198805.72665304717
3182,25.456,198656.81088217397
3183,25.464,198629.7400158424
3184,25.472,198718.22353512177
3185,25.48,198719.18608790744
3186,25.488,198652.5646229189
3187,25.496,198436.37551848538
3188,25.504,198359.4446287452
3189,25.512,198430.60973149491
3190,25.52,198368.95840710393
3191,25.528,198235.21137264546
3192,25.536,198014.7661920196
3193,25.544,197950.64297902773
3194,25.552,198005.59411332206
3195,25.56,197959.69234582214
3196,25.568,197904.229791904
3197,25.576,197747.27110296383
3198,25.584,197729.07321895362
3199,25.592,197860.04915358842
3200,25.6,197915.66372309256
3201,25.608,197931.87942278688
3202,25.616,197804.44322981275
3203,25.624,197862.0201348349
3204,25.632,198057.37592788393
3205,25.64,198074.767155229
3206,25.648,198085.27454007437
3207,25.656,198002.8203805545
3208,25.664,198022.55719328258
3209,25.672,198186.29941447973
3210,25.68,198250.88164614732
3211,25.688,198257.9030493808
3212,25.696,198139.47239998973
3213,25.704,198179.9666602968
3214,25.712,198365.99232400564
3215,25.72,198440.00459378122
3216,25.728,198484.41236786725
3217,25.736,198398.79047056637
3218,25.744,198441.96154623368
3219,25.752,198602.9421694457
3220,25.76,198623.12363831562
3221,25.768,198587.0660590016
3222,25.776,198398.8306759071
3223,25.784,198358.33112568292
3224,25.792,198460.04188876195
3225,25.8,198447.0091473973
3226,25.808,198431.75022667772
3227,25.816,198272.65580165695
3228,25.824,198253.55125481595
3229,25.832,198401.7775450131
3230,25.84,198426.99613706567
3231,25.848,198436.17622414097
3232,25.856,198328.08029121454
3233,25.864,198354.1277188028
3234,25.872,198533.8320521628
3235,25.88,198608.1138805669
3236,25.888,198659.7856043188
3237,25.896,198595.65649355197
3238,25.904,198687.4049765036
3239,25.912,198922.18446921083
3240,25.92,199031.38904908084
3241,25.928,199131.62384428285
3242,25.936,199126.40028377695
3243,25.944,199253.27724810154
3244,25.952,199522.19839321644
3245,25.96,199678.80993330904
3246,25.968,199794.83457533742
3247,25.976,199773.86318386323
3248,25.984,199886.7108321689
3249,25.992,200119.35002328927
3250,26.0,200201.14950296454
3251,26.008,200233.37495043638
3252,26.016,200131.98053991277
3253,26.024,200160.85085186842
3254,26.032,200298.7553390526
3255,26.04,200291.20804945688
3256,26.048,200268.57539299157
3257,26.056,200111.20827042148
3258,26.064,200053.21175874615
3259,26.072,200141.68563852203
3260,26.08,200127.10136473752
3261,26.088,200059.20241383705
3262,26.096,199862.31573949347
3263,26.104,199829.21864190238
3264,26.112,199924.91612798488
3265,26.12,199874.937434559
3266,26.128,199812.87363608374
3267,26.136,199636.24331448282
3268,26.144,199572.44474199106
3269,26.152,199661.9231396476
3270,26.16,199649.79106832817
3271,26.168,199582.2673131151
3272,26.176,199408.4633376563
3273,26.184,199425.28367486055
3274,26.192,199574.52323826053
3275,26.2,199613.76764973125
3276,26.208,199656.2634625498
3277,26.216,199547.32867610955
3278,26.224,199589.5162459161
3279,26.232,199769.13651973198
3280,26.24,199783.8782375501
3281,26.248,199775.12962857462
3282,26.256,199611.28963714946
3283,26.264,199568.72729017033
3284,26.272,199675.1564367301
3285,26.28,199639.78456316236
3286,26.288,199594.37994216685
3287,26.296,199448.1930502654
3288,26.304,199452.2994202945
3289,26.312,199621.86832926222
3290,26.32,199688.81643847487
3291,26.328,199733.51544392234
3292,26.336,199655.6786765167
3293,26.344,199719.8723685827
3294,26.352,199909.53063472826
3295,26.36,199941.98101916997
3296,26.368,199938.4152157857
3297,26.376,199828.6011432424
3298,26.384,199845.91899589944
3299,26.392,199999.39381399023
3300,26.4,200044.04737186126
3301,26.408,200052.87621751108
3302,26.416,199940.89015451184
3303,26.424,199967.1529292375
3304,26.432,200129.96656918124
3305,26.44,200159.12218126812
3306,26.448,200144.8390548523
3307,26.456,200021.78041423598
3308,26.464,200012.51627389088
3309,26.472,200125.12906723545
3310,26.48,200130.10331628728
3311,26.488,200097.10045528057
3312,26.496,199971.04875513545
3313,26.504,200001.16935897528
3314,26.512,200146.6237409759
3315,26.52,200198.14755141482
3316,26.528,200240.1389796612
3317,26.536,200119.92143063204
3318,26.544,200126.90021664277
3319,26.552,200279.16796903798
3320,26.56,200294.21000100664
3321,26.568,200289.99478179222
3322,26.576,200160.03536319901
3323,26.584,200133.88738691882
3324,26.592,200271.56911628364
3325,26.6,200286.20479687396
3326,26.608,200220.93015119238
3327,26.616,200055.317625307
3328,26.624,200015.8619115609
3329,26.632,200105.41704753408
3330,26.64,200108.08900492248
3331,26.648,200071.02167819874
3332,26.656,199936.80378995714
3333,26.664,199946.899143259
3334,26.672,200108.17017076
3335,26.68,200183.13779366607
3336,26.688,200208.6341911984
3337,26.696,200142.99188496184
3338,26.704,200231.47799424594
3339,26.712,200424.93401126316
3340,26.72,200509.34986207163
3341,26.728,200564.3422277637
3342,26.736,200483.11203814566
3343,26.744,200557.74906989047
3344,26.752,200768.8703388523
3345,26.76,200811.54631807923
3346,26.768,200807.1633199025
3347,26.776,200692.43762996385
3348,26.784,200687.15712278336
3349,26.792,200807.5240416667
3350,26.8,200819.55152221187
3351,26.808,200772.18947553833
3352,26.816,200581.12983452156
3353,26.824,200548.1726277194
3354,26.832,200678.25733095876
3355,26.84,200664.45069214175
3356,26.848,200595.72332394178
3357,26.856,200432.25623450457
3358,26.864,200388.89465753234
3359,26.872,200476.4733826157
3360,26.88,200441.3056269441
3361,26.888,200328.0218274788
3362,26.896,200122.4589832847
3363,26.904,200066.12036740498
3364,26.912,200128.20478840522
3365,26.92,200071.06493580897
3366,26.928,199977.73402043656
3367,26.936,199811.29293833722
3368,26.944,199773.339035565
3369,26.952,199853.2644985327
3370,26.96,199847.9198706113
3371,26.968,199819.35504692778
3372,26.976,199701.49802137288
3373,26.984,199721.07436058926
3374,26.992,199885.8205322333
3375,27.0,199953.98882536893
3376,27.008,199948.81177902766
3377,27.016,199821.44668260645
3378,27.024,199825.4710908496
3379,27.032,199929.80674974894
3380,27.04,199892.94914385746
3381,27.048,199784.37240542934
3382,27.056,199532.78801923114
3383,27.064,199409.13897889503
3384,27.072,199446.31926442223
3385,27.08,199378.6147783346
3386,27.088,199268.85577410005
3387,27.096,199089.9496308443
3388,27.104,199072.01428712733
3389,27.112,199216.80573011882
3390,27.12,199302.5653390744
3391,27.128,199342.92575616785
3392,27.136,199254.09269672362
3393,27.144,199322.23368252377
3394,27.152,199519.94513226172
3395,27.16,199601.75984353226
3396,27.168,199661.60343369504
3397,27.176,199589.46797923843
3398,27.184,199649.2880400515
3399,27.192,199864.80177030276
3400,27.2,199955.9901264021
3401,27.208,200005.45366874486
3402,27.216,199938.6456029207
3403,27.224,199971.46827566397
3404,27.232,200141.67788093572
3405,27.24,200221.16251329618
3406,27.248,200247.19794471905
3407,27.256,200145.4093789517
3408,27.264,200157.1692599816
3409,27.272,200303.54341105072
3410,27.28,200342.24122580254
3411,27.288,200314.02159976892
3412,27.296,200175.72406122414
3413,27.304,200152.67517849934
3414,27.312,200213.8777793797
3415,27.32,200158.12153075155
3416,27.328,200062.91001363553
3417,27.336,199837.93806426777
3418,27.344,199752.64498618792
3419,27.352,199824.88062025595
3420,27.36,199781.87693651693
3421,27.368,199692.59102069173
3422,27.376,199516.8295146093
3423,27.384,199481.85342111532
3424,27.392,199565.81407897206
3425,27.4,199537.71821047107
3426,27.408,199468.37898837138
3427,27.416,199277.18538778942
3428,27.424,199219.95085115245
3429,27.432,199318.76423589714
3430,27.44,199302.5653390744
3431,27.448,199230.62983062948
3432,27.456,199085.9820358638
3433,27.464,199100.78876548345
3434,27.472,199245.86379976274
3435,27.48,199302.5653390744
3436,27.488,199336.23073539502
3437,27.496,199256.1008579199
3438,27.504,199310.20555115095
3439,27.512,199498.79830684167
3440,27.52,199576.74358061774
3441,27.528,199616.35658121147
3442,27.536,199546.29167924324
3443,27.544,199603.97297842603
3444,27.552,199757.91508147467
3445,27.56,199793.8847427159
3446,27.568,199817.60776282928
3447,27.576,199709.15488754542
3448,27.584,199737.74442744817
3449,27.592,199928.20728312075
3450,27.6,200012.02655533067
3451,27.608,200084.08977557012
3452,27.616,200056.84025678074
3453,27.624,200156.10091577968
3454,27.632,200393.04748654738
3455,27.64,200500.3440074224
3456,27.648,200533.7900928773
3457,27.656,200441.67291656142
3458,27.664,200471.3726272297
3459,27.672,200583.7967906201
3460,27.68,200548.3752322183
3461,27.688,200464.30672228005
3462,27.696,200241.5101136759
3463,27.704,200167.09209479258
3464,27.712,200257.29480466308
3465,27.72,200246.17877621073
3466,27.728,200211.92697439808
3467,27.736,200068.60331530418
3468,27.744,200091.61712790173
3469,27.752,200274.89429952294
3470,27.76,200341.24057528595
3471,27.768,200384.4948767921
3472,27.776,200298.67248478066
3473,27.784,200317.32508589124
3474,27.792,200482.30123220838
3475,27.8,200502.34530845555
3476,27.808,200433.83176683725
3477,27.816,200264.07432275376
3478,27.824,200199.4195054937
3479,27.832,200242.1626897875
3480,27.84,200166.1267348842
3481,27.848,200027.0982883106
3482,27.856,199818.66561478857
3483,27.864,199742.79691871276
3484,27.872,199788.6408746745
3485,27.88,199759.86262515213
3486,27.888,199684.48860889874
3487,27.896,199522.38744499013
3488,27.904,199514.34044016842
3489,27.912,199631.69900056467
3490,27.92,199650.79171884476
3491,27.928,199614.74159692184
3492,27.936,199466.71923980102
3493,27.944,199487.6805174242
3494,27.952,199640.84940112045
3495,27.96,199652.79301987792
3496,27.968,199638.92583721643
3497,27.976,199550.33407615637
3498,27.984,199587.4211946016
3499,27.992,199743.9129181465
3500,28.0,199788.881490133
3501,28.008,199797.42970998623
3502,28.016,199712.17801890775
3503,28.024,199752.99366578652
3504,28.032,199921.07062242518
3505,28.04,199981.00638931664
3506,28.048,199965.24467330275
3507,28.056,199825.61817728807
3508,28.064,199842.9186513484
3509,28.072,199976.49625471554
3510,28.08,199989.01159344928
3511,28.088,199970.32729747257
3512,28.096,199825.84096381997
3513,28.104,199844.28888137368
3514,28.112,199989.79844558865
3515,28.12,199989.01159344928
3516,28.128,199993.34465870462
3517,28.136,199890.74827235375
3518,28.144,199898.47615900257
3519,28.152,200046.0150713663
3520,28.16,200087.07534407426
3521,28.168,200089.42367809915
3522,28.176,199957.48578045945
3523,28.184,199972.41854542043
3524,28.192,200148.4798077265
3525,28.2,200200.14885244798
3526,28.208,200218.82581313475
3527,28.216,200135.67385114508
3528,28.224,200169.2764651688
3529,28.232,200348.5573590989
3530,28.24,200432.29977229485
3531,28.248,200448.08613800656
3532,28.256,200342.50297061887
3533,28.264,200383.5092084332
3534,28.272,200538.43322436055
3535,28.28,200558.38173738413
3536,28.288,200541.88949725198
3537,28.296,200413.98491550464
3538,28.304,200415.47595756987
3539,28.312,200571.3829390313
3540,28.32,200629.4279240614
3541,28.328,200632.37411778118
3542,28.336,200530.609927893
3543,28.344,200586.08947969877
3544,28.352,200765.01338984718
3545,28.36,200812.5469685958
3546,28.368,200826.12568882265
3547,28.376,200719.25005632488
3548,28.384,200713.9057692786
3549,28.392,200848.1517283692
3550,28.4,200882.5925047565
3551,28.408,200844.69808596902
3552,28.416,200683.1969752958
3553,28.424,200671.4239724635
3554,28.432,200781.14691852208
3555,28.44,200759.512491217
3556,28.448,200683.03423148347
3557,28.456,200461.7895365247
3558,28.464,200355.8895651235
3559,28.472,200393.65046024244
3560,28.48,200288.20609790712
3561,28.488,200112.50449128437
3562,28.496,199850.33006481582
3563,28.504,199704.38322599177
3564,28.512,199698.10885193682
3565,28.52,199626.7761064468
3566,28.528,199514.5782922302
3567,28.536,199324.08726292592
3568,28.544,199309.2237550342
3569,28.552,199469.62608125608
3570,28.56,199550.72666718662
3571,28.568,199581.3753138744
3572,28.576,199512.35834826768
3573,28.584,199525.9332833137
3574,28.592,199595.0739914899
3575,28.6,199528.71235582183
3576,28.608,199361.66091311557
3577,28.616,199043.60070654846
3578,28.624,198885.95438616857
3579,28.632,198865.4470917749
3580,28.64,198739.19909823907
3581,28.648,198617.80909517643
3582,28.656,198410.5481563411
3583,28.664,198361.20640698107
3584,28.672,198480.28787237083
3585,28.68,198483.03256599422
3586,28.688,198450.14385882823
3587,28.696,198331.1217149147
3588,28.704,198318.61248254185
3589,28.712,198426.36688425863
3590,28.72,198463.01955566258
3591,28.728,198459.02519150657
3592,28.736,198332.98664050165
3593,28.744,198384.98101861667
3594,28.752,198605.59093498733
3595,28.76,198715.18348584112
3596,28.768,198792.36957973856
3597,28.776,198769.93830261935
3598,28.784,198888.03913606977
3599,28.792,199138.16228360476
3600,28.8,199268.54322151066
3601,28.808,199336.78518780944
3602,28.816,199251.28896476328
3603,28.824,199282.91796675485
3604,28.832,199440.6518885582
3605,28.84,199437.6531588129
3606,28.848,199366.63653334457
3607,28.856,199192.19403953248
3608,28.864,199126.50562608568
3609,28.872,199196.05835498532
3610,28.88,199186.48987915096
3611,28.888,199123.96188127517
3612,28.896,198960.2787232117
3613,28.904,198975.45604050969
3614,28.912,199142.87145354162
3615,28.92,199230.51850188055
3616,28.928,199304.87675383157
3617,28.936,199262.34004057437
3618,28.944,199381.34406223308
3619,28.952,199629.5185964911
3620,28.96,199738.84896430394
3621,28.968,199833.694813355
3622,28.976,199812.20780817658
3623,28.984,199922.18348935095
3624,28.992,200166.83114034723
3625,29.0,200280.20089377448
3626,29.008,200378.83766775174
3627,29.016,200362.5696684896
3628,29.024,200443.1209198895
3629,29.032,200657.1604810303
3630,29.04,200759.512491217
3631,29.048,200778.346982074
3632,29.056,200651.29390532334
3633,29.064,200675.50221035842
3634,29.072,200807.9602179414
3635,29.08,200793.53460878076
3636,29.088,200752.9233177085
3637,29.096,200572.03566489308
3638,29.104,200506.86140399886
3639,29.112,200592.01476859
3640,29.12,200550.37653325146
3641,29.128,200471.0373451054
3642,29.136,200298.0584586386
3643,29.144,200251.55376960395
3644,29.152,200337.4918888428
3645,29.16,200305.21715668903
3646,29.168,200218.4588602543
3647,29.176,200025.2049683304
3648,29.184,199943.43215698723
3649,29.192,199981.8138079542
3650,29.2,199928.9725624544
3651,29.208,199837.0335199924
3652,29.216,199650.5644870095
3653,29.224,199614.69962775568
3654,29.232,199706.28313592827
3655,29.24,199696.8216426075
3656,29.248,199672.79771821966
3657,29.256,199556.39854956142
3658,29.264,199567.39765324735
3659,29.272,199701.2426795294
3660,29.28,199731.84441068786
3661,29.288,199732.09693431677
3662,29.296,199604.1784021869
3663,29.304,199577.90129164112
3664,29.312,199695.89335544137
3665,29.32,199724.83985707178
3666,29.328,199681.76086014792
3667,29.336,199495.7588352092
3668,29.344,199445.14938819854
3669,29.352,199508.984304758
3670,29.36,199440.65511036266
3671,29.368,199333.88533639003
3672,29.376,199106.54373265276
3673,29.384,199016.28106449844
3674,29.392,199069.38053300508
3675,29.4,198998.36758203365
3676,29.408,198883.3229635617
3677,29.416,198666.16971339256
3678,29.424,198601.5888272517
3679,29.432,198687.7489055572
3680,29.44,198667.1522610452
3681,29.448,198607.46188498617
3682,29.456,198451.33976813956
3683,29.464,198458.88592731993
3684,29.472,198574.6050025681
3685,29.48,198581.0963166192
3686,29.488,198598.984190041
3687,29.496,198472.05068925687
3688,29.504,198476.66474565785
3689,29.512,198639.61690279297
3690,29.52,198669.15356207837
3691,29.528,198676.77643177722
3692,29.536,198579.1529733283
3693,29.544,198624.02136564316
3694,29.552,198840.3682282394
3695,29.56,198936.32725000562
3696,29.568,198989.93381551447
3697,29.576,198969.40820817763
3698,29.584,199079.2361486867
3699,29.592,199312.8394492538
3700,29.6,199444.65771242898
3701,29.608,199526.95572454843
3702,29.616,199485.39648184428
3703,29.624,199539.66055984978
3704,29.632,199711.4333677445
3705,29.64,199757.86132411897
3706,29.648,199690.47863726525
3707,29.656,199498.5999833172
3708,29.664,199465.8087076999
3709,29.672,199532.25652372526
3710,29.68,199475.677878443
3711,29.688,199397.1264041372
3712,29.696,199186.13475597085
3713,29.704,199104.94765239645
3714,29.712,199179.16565887397
3715,29.72,199117.44499350686
3716,29.728,199003.9930151016
3717,29.736,198807.3598979031
3718,29.744,198732.3907322069
3719,29.752,198792.5194455429
3720,29.76,198760.21275908727
3721,29.768,198675.1769590996
3722,29.776,198510.82129898053
3723,29.784,198515.78888521835
3724,29.792,198654.91192898195
3725,29.8,198689.16657241
3726,29.808,198686.67197778082
3727,29.816,198576.67666912373
3728,29.824,198585.6267630383
3729,29.832,198722.3528318799
3730,29.84,198727.19129204008
3731,29.848,198641.75537614056
3732,29.856,198435.88529925697
3733,29.864,198346.01319535778
3734,29.872,198389.32154947607
3735,29.88,198332.934988507
3736,29.888,198210.8007117544
3737,29.896,198004.30234294143
3738,29.904,197949.984707539
3739,29.912,198028.20402740626
3740,29.92,198045.74829024813
3741,29.928,198063.4889997204
3742,29.936,197997.7306484428
3743,29.944,198093.3392190257
3744,29.952,198347.44239940043
3745,29.96,198509.04947942533
3746,29.968,198631.82785238518
3747,29.976,198636.62774588476
3748,29.984,198755.30000086894
3749,29.992,199011.4995179385
3750,30.0,199150.46646055405
3751,30.008,199215.5587781078
3752,30.016,199181.95168550525
3753,30.024,199288.07768915896
3754,30.032,199529.96711613177
3755,30.04,199674.80733124272
3756,30.048,199777.1879267538
3757,30.056,199790.02153792477
3758,30.064,199921.25246405366
3759,30.072,200163.33679873194
3760,30.08,200302.21520513928
3761,30.088,200368.56024108725
3762,30.096,200287.13853362424
3763,30.104,200303.24647198155
3764,30.112,200419.91886304988
3765,30.12,200392.2737516316
3766,30.128,200274.77219424013
3767,30.136,200023.57015878748
3768,30.144,199879.44145064676
3769,30.152,199842.43747137184
3770,30.16,199684.81383640852
3771,30.168,199456.15023648672
3772,30.176,199106.99443995053
3773,30.184,198913.96162704693
3774,30.192,198856.75132938917
3775,30.2,198695.17047550948
3776,30.208,198506.84540097875
3777,30.216,198202.71659699813
3778,30.224,198059.38740429582
3779,30.232,198078.66171742132
3780,30.24,198000.71901700197
3781,30.248,197911.52297047726
3782,30.256,197720.81407432654
3783,30.264,197687.40698375096
3784,30.272,197805.60246474057
3785,30.28,197803.59086523543
3786,30.288,197801.79384854704
3787,30.296,197718.67939062402
3788,30.304,197738.68583703687
3789,30.312,197909.26870431026
3790,30.32,198001.71966751854
3791,30.328,198036.95672269328
3792,30.336,197968.25936688008
3793,30.344,198037.56886613517
3794,30.352,198237.24347492095
3795,30.36,198332.934988507
3796,30.368,198377.15695357244
3797,30.376,198307.52460307453
3798,30.384,198348.730481031
3799,30.392,198526.4038632203
3800,30.4,198617.11973521614
3801,30.408,198631.51790925104
3802,30.416,198506.3208589636
3803,30.424,198505.3565662849
3804,30.432,198631.93760113744
3805,30.44,198660.14770742913
3806,30.448,198634.65842299207
3807,30.456,198487.53709786801
3808,30.464,198497.46769579986
3809,30.472,198630.45594166173
3810,30.48,198645.13794968041
3811,30.488,198664.46089554328
3812,30.496,198575.1810054749
3813,30.504,198598.7224511381
3814,30.512,198784.94704897652
3815,30.52,198876.28821901072
3816,30.528,198916.86301167263
3817,30.536,198846.08192166366
3818,30.544,198889.5082126821
3819,30.552,199037.18116251647
3820,30.56,199095.43068214206
3821,30.568,199108.59553742502
3822,30.576,198972.08003480724
3823,30.584,199018.95659545192
3824,30.592,199180.23520883455
3825,30.6,199139.45930487165
3826,30.608,199089.86059005844
3827,30.616,198940.58289954803
3828,30.624,198870.9724881213
3829,30.632,198927.0510143582
3830,30.64,198879.29017056047
3831,30.648,198808.07466790787
3832,30.656,198646.34197864812
3833,30.664,198614.13977227113
3834,30.672,198742.8025114419
3835,30.68,198773.22121580283
3836,30.688,198743.43159693904
3837,30.696,198644.11294721632
3838,30.704,198680.1110144264
3839,30.712,198832.4611998884
3840,30.72,198882.29212211023
3841,30.728,198865.5290206996
3842,30.736,198754.5455096172
3843,30.744,198785.25338884752
3844,30.752,198966.88552036343
3845,30.76,199064.41051612803
3846,30.768,199108.259588404
3847,30.776,199074.97402317022
3848,30.784,199157.81025670643
3849,30.792,199351.9536123642
3850,30.8,199458.66681966113
3851,30.808,199491.54090905108
3852,30.816,199400.35587931462
3853,30.824,199414.44622059492
3854,30.832,199528.7007024451
3855,30.84,199514.70324858968
3856,30.848,199404.4704584213
3857,30.856,199165.40238081178
3858,30.864,199041.60597032483
3859,30.872,199041.9001235603
3860,30.88,198958.3415613704
3861,30.888,198818.16565492447
3862,30.896,198570.83582181745
3863,30.904,198496.68566563886
3864,30.912,198550.10019478443
3865,30.92,198495.0403721932
3866,30.928,198422.09842855152
3867,30.936,198227.81060641469
3868,30.944,198195.08902447726
3869,30.952,198329.74605767222
3870,30.96,198344.94279470597
3871,30.968,198336.6930623293
3872,30.976,198235.4050849581
3873,30.984,198281.4853146725
3874,30.992,198481.0297829166
3875,31.0,198588.10087023527
3876,31.008,198682.86679255648
3877,31.016,198657.82275292955
3878,31.024,198725.1182964521
3879,31.032,198915.99142697037
3880,31.04,198980.3558727352
3881,31.048,198983.3992789856
3882,31.056,198892.7817557579
3883,31.064,198920.81242764546
3884,31.072,199081.6690168025
3885,31.08,199147.4645090043
3886,31.088,199145.57453882587
3887,31.096,199040.24565081188
3888,31.104,199054.24016454327
3889,31.112,199173.07140082872
3890,31.12,199179.48532553492
3891,31.128,199126.7818388268
3892,31.136,198982.13437102034
3893,31.144,198975.9808968897
3894,31.152,199077.05654218202
3895,31.16,199078.41962336018
3896,31.168,199044.32177215558
3897,31.176,198879.2429011113
3898,31.184,198828.04139324892
3899,31.192,198905.53940991685
3900,31.2,198871.28496642783
3901,31.208,198793.54858947874
3902,31.216,198606.7189010786
3903,31.224,198554.16705350904
3904,31.232,198664.3843132941
3905,31.24,198667.1522610452
3906,31.248,198602.83163853618
3907,31.256,198459.51206329933
3908,31.264,198455.75649523377
3909,31.272,198582.37751131473
3910,31.28,198652.1425032965
3911,31.288,198694.33397084905
3912,31.296,198608.7354346596
3913,31.304,198667.25979711427
3914,31.312,198884.92953512646
3915,31.32,198986.3597758347
3916,31.328,199007.42771823675
3917,31.336,198895.53085678737
3918,31.344,198900.21836855248
3919,31.352,199036.43044742726
3920,31.36,199073.41637077727
3921,31.368,199075.77773149704
3922,31.376,198984.45038254716
3923,31.384,199023.4162532693
3924,31.392,199213.7034042895
3925,31.4,199324.5796504392
3926,31.408,199398.70390890798
3927,31.416,199390.07615881597
3928,31.424,199503.4979890359
3929,31.432,199723.46632410825
3930,31.44,199836.9127149289
3931,31.448,199902.06412758993
3932,31.456,199858.79887319435
3933,31.464,199915.75380000123
3934,31.472,200089.24283298544
3935,31.48,200187.14039573242
3936,31.488,200218.5720761813
3937,31.496,200084.27120445156
3938,31.504,200062.46022572942
3939,31.512,200169.35967494754
3940,31.52,200135.10656887016
3941,31.528,200012.36188893014
3942,31.536,199754.41996548141
3943,31.544,199596.14145085934
3944,31.552,199556.24750399246
3945,31.56,199389.621934017
3946,31.568,199151.17607860727
3947,31.576,198820.9655986007
3948,31.584,198618.83456311864
3949,31.592,198568.24783872173
3950,31.6,198471.02475979525
3951,31.608,198336.2703448566
3952,31.616,198128.7229377528
3953,31.624,198121.82645211497
3954,31.632,198248.11049777005
3955,31.64,198270.89465647895
3956,31.648,198291.54384525464
3957,31.656,198215.5666018999
3958,31.664,198291.6384731899
3959,31.672,198531.27675408288
3960,31.68,198651.1418527799
3961,31.688,198721.4503665475
3962,31.696,198700.68761666317
3963,31.704,198811.0464865741
3964,31.712,199046.65367707118
3965,31.72,199175.48272346857
3966,31.728,199242.5996785106
3967,31.736,199175.0409685545
3968,31.744,199251.2684388102
3969,31.752,199492.02621119056
3970,31.76,199606.76309611517
3971,31.768,199656.91887861822
3972,31.776,199622.53675401973
3973,31.784,199691.62751626273
3974,31.792,199866.75509711177
3975,31.8,199931.97451400413
3976,31.808,199906.6390422098
3977,31.816,199765.77278332453
3978,31.824,199762.49339230516
3979,31.832,199875.87573624705
3980,31.84,199860.92832732687
3981,31.848,199786.1457407317
3982,31.856,199641.80514312143
3983,31.864,199631.56255599446
3984,31.872,199721.66182296854
3985,31.88,199714.83335190598
3986,31.888,199670.27996007685
3987,31.896,199513.80992667872
3988,31.904,199482.78879486735
3989,31.912,199588.99474038417
3990,31.92,199611.7663486981
3991,31.928,199593.88785430757
3992,31.936,199456.07977181714
3993,31.944,199446.1799062315
3994,31.952,199563.14033469112
3995,31.96,199551.7273177032
3996,31.968,199488.73023918443
3997,31.976,199329.81312143552
3998,31.984,199296.00995969225
3999,31.992,199405.9260706379
4000,32.0,199432.64990623
4001,32.008,199404.0302216727
4002,32.016,199274.9409907432
4003,32.024,199301.06742991696
4004,32.032,199450.41981987108
4005,32.04,199493.68958774148
4006,32.048,199509.2286229973
4007,32.056,199405.11880422776
4008,32.064,199418.82987786253
4009,32.072,199567.83703456208
4010,32.08,199605.7624455986
4011,32.088,199599.1109434225
4012,32.096,199486.34262981193
4013,32.104,199497.84889212964
4014,32.112,199652.01234625146
4015,32.12,199684.81383640852
4016,32.128,199641.29138446733
4017,32.136,199517.2151461681
4018,32.144,199533.61702979924
4019,32.152,199665.5314859769
4020,32.16,199692.8190405412
4021,32.168,199676.19179427816
4022,32.176,199574.16077326942
4023,32.184,199608.90208235104
4024,32.192,199788.21424440213
4025,32.2,199870.93483249267
4026,32.208,199880.45898028938
4027,32.216,199787.16659861524
4028,32.224,199808.0243561262
4029,32.232,199937.1547040489
4030,32.24,199996.01614706535
4031,32.248,199995.51823236537
4032,32.256,199827.2359993528
4033,32.264,199790.00235039165
4034,32.272,199890.59244584435
4035,32.28,199833.91076337916
4036,32.288,199721.30517652835
4037,32.296,199550.38719119737
4038,32.304,199515.92373075132
4039,32.312,199604.76648802194
4040,32.32,199602.76049404885
4041,32.328,199555.03382667247
4042,32.336,199414.84648820705
4043,32.344,199435.14733450123
4044,32.352,199584.3512633627
4045,32.36,199650.79171884476
4046,32.368,199700.33833411834
4047,32.376,199629.26351148254
4048,32.384,199726.294740769
4049,32.392,199952.85233824945
4050,32.4,200042.0460708281
4051,32.408,200123.89414856883
4052,32.416,200071.2927089724
4053,32.424,200131.68399166147
4054,32.432,200344.8521528865
4055,32.44,200424.2945681622
4056,32.448,200449.8080519891
4057,32.456,200354.98432685155
4058,32.464,200372.0282047898
4059,32.472,200522.73788265346
4060,32.48,200562.38433945045
4061,32.488,200538.73136958777
4062,32.496,200392.27615402456
4063,32.504,200387.61142507324
4064,32.512,200515.34053156732
4065,32.52,200531.36417343642
4066,32.528,200520.13302106358
4067,32.536,200400.37579001018
4068,32.544,200400.3249509107
4069,32.552,200529.2531910455
4070,32.56,200542.37132911882
4071,32.568,200490.06498464552
4072,32.576,200315.8952158324
4073,32.584,200298.0278475245
4074,32.592,200423.83850026387
4075,32.6,200435.3017238446
4076,32.608,200394.73285996576
4077,32.616,200216.67286466464
4078,32.624,200193.7437878522
4079,32.632,200339.16390531985
4080,32.64,200355.2496825181
4081,32.648,200322.02419335308
4082,32.656,200186.03283862685
4083,32.664,200170.8082749918
4084,32.672,200293.0160201604
4085,32.68,200308.21910823876
4086,32.688,200252.8312499869
4087,32.696,200063.6821347671
4088,32.704,199988.358076659
4089,32.712,200038.48051452157
4090,32.72,199993.0141955156
4091,32.728,199902.42721936788
4092,32.736,199690.39839832793
4093,32.744,199627.18771920234
4094,32.752,199736.7024220942
4095,32.76,199740.8502653371
4096,32.768,199704.77630691646
4097,32.776,199614.38160191028
4098,32.784,199667.37265756362
4099,32.792,199839.10222463467
4100,32.8,199919.96670780517
4101,32.808,199938.10041712015
4102,32.816,199812.54305408298
4103,32.824,199807.42472664523
4104,32.832,199927.2840970144
4105,32.84,199954.98947588552
4106,32.848,199970.84901580054
4107,32.856,199877.96372396965
4108,32.864,199914.93233380443
4109,32.872,200130.77774727452
4110,32.88,200249.18072776045
4111,32.888,200294.21826099846
4112,32.896,200229.42931441424
4113,32.904,200258.5227769206
4114,32.912,200403.60240413895
4115,32.92,200433.30042281144
4116,32.928,200354.73228347438
4117,32.936,200179.83535397635
4118,32.944,200154.81970563802
4119,32.952,200234.16251361155
4120,32.96,200205.15210503087
4121,32.968,200140.17267148924
4122,32.976,199996.52588732023
4123,32.984,200000.1440151119
4124,32.992,200153.40257377265
4125,33.0,200215.1586101967
4126,33.008,200213.6856183998
4127,33.016,200118.03990316365
4128,33.024,200163.42787176403
4129,33.032,200325.9432505075
4130,33.04,200394.27505266477
4131,33.048,200420.67606326597
4132,33.056,200320.0268152964
4133,33.064,200350.61800174258
4134,33.072,200528.49463298195
4135,33.08,200615.41881682927
4136,33.088,200662.4742569353
4137,33.096,200577.90563399318
4138,33.104,200610.45874847853
4139,33.112,200799.27226177897
4140,33.12,200883.5931552731
4141,33.128,200881.08574703115
4142,33.136,200742.6229975223
4143,33.144,200741.83340742398
4144,33.152,200885.42877799037
4145,33.16,200903.60616560472
4146,33.168,200851.5733064186
4147,33.176,200701.6201448514
4148,33.184,200680.12201138044
4149,33.192,200783.1596564159
4150,33.2,200785.5294046481
4151,33.208,200719.34080510176
4152,33.216,200525.5020867593
4153,33.224,200476.3111321566
4154,33.232,200584.80349327895
4155,33.24,200582.39734978208
4156,33.248,200515.32797760778
4157,33.256,200352.7077015044
4158,33.264,200318.8555210445
4159,33.272,200422.93299342
4160,33.28,200445.3082290104
4161,33.288,200424.55056366333
4162,33.296,200306.92514724864
4163,33.304,200324.75335282958
4164,33.312,200501.4618836254
4165,33.32,200589.40190339816
4166,33.328,200592.53482288957
4167,33.336,200495.62658616054
4168,33.344,200549.250053447
4169,33.352,200721.1843183315
4170,33.36,200797.53721084708
4171,33.368,200836.67255830442
4172,33.376,200770.50258535577
4173,33.384,200852.82309253767
4174,33.392,201062.62409023312
4175,33.4,201140.7603380345
4176,33.408,201186.53499141417
4177,33.416,201138.28228567564
4178,33.424,201177.66657265308
4179,33.432,201331.81271208051
4180,33.44,201378.9151609809
4181,33.448,201334.7301607323
4182,33.456,201165.97158020874
4183,33.464,201128.32113014857
4184,33.472,201201.19085882333
4185,33.48,201173.7818050817
4186,33.488,201095.4065922721
4187,33.496,200865.7561664405
4188,33.504,200765.0892282079
4189,33.512,200817.44212675747
4190,33.52,200747.504685018
4191,33.528,200609.62541982447
4192,33.536,200358.5130417408
4193,33.544,200249.04520985208
4194,33.552,200272.0347558029
4195,33.56,200213.15730916354
4196,33.568,200149.66853550015
4197,33.576,199972.67046770875
4198,33.584,199948.73610218804
4199,33.592,200065.1965016692
4200,33.6,200048.04997392758
4201,33.608,199996.24596817078
4202,33.616,199820.74773965974
4203,33.624,199764.6871989096
4204,33.632,199851.9197310522
4205,33.64,199804.8918983983
4206,33.648,199704.28607553063
4207,33.656,199509.17050318446
4208,33.664,199428.39296608316
4209,33.672,199491.15277670143
4210,33.68,199462.66942172745
4211,33.688,199368.65869945614
4212,33.696,199190.21492671923
4213,33.704,199165.08815876214
4214,33.712,199278.44589675587
4215,33.72,199305.56729062417
4216,33.728,199295.35666627978
4217,33.736,199198.63773041486
4218,33.744,199238.75881091988
4219,33.752,199418.82200210594
4220,33.76,199510.70064652336
4221,33.768,199536.95110604676
4222,33.776,199462.5781296793
4223,33.784,199554.41477194827
4224,33.792,199763.17788153316
4225,33.8,199857.9263757771
4226,33.808,199912.2674176313
4227,33.816,199824.39288775934
4228,33.824,199885.45033203415
4229,33.832,200107.4577696053
4230,33.84,200186.13974521583
4231,33.848,200215.03561532628
4232,33.856,200146.4049039839
4233,33.864,200181.08866570203
4234,33.872,200337.4754907502
4235,33.88,200378.26464439946
4236,33.888,200338.80192363117
4237,33.896,200189.44695645635
4238,33.904,200188.12625914585
4239,33.912,200305.27812630995
4240,33.92,200286.20479687396
4241,33.928,200216.7289335367
4242,33.936,200052.3426689409
4243,33.944,199991.4036039123
4244,33.952,200056.25462609978
4245,33.96,200056.05517806025
4246,33.968,200005.21865140935
4247,33.976,199830.22503241964
4248,33.984,199817.79559642254
4249,33.992,199965.61702690204
4250,34.0,200002.02005016484
4251,34.008,199997.15665476688
4252,34.016,199910.1576480126
4253,34.024,199961.1612747286
4254,34.032,200139.53959808574
4255,34.04,200223.16381432934
4256,34.048,200257.8191365143
4257,34.056,200158.4868387239
4258,34.064,200181.39870778393
4259,34.072,200330.30813439135
4260,34.08,200359.25228458442
4261,34.088,200357.23328892866
4262,34.096,200259.7986983432
4263,34.104,200275.62353212739
4264,34.112,200441.66358137873
4265,34.12,200514.35311465454
4266,34.128,200519.36844626503
4267,34.136,200411.29667485642
4268,34.144,200386.02655058296
4269,34.152,200487.18558427543
4270,34.16,200522.35831878718
4271,34.168,200481.9249528093
4272,34.176,200335.2048102893
4273,34.184,200327.61704127898
4274,34.192,200433.05403148965
4275,34.2,200439.30432591093
4276,34.208,200386.0117299527
4277,34.216,200223.94423534334
4278,34.224,200218.24659130612
4279,34.232,200324.0937004368
4280,34.24,200301.21455462268
4281,34.248,200249.75852376802
4282,34.256,200085.84366878585
4283,34.264,200048.74209349728
4284,34.272,200157.11426420958
4285,34.28,200162.12413281787
4286,34.288,200123.2339964131
4287,34.296,199977.59971165052
4288,34.304,199976.91259159046
4289,34.312,200099.28651715972
4290,34.32,200098.08249975665
4291,34.328,200062.50583612907
4292,34.336,199911.3247804774
4293,34.344,199889.40078554297
4294,34.352,200009.64555397007
4295,34.36,200028.03696359595
4296,34.368,200022.39066632232
4297,34.376,199907.48776264273
4298,34.384,199913.98952487658
4299,34.392,200083.77629081803
4300,34.4,200142.11112248624
4301,34.408,200113.4511979155
4302,34.416,199991.411939599
4303,34.424,200002.74536361452
4304,34.432,200106.24000450852
4305,34.44,200092.07859665717
4306,34.448,200016.1236067447
4307,34.456,199802.6887990306
4308,34.464,199722.96735495646
4309,34.472,199787.39155090926
4310,34.48,199711.83140035623
4311,34.488,199590.05963798508
4312,34.496,199409.9165475609
4313,34.504,199325.1413371503
4314,34.512,199378.93835790333
4315,34.52,199378.6147783346
4316,34.528,199295.22657383536
4317,34.536,199116.21877119056
4318,34.544,199090.9984217652
4319,34.552,199200.96425346122
4320,34.56,199222.5132977479
4321,34.568,199199.7847978734
4322,34.576,199116.48670216973
4323,34.584,199169.07266309348
4324,34.592,199353.58811872767
4325,34.6,199467.67267431036
4326,34.608,199521.15112609856
4327,34.616,199472.3896409408
4328,34.624,199546.47737128724
4329,34.632,199732.54195910957
4330,34.64,199833.91076337916
4331,34.648,199876.9945769011
4332,34.656,199797.2808069121
4333,34.664,199872.96413939956
4334,34.672,200080.79823872537
4335,34.68,200161.12348230128
4336,34.688,200194.00181398637
4337,34.696,200118.7377913057
4338,34.704,200165.40631925708
4339,34.712,200324.60390673473
4340,34.72,200339.2392742528
4341,34.728,200300.37112291623
4342,34.736,200162.76534118774
4343,34.744,200119.60026071515
4344,34.752,200207.44136549224
4345,34.76,200211.15600813038
4346,34.768,200133.57272455134
4347,34.776,199950.10834474277
4348,34.784,199920.70061532684
4349,34.792,200001.88787332308
4350,34.8,199977.00378725032
4351,34.808,199929.41518764454
4352,34.816,199770.0753850504
4353,34.824,199735.24565155577
4354,34.832,199867.19011068664
4355,34.84,199888.94654179114
4356,34.848,199840.12959972347
4357,34.856,199726.9063509034
4358,34.864,199738.37941645956
4359,34.872,199860.22561494567
4360,34.88,199907.95890160618
4361,34.888,199915.96170433916
4362,34.896,199827.08249488068
4363,34.904,199870.8693355537
4364,34.912,200059.3691018444
4365,34.92,200146.11372455256
4366,34.928,200152.14038637627
4367,34.936,200059.94107336344
4368,34.944,200078.095454418
4369,34.952,200213.2276141602
4370,34.96,200261.18853395944
4371,34.968,200231.0431428154
4372,34.976,200105.41325872476
4373,34.984,200140.86610231333
4374,34.992,200296.7878017585
4375,35.0,200344.2425268357
4376,35.008,200348.71180739684
4377,35.016,200248.38859248106
4378,35.024,200274.16697025634
4379,35.032,200432.50947224122
4380,35.04,200469.32384140836
4381,35.048,200421.16898056914
4382,35.056,200267.5414716807
4383,35.064,200252.3423242939
4384,35.072,200343.12014738732
4385,35.08,200340.23992476935
4386,35.088,200312.9427987701
4387,35.096,200144.11605816722
4388,35.104,200100.99095670742
4389,35.112,200213.8786500544
4390,35.12,200200.14885244798
4391,35.128,200110.36218906302
4392,35.136,199911.59084077293
4393,35.144,199862.93182916875
4394,35.152,199949.31178772447
4395,35.16,199907.95890160618
4396,35.168,199824.64743394463
4397,35.176,199647.6076385351
4398,35.184,199587.74676349887
4399,35.192,199681.9323602329
4400,35.2,199687.81578795827
4401,35.208,199623.2005021931
4402,35.216,199475.49361426468
4403,35.224,199468.99130746187
4404,35.232,199585.1483593679
4405,35.24,199617.77025179757
4406,35.248,199604.9142076301
4407,35.256,199478.0141430538
4408,35.264,199479.03932550325
4409,35.272,199636.38801601637
4410,35.28,199696.8216426075
4411,35.288,199677.31522447744
4412,35.296,199558.92459180424
4413,35.304,199554.23163220918
4414,35.312,199635.950471473
4415,35.32,199593.75463939962
4416,35.328,199492.30090476671
4417,35.336,199291.24689646394
4418,35.344,199212.87335856238
4419,35.352,199301.6480656743
4420,35.36,199310.57054320708
4421,35.368,199245.60454104448
4422,35.376,199123.4591389336
4423,35.384,199137.0293904795
4424,35.392,199296.82744680965
4425,35.4,199392.62388556675
4426,35.408,199419.8455016469
4427,35.416,199395.32927879316
4428,35.424,199497.1746848947
4429,35.432,199727.85830050102
4430,35.44,199894.95044489062
4431,35.448,199957.8258903205
4432,35.456,199926.79471213435
4433,35.464,200023.0263891234
4434,35.472,200223.91011667807
4435,35.48,200344.2425268357
4436,35.488,200390.54172451343
4437,35.496,200338.56581902129
4438,35.504,200410.80850982032
4439,35.512,200583.10419658976
4440,35.52,200648.44028387644
4441,35.528,200652.04700743288
4442,35.536,200553.523685857
4443,35.544,200566.01678987427
4444,35.552,200717.3820473571
4445,35.56,200765.51639431648
4446,35.568,200717.53666697233
4447,35.576,200587.25945381948
4448,35.584,200563.5273948604
4449,35.592,200624.4783678747
4450,35.6,200602.41036011372
4451,35.608,200515.3967750728
4452,35.616,200311.16323150203
4453,35.624,200228.7342714963
4454,35.632,200270.7527605083
4455,35.64,200220.16186277958
4456,35.648,200113.46793573876
4457,35.656,199915.76249629946
4458,35.664,199853.7293797954
4459,35.672,199918.65522040796
4460,35.68,199887.94589127455
4461,35.688,199818.96248520224
4462,35.696,199665.5029522957
4463,35.704,199624.26744488446
4464,35.712,199724.65492181317
4465,35.72,199739.8496148205
4466,35.728,199689.88358269722
4467,35.736,199574.8529653816
4468,35.744,199586.0800872037
4469,35.752,199730.7749730783
4470,35.76,199798.8879952988
4471,35.768,199766.02685490533
4472,35.776,199629.91343585568
4473,35.784,199633.61679096616
4474,35.792,199761.6571037632
4475,35.8,199795.88604374908
4476,35.808,199770.69091369526
4477,35.816,199675.34535211464
4478,35.824,199708.8958437999
4479,35.832,199866.53155901117
4480,35.84,199943.98232020313
4481,35.848,199954.34942594636
4482,35.856,199866.6481490075
4483,35.864,199891.03990366656
4484,35.872,200026.72957033076
4485,35.88,200072.06558632554
4486,35.888,200039.7661997561
4487,35.896,199898.2499063359
4488,35.904,199897.8082729612
4489,35.912,200027.83055704323
4490,35.92,200050.05127496074
4491,35.928,200012.2608500451
4492,35.936,199893.00116743764
4493,35.944,199909.93670432657
4494,35.952,200059.3541818645
4495,35.96,200124.09941318777
4496,35.968,200141.8714664802
4497,35.976,200072.35145277207
4498,35.984,200136.52925524232
4499,35.992,200344.76567982716
4500,36.0,200459.31733624256
4501,36.008,200501.86187991867
4502,36.016,200442.9089821498
4503,36.024,200480.11724060978
4504,36.032,200634.50073454346
4505,36.04,200714.48321797082
4506,36.048,200705.4919131715
4507,36.056,200573.8726481899
4508,36.064,200597.32385075395
4509,36.072,200753.49000084997
4510,36.08,200791.5333077476
4511,36.088,200769.60269362968
4512,36.096,200651.88127603606
4513,36.104,200653.40364021272
4514,36.112,200771.84171163343
4515,36.12,200778.52485103204
4516,36.128,200697.48285970744
4517,36.136,200482.67717724034
4518,36.144,200391.63099771368
4519,36.152,200428.012861846
4520,36.16,200339.2392742528
4521,36.168,200193.53939414315
4522,36.176,199982.70752630627
4523,36.184,199904.7015501438
4524,36.192,199947.75880294983
4525,36.2,199923.9693098715
4526,36.208,199868.46131023153
4527,36.216,199716.18832680007
4528,36.224,199714.65590650233
4529,36.232,199836.91940291354
4530,36.24,199837.91336544548
4531,36.248,199803.91553014485
4532,36.256,199678.42977064822
4533,36.264,199665.56661658414
4534,36.272,199787.17215743146
4535,36.28,199812.89710253096
4536,36.288,199773.5371736019
4537,36.296,199638.84411876934
4538,36.304,199642.784492069
4539,36.312,199771.5328958187
4540,36.32,199779.87563548377
4541,36.328,199726.14642823965
4542,36.336,199587.85860520057
4543,36.344,199559.69208159743
4544,36.352,199657.56644855172
4545,36.36,199670.8047291764
4546,36.368,199627.2049544046
4547,36.376,199502.3267982868
4548,36.384,199480.81187980738
4549,36.392,199593.3968128784
4550,36.4,199622.7735043805
4551,36.408,199543.94228134662
4552,36.416,199379.15064257724
4553,36.424,199344.17439081828
4554,36.432,199422.36111613267
4555,36.44,199417.6401484813
4556,36.448,199329.95946519088
4557,36.456,199155.74763244882
4558,36.464,199135.34529764394
4559,36.472,199255.6622918119
4560,36.48,199304.56664010757
4561,36.488,199284.9692844765
4562,36.496,199160.77910838128
4563,36.504,199192.41153929965
4564,36.512,199369.37657941628
4565,36.52,199426.6460031305
4566,36.528,199420.6796686012
4567,36.536,199341.15613407773
4568,36.544,199364.22276767695
4569,36.552,199514.15852742645
4570,36.56,199588.7513868167
4571,36.568,199567.12181955023
4572,36.576,199454.29927023864
4573,36.584,199510.58831802013
4574,36.592,199687.09731081818
4575,36.6,199776.873683934
4576,36.608,199839.5686097733
4577,36.616,199798.8401618258
4578,36.624,199883.07317268825
4579,36.632,200105.851556029
4580,36.64,200241.1755236278
4581,36.648,200306.2705262054
4582,36.656,200227.45121117408
4583,36.664,200281.72502932628
4584,36.672,200462.47435328612
4585,36.68,200504.3466094887
4586,36.688,200481.01067276482
4587,36.696,200337.22621911336
4588,36.704,200307.2119373806
4589,36.712,200401.7503963373
4590,36.72,200400.27895576425
4591,36.728,200368.0143500895
4592,36.736,200228.2445663107
4593,36.744,200223.9225280162
4594,36.752,200377.79584296947
4595,36.76,200442.30627746068
4596,36.768,200450.03360775072
4597,36.776,200337.7544596777
4598,36.784,200352.92338305255
4599,36.792,200484.5551591114
4600,36.8,200470.32449192496
4601,36.808,200387.08305791905
4602,36.816,200211.12109163305
4603,36.824,200161.1949073931
4604,36.832,200231.4605567899
4605,36.84,200200.14885244798
4606,36.848,200117.11443940422
4607,36.856,199929.3902766888
4608,36.864,199888.47728281
4609,36.872,200021.0399421704
4610,36.88,200071.06493580897
4611,36.888,200056.37638900973
4612,36.896,199949.01710938907
4613,36.904,199995.62812197045
4614,36.912,200184.8450593268
4615,36.92,200258.1865824097
4616,36.928,200231.2146534267
4617,36.936,200077.04396441276
4618,36.944,200062.5893594432
4619,36.952,200144.94483533036
4620,36.96,200090.077295624
4621,36.968,199978.0234705126
4622,36.976,199730.78497295867
4623,36.984,199621.67181031138
4624,36.992,199672.96438875847
4625,37.0,199614.76830024782
4626,37.008,199523.17424152826
4627,37.016,199361.6966469834
4628,37.024,199353.04297975753
4629,37.032,199476.12269469915
4630,37.04,199505.69739394044
4631,37.048,199498.053179838
4632,37.056,199365.15155227098
4633,37.064,199376.92692437535
4634,37.072,199530.14392369325
4635,37.08,199563.73512390218
4636,37.088,199560.92494607277
4637,37.096,199451.935847144
4638,37.104,199481.35374890664
4639,37.112,199657.90390967485
4640,37.12,199706.8281477733
4641,37.128,199731.4117680958
4642,37.136,199697.74405102592
4643,37.144,199746.62107581898
4644,37.152,199912.6037253146
4645,37.16,199991.01289448244
4646,37.168,199959.07494051108
4647,37.176,199814.74390267048
4648,37.184,199818.62450753085
4649,37.192,199945.37913722437
4650,37.2,199974.00183570056
4651,37.208,199949.6568663293
4652,37.216,199821.38806715552
4653,37.224,199791.5345721171
4654,37.232,199885.04343992376
4655,37.24,199884.94393972482
4656,37.248,199817.01564359482
4657,37.256,199678.673428395
4658,37.264,199679.0429427499
4659,37.272,199810.04431971058
4660,37.28,199839.91466647864
4661,37.288,199779.02570668358
4662,37.296,199636.11690313
4663,37.304,199622.38554995306
4664,37.312,199701.43444360158
4665,37.32,199687.81578795827
4666,37.328,199629.09572765185
4667,37.336,199489.63756453968
4668,37.344,199503.8599717624
4669,37.352,199646.88582070963
4670,37.36,199670.8047291764
4671,37.368,199640.462026154
4672,37.376,199532.35757678124
4673,37.384,199539.41012647795
4674,37.392,199695.493685398
4675,37.4,199779.87563548377
4676,37.408,199786.4435367075
4677,37.416,199709.77859196463
4678,37.424,199761.4731435171
4679,37.432,199941.96227623537
4680,37.44,200019.0311089467
4681,37.448,200007.00609060406
4682,37.456,199933.43456781335
4683,37.464,199978.98629728542
4684,37.472,200143.7630342416
4685,37.48,200238.17357207806
4686,37.488,200218.85304873178
4687,37.496,200075.44439404664
4688,37.504,200058.43891448565
4689,37.512,200157.05012551814
4690,37.52,200147.11437506916
4691,37.528,200034.60537765536
4692,37.536,199825.4567271168
4693,37.544,199768.66702706125
4694,37.552,199826.32914204572
4695,37.56,199791.88344168273
4696,37.568,199718.0714275075
4697,37.576,199545.42093032858
4698,37.584,199512.7705100067
4699,37.592,199615.54271864038
4700,37.6,199612.76699921465
4701,37.608,199563.08606999385
4702,37.616,199410.40073661885
4703,37.624,199371.1606193971
4704,37.632,199484.33562492434
4705,37.64,199519.7065011726
4706,37.648,199476.13424572142
4707,37.656,199327.26617873253
4708,37.664,199331.76256904824
4709,37.672,199458.6297903942
4710,37.68,199490.68763619172
4711,37.688,199499.06048541865
4712,37.696,199421.006183848
4713,37.704,199502.5713066191
4714,37.712,199714.10011922216
4715,37.72,199823.90425821336
4716,37.728,199912.3117199532
4717,37.736,199869.0575170045
4718,37.744,199950.80082265436
4719,37.752,200200.59421997072
4720,37.76,200327.2314680538
4721,37.768,200379.9336195229
4722,37.776,200325.05965748598
4723,37.784,200370.4565624576
4724,37.792,200533.79557482144
4725,37.8,200581.3966992655
4726,37.808,200558.06100627928
4727,37.816,200444.76335817826
4728,37.824,200424.84651559472
4729,37.832,200503.676593906
4730,37.84,200487.33555070683
4731,37.848,200382.51927656098
4732,37.856,200151.8780909085
4733,37.864,200027.57743709214
4734,37.872,200018.60357801945
4735,37.88,199924.96996038806
4736,37.888,199762.91168978382
4737,37.896,199496.26186279763
4738,37.904,199394.48033502707
4739,37.912,199443.51111251363
4740,37.92,199417.6401484813
4741,37.928,199371.58739435466
4742,37.936,199227.20079550557
4743,37.944,199221.79305218818
4744,37.952,199363.0235441463
4745,37.96,199417.6401484813
4746,37.968,199447.15867753065
4747,37.976,199377.2458869304
4748,37.984,199433.23533372287
4749,37.992,199643.15796476178
4750,38.0,199744.85286740342
4751,38.008,199787.74501442682
4752,38.016,199755.3489405038
4753,38.024,199815.71925225592
4754,38.032,199973.9585086117
4755,38.04,200052.0525759939
4756,38.048,200055.93234392282
4757,38.056,199946.7904112897
4758,38.064,199975.3422345435
4759,38.072,200097.8422126676
4760,38.08,200110.09030595564
4761,38.088,200095.4227506164
4762,38.096,199976.28646771505
4763,38.104,199998.36447496878
4764,38.112,200167.64603490403
4765,38.12,200228.16706691225
4766,38.128,200230.63360744045
4767,38.136,200102.8575703165
4768,38.144,200087.8653864806
4769,38.152,200227.32936997482
4770,38.16,200243.17682466097
4771,38.168,200164.9487304884
4772,38.176,200008.80395865339
4773,38.184,199990.75168326992
4774,38.192,200086.77373418925
4775,38.2,200098.08249975665
4776,38.208,200075.45071777163
4777,38.216,199976.24798910902
4778,38.224,200027.71860461062
4779,38.232,200222.64473192126
4780,38.24,200308.21910823876
4781,38.248,200323.33717762286
4782,38.256,200250.7573321467
4783,38.264,200293.16533240333
4784,38.272,200472.3747468839
4785,38.28,200582.39734978208
4786,38.288,200619.80313893672
4787,38.296,200555.81526821258
4788,38.304,200627.7540806978
4789,38.312,200832.36852396347
4790,38.32,200940.63023471824
4791,38.328,200964.06884931386
4792,38.336,200877.08628989127
4793,38.344,200922.61472294934
4794,38.352,201086.26192610816
4795,38.36,201126.7512308024
4796,38.368,201102.08289812307
4797,38.376,200991.71646735276
4798,38.384,200978.84055050998
4799,38.392,201074.8339642946
4800,38.4,201087.72586065572
4801,38.408,201021.25787190508
4802,38.416,200832.62196755363
4803,38.424,200763.7125459237
4804,38.432,200827.54396334276
4805,38.44,200805.54241497975
4806,38.448,200711.51022800134
4807,38.456,200501.45579060738
4808,38.464,200417.0802560944
4809,38.472,200470.38528460858
4810,38.48,200412.28676196325
4811,38.488,200272.5281584464
4812,38.496,200061.40683819872
4813,38.504,200009.24703395145
4814,38.512,200102.23880187952
4815,38.52,200104.08640285616
4816,38.528,200042.08484957876
4817,38.536,199910.85999866656
4818,38.544,199932.3125087513
4819,38.552,200082.22275250178
4820,38.56,200138.10852041992
4821,38.568,200130.37634011635
4822,38.576,200038.13719314706
4823,38.584,200098.99891411082
4824,38.592,200270.21609223727
4825,38.6,200368.25813923366
4826,38.608,200458.40830153556
4827,38.616,200411.51562700185
4828,38.624,200495.0316173119
4829,38.632,200733.20894916367
4830,38.64,200826.55607582795
4831,38.648,200849.56038852036
4832,38.656,200774.80686606432
4833,38.664,200795.21632268155
4834,38.672,200921.17256913957
4835,38.68,200940.63023471824
4836,38.688,200868.45939121683
4837,38.696,200634.15678582882
4838,38.704,200504.21308211723
4839,38.712,200514.82331691825
4840,38.72,200413.2874124798
4841,38.728,200248.0362348548
4842,38.736,200016.51037985864
4843,38.744,199922.74816897264
4844,38.752,199960.99517407408
4845,38.76,199921.96800883833
4846,38.768,199840.4495757245
4847,38.776,199685.1166224167
4848,38.784,199662.12319068686
4849,38.792,199780.7567577639
4850,38.8,199818.90100563044
4851,38.808,199801.9748665354
4852,38.816,199708.73188723548
4853,38.824,199718.56528608638
4854,38.832,199871.57537621324
4855,38.84,199973.001185184
4856,38.848,199972.06807039422
4857,38.856,199878.33557764403
4858,38.864,199956.47759272179
4859,38.872,200136.28262047467
4860,38.88,200199.14820193138
4861,38.888,200210.05246609097
4862,38.896,200120.92039566697
4863,38.904,200166.03786470226
4864,38.912,200333.830514864
4865,38.92,200402.2802567974
4866,38.928,200425.06448454547
4867,38.936,200322.43961906584
4868,38.944,200343.4892680179
4869,38.952,200529.045943148
4870,38.96,200603.41101063028
4871,38.968,200591.37579535635
4872,38.976,200486.33208374502
4873,38.984,200501.83423114
4874,38.992,200624.8063394648
4875,39.0,200641.4357302604
4876,39.008,200586.62083915505
4877,39.016,200412.2444412116
4878,39.024,200349.3299163752
4879,39.032,200424.22204385322
4880,39.04,200424.2945681622
4881,39.048,200359.54981324874
4882,39.056,200196.2027618339
4883,39.064,200196.19626060655
4884,39.072,200324.69173724306
4885,39.08,200348.24512890202
4886,39.088,200328.00469937988
4887,39.096,200180.7848094957
4888,39.104,200161.9759819127
4889,39.112,200297.52099354911
4890,39.12,200344.2425268357
4891,39.128,200333.05494281728
4892,39.136,200211.27487459563
4893,39.144,200278.69094064977
4894,39.152,200474.5915689562
4895,39.16,200496.34140535607
4896,39.168,200477.7470498415
4897,39.176,200366.33929852286
4898,39.184,200376.59503895193
4899,39.192,200520.09845043617
4900,39.2,200546.37393118514
4901,39.208,200519.25454113318
4902,39.216,200390.0659044085
4903,39.224,200393.14438586845
4904,39.232,200532.6679869013
4905,39.24,200577.39409719917
4906,39.248,200567.32365206126
4907,39.256,200430.46573303975
4908,39.264,200429.88262402132
4909,39.272,200575.21593244863
4910,39.28,200590.40255391473
4911,39.288,200558.05956942396
4912,39.296,200452.1152546908
4913,39.304,200438.74375738605
4914,39.312,200557.51757690439
4915,39.32,200623.42402096192
4916,39.328,200604.8884988796
4917,39.336,200465.09769378137
4918,39.344,200485.95060577185
4919,39.352,200608.80827030804
4920,39.36,200624.42467147848
4921,39.368,200630.43675794185
4922,39.376,200523.03558785238
4923,39.384,200563.43495088696
4924,39.392,200769.50492686
4925,39.4,200838.56388202694
4926,39.408,200844.5151714941
4927,39.416,200772.84960001704
4928,39.424,200824.78894307857
4929,39.432,200990.028448298
4930,39.44,201055.7050441251
4931,39.448,201071.12034852506
4932,39.456,200969.17136630896
4933,39.464,200994.82989429877
4934,39.472,201163.88208696575
4935,39.48,201236.82278762633
4936,39.488,201243.94553296524
4937,39.496,201142.95289528547
4938,39.504,201193.6186292256
4939,39.512,201348.81578789078
4940,39.52,201380.91646201405
4941,39.528,201374.24308683796
4942,39.536,201205.84007104367
4943,39.544,201132.78964139937
4944,39.552,201190.59620613596
4945,39.56,201100.73431737127
4946,39.568,200957.93390530787
4947,39.576,200728.74109496042
4948,39.584,200594.78403603268
4949,39.592,200589.2191973883
4950,39.6,200523.35896930378
4951,39.608,200413.3755660282
4952,39.616,200199.56034977306
4953,39.624,200150.8731245689
4954,39.632,200274.38305998934
4955,39.64,200295.2106515232
4956,39.648,200260.53564770013
4957,39.656,200178.69571327546
4958,39.664,200255.95934662415
4959,39.672,200434.08749117577
4960,39.68,200508.34921155506
4961,39.688,200548.4087163358
4962,39.696,200471.58823965883
4963,39.704,200499.3219194207
4964,39.712,200654.81489564572
4965,39.72,200714.48321797082
4966,39.728,200722.32885067342
4967,39.736,200621.07541535154
4968,39.744,200644.6808652864
4969,39.752,200827.95685864906
4970,39.76,200927.62177800268
4971,39.768,200955.44478620065
4972,39.776,200873.5851408272
4973,39.784,200904.29597762207
4974,39.792,201065.32269553986
4975,39.8,201143.76228958427
4976,39.808,201148.60277350366
4977,39.816,201029.80172961057
4978,39.824,201011.08289679646
4979,39.832,201089.82844472013
4980,39.84,201060.708296708
4981,39.848,200979.8273435179
4982,39.856,200801.60883941114
4983,39.864,200747.1920499483
4984,39.872,200854.72491570533
4985,39.88,200902.60551508813
4986,39.888,200877.8949841531
4987,39.896,200741.27101930743
4988,39.904,200749.47132468305
4989,39.912,200910.02848308496
4990,39.92,200967.64779866592
4991,39.928,200940.0160354668
4992,39.936,200813.4914378801
4993,39.944,200822.57284057705
4994,39.952,200978.5092440449
4995,39.96,201054.70439360852
4996,39.968,201051.53292757677
4997,39.976,200949.25174955407
4998,39.984,201005.78706093758
4999,39.992,201184.04754750573
5000,40.0,201270.8449051901
5001,40.008,201315.05364135295
5002,40.016,201223.989455794
5003,40.024,201269.44371437773
5004,40.032,201449.36701476888
5005,40.04,201471.97565902298
5006,40.048,201432.19264367686
5007,40.056,201311.08484278337
5008,40.064,201295.16225804415
5009,40.072,201390.5253335256
5010,40.08,201384.9190640804
5011,40.088,201306.19959151393
5012,40.096,201107.33043692453
5013,40.104,201039.8823395418
5014,40.112,201116.6184337178
5015,40.12,201095.73106478836
5016,40.128,201020.15067001726
5017,40.136,200866.70294528076
5018,40.144,200855.93438688363
5019,40.152,200983.68654861447
5020,40.16,201020.68227604474
5021,40.168,200990.20390100928
5022,40.176,200859.39348360983
5023,40.184,200868.60628150284
5024,40.192,201000.59173679753
5025,40.2,201032.69008224373
5026,40.208,201009.14531276267
5027,40.216,200868.8211755648
5028,40.224,200863.643845431
5029,40.232,200995.1243433879
5030,40.24,201008.67446984578
5031,40.248,200962.0535662247
5032,40.256,200820.95819011872
5033,40.264,200819.38619112244
5034,40.272,200971.52345834812
5035,40.28,201033.6907327603
5036,40.288,201031.6882545508
5037,40.296,200925.34733960268
5038,40.304,200943.40370098068
5039,40.312,201091.69166251225
5040,40.32,201129.7531823521
5041,40.328,201100.27092754006
5042,40.336,200999.46845532514
5043,40.344,201044.68357430646
5044,40.352,201223.96978987168
5045,40.36,201310.87092585335
5046,40.368,201319.21978626467
5047,40.376,201202.9157414287
5048,40.384,201189.6838263927
5049,40.392,201283.34900096367
5050,40.4,201288.85661448858
5051,40.408,201223.27091641698
5052,40.416,201019.64439289056
5053,40.424,200962.34375834028
5054,40.432,201010.83845856448
5055,40.44,200924.61982645292
5056,40.448,200808.60403536307
5057,40.456,200569.85671395587
5058,40.464,200467.6913926322
5059,40.472,200524.4165537796
5060,40.48,200471.32514244155
5061,40.488,200395.12031161375
5062,40.496,200230.46269093757
5063,40.504,200190.1462706903
5064,40.512,200305.36838783926
5065,40.52,200341.24057528595
5066,40.528,200326.73198622538
5067,40.536,200219.6017650836
5068,40.544,200278.9587810471
5069,40.552,200475.0994065801
5070,40.56,200556.38043635097
5071,40.568,200596.48258634674
5072,40.576,200527.71389717064
5073,40.584,200580.28865358065
5074,40.592,200768.17044387734
5075,40.6,200846.56908615958
5076,40.608,200864.8806399384
5077,40.616,200776.79964191947
5078,40.624,200814.0402481368
5079,40.632,200976.12608329163
5080,40.64,201021.68292656133
5081,40.648,201007.20634766374
5082,40.656,200888.6399460489
5083,40.664,200886.46595893533
5084,40.672,201033.40293388334
5085,40.68,201062.70959774117
5086,40.688,200984.72526191556
5087,40.696,200825.58206895675
5088,40.704,200781.54365451305
5089,40.712,200836.77958083025
5090,40.72,200815.54892014555
5091,40.728,200738.6383513423
5092,40.736,200579.12355466673
5093,40.744,200570.30225894018
5094,40.752,200677.53652713652
5095,40.76,200671.45524575782
5096,40.768,200615.37741546903
5097,40.776,200490.89366326705
5098,40.784,200504.57782420577
5099,40.792,200648.6979188153
5100,40.8,200705.47736332158
5101,40.808,200705.570310896
5102,40.816,200610.46075189466
5103,40.824,200640.93233423712
5104,40.832,200804.91865414995
5105,40.84,200873.58665010726
5106,40.848,200872.04697187128
5107,40.856,200776.3891591246
5108,40.864,200806.2782252929
5109,40.872,200988.1051576794
5110,40.88,201084.72390910596
5111,40.888,201096.99680959788
5112,40.896,201031.56549378662
5113,40.904,201088.52478053674
5114,40.912,201271.3544743959
5115,40.92,201359.90280116585
5116,40.928,201344.91203816104
5117,40.936,201247.54499813516
5118,40.944,201272.36552252132
5119,40.952,201398.84405487622
5120,40.96,201436.95289094263
5121,40.968,201382.01333807764
5122,40.976,201219.5086752863
5123,40.984,201198.1498133185
5124,40.992,201303.82076978625
5125,41.0,201295.86116810463
5126,41.008,201231.73540951984
5127,41.016,201118.00705330938
5128,41.024,201105.16038082534
5129,41.032,201207.78844475857
5130,41.04,201269.84425467352
5131,41.048,201267.42987534552
5132,41.056,201153.38261216815
5133,41.064,201157.45111658037
5134,41.072,201274.2155727519
5135,41.08,201293.85986707147
5136,41.088,201227.76085928606
5137,41.096,201051.14621152697
5138,41.104,201020.626930425
5139,41.112,201118.55237782522
5140,41.12,201119.7466771863
5141,41.128,201071.19822902125
5142,41.136,200918.56751024202
5143,41.144,200901.86406712473
5144,41.152,201021.17655672706
5145,41.16,201046.69918947585
5146,41.168,201040.9522580459
5147,41.176,200956.0821190411
5148,41.184,201014.3669544612
5149,41.192,201203.41660063987
5150,41.2,201274.84750725643
5151,41.208,201277.95127637344
5152,41.216,201162.06673538065
5153,41.224,201155.29325277274
5154,41.232,201299.1252644412
5155,41.24,201359.90280116585
5156,41.248,201329.76802309288
5157,41.256,201190.5902598774
5158,41.264,201217.2315941915
5159,41.272,201366.68220411224
5160,41.28,201384.9190640804
5161,41.288,201348.9824771285
5162,41.296,201204.6509067711
5163,41.304,201159.56326136366
5164,41.312,201224.19881464777
5165,41.32,201161.77399888274
5166,41.328,201010.35237485194
5167,41.336,200746.3040475863
5168,41.344,200611.8083276304
5169,41.352,200625.81497933943
5170,41.36,200544.37263015198
5171,41.368,200398.41810490473
5172,41.376,200185.83071879964
5173,41.384,200121.37549295858
5174,41.392,200199.12295871417
5175,41.4,200197.14690089822
5176,41.408,200140.10663998203
5177,41.416,200025.3208170439
5178,41.424,200069.71233366738
5179,41.432,200243.64718944658
5180,41.44,200331.23407012015
5181,41.448,200363.70185489935
5182,41.456,200290.50660437037
5183,41.464,200337.49372703157
5184,41.472,200539.58762744573
5185,41.48,200645.4383323267
5186,41.488,200650.44434154147
5187,41.496,200576.29637084607
5188,41.504,200639.78487030746
5189,41.512,200794.77131729195
5190,41.52,200845.56843564298
5191,41.528,200849.35214477248
5192,41.536,200758.327371172
5193,41.544,200779.3757041603
5194,41.552,200932.27162996406
5195,41.56,200990.6627605473
5196,41.568,200960.40756500483
5197,41.576,200822.38250110098
5198,41.584,200792.7400887874
5199,41.592,200873.9816424467
5200,41.6,200865.58144597462
5201,41.608,200798.0575249792
5202,41.616,200640.99819395682
5203,41.624,200608.4149937997
5204,41.632,200722.15728555855
5205,41.64,200760.51314173357
5206,41.648,200719.44575400345
5207,41.656,200591.04756894754
5208,41.664,200604.8058308078
5209,41.672,200758.12691815267
5210,41.68,200793.53460878076
5211,41.688,200721.44824030233
5212,41.696,200580.29943875482
5213,41.704,200566.62729529865
5214,41.712,200667.76937581043
5215,41.72,200694.47020763918
5216,41.728,200639.19246616884
5217,41.736,200493.54991106252
5218,41.744,200498.81269584663
5219,41.752,200645.06427138086
5220,41.76,200720.48712107033
5221,41.768,200745.93945020268
5222,41.776,200687.56912503124
5223,41.784,200752.20087025152
5224,41.792,200933.96530151227
5225,41.8,201018.68097501158
5226,41.808,201016.68758047346
5227,41.816,200882.2565529656
5228,41.824,200849.05177962032
5229,41.832,200944.73071401223
5230,41.84,200930.6237295524
5231,41.848,200846.01060280376
5232,41.856,200713.40298358083
5233,41.864,200701.70432731736
5234,41.872,200796.97525029298
5235,41.88,200817.5502211787
5236,41.888,200772.18732348777
5237,41.896,200645.645764704
5238,41.904,200641.90225715816
5239,41.912,200739.0916220041
5240,41.92,200748.5053355346
5241,41.928,200705.9285540471
5242,41.936,200579.8376761815
5243,41.944,200581.02602610464
5244,41.952,200706.81532348262
5245,41.96,200751.50728708433
5246,41.968,200726.59634141895
5247,41.976,200592.02229321617
5248,41.984,200597.34952889965
5249,41.992,200727.8326979923
5250,42.0,200746.50403450144
5251,42.008,200716.49960234837
5252,42.016,200604.2953594671
5253,42.024,200620.4401904633
5254,42.032,200775.33844933362
5255,42.04,200842.56648409326
5256,42.048,200830.7039984339
5257,42.056,200711.88234099603
5258,42.064,200747.8263273363
5259,42.072,200903.44020202802
5260,42.08,200955.63999246695
5261,42.088,200959.89435802866
5262,42.096,200842.9088238568
5263,42.104,200885.89208715173
5264,42.112,201058.6093101041
5265,42.12,201082.7226080728
5266,42.128,201074.17996616557
5267,42.136,200954.486493774
5268,42.144,200923.60772386877
5269,42.152,201058.0509172694
5270,42.16,201058.70699567485
5271,42.168,200941.72821054922
5272,42.176,200756.68842798236
5273,42.184,200632.80250441004
5274,42.192,200598.60221847642
5275,42.2,200504.3466094887
5276,42.208,200300.80495667725
5277,42.216,200011.28525502916
5278,42.224,199866.90226318478
5279,42.232,199886.9244427107
5280,42.24,199873.93678404242
5281,42.248,199795.83146949555
5282,42.256,199680.46193821612
5283,42.264,199705.19211584973
5284,42.272,199854.67069329834
5285,42.28,199941.98101916997
5286,42.288,199944.0948826238
5287,42.296,199885.30263568368
5288,42.304,199955.57019785195
5289,42.312,200126.9982469269
5290,42.32,200245.17812569413
5291,42.328,200273.27546182496
5292,42.336,200154.8215244732
5293,42.344,200186.51262629163
5294,42.352,200356.75248918432
5295,42.36,200416.28936402957
5296,42.368,200405.29527208797
5297,42.376,200279.4386715673
5298,42.384,200288.2147527127
5299,42.392,200440.66586153407
5300,42.4,200473.3264434747
5301,42.408,200445.1953832492
5302,42.416,200336.82356531254
5303,42.424,200322.92752156904
5304,42.432,200436.90103298382
5305,42.44,200465.32123934204
5306,42.448,200399.9370139657
5307,42.456,200244.86618688158
5308,42.464,200207.58534874124
5309,42.472,200292.57072664288
5310,42.48,200308.21910823876
5311,42.488,200238.9922733901
5312,42.496,200073.32904067912
5313,42.504,200058.9621828145
5314,42.512,200177.95711346398
5315,42.52,200218.16056174642
5316,42.528,200209.60729617422
5317,42.536,200105.41470454924
5318,42.544,200127.05408375486
5319,42.552,200304.28414342736
5320,42.56,200387.2704990487
5321,42.568,200385.62110241468
5322,42.576,200304.18546377463
5323,42.584,200319.2321310107
5324,42.592,200457.25349830202
5325,42.6,200527.3615713701
5326,42.608,200505.37152099868
5327,42.616,200412.05200994428
5328,42.624,200459.20682317513
5329,42.632,200614.06468163905
5330,42.64,200689.4669550563
5331,42.648,200701.32129750057
5332,42.656,200619.39728119754
5333,42.664,200649.10670350117
5334,42.672,200790.89670861786
5335,42.68,200846.56908615958
5336,42.688,200824.30301323975
5337,42.696,200699.82363041822
5338,42.704,200710.07109964886
5339,42.712,200838.92377223805
5340,42.72,200870.58469855753
5341,42.728,200833.22106522354
5342,42.736,200682.89992102142
5343,42.744,200671.1828257581
5344,42.752,200781.09413099877
5345,42.76,200776.52354999888
5346,42.768,200723.38974932276
5347,42.776,200575.8818234626
5348,42.784,200562.41709500644
5349,42.792,200683.90785013675
5350,42.8,200688.4663045397
5351,42.808,200649.81419377698
5352,42.816,200553.233540125
5353,42.824,200569.3479091216
5354,42.832,200714.42371255092
5355,42.84,200790.532657231
5356,42.848,200795.5577277991
5357,42.856,200708.35052750012
5358,42.864,200763.58270492603
5359,42.872,200941.32579471296
5360,42.88,201025.68552862766
5361,42.888,201048.49594576214
5362,42.896,200970.99373486417
5363,42.904,201030.09558867916
5364,42.912,201223.54063716024
5365,42.92,201315.87417843626
5366,42.928,201340.03242937187
5367,42.936,201252.53761784112
5368,42.944,201271.7521762798
5369,42.952,201408.83832377262
5370,42.96,201435.95224042604
5371,42.968,201401.4712990312
5372,42.976,201297.12255309455
5373,42.984,201308.24169897265
5374,42.992,201425.88109184158
5375,43.0,201473.97696005614
5376,43.008,201487.61880918493
5377,43.016,201400.16438392163
5378,43.024,201410.7917812742
5379,43.032,201546.00851727615
5380,43.04,201569.03875913136
5381,43.048,201496.43763859457
5382,43.056,201333.0532815492
5383,43.064,201244.07263540878
5384,43.072,201250.92030709697
5385,43.08,201159.77269784958
5386,43.088,200946.88257837167
5387,43.096,200648.38946638964
5388,43.104,200493.14110869923
5389,43.112,200494.96224050823
5390,43.12,200474.32709399128
5391,43.128,200391.13940638673
5392,43.136,200232.7365602597
5393,43.144,200244.89858929935
5394,43.152,200392.95653402133
5395,43.16,200448.31018056016
5396,43.168,200446.95331695222
5397,43.176,200365.22561907195
5398,43.184,200399.46883853123
5399,43.192,200574.74662815346
5400,43.2,200679.46044989047
5401,43.208,200703.54236905914
5402,43.216,200644.47728489188
5403,43.224,200722.48305522875
5404,43.232,200916.60947247065
5405,43.24,201007.67381932918
5406,43.248,201029.19322521624
5407,43.256,200971.72802501472
5408,43.264,201017.78950822182
5409,43.272,201159.6442000726
5410,43.28,201217.8104278113
5411,43.288,201196.44550423935
5412,43.296,201059.31954822788
5413,43.304,201062.29860246694
5414,43.312,201202.31999995894
5415,43.32,201212.80717522837
5416,43.328,201136.93926539048
5417,43.336,200992.9814930169
5418,43.344,200961.2326783026
5419,43.352,201042.1626419888
5420,43.36,201033.6907327603
5421,43.368,200936.10240846538
5422,43.376,200768.5521471013
5423,43.384,200757.91605123723
5424,43.392,200859.13289776992
5425,43.4,200857.57624184198
5426,43.408,200795.03345773515
5427,43.416,200644.11156387642
5428,43.424,200619.59060572882
5429,43.432,200761.2103029312
5430,43.44,200819.55152221187
5431,43.448,200781.2385140307
5432,43.456,200695.80802752968
5433,43.464,200753.12163308726
5434,43.472,200902.9597755025
5435,43.48,200976.65365331515
5436,43.488,200970.67415033138
5437,43.496,200838.7164012168
5438,43.504,200862.88693880165
5439,43.512,201026.78109881462
5440,43.52,201060.708296708
5441,43.528,201047.71066339593
5442,43.536,200984.85794925553
5443,43.544,201012.1250267079
5444,43.552,201149.55084551405
5445,43.56,201207.8039226455
5446,43.568,201181.0795554153
5447,43.576,201071.42137796522
5448,43.584,201087.46770477807
5449,43.592,201233.29880858664
5450,43.6,201285.85466293883
5451,43.608,201236.33248077627
5452,43.616,201118.04649708315
5453,43.624,201119.43093987316
5454,43.632,201211.58784477043
5455,43.64,201234.82148659317
5456,43.648,201194.9763377255
5457,43.656,201053.64914359993
5458,43.664,201050.90438340875
5459,43.672,201202.74616829833
5460,43.68,201235.82213710976
5461,43.688,201173.33137309068
5462,43.696,201077.9803799919
5463,43.704,201086.62926464432
5464,43.712,201187.78972668177
5465,43.72,201240.82538969265
5466,43.728,201209.22348432484
5467,43.736,201069.0558222081
5468,43.744,201054.69691933607
5469,43.752,201164.60668560877
5470,43.76,201168.77855249878
5471,43.768,201086.05356651766
5472,43.776,200945.2842250593
5473,43.784,200914.587566379
5474,43.792,201022.19456477216
5475,43.8,201082.7226080728
5476,43.808,201047.15210297183
5477,43.816,200944.89982202512
5478,43.824,200977.3646520182
5479,43.832,201125.35392626023
5480,43.84,201200.7993690294
5481,43.848,201188.97684814647
5482,43.856,201090.2427861535
5483,43.864,201095.34416907132
5484,43.872,201216.41178244704
5485,43.88,201260.83840002428
5486,43.888,201198.76909684337
5487,43.896,201044.92070283965
5488,43.904,201010.60570920905
5489,43.912,201092.54150226715
5490,43.92,201089.72716168888
5491,43.928,200976.46062989486
5492,43.936,200762.27321557247
5493,43.944,200677.78222163525
5494,43.952,200694.93533562194
5495,43.96,200598.40775804737
5496,43.968,200436.21096532306
5497,43.976,200228.43583960834
5498,43.984,200153.6669605682
5499,43.992,200201.8539336366
5500,44.0,200179.13519159975
5501,44.008,200082.52639691508
5502,44.016,199907.37127378298
5503,44.024,199876.06040007263
5504,44.032,200007.56544121203
5505,44.04,200064.0603821929
5506,44.048,200055.79530990584
5507,44.056,200017.75823409492
5508,44.064,200078.71333319807
5509,44.072,200273.98631402248
5510,44.08,200406.28285886373
5511,44.088,200403.69755144964
5512,44.096,200352.9772402115
5513,44.104,200407.77156227446
5514,44.112,200545.42937639813
5515,44.12,200613.4175157961
5516,44.128,200545.16481375296
5517,44.136,200400.02690394613
5518,44.144,200388.43028274836
5519,44.152,200481.1199646545
5520,44.16,200528.36222188667
5521,44.168,200498.51400866717
5522,44.176,200376.65072352462
5523,44.184,200389.88386504198
5524,44.192,200529.2492656399
5525,44.2,200582.39734978208
5526,44.208,200547.3060901224
5527,44.216,200423.137641312
5528,44.224,200423.56884800902
5529,44.232,200546.83581865157
5530,44.24,200580.39604874892
5531,44.248,200524.7013612328
5532,44.256,200388.66818210547
5533,44.264,200389.76851969276
5534,44.272,200492.98021211883
5535,44.28,200501.344657939
5536,44.288,200463.55159516828
5537,44.296,200343.3260922058
5538,44.304,200342.38166043733
5539,44.312,200496.5430491017
5540,44.32,200555.37978583438
5541,44.328,200522.19845318692
5542,44.336,200441.9907215732
5543,44.344,200461.6819298871
5544,44.352,200589.27518939396
5545,44.36,200655.4448374925
5546,44.368,200627.15376375953
5547,44.376,200519.003500575
5548,44.384,200496.55556180433
5549,44.392,200576.66945663863
5550,44.4,200594.40515598105
5551,44.408,200504.67509814212
5552,44.416,200336.407274362
5553,44.424,200284.14472170678
5554,44.432,200360.0343379613
5555,44.44,200369.25878975022
5556,44.448,200266.54353010832
5557,44.456,200099.08748641005
5558,44.464,200033.69477296906
5559,44.472,200052.47562779335
5560,44.48,200042.0460708281
5561,44.488,199962.89791455632
5562,44.496,199773.44091823229
5563,44.504,199738.19205049993
5564,44.512,199860.1562768028
5565,44.52,199918.96605728858
5566,44.528,199928.32281410132
5567,44.536,199852.73881028357
5568,44.544,199892.86264086145
5569,44.552,200082.07733697598
5570,44.56,200173.13128850027
5571,44.568,200150.5623372181
5572,44.576,200055.76582982557
5573,44.584,200074.6042472162
5574,44.592,200210.5658954558
5575,44.6,200256.18528137653
5576,44.608,200193.3315685453
5577,44.616,200080.79208455377
5578,44.624,200100.7336647178
5579,44.632,200231.11345760507
5580,44.64,200301.21455462268
5581,44.648,200282.49116187927
5582,44.656,200178.0377366577
5583,44.664,200203.10785484553
5584,44.672,200363.40111784
5585,44.68,200441.3056269441
5586,44.688,200421.28308612126
5587,44.696,200332.8536784791
5588,44.704,200346.21974843042
5589,44.712,200472.57859664565
5590,44.72,200521.35766827062
5591,44.728,200466.0234865633
5592,44.736,200345.7136659412
5593,44.744,200316.19057617718
5594,44.752,200393.94205472936
5595,44.76,200403.280907314
5596,44.768,200263.41437456198
5597,44.776,200024.44755809326
5598,44.784,199903.3258605791
5599,44.792,199884.6022899247
5600,44.8,199793.8847427159
5601,44.808,199623.75690932095
5602,44.816,199416.1827259539
5603,44.824,199358.0716674329
5604,44.832,199433.32799726306
5605,44.84,199464.6707227606
5606,44.848,199434.18047498428
5607,44.856,199348.413926671
5608,44.864,199392.10523677783
5609,44.872,199562.4009927055
5610,44.88,199657.79627246084
5611,44.888,199671.76353778466
5612,44.896,199638.48312979095
5613,44.904,199722.9420884651
5614,44.912,199938.81404593072
5615,44.92,200089.07664510742
5616,44.928,200111.90874853657
5617,44.936,200059.05077685855
5618,44.944,200128.15709820145
5619,44.952,200301.54676780387
5620,44.96,200377.2639938829
5621,44.968,200337.52876659518
5622,44.976,200240.35733932623
5623,44.984,200240.04131226748
5624,44.992,200333.6804383751
5625,45.0,200377.2639938829
5626,45.008,200313.29209899376
5627,45.016,200151.17442633258
5628,45.024,200106.24224733823
5629,45.032,200168.83723481622
5630,45.04,200153.11827816864
5631,45.048,200043.37197168672
5632,45.056,199836.05458912704
5633,45.064,199729.66812637678
5634,45.072,199752.818762028
5635,45.08,199701.82489519042
5636,45.088,199554.60784263964
5637,45.096,199360.56175074563
5638,45.104,199300.51425246475
5639,45.112,199360.2421038931
5640,45.12,199355.59981645324
5641,45.128,199280.5801003131
5642,45.136,199156.58100980739
5643,45.144,199128.77848405033
5644,45.152,199231.6317120222
5645,45.16,199302.5653390744
5646,45.168,199272.67163786804
5647,45.176,199170.88723592096
5648,45.184,199178.31520017082
5649,45.192,199339.40942563876
5650,45.2,199448.6603144953
5651,45.208,199407.00440449317
5652,45.216,199314.50182057053
5653,45.224,199353.39300371936
5654,45.232,199519.1961107615
5655,45.24,199638.78391264577
5656,45.248,199629.3766987297
5657,45.256,199571.60670578666
5658,45.264,199645.2642716113
5659,45.272,199828.72880824402
5660,45.28,199960.993378985
5661,45.288,199976.50383500988
5662,45.296,199916.2776646809
5663,45.304,199968.40827164665
5664,45.312,200126.54664477907
5665,45.32,200232.16966897857
5666,45.328,200237.15664992825
5667,45.336,200153.76554443737
5668,45.344,200183.7610393375
5669,45.352,200338.29872718736
5670,45.36,200403.280907314
5671,45.368,200366.18880305236
5672,45.376,200299.32244602093
5673,45.384,200326.29407821057
5674,45.392,200461.02945041138
5675,45.4,200546.37393118514
5676,45.408,200503.2134247339
5677,45.416,200399.17034929394
5678,45.424,200407.81617941984
5679,45.432,200531.5793641309
5680,45.44,200596.4064570142
5681,45.448,200524.63281322565
5682,45.456,200391.64188329104
5683,45.464,200373.66546527916
5684,45.472,200476.5540539702
5685,45.48,200542.37132911882
5686,45.488,200494.45000838724
5687,45.496,200380.4811222414
5688,45.504,200360.15487854058
5689,45.512,200433.50895127404
5690,45.52,200473.3264434747
5691,45.528,200415.56025010865
5692,45.536,200278.08176635753
5693,45.544,200272.10570474603
5694,45.552,200397.95058166957
5695,45.56,200448.31018056016
5696,45.568,200381.08800398774
5697,45.576,200241.19889935566
5698,45.584,200202.94510022982
5699,45.592,200272.58355130712
5700,45.6,200290.20739894029
5701,45.608,200208.31362145374
5702,45.616,200033.95353421333
5703,45.624,199954.02999211612
5704,45.632,199981.49068985882
5705,45.64,199911.9615036725
5706,45.648,199712.03357882157
5707,45.656,199465.3555216553
5708,45.664,199352.02285586513
5709,45.672,199356.24533110438
5710,45.68,199323.57899992264
5711,45.688,199227.69815402708
5712,45.696,199080.60857746413
5713,45.704,199059.61844829348
5714,45.712,199207.73111500836
5715,45.72,199304.56664010757
5716,45.728,199272.2725335171
5717,45.736,199215.2114592282
5718,45.744,199288.08030173852
5719,45.752,199471.13972509443
5720,45.76,199612.76699921465
5721,45.768,199662.49353908218
5722,45.776,199684.40224140475
5723,45.784,199816.3485708004
5724,45.792,200031.07975098657
5725,45.8,200183.13779366607
5726,45.808,200225.08010560108
5727,45.816,200196.4648127627
5728,45.824,200254.85029070926
5729,45.832,200417.31882649314
5730,45.84,200518.35571672086
5731,45.848,200476.3312826328
5732,45.856,200348.1943921712
5733,45.864,200319.34535420453
5734,45.872,200408.0817020479
5735,45.88,200454.31408365964
5736,45.888,200380.17593527076
5737,45.896,200220.1513296926
5738,45.904,200156.45346984404
5739,45.912,200230.1890568508
5740,45.92,200230.1683679454
5741,45.928,200078.25987972866
5742,45.936,199897.4292555771
5743,45.944,199804.062635687
5744,45.952,199797.6296561462
5745,45.96,199784.87888806668
5746,45.968,199657.49860140219
5747,45.976,199473.3010149858
5748,45.984,199441.7831835302
5749,45.992,199518.63391763985
5750,46.0,199538.71886098763
5751,46.008,199479.16660575528
5752,46.016,199369.32464151084
5753,46.024,199376.94154135117
5754,46.032,199521.84225463687
5755,46.04,199611.7663486981
5756,46.048,199606.9403368841
5757,46.056,199567.6189181539
5758,46.064,199600.14981213916
5759,46.072,199745.08694079716
5760,46.08,199856.92572526055
5761,46.088,199833.49075869037
5762,46.096,199776.6987924474
5763,46.104,199829.4016325513
5764,46.112,199979.43282253348
5765,46.12,200111.0909564722
5766,46.128,200118.54065634677
5767,46.136,200022.4950686258
5768,46.144,200007.37712172524
5769,46.152,200136.0974590629
5770,46.16,200245.17812569413
5771,46.168,200215.23414823436
5772,46.176,200127.1595716779
5773,46.184,200152.531705782
5774,46.192,200291.40816079956
5775,46.2,200357.25098355126
5776,46.208,200276.76712545025
5777,46.216,200172.92187067223
5778,46.224,200172.16150664716
5779,46.232,200274.788236256
5780,46.24,200339.2392742528
5781,46.248,200257.45140094022
5782,46.256,200136.6748606469
5783,46.264,200120.6193873284
5784,46.272,200195.23096024204
5785,46.28,200254.18398034337
5786,46.288,200197.02949489298
5787,46.296,200074.5019257829
5788,46.304,200082.2371528024
5789,46.312,200214.39280373103
5790,46.32,200294.21000100664
5791,46.328,200269.32066132766
5792,46.336,200214.80373997844
5793,46.344,200271.40992771334
5794,46.352,200433.2918870841
5795,46.36,200551.37718376805
5796,46.368,200548.02252708003
5797,46.376,200477.5320790102
5798,46.384,200527.99611881608
5799,46.392,200710.05269127834
5800,46.4,200838.56388202694
5801,46.408,200836.16843103978
5802,46.416,200771.43939980044
5803,46.424,200804.15435436895
5804,46.432,200925.72901512682
5805,46.44,200992.66406158046
5806,46.448,200961.46574233443
5807,46.456,200860.62805958194
5808,46.464,200823.07691558663
5809,46.472,200881.14218383547
5810,46.48,200865.58144597462
5811,46.488,200681.1606579029
5812,46.496,200431.9260660323
5813,46.504,200302.91425153968
5814,46.512,200282.717744189
5815,46.52,200198.14755141482
5816,46.528,199985.60160422156
5817,46.536,199737.0295120889
5818,46.544,199609.64382153595
5819,46.552,199616.3133917313
5820,46.56,199598.75789198253
5821,46.568,199463.9501897877
5822,46.576,199315.7732697868
5823,46.584,199323.36276029208
5824,46.592,199432.6002892815
5825,46.6,199467.67267431036
5826,46.608,199399.89078386084
5827,46.616,199315.842994555
5828,46.624,199327.48613142179
5829,46.632,199406.59126041533
5830,46.64,199444.65771242898
5831,46.648,199380.50116295664
5832,46.656,199241.10246610953
5833,46.664,199222.57743777207
5834,46.672,199311.36095531686
5835,46.68,199323.57899992264
5836,46.688,199239.97834195613
5837,46.696,199121.34607204466
5838,46.704,199126.9024773887
5839,46.712,199230.57838725994
5840,46.72,199280.55102770962
5841,46.728,199257.6990719881
5842,46.736,199164.84466474442
5843,46.744,199179.95055932982
5844,46.752,199337.31692584336
5845,46.76,199433.65055674658
5846,46.768,199394.02694130887
5847,46.776,199298.1739592849
5848,46.784,199354.28112178808
5849,46.792,199493.5795327829
5850,46.8,199531.71430737156
5851,46.808,199501.5345413008
5852,46.816,199420.9365316455
5853,46.824,199439.42789632527
5854,46.832,199576.84665605502
5855,46.84,199632.7800095463
5856,46.848,199583.05758605144
5857,46.856,199509.95173564574
5858,46.864,199536.50260516763
5859,46.872,199643.67757194798
5860,46.88,199703.82619622358
5861,46.888,199666.16815021486
5862,46.896,199562.3024333287
5863,46.904,199588.9006715938
5864,46.912,199741.37417694464
5865,46.92,199834.91141389575
5866,46.928,199830.41191743754
5867,46.936,199769.9808596173
5868,46.944,199821.73529926562
5869,46.952,199966.5954059305
5870,46.96,200030.0382646291
5871,46.968,199996.85537126858
5872,46.976,199896.17549764822
5873,46.984,199879.07932405532
5874,46.992,199980.38372941085
5875,47.0,200028.03696359595
5876,47.008,199968.1855327786
5877,47.016,199873.11826629922
5878,47.024,199888.3229276217
5879,47.032,200022.91005768153
5880,47.04,200114.09290802196
5881,47.048,200067.87732295095
5882,47.056,199952.1839377852
5883,47.064,199945.88810321735
5884,47.072,200049.3654571997
5885,47.08,200099.08315027325
5886,47.088,200029.48821332934
5887,47.096,199904.8339573822
5888,47.104,199882.940925488
5889,47.112,199964.5209117186
5890,47.12,199988.0109429327
5891,47.128,199886.41491655732
5892,47.136,199733.83999774713
5893,47.144,199688.28850920632
5894,47.152,199719.85692244978
5895,47.16,199707.8287982899
5896,47.168,199609.38425502894
5897,47.176,199435.48084147915
5898,47.184,199394.6063023764
5899,47.192,199491.86367681416
5900,47.2,199541.7208125374
5901,47.208,199506.43306045534
5902,47.216,199392.31605610278
5903,47.224,199397.70201634977
5904,47.232,199575.3045610172
5905,47.24,199679.81058382563
5906,47.248,199663.9849735735
5907,47.256,199642.20832956847
5908,47.264,199703.5789716824
5909,47.272,199847.48213593673
5910,47.28,199957.99142743525
5911,47.288,199917.72938192164
5912,47.296,199769.2912824322
5913,47.304,199692.70476720532
5914,47.312,199702.0552811031
5915,47.32,199649.79106832817
5916,47.328,199466.64291618284
5917,47.336,199226.878427115
5918,47.344,199104.0080674492
5919,47.352,199120.55692986652
5920,47.36,199126.4508481561
5921,47.368,199036.81407953613
5922,47.376,198916.27144494446
5923,47.384,198935.6166718771
5924,47.392,199094.40991485622
5925,47.4,199220.51199671475
5926,47.408,199207.96335739666
5927,47.416,199120.1924637239
5928,47.424,199177.80803843425
5929,47.432,199365.0110348558
5930,47.44,199446.65901346214
5931,47.448,199406.07656796474
5932,47.456,199360.5321815619
5933,47.464,199395.73466549104
5934,47.472,199548.80721607342
5935,47.48,199686.81513744168
5936,47.488,199679.60048861842
5937,47.496,199622.8277209455
5938,47.504,199636.72084947463
5939,47.512,199747.92868862438
5940,47.52,199849.92117164447
5941,47.528,199796.4356775865
5942,47.536,199689.00781034288
5943,47.544,199703.25531709977
5944,47.552,199820.5134735308
5945,47.56,199896.95174592378
5946,47.568,199836.0324651716
5947,47.576,199714.38853911497
5948,47.584,199688.5372930224
5949,47.592,199776.40514528195
5950,47.6,199829.90816131284
5951,47.608,199754.3786133695
5952,47.616,199645.77630239245
5953,47.624,199642.03065212088
5954,47.632,199726.16017169066
5955,47.64,199747.85481895317
5956,47.648,199634.85542658652
5957,47.656,199492.01647944652
5958,47.664,199452.90880631912
5959,47.672,199526.17744745733
5960,47.68,199569.73902700166
5961,47.688,199484.10266573634
5962,47.696,199377.23173570939
5963,47.704,199380.9262351626
5964,47.712,199485.14535349613
5965,47.72,199539.71951150423
5966,47.728,199454.24855330095
5967,47.736,199354.60414485293
5968,47.744,199356.08995579858
5969,47.752,199434.7501187738
5970,47.76,199506.69804445704
5971,47.768,199448.16801305712
5972,47.776,199299.9305843768
5973,47.784,199295.4527865254
5974,47.792,199400.44102505466
5975,47.8,199436.65250829633
5976,47.808,199376.32648760374
5977,47.816,199246.97919418794
5978,47.824,199234.7169017144
5979,47.832,199345.67179839488
5980,47.84,199395.6258371165
5981,47.848,199344.8174921782
5982,47.856,199227.2897033941
5983,47.864,199228.58994749055
5984,47.872,199337.50435708172
5985,47.88,199383.6180309175
5986,47.888,199354.311203822
5987,47.896,199251.5260481217
5988,47.904,199245.95287191283
5989,47.912,199383.53760839114
5990,47.92,199457.66616914453
5991,47.928,199419.1119516506
5992,47.936,199345.4243748609
5993,47.944,199370.81855724772
5994,47.952,199523.99087041256
5995,47.96,199633.78066006288
5996,47.968,199587.6437325137
5997,47.976,199486.61520746548
5998,47.984,199505.93097631496
5999,47.992,199621.71640778915
6000,48.0,199658.7969229774
6001,48.008,199567.6090508668
6002,48.016,199460.27168002966
6003,48.024,199453.1640187034
6004,48.032,199536.48016496788
6005,48.04,199578.7448816509
6006,48.048,199505.704683218
6007,48.056,199413.36409961103
6008,48.064,199429.70617579983
6009,48.072,199558.01844162564
6010,48.08,199661.79887452716
6011,48.088,199638.99652845305
6012,48.096,199587.4360891886
6013,48.104,199652.32198823307
6014,48.112,199809.6054236381
6015,48.12,199923.9693098715
6016,48.128,199907.24154063564
6017,48.136,199834.32438382643
6018,48.144,199869.64319841441
6019,48.152,199969.69937444947
6020,48.16,199998.01744809852
6021,48.168,199915.29529940247
6022,48.176,199732.46413752544
6023,48.184,199615.68749022254
6024,48.192,199619.82292113928
6025,48.2,199562.7344733856
6026,48.208,199366.34847893796
6027,48.216,199142.99223001997
6028,48.224,199067.83495584506
6029,48.232,199125.50585928722
6030,48.24,199128.45214918925
6031,48.248,199020.47339983514
6032,48.256,198906.5203397397
6033,48.264,198902.2746919484
6034,48.272,199009.38133626577
6035,48.28,199073.41637077727
6036,48.288,199000.19820954712
6037,48.296,198920.19201930444
6038,48.304,198974.06578891125
6039,48.312,199142.7474437119
6040,48.32,199283.55297925937
6041,48.328,199285.54365139946
6042,48.336,199244.72821520615
6043,48.344,199313.39840580037
6044,48.352,199450.54873666816
6045,48.36,199547.72471563687
6046,48.368,199538.14844167378
6047,48.376,199434.358197809
6048,48.384,199425.46841555068
6049,48.392,199541.7412162478
6050,48.4,199587.75073630014
6051,48.408,199505.01620389565
6052,48.416,199392.89210588078
6053,48.424,199393.4502269342
6054,48.432,199496.72612078197
6055,48.44,199574.74227958458
6056,48.448,199547.03144811664
6057,48.456,199437.03158907758
6058,48.464,199428.8691132154
6059,48.472,199531.6494230711
6060,48.48,199562.7344733856
6061,48.488,199475.8381460677
6062,48.496,199350.0003752629
6063,48.504,199335.80939264887
6064,48.512,199428.36390268052
6065,48.52,199492.68893722488
6066,48.528,199461.68096932172
6067,48.536,199371.53227945228
6068,48.544,199420.17737396123
6069,48.552,199588.47433723987
6070,48.56,199674.80733124272
6071,48.568,199654.6720212261
6072,48.576,199581.97394944698
6073,48.584,199604.0504905091
6074,48.592,199751.92476373143
6075,48.6,199843.917268545
6076,48.608,199802.68854301845
6077,48.616,199727.9796789657
6078,48.624,199775.3632147917
6079,48.632,199929.75024564366
6080,48.64,200017.02980791355
6081,48.648,199974.54704107143
6082,48.656,199890.52139127644
6083,48.664,199881.243984218
6084,48.672,199975.51283277562
6085,48.68,200035.04151721203
6086,48.688,199961.37373358037
6087,48.696,199878.43166548558
6088,48.704,199899.41743114762
6089,48.712,200003.42433225
6090,48.72,200097.0818492401
6091,48.728,200074.54500005156
6092,48.736,199994.0893529362
6093,48.744,200023.06728558036
6094,48.752,200137.38142980795
6095,48.76,200189.14169676558
6096,48.768,200114.22637920198
6097,48.776,199981.11507303148
6098,48.784,199963.28776252328
6099,48.792,200031.29406022216
6100,48.8,200031.0389151457
6101,48.808,199924.1108766114
6102,48.816,199751.64232438014
6103,48.824,199711.0173858453
6104,48.832,199821.28011033204
6105,48.84,199862.92962836003
6106,48.848,199792.6126254768
6107,48.856,199699.2846209527
6108,48.864,199697.04640539733
6109,48.872,199826.68905677772
6110,48.88,199921.96800883833
6111,48.888,199849.85210382575
6112,48.896,199730.62950028278
6113,48.904,199724.22118143123
6114,48.912,199834.2234160323
6115,48.92,199907.95890160618
6116,48.928,199843.3352550694
6117,48.936,199749.6012735957
6118,48.944,199733.31515564703
6119,48.952,199814.9606472582
6120,48.96,199902.9556490233
6121,48.968,199864.524193173
6122,48.976,199785.8911470118
6123,48.984,199817.8789142308
6124,48.992,199935.52245447555
6125,49.0,200008.02395326432
6126,49.008,199941.34719210904
6127,49.016,199805.99935600857
6128,49.024,199769.32511192063
6129,49.032,199821.96860605507
6130,49.04,199795.88604374908
6131,49.048,199630.69121137453
6132,49.056,199423.1944076356
6133,49.064,199311.56322375557
6134,49.072,199307.23782441855
6135,49.08,199280.55102770962
6136,49.088,199133.31940841593
6137,49.096,198953.97882073664
6138,49.104,198926.88613960685
6139,49.112,199006.2550466305
6140,49.12,199011.3760387492
6141,49.128,198930.86280386025
6142,49.136,198848.23972267553
6143,49.144,198855.40970789787
6144,49.152,198991.46303859926
6145,49.16,199097.43198317522
6146,49.168,199061.96109331408
6147,49.176,199026.5737324612
6148,49.184,199084.7044375148
6149,49.192,199220.64240868966
6150,49.2,199331.58420405528
6151,49.208,199306.294684904
6152,49.216,199255.2104776643
6153,49.224,199306.43310129564
6154,49.232,199461.90666166274
6155,49.24,199586.75008578354
6156,49.248,199540.57746454768
6157,49.256,199440.09224663881
6158,49.264,199433.73238177728
6159,49.272,199498.3300833084
6160,49.28,199542.72146305395
6161,49.288,199461.33827155046
6162,49.296,199302.85269417852
6163,49.304,199273.3056039665
6164,49.312,199337.18081463146
6165,49.32,199311.57119372365
6166,49.328,199179.81509273092
6167,49.336,199012.27228680698
6168,49.344,198954.81198488045
6169,49.352,199027.00302395588
6170,49.36,199070.4144192275
6171,49.368,199010.32695495425
6172,49.376,198907.6319431319
6173,49.384,198909.96731658577
6174,49.392,199027.97641340608
6175,49.4,199096.43133265866
6176,49.408,199043.5896520507
6177,49.416,198950.9675380179
6178,49.424,198949.7122470336
6179,49.432,199086.27989096267
6180,49.44,199194.49508328363
6181,49.448,199152.67454061264
6182,49.456,199108.9397167998
6183,49.464,199177.52771343666
6184,49.472,199339.06513842323
6185,49.48,199491.68828670832
6186,49.488,199521.66032338928
6187,49.496,199514.19226236295
6188,49.504,199609.24721810818
6189,49.512,199819.68147605273
6190,49.52,199970.9998841508
6191,49.528,199936.77205994402
6192,49.536,199874.3226022769
6193,49.544,199906.86973935037
6194,49.552,200039.45688990457
6195,49.56,200107.0883544059
6196,49.568,199984.16958095998
6197,49.576,199882.12931214005
6198,49.584,199875.33520521378
6199,49.592,199923.39145669268
6200,49.6,199949.9862233026
6201,49.608,199817.43740254402
6202,49.616,199668.4825918903
6203,49.624,199625.89953451106
6204,49.632,199660.63859958082
6205,49.64,199683.81318589195
6206,49.648,199578.50178341893
6207,49.656,199449.2515531973
6208,49.664,199439.87914390827
6209,49.672,199527.7336493199
6210,49.68,199592.75398888302
6211,49.688,199524.41159590316
6212,49.696,199404.93210443645
6213,49.704,199423.12646865027
6214,49.712,199554.86200391038
6215,49.72,199633.78066006288
6216,49.728,199600.54683805042
6217,49.736,199532.26947551977
6218,49.744,199583.4331934634
6219,49.752,199757.2745042915
6220,49.76,199888.94654179114
6221,49.768,199921.40903625017
6222,49.776,199940.80784580097
6223,49.784,200054.05818861924
6224,49.792,200281.06221831788
6225,49.8,200472.32579295812
6226,49.808,200523.210131786
6227,49.816,200540.2273378963
6228,49.824,200637.3425442716
6229,49.832,200849.70514805723
6230,49.84,201043.69723792613
6231,49.848,201055.8972228774
6232,49.856,201025.54167903806
6233,49.864,201094.9430682755
6234,49.872,201170.1662474716
6235,49.88,201134.75643493503
6236,49.888,200961.62078901104
6237,49.896,200724.46679697046
6238,49.904,200542.2373103791
6239,49.912,200447.39582084093
6240,49.92,200315.22366185483
6241,49.928,200049.73309936363
6242,49.936,199754.14170031468
6243,49.944,199568.55078945443
6244,49.952,199509.63876103374
6245,49.96,199441.65576087925
6246,49.968,199256.55939157534
6247,49.976,199055.18871693642
6248,49.984,198970.08972806938
6249,49.992,199026.4383876268
6250,50.0,199064.41051612803
6251,50.008,198944.76010083727
6252,50.016,198816.0042958836
6253,50.024,198801.63907916215
6254,50.032,198877.23808114516
6255,50.04,198934.32594897246
6256,50.048,198861.9507852779
6257,50.056,198774.97051751622
6258,50.064,198824.42205198668
6259,50.072,198974.14741800295
6260,50.08,199087.42547800942
6261,50.088,199078.7442569107
6262,50.096,199026.29316778728
6263,50.104,199073.41265553562
6264,50.112,199227.18190796563
6265,50.12,199338.58875767136
6266,50.128,199315.354919771
6267,50.136,199248.9625411613
6268,50.144,199267.74252587016
6269,50.152,199377.89639125078
6270,50.16,199439.6544598461
6271,50.168,199366.5188905198
6272,50.176,199263.9077133465
6273,50.184,199247.8530069045
6274,50.192,199353.07824319942
6275,50.2,199431.64925571342
6276,50.208,199340.3342496481
6277,50.216,199223.0222926202
6278,50.224,199197.9668788204
6279,50.232,199280.1473372444
6280,50.24,199338.58875767136
6281,50.248,199217.29232978198
6282,50.256,199082.70330646858
6283,50.264,199070.33293752884
6284,50.272,199170.34927268766
6285,50.28,199253.53346376194
6286,50.288,199182.71826186063
6287,50.296,199126.17843412558
6288,50.304,199194.76954394366
6289,50.312,199349.4394221036
6290,50.32,199475.677878443
6291,50.328,199460.08081393933
6292,50.336,199418.40694710246
6293,50.344,199438.05218119733
6294,50.352,199572.8000068556
6295,50.36,199711.83140035623
6296,50.368,199667.5750023901
6297,50.376,199616.23371220057
6298,50.384,199679.73052026788
6299,50.392,199827.89143138015
6300,50.4,199968.99858311765
6301,50.408,199960.59777833853
6302,50.416,199933.74643264452
6303,50.424,200031.7007529013
6304,50.432,200224.3180099291
6305,50.44,200350.24642993519
6306,50.448,200313.23181035434
6307,50.456,200281.02266827493
6308,50.464,200322.9813435568
6309,50.472,200425.87231028551
6310,50.48,200491.33815277315
6311,50.488,200388.75565900956
6312,50.496,200265.22403617844
6313,50.504,200213.7630358751
6314,50.512,200232.81662305226
6315,50.52,200245.17812569413
6316,50.528,200105.82605109955
6317,50.536,199935.46850592387
6318,50.544,199857.879322002
6319,50.552,199865.79296903335
6320,50.56,199840.91531699523
6321,50.568,199679.55921475153
6322,50.576,199523.044707796
6323,50.584,199450.06429882304
6324,50.592,199476.70214472167
6325,50.6,199488.68633515856
6326,50.608,199325.48156857182
6327,50.616,199171.3171877979
6328,50.624,199139.34783883268
6329,50.632,199186.6106760003
6330,50.64,199239.5243565298
6331,50.648,199178.34219979012
6332,50.656,199096.51200539447
6333,50.664,199117.51214580884
6334,50.672,199267.79877167734
6335,50.68,199401.62974021598
6336,50.688,199398.14284443654
6337,50.696,199422.56229346493
6338,50.704,199523.71694058523
6339,50.712,199719.2032076346
6340,50.72,199907.95890160618
6341,50.728,199895.4157461033
6342,50.736,199859.8041954318
6343,50.744,199900.32110795446
6344,50.752,199998.706836506
6345,50.76,200058.05647909341
6346,50.768,199910.80133977675
6347,50.776,199727.1496150628
6348,50.784,199619.36782163466
6349,50.792,199607.82159676618
6350,50.8,199613.76764973125
6351,50.808,199465.77050452313
6352,50.816,199311.5091942941
6353,50.824,199254.68205591277
6354,50.832,199319.18426241615
6355,50.84,199389.621934017
6356,50.848,199284.87939446757
6357,50.856,199209.8181925581
6358,50.864,199261.69380324802
6359,50.872,199402.03830199884
6360,50.88,199544.7227640871
6361,50.888,199525.83370425747
6362,50.896,199489.00380673175
6363,50.904,199550.9681280316
6364,50.912,199697.493628091
6365,50.92,199837.91336544548
6366,50.928,199830.87518792006
6367,50.936,199790.92323126498
6368,50.944,199835.15248764446
6369,50.952,199967.52067553962
6370,50.96,200058.05647909341
6371,50.968,199984.875429333
6372,50.976,199918.62927536198
6373,50.984,199959.4632380906
6374,50.992,200106.81152374687
6375,51.0,200251.1820287936
6376,51.008,200242.44528383002
6377,51.016,200208.00327340048
6378,51.024,200225.7623054859
6379,51.032,200342.00666324
6380,51.04,200449.31083107676
6381,51.048,200331.87931147165
6382,51.056,200182.45287830124
6383,51.064,200152.33830103255
6384,51.072,200225.69774878948
6385,51.08,200265.19113602577
6386,51.088,200124.27366963658
6387,51.096,199996.23255420986
6388,51.104,199943.29679407814
6389,51.112,199960.76113932015
6390,51.12,199965.99663156792
6391,51.128,199783.97013682185
6392,51.136,199608.29883433782
6393,51.144,199540.40849491043
6394,51.152,199572.56562625789
6395,51.16,199605.7624455986
6396,51.168,199474.73154167252
6397,51.176,199369.4612882552
6398,51.184,199361.29291169945
6399,51.192,199456.43175224445
6400,51.2,199565.73642493534
6401,51.208,199485.81583207962
6402,51.216,199408.10748740096
6403,51.224,199429.3658274519
6404,51.232,199561.69590250822
6405,51.24,199694.82034157435
6406,51.248,199637.82129311113
6407,51.256,199598.5105311393
6408,51.264,199601.23934899629
6409,51.272,199682.03273437967
6410,51.28,199797.88734478224
6411,51.288,199696.24795024877
6412,51.296,199607.335139059
6413,51.304,199632.1712515568
6414,51.312,199749.81210437996
6415,51.32,199892.94914385746
6416,51.328,199849.386872862
6417,51.336,199805.4297379768
6418,51.344,199847.1043138101
6419,51.352,199981.82138834978
6420,51.36,200108.08900492248
6421,51.368,200021.05736435467
6422,51.376,199960.48666139977
6423,51.384,199992.19670847149
6424,51.392,200089.77406471228
6425,51.4,200194.14494934847
6426,51.408,200094.78821979152
6427,51.416,199979.89790942482
6428,51.424,199962.93674203317
6429,51.432,200036.09384015008
6430,51.44,200090.077295624
6431,51.448,199971.85239448585
6432,51.456,199896.27602641538
6433,51.464,199873.05462644118
6434,51.472,199921.80526852518
6435,51.48,200027.03631307938
6436,51.488,199943.33534562675
6437,51.496,199842.34017338013
6438,51.504,199846.39443889313
6439,51.512,199943.39079456055
6440,51.52,200056.05517806025
6441,51.528,200008.25590998746
6442,51.536,199947.7666970466
6443,51.544,199962.11083401568
6444,51.552,200112.95640114852
6445,51.56,200300.21390410612
6446,51.568,200259.2492047998
6447,51.576,200177.77515332398
6448,51.584,200195.97445258533
6449,51.592,200303.73793305992
6450,51.6,200374.26204233314
6451,51.608,200234.2488328207
6452,51.616,200094.83552865303
6453,51.624,200031.0470313636
6454,51.632,200043.53397910122
6455,51.64,200039.04411927835
6456,51.648,199831.1390740514
6457,51.656,199650.4643761442
6458,51.664,199584.03445297547
6459,51.672,199621.7168344831
6460,51.68,199683.81318589195
6461,51.688,199555.66372638647
6462,51.696,199424.9139480176
6463,51.704,199398.3936286307
6464,51.712,199452.97788831792
6465,51.72,199508.6993454902
6466,51.728,199401.57995784044
6467,51.736,199299.77446143105
6468,51.744,199300.7218580761
6469,51.752,199394.45499239452
6470,51.76,199492.68893722488
6471,51.768,199430.09520934938
6472,51.776,199351.19530597152
6473,51.784,199350.1244667641
6474,51.792,199429.54378126748
6475,51.8,199493.68958774148
6476,51.808,199386.9172038915
6477,51.816,199262.41627715286
6478,51.824,199215.37046560826
6479,51.832,199285.2770972346
6480,51.84,199333.58550508844
6481,51.848,199182.92846817724
6482,51.856,199080.58754284715
6483,51.864,199067.50574539744
6484,51.872,199147.3872880492
6485,51.88,199245.52825962927
6486,51.888,199130.7105890574
6487,51.896,199041.76450520995
6488,51.904,199058.26849612143
6489,51.912,199152.65164961075
6490,51.92,199239.5243565298
6491,51.928,199127.16796425206
6492,51.936,199053.83629597272
6493,51.944,199060.89816285257
6494,51.952,199147.52800653188
6495,51.96,199270.54452254382
6496,51.968,199188.89482452316
6497,51.976,199131.97115072253
6498,51.984,199216.02207538
6499,51.992,199373.6907509448
6500,52.0,199523.7091032389
6501,52.008,199519.72330083765
6502,52.016,199522.47122265762
6503,52.024,199588.59489435112
6504,52.032,199745.52872444957
6505,52.04,199914.96345522226
6506,52.048,199873.39181560904
6507,52.056,199822.93638084456
6508,52.064,199888.0802630153
6509,52.072,200008.75592194273
6510,52.08,200101.0844513064
6511,52.088,200048.3256218077
6512,52.096,199985.02413400076
6513,52.104,199989.6814285671
6514,52.112,200095.90278779255
6515,52.12,200189.14169676558
6516,52.128,200080.33933232847
6517,52.136,199970.06602113205
6518,52.144,199956.679897457
6519,52.152,200017.0040681427
6520,52.16,200074.0668873587
6521,52.168,199962.63095901135
6522,52.176,199821.83333320855
6523,52.184,199771.61079768089
6524,52.192,199842.00101117228
6525,52.2,199902.9556490233
6526,52.208,199774.02330009753
6527,52.216,199661.62831375963
6528,52.224,199659.6886423379
6529,52.232,199744.63606176066
6530,52.24,199828.90751079624
6531,52.248,199751.24408287453
6532,52.256,199664.8606183249
6533,52.264,199658.49235453736
6534,52.272,199750.36595895214
6535,52.28,199848.92052112787
6536,52.288,199761.68931248065
6537,52.296,199669.50049215573
6538,52.304,199702.26468648977
6539,52.312,199827.21695787102
6540,52.32,199942.98166968653
6541,52.328,199906.8849950156
6542,52.336,199855.26511682483
6543,52.344,199894.5771400145
6544,52.352,200015.7821035999
6545,52.36,200104.08640285616
6546,52.368,200040.56839942635
6547,52.376,199981.5578735979
6548,52.384,200001.01214107964
6549,52.392,200118.3337563447
6550,52.4,200235.17162052833
6551,52.408,200180.85162165159
6552,52.416,200120.72237949027
6553,52.424,200143.4555847703
6554,52.432,200255.69642416565
6555,52.44,200363.25488665074
6556,52.448,200292.9124520065
6557,52.456,200211.44146652555
6558,52.464,200192.74665671383
6559,52.472,200226.54641024364
6560,52.48,200218.16056174642
6561,52.488,199996.42999697768
6562,52.496,199756.99697548067
6563,52.504,199617.37297312566
6564,52.512,199578.04661649044
6565,52.52,199520.70715168916
6566,52.528,199280.79707253104
6567,52.536,199086.29824705757
6568,52.544,199026.64460031936
6569,52.552,199067.33298428127
6570,52.56,199112.44174092394
6571,52.568,199002.52891783716
6572,52.576,198911.10889299415
6573,52.584,198895.21245734004
6574,52.592,198979.50567395004
6575,52.6,199085.42417697626
6576,52.608,198998.69367260532
6577,52.616,198915.38586520046
6578,52.624,198931.93903438066
6579,52.632,199044.44414275754
6580,52.64,199154.46906262037
6581,52.648,199081.53516473554
6582,52.656,199044.9166023206
6583,52.664,199097.10727979022
6584,52.672,199209.6285797552
6585,52.68,199333.58550508844
6586,52.688,199295.9635875368
6587,52.696,199271.10037572513
6588,52.704,199337.3445711106
6589,52.712,199496.99748579957
6590,52.72,199656.79562194424
6591,52.728,199602.06640995745
6592,52.736,199521.96556078515
6593,52.744,199527.33657068817
6594,52.752,199604.21620324123
6595,52.76,199670.8047291764
6596,52.768,199575.1899373502
6597,52.776,199488.7603935221
6598,52.784,199490.48517721528
6599,52.792,199601.09248045762
6600,52.8,199704.82684674015
6601,52.808,199598.70918832184
6602,52.816,199512.2627736055
6603,52.824,199528.51766279875
6604,52.832,199616.32842716985
6605,52.84,199718.8359539723
6606,52.848,199661.23257084415
6607,52.856,199599.95707081477
6608,52.864,199639.97663995984
6609,52.872,199800.04909895186
6610,52.88,199947.98492226945
6611,52.888,199891.9241066963
6612,52.896,199856.69430208596
6613,52.904,199906.8142423463
6614,52.912,200031.2767048578
6615,52.92,200178.1345410832
6616,52.928,200136.45460348146
6617,52.936,200069.95798094012
6618,52.944,200108.0990057043
6619,52.952,200237.4116047316
6620,52.96,200351.24708045175
6621,52.968,200285.4578091571
6622,52.976,200207.03159505365
6623,52.984,200216.3973374269
6624,52.992,200338.4162230653
6625,53.0,200456.3153846928
6626,53.008,200400.65265195025
6627,53.016,200375.40788166467
6628,53.024,200421.03995529388
6629,53.032,200552.30983784076
6630,53.04,200694.47020763918
6631,53.048,200616.7406780316
6632,53.056,200529.85345068682
6633,53.064,200533.60264063007
6634,53.072,200618.50487731435
6635,53.08,200702.47541177185
6636,53.088,200589.38547555293
6637,53.096,200478.72267188938
6638,53.104,200453.09422769997
6639,53.112,200520.4908777486
6640,53.12,200593.40450546448
6641,53.128,200464.85040209928
6642,53.136,200351.27859510586
6643,53.144,200329.72004874298
6644,53.152,200381.9870742541
6645,53.16,200442.30627746068
6646,53.168,200326.1573497756
6647,53.176,200221.25876103528
6648,53.184,200204.35180763304
6649,53.192,200273.21597315307
6650,53.2,200336.23732270303
6651,53.208,200204.49361198043
6652,53.216,200101.13923009843
6653,53.224,200099.40682699828
6654,53.232,200170.0073014247
6655,53.24,200245.17812569413
6656,53.248,200145.94973295293
6657,53.256,200040.8301167653
6658,53.264,200009.3267331651
6659,53.272,200088.21384665743
6660,53.28,200159.12218126812
6661,53.288,200005.54358989839
6662,53.296,199875.90445626728
6663,53.304,199810.08585256667
6664,53.312,199800.15353123884
6665,53.32,199812.89710253096
6666,53.328,199641.60030008468
6667,53.336,199491.89548188404
6668,53.344,199419.3493345163
6669,53.352,199440.94110641305
6670,53.36,199504.69674342388
6671,53.368,199382.24317398117
6672,53.376,199288.42827113724
6673,53.384,199280.34005564274
6674,53.392,199376.00280949695
6675,53.4,199507.6986949736
6676,53.408,199435.84282726207
6677,53.416,199403.10917793933
6678,53.424,199466.66184549613
6679,53.432,199638.0629439798
6680,53.44,199846.9192200947
6681,53.448,199836.63648791282
6682,53.456,199854.88031409748
6683,53.464,199939.51606645345
6684,53.472,200081.6217395866
6685,53.48,200238.17357207806
6686,53.488,200165.92692847698
6687,53.496,200107.59272573874
6688,53.504,200111.4247799533
6689,53.512,200174.38157759825
6690,53.52,200265.19113602577
6691,53.528,200148.36269979685
6692,53.536,200045.67923606565
6693,53.544,200013.71420495462
6694,53.552,200072.0602338359
6695,53.56,200163.12478333447
6696,53.568,200033.33394751704
6697,53.576,199921.9343724627
6698,53.584,199886.59049585345
6699,53.592,199939.61996251336
6700,53.6,200030.0382646291
6701,53.608,199895.3693473455
6702,53.616,199783.79466657684
6703,53.624,199780.8719085642
6704,53.632,199844.86661691457
6705,53.64,199931.97451400413
6706,53.648,199824.41131206925
6707,53.656,199714.6098497254
6708,53.664,199725.3736887186
6709,53.672,199819.7426835993
6710,53.68,199918.96605728858
6711,53.688,199870.3905495383
6712,53.696,199817.7395956062
6713,53.704,199838.9213312024
6714,53.712,199966.28820185774
6715,53.72,200103.08575233957
6716,53.728,200069.1774252485
6717,53.736,200041.13073457574
6718,53.744,200063.5495143257
6719,53.752,200182.39919244766
6720,53.76,200339.2392742528
6721,53.768,200306.39405895153
6722,53.776,200281.29806240374
6723,53.784,200333.47493304813
6724,53.792,200466.7831072021
6725,53.8,200620.42206941216
6726,53.808,200574.06635394538
6727,53.816,200516.8410883539
6728,53.824,200536.23665452475
6729,53.832,200649.7310877845
6730,53.84,200766.51704483305
6731,53.848,200671.25199882145
6732,53.856,200575.34526653535
6733,53.864,200537.61851751336
6734,53.872,200597.81823173305
6735,53.88,200687.46565402314
6736,53.888,200529.3671179481
6737,53.896,200351.41935258583
6738,53.904,200271.55912358937
6739,53.912,200281.8513462605
6740,53.92,200294.21000100664
6741,53.928,200111.76765156173
6742,53.936,199962.29308126654
6743,53.944,199888.45043826668
6744,53.952,199907.91162127882
6745,53.96,199961.9940295016
6746,53.968,199799.67158915236
6747,53.976,199643.89017204696
6748,53.984,199577.5415361995
6749,53.992,199619.77397652977
6750,54.0,199666.80212711007
6751,54.008,199473.64078279416
6752,54.016,199318.2108081048
6753,54.024,199229.9961959412
6754,54.032,199191.8973286588
6755,54.04,199168.47816985252
6756,54.048,198910.58481793344
6757,54.056,198672.90512528157
6758,54.064,198548.50782083432
6759,54.072,198545.19716614284
6760,54.08,198579.09501558603
6761,54.088,198403.63221291034
6762,54.096,198292.6096864252
6763,54.104,198293.4681277199
6764,54.112,198389.10219945418
6765,54.12,198509.04947942533
6766,54.128,198420.76428836226
6767,54.136,198404.41297355187
6768,54.144,198468.92972669617
6769,54.152,198596.7181495679
6770,54.16,198788.23097355157
6771,54.168,198787.1953305192
6772,54.176,198809.7841351873
6773,54.184,198918.0787845295
6774,54.192,199107.9471294812
6775,54.2,199329.58290302212
6776,54.208,199341.11666117274
6777,54.216,199357.33927802477
6778,54.224,199429.39382706283
6779,54.232,199575.79306995464
6780,54.24,199716.83465293914
6781,54.248,199635.97430461005
6782,54.256,199615.20109132145
6783,54.264,199631.6165320543
6784,54.272,199717.76786339667
6785,54.28,199878.94003662534
6786,54.288,199791.5307800389
6787,54.296,199714.27948891337
6788,54.304,199737.95724489796
6789,54.312,199831.55984932845
6790,54.32,199940.98036865337
6791,54.328,199812.12490933173
6792,54.336,199693.57444986416
6793,54.344,199673.07070158346
6794,54.352,199722.34289948593
6795,54.36,199774.87238290085
6796,54.368,199619.09766560383
6797,54.376,199493.99757560284
6798,54.384,199474.6034812381
6799,54.392,199547.76151633527
6800,54.4,199660.79822401056
6801,54.408,199603.67969250868
6802,54.416,199549.79588978481
6803,54.424,199551.68168283347
6804,54.432,199652.2273367455
6805,54.44,199756.86067360238
6806,54.448,199617.68461540868
6807,54.456,199506.40670943543
6808,54.464,199480.4919730518
6809,54.472,199533.8613278095
6810,54.48,199604.761795082
6811,54.488,199475.01824379928
6812,54.496,199409.99438493437
6813,54.504,199422.9692102948
6814,54.512,199527.66437317734
6815,54.52,199675.80798175928
6816,54.528,199588.0002808457
6817,54.536,199541.62989487822
6818,54.544,199561.44404269638
6819,54.552,199631.89966335223
6820,54.56,199730.84376017126
6821,54.568,199593.6066726679
6822,54.576,199489.14757908304
6823,54.584,199478.11290784605
6824,54.592,199545.42894742344
6825,54.6,199663.80017556032
6826,54.608,199579.22919175046
6827,54.616,199521.5860429633
6828,54.624,199564.828184664
6829,54.632,199690.69332489566
6830,54.64,199799.8886458154
6831,54.648,199686.19247676083
6832,54.656,199634.64543423036
6833,54.664,199637.98824524833
6834,54.672,199692.1901833547
6835,54.68,199801.88994684856
6836,54.688,199706.5872514613
6837,54.696,199640.07830712976
6838,54.704,199679.75123260793
6839,54.712,199795.6709868582
6840,54.72,199931.97451400413
6841,54.728,199856.02426402358
6842,54.736,199784.6977735344
6843,54.744,199802.75916825206
6844,54.752,199877.1170288331
6845,54.76,199929.97321297097
6846,54.768,199758.5097394932
6847,54.776,199556.000775273
6848,54.784,199412.41009534278
6849,54.792,199371.78785091295
6850,54.8,199327.58160198896
6851,54.808,199078.63793827425
6852,54.816,198886.16908671314
6853,54.824,198756.88514635584
6854,54.832,198757.02401876863
6855,54.84,198834.2608973143
6856,54.848,198669.2030871191
6857,54.856,198564.8838273338
6858,54.864,198575.39767859224
6859,54.872,198663.00371873958
6860,54.88,198817.2498385324
6861,54.888,198760.892255988
6862,54.896,198704.2923163965
6863,54.904,198739.78646188384
6864,54.912,198862.77564784305
6865,54.92,198998.36758203365
6866,54.928,198913.70354171493
6867,54.936,198848.67232965876
6868,54.944,198860.83890248282
6869,54.952,198946.99937797888
6870,54.96,199036.39230166376
6871,54.968,198911.01189928522
6872,54.976,198825.7078830138
6873,54.984,198813.18825309767
6874,54.992,198889.05661250532
6875,55.0,198998.36758203365
6876,55.008,198885.79753798206
6877,55.016,198828.28128026074
6878,55.024,198857.80666885016
6879,55.032,198957.94551213706
6880,55.04,199091.42808007574
6881,55.048,199008.95165113604
6882,55.056,198964.60801085515
6883,55.064,198996.14018527113
6884,55.072,199142.8108142464
6885,55.08,199322.57834940605
6886,55.088,199251.40721705506
6887,55.096,199258.16745647317
6888,55.104,199304.53251305944
6889,55.112,199398.39183336636
6890,55.12,199538.71886098763
6891,55.128,199410.6816746953
6892,55.136,199358.41583179837
6893,55.144,199380.7473362194
6894,55.152,199466.92753914272
6895,55.16,199624.77480541365
6896,55.168,199533.23312378317
6897,55.176,199501.3314790455
6898,55.184,199527.94660440233
6899,55.192,199617.28605940426
6900,55.2,199786.88018909984
6901,55.208,199681.65714306312
6902,55.216,199609.64469157453
6903,55.224,199669.27878546194
6904,55.232,199783.81800572362
6905,55.24,199925.97061090465
6906,55.248,199867.14748904444
6907,55.256,199824.832864862
6908,55.264,199847.18061215995
6909,55.272,199947.32195308717
6910,55.28,200064.0603821929
6911,55.288,199952.6528609086
6912,55.296,199880.3488199332
6913,55.304,199892.14510593543
6914,55.312,199993.50905303497
6915,55.32,200111.0909564722
6916,55.328,200006.36465553276
6917,55.336,199965.59689285164
6918,55.344,199964.82782530287
6919,55.352,200046.4537988763
6920,55.36,200194.14494934847
6921,55.368,200072.13806493403
6922,55.376,200000.40380298102
6923,55.384,200020.91046218603
6924,55.392,200089.4604516354
6925,55.4,200207.15340606403
6926,55.408,200106.10275512436
6927,55.416,200035.70254713742
6928,55.424,200041.50202283202
6929,55.432,200130.013995105
6930,55.44,200235.17162052833
6931,55.448,200086.82301409714
6932,55.456,199993.0519652211
6933,55.464,199970.20701705042
6934,55.472,200021.85591920113
6935,55.48,200116.09420905513
6936,55.488,199962.28418153658
6937,55.496,199856.77777386914
6938,55.504,199797.83752718265
6939,55.512,199763.81197787993
6940,55.52,199735.84701275418
6941,55.528,199460.33693874144
6942,55.536,199255.27901899768
6943,55.544,199098.78393368018
6944,55.552,199008.66033173996
6945,55.56,199013.3773397824
6946,55.568,198785.7669374555
6947,55.576,198611.01106502506
6948,55.584,198537.23655092873
6949,55.592,198560.81083958485
6950,55.6,198654.14380432965
6951,55.608,198530.76837156998
6952,55.616,198484.1976486451
6953,55.624,198518.69311237597
6954,55.632,198637.721584349
6955,55.64,198839.2641498972
6956,55.648,198815.35336035944
6957,55.656,198839.6317292769
6958,55.664,198953.079810679
6959,55.672,199159.96142241295
6960,55.68,199405.6323422823
6961,55.688,199389.18990221882
6962,55.696,199412.4345486547
6963,55.704,199490.6400269647
6964,55.712,199626.85874704644
6965,55.72,199824.90490872992
6966,55.728,199758.33218638427
6967,55.736,199693.5104053569
6968,55.744,199732.4131056905
6969,55.752,199844.1631382266
6970,55.76,199963.99533053476
6971,55.768,199855.87721343897
6972,55.776,199769.38165108077
6973,55.784,199730.4200922366
6974,55.792,199777.6741974032
6975,55.8,199863.9302788766
6976,55.808,199717.3058295672
6977,55.816,199623.1313503722
6978,55.824,199578.71551227182
6979,55.832,199600.6458497778
6980,55.84,199669.8040786598
6981,55.848,199478.93424795475
6982,55.856,199347.3944239115
6983,55.864,199323.84962488996
6984,55.872,199348.59175423108
6985,55.88,199411.6362453818
6986,55.888,199269.00352749755
6987,55.896,199159.98273071743
6988,55.904,199136.87077148544
6989,55.912,199223.60310325885
6990,55.92,199334.58615560504
6991,55.928,199213.96861803252
6992,55.936,199186.95858522344
6993,55.944,199227.57484522296
6994,55.952,199334.35699734592
6995,55.96,199496.6915392912
6996,55.968,199408.52294486164
6997,55.976,199370.67239054872
6998,55.984,199397.03840886382
6999,55.992,199488.4320137651
7000,56.0,199635.78196109604
7001,56.008,199539.01590729487
7002,56.016,199515.3756381996
7003,56.024,199578.63752056353
7004,56.032,199676.001122619
7005,56.04,199798.8879952988
7006,56.048,199700.49345212066
7007,56.056,199654.14705308774
7008,56.064,199656.79096586563
7009,56.072,199750.10504326894
7010,56.08,199920.96735832174
7011,56.088,199831.96005746917
7012,56.096,199789.5228973253
7013,56.104,199847.4003724914
7014,56.112,199978.02344448786
7015,56.12,200150.11632661888
7016,56.128,200093.8332973703
7017,56.136,200091.5575293695
7018,56.144,200152.07939230406
7019,56.152,200275.05323176086
7020,56.16,200444.30757849384
7021,56.168,200381.44586074806
7022,56.176,200360.59409514524
7023,56.184,200382.0996022773
7024,56.192,200468.17176646026
7025,56.2,200617.42011786244
7026,56.208,200506.88555487807
7027,56.216,200407.19566436074
7028,56.224,200367.25095237754
7029,56.232,200358.75231742498
7030,56.24,200342.24122580254
7031,56.248,200057.79863688015
7032,56.256,199795.87491566286
7033,56.264,199611.54173978796
7034,56.272,199503.665245115
7035,56.28,199456.66551862797
7036,56.288,199210.70551818496
7037,56.296,199009.16556661317
7038,56.304,198910.41737183518
7039,56.312,198925.48837628315
7040,56.32,198979.3552222186
7041,56.328,198809.5270145575
7042,56.336,198710.26141025015
7043,56.344,198704.049502499
7044,56.352,198774.18256019035
7045,56.36,198890.29732624287
7046,56.368,198790.0581026018
7047,56.376,198729.0115707939
7048,56.384,198736.7429685618
7049,56.392,198848.5524725204
7050,56.4,199017.37994184872
7051,56.408,198947.3976687014
7052,56.416,198942.02910255452
7053,56.424,199016.47887702103
7054,56.432,199162.38481139645
7055,56.44,199357.6011174864
7056,56.448,199307.95795678446
7057,56.456,199291.7734086483
7058,56.464,199328.0392409817
7059,56.472,199433.65340619188
7060,56.48,199577.7442311343
7061,56.488,199460.0218506922
7062,56.496,199395.3208260947
7063,56.504,199395.2081241551
7064,56.512,199460.30049976587
7065,56.52,199580.74618268406
7066,56.528,199442.1315483108
7067,56.536,199342.18889647172
7068,56.544,199319.31208406645
7069,56.552,199369.15699269835
7070,56.56,199460.6681206943
7071,56.568,199293.42690416778
7072,56.576,199185.83802197583
7073,56.584,199180.02349346053
7074,56.592,199233.7887783514
7075,56.6,199314.5731452734
7076,56.608,199182.8584593024
7077,56.616,199117.97442326782
7078,56.624,199092.9416715873
7079,56.632,199148.29185660198
7080,56.64,199282.55232874278
7081,56.648,199183.88220673025
7082,56.656,199158.40875469058
7083,56.664,199193.22087277618
7084,56.672,199305.2658512597
7085,56.68,199480.68113102592
7086,56.688,199368.72056841548
7087,56.696,199296.16600259757
7088,56.704,199285.7342970279
7089,56.712,199347.05020623677
7090,56.72,199473.67657740985
7091,56.728,199330.0907643017
7092,56.736,199251.83338690508
7093,56.744,199269.55182869083
7094,56.752,199372.24546091308
7095,56.76,199543.72211357055
7096,56.768,199464.04354207314
7097,56.776,199449.1120786533
7098,56.784,199511.6398364925
7099,56.792,199635.46054832754
7100,56.8,199791.88344168273
7101,56.808,199669.23178821013
7102,56.816,199586.471820713
7103,56.824,199554.8393019765
7104,56.832,199594.65850942474
7105,56.84,199699.82359415723
7106,56.848,199544.59331481514
7107,56.856,199462.9938454105
7108,56.864,199476.93381319032
7109,56.872,199561.54953769993
7110,56.88,199714.83335190598
7111,56.888,199622.80610919802
7112,56.896,199578.11676953372
7113,56.904,199616.90222292097
7114,56.912,199685.2710757808
7115,56.92,199762.8645767019
7116,56.928,199610.91294004445
7117,56.936,199491.27733932732
7118,56.944,199408.25976831614
7119,56.952,199375.09856764236
7120,56.96,199359.60241851956
7121,56.968,199094.08258186272
7122,56.976,198879.42741459492
7123,56.984,198713.19209077637
7124,56.992,198615.8704397231
7125,57.0,198581.0963166192
7126,57.008,198305.67777478896
7127,57.016,198111.0687338388
7128,57.024,198028.12146937117
7129,57.032,198034.0708873841
7130,57.04,198107.7886222762
7131,57.048,197950.12064495892
7132,57.056,197854.5205686498
7133,57.064,197867.81107913243
7134,57.072,197988.68073588688
7135,57.08,198157.82114810526
7136,57.088,198104.86383281965
7137,57.096,198152.0524756329
7138,57.104,198256.271803401
7139,57.112,198426.6160800332
7140,57.12,198664.15030949545
7141,57.128,198621.29994842553
7142,57.136,198615.88599898014
7143,57.144,198684.1294804821
7144,57.152,198811.09325080982
7145,57.16,198966.34676550305
7146,57.168,198851.55542462255
7147,57.176,198797.61595484716
7148,57.184,198806.4197981865
7149,57.192,198879.26301642592
7150,57.2,199027.38644701452
7151,57.208,198900.42558220268
7152,57.216,198795.30426623093
7153,57.224,198804.61129693492
7154,57.232,198884.51999568375
7155,57.24,198971.35001808597
7156,57.248,198824.20173864576
7157,57.256,198725.67137700526
7158,57.264,198665.00093721147
7159,57.272,198683.0729102963
7160,57.28,198769.2186137365
7161,57.288,198609.59453090862
7162,57.296,198515.60761218975
7163,57.304,198508.97108621747
7164,57.312,198579.87277178647
7165,57.32,198723.18868997376
7166,57.328,198649.71118472287
7167,57.336,198626.701275971
7168,57.344,198657.77784290942
7169,57.352,198804.2423893589
7170,57.36,199015.37864081556
7171,57.368,198928.11713906535
7172,57.376,198903.47525570894
7173,57.384,198945.73872851988
7174,57.392,199054.86684984007
7175,57.4,199237.52305549663
7176,57.408,199152.7756487405
7177,57.416,199144.19399406927
7178,57.424,199220.46241103322
7179,57.432,199352.64416383696
7180,57.44,199531.71430737156
7181,57.448,199459.26580660493
7182,57.456,199458.6193558945
7183,57.464,199481.97072304113
7184,57.472,199566.8669418787
7185,57.48,199728.8424591381
7186,57.488,199588.78572673182
7187,57.496,199502.39691635733
7188,57.504,199471.03524184952
7189,57.512,199486.35706039146
7190,57.52,199592.75398888302
7191,57.528,199457.36084522936
7192,57.536,199382.16729500698
7193,57.544,199362.13345559928
7194,57.552,199412.48870403095
7195,57.56,199564.73577441875
7196,57.568,199462.98386335053
7197,57.576,199398.88353456944
7198,57.584,199416.66462385035
7199,57.592,199480.03204102573
7200,57.6,199582.74748371722
7201,57.608,199437.79247224797
7202,57.616,199325.2614247928
7203,57.624,199320.27120778526
7204,57.632,199395.1859629585
7205,57.64,199500.69414135756
7206,57.648,199404.558864506
7207,57.656,199355.38678035472
7208,57.664,199358.63324304635
7209,57.672,199468.86138086693
7210,57.68,199623.77415489705
7211,57.688,199518.52377978753
7212,57.696,199493.73441404183
7213,57.704,199538.8363531481
7214,57.712,199631.0032551437
7215,57.72,199778.87498496717
7216,57.728,199673.4429563746
7217,57.736,199597.17208203752
7218,57.744,199589.93335502013
7219,57.752,199646.9839069772
7220,57.76,199728.8424591381
7221,57.768,199530.56692078905
7222,57.776,199357.2083060047
7223,57.784,199250.0369781195
7224,57.792,199196.620733639
7225,57.8,199167.47751933592
7226,57.808,198915.82450235952
7227,57.816,198741.29638406803
7228,57.824,198609.25495407305
7229,57.832,198554.31100045593
7230,57.84,198597.1067248845
7231,57.848,198425.4374529449
7232,57.856,198345.7248952536
7233,57.864,198349.45933909534
7234,57.872,198428.73279720225
7235,57.88,198602.10997746742
7236,57.888,198528.2997105229
7237,57.896,198490.6443944399
7238,57.904,198569.41421128518
7239,57.912,198720.90424958084
7240,57.92,198899.3031808921
7241,57.928,198866.41368375075
7242,57.936,198877.069902804
7243,57.944,198928.97714082754
7244,57.952,199078.037530083
7245,57.96,199269.54387202722
7246,57.968,199178.67922415858
7247,57.976,199149.623880817
7248,57.984,199197.0063576152
7249,57.992,199319.05749025047
7250,58.0,199484.68373309224
7251,58.008,199389.32896171114
7252,58.016,199376.89382875987
7253,58.024,199401.73897031922
7254,58.032,199451.46920232332
7255,58.04,199558.73187131927
7256,58.048,199389.64355873724
7257,58.056,199275.58635623226
7258,58.064,199247.14116501118
7259,58.072,199274.50595726466
7260,58.08,199354.59916593664
7261,58.088,199197.31990467597
7262,58.096,199116.69179734288
7263,58.104,199132.74966977915
7264,58.112,199237.80636012333
7265,58.12,199396.62648763307
7266,58.128,199286.2273384604
7267,58.136,199228.150979692
7268,58.144,199257.56684811087
7269,58.152,199343.65516282173
7270,58.16,199450.66161552846
7271,58.168,199311.73411093612
7272,58.176,199247.33964579512
7273,58.184,199252.12696829287
7274,58.192,199343.610210391
7275,58.2,199511.70129703995
7276,58.208,199436.77456975373
7277,58.216,199426.73132221456
7278,58.224,199474.13173736076
7279,58.232,199602.39805699282
7280,58.24,199774.87238290085
7281,58.248,199633.02323620796
7282,58.256,199547.90412382712
7283,58.264,199522.23859246424
7284,58.272,199523.90717948455
7285,58.28,199569.73902700166
7286,58.288,199348.7732307189
7287,58.296,199199.59566689664
7288,58.304,199144.3146318927
7289,58.312,199163.18204331634
7290,58.32,199238.52370601322
7291,58.328,199050.40811762333
7292,58.336,198922.993780302
7293,58.344,198880.83055852583
7294,58.352,198913.0103520161
7295,58.36,198979.3552222186
7296,58.368,198771.45682891298
7297,58.376,198639.1100803334
7298,58.384,198587.7791547884
7299,58.392,198621.51729821795
7300,58.4,198721.1873889406
7301,58.408,198564.28299456032
7302,58.416,198500.61555290446
7303,58.424,198518.35027100416
7304,58.432,198637.87268028848
7305,58.44,198809.24463439977
7306,58.448,198682.26827858045
7307,58.456,198694.82622917264
7308,58.464,198771.77682512256
7309,58.472,198864.0018979018
7310,58.48,199061.4085645783
7311,58.488,198996.06748968648
7312,58.496,198981.34847266282
7313,58.504,199038.52111903118
7314,58.512,199160.11364105294
7315,58.52,199370.60957420195
7316,58.528,199340.16867070567
7317,58.536,199369.52901654795
7318,58.544,199466.98085468478
7319,58.552,199655.40238350892
7320,58.56,199893.94979437406
7321,58.568,199829.42529614997
7322,58.576,199824.44338978422
7323,58.584,199861.62137518506
7324,58.592,199929.66570705365
7325,58.6,200026.0356625628
7326,58.608,199812.87782378108
7327,58.616,199649.30018727775
7328,58.624,199509.689441446
7329,58.632,199407.92327764464
7330,58.64,199394.6251865999
7331,58.648,199114.36281126557
7332,58.656,198913.34760742213
7333,58.664,198817.4846378372
7334,58.672,198801.06608822412
7335,58.68,198875.28756849415
7336,58.688,198711.15909885787
7337,58.696,198612.07161493544
7338,58.704,198599.48774809606
7339,58.712,198651.34457187782
7340,58.72,198760.21275908727
7341,58.728,198641.82118666993
7342,58.736,198585.35989677676
7343,58.744,198585.20808262212
7344,58.752,198665.3303033778
7345,58.76,198827.25634369825
7346,58.768,198741.1388643045
7347,58.776,198715.16371874732
7348,58.784,198789.4674113624
7349,58.792,198918.98218975845
7350,58.8,199071.4150697441
7351,58.808,198987.6448706473
7352,58.816,198959.47515133795
7353,58.824,198990.4290756214
7354,58.832,199094.26893318075
7355,58.84,199252.53281324534
7356,58.848,199160.2465408392
7357,58.856,199105.80615951825
7358,58.864,199099.74399031917
7359,58.872,199173.44636272214
7360,58.88,199284.55362977594
7361,58.888,199116.28126496842
7362,58.896,199015.40657182832
7363,58.904,198954.13501981497
7364,58.912,198963.60474452065
7365,58.92,199043.39685527983
7366,58.928,198823.93254361305
7367,58.936,198677.42002758372
7368,58.944,198599.34534918558
7369,58.952,198567.66114011884
7370,58.96,198615.11843418298
7371,58.968,198413.36505739015
7372,58.976,198302.4322152566
7373,58.984,198281.77406285054
7374,58.992,198326.00914467755
7375,59.0,198443.00654533095
7376,59.008,198312.39656590982
7377,59.016,198242.42107307067
7378,59.024,198230.59890062214
7379,59.032,198302.77238122837
7380,59.04,198458.0163030797
7381,59.048,198339.54575986357
7382,59.056,198293.8789916538
7383,59.064,198359.77436846422
7384,59.072,198491.0830828372
7385,59.08,198669.15356207837
7386,59.088,198616.3888189569
7387,59.096,198629.24577507447
7388,59.104,198675.98783572295
7389,59.112,198798.559705021
7390,59.12,198995.36563048392
7391,59.128,198916.47669566725
7392,59.136,198900.80939882383
7393,59.144,198940.84411198524
7394,59.152,199041.234396134
7395,59.16,199198.49768534995
7396,59.168,199065.79074445588
7397,59.176,199006.84365198508
7398,59.184,199023.9257582992
7399,59.192,199092.02368327606
7400,59.2,199225.51524929763
7401,59.208,199098.89783532795
7402,59.216,199028.14069294755
7403,59.224,199013.63574579582
7404,59.232,199080.4932044578
7405,59.24,199198.49768534995
7406,59.248,199025.48741321702
7407,59.256,198957.7551629957
7408,59.264,198964.7233658292
7409,59.272,199011.38816605625
7410,59.28,199140.4599553882
7411,59.288,199008.46160448337
7412,59.296,198943.72715234812
7413,59.304,198973.36351092102
7414,59.312,199060.25467344932
7415,59.32,199191.49313173388
7416,59.328,199064.1862593583
7417,59.336,198997.7450925124
7418,59.344,199004.7567873863
7419,59.352,199094.4836192128
7420,59.36,199232.5198029137
7421,59.368,199119.53527356128
7422,59.376,199102.65111394608
7423,59.384,199117.84767465934
7424,59.392,199205.08182292766
7425,59.4,199398.62778866623
7426,59.408,199290.12065331478
7427,59.416,199213.3719409914
7428,59.424,199191.97393862353
7429,59.432,199225.199092299
7430,59.44,199319.5763978563
7431,59.448,199119.38883316497
7432,59.456,198961.05066767687
7433,59.464,198860.21757068075
7434,59.472,198822.0244460828
7435,59.48,198847.26935402988
7436,59.488,198620.66060247953
7437,59.496,198493.95437036146
7438,59.504,198425.57901447656
7439,59.512,198420.70059501487
7440,59.52,198511.0507804585
7441,59.528,198349.78586165427
7442,59.536,198277.04578744023
7443,59.544,198277.0792034686
7444,59.552,198351.14245643548
7445,59.56,198509.04947942533
7446,59.568,198399.5069223223
7447,59.576,198390.60450940463
7448,59.584,198476.8474909687
7449,59.592,198609.61709276712
7450,59.6,198796.23617768422
7451,59.608,198727.06262975288
7452,59.616,198724.67174865273
7453,59.624,198765.26066441563
7454,59.632,198871.53351646895
7455,59.64,199034.3910006306
7456,59.648,198903.1026992351
7457,59.656,198858.72285667664
7458,59.664,198878.29311493773
7459,59.672,198943.2497507791
7460,59.68,199096.43133265866
7461,59.688,198998.09662001615
7462,59.696,198960.99661256428
7463,59.704,198961.69176453011
7464,59.712,199011.51396553902
7465,59.72,199121.44759557318
7466,59.728,198949.87981538224
7467,59.736,198844.68249555514
7468,59.744,198780.9986274044
7469,59.752,198795.35066314143
7470,59.76,198910.3103365745
7471,59.768,198725.3225749973
7472,59.776,198609.71512213696
7473,59.784,198594.2979886197
7474,59.792,198629.93195313294
7475,59.8,198740.19974875567
7476,59.808,198614.33105769588
7477,59.816,198554.46079124988
7478,59.824,198574.85691374974
7479,59.832,198660.93399881074
7480,59.84,198800.23877975054
7481,59.848,198687.49059342386
7482,59.856,198639.7762363872
7483,59.864,198676.1275680492
7484,59.872,198761.57314217667
7485,59.88,198871.28496642783
7486,59.888,198735.14538594589
7487,59.896,198660.24314255905
7488,59.904,198651.43765474024
7489,59.912,198736.99684673903
7490,59.92,198885.29407365996
7491,59.928,198769.85453534164
7492,59.936,198709.83251592846
7493,59.944,198687.0157326955
7494,59.952,198765.02652843765
7495,59.96,198943.3318036217
7496,59.968,198835.21555140644
7497,59.976,198799.96384855107
7498,59.984,198830.59593081885
7499,59.992,198925.9524399571
7500,60.0,199086.42482749282
7501,60.008,198953.84394528234
7502,60.016,198913.1952806398
7503,60.024,198941.31685635942
7504,60.032,199001.21458924274
7505,60.04,199143.46190693797
7506,60.048,199046.85626531817
7507,60.056,199023.5320614296
7508,60.064,199045.05165885197
7509,60.072,199136.261067789
7510,60.08,199312.57184424024
7511,60.088,199226.4040272595
7512,60.096,199229.84383024168
7513,60.104,199277.8105552765
7514,60.112,199381.15985532285
7515,60.12,199565.73642493534
7516,60.128,199468.6623479726
7517,60.136,199447.1637062878
7518,60.144,199450.04070157002
7519,60.152,199499.43783934944
7520,60.16,199654.79432091108
7521,60.168,199529.00606229616
7522,60.176,199487.4013252431
7523,60.184,199529.16363411714
7524,60.192,199623.54023617078
7525,60.2,199787.8808396164
7526,60.208,199682.28955700324
7527,60.216,199660.12191155538
7528,60.224,199698.50828349986
7529,60.232,199777.6782204233
7530,60.24,199917.965406772
7531,60.248,199796.29577759453
7532,60.256,199761.26625197826
7533,60.264,199788.00149616163
7534,60.272,199885.58738044783
7535,60.28,200054.05387702707
7536,60.288,199920.20638193353
7537,60.296,199851.1636657054
7538,60.304,199844.89823585495
7539,60.312,199872.95394515336
7540,60.32,199948.985572786
7541,60.328,199732.66696519483
7542,60.336,199560.8975717885
7543,60.344,199439.6323499615
7544,60.352,199373.42785217875
7545,60.36,199362.6043700693
7546,60.368,199083.58460140112
7547,60.376,198886.699464968
7548,60.384,198752.15036190106
7549,60.392,198736.25965600126
7550,60.4,198838.26349938064
7551,60.408,198664.12088463042
7552,60.416,198602.71460064925
7553,60.424,198614.20106271605
7554,60.432,198693.6074961648
7555,60.44,198875.28756849415
7556,60.448,198776.29065220186
7557,60.456,198773.96981871288
7558,60.464,198839.89781709493
7559,60.472,198968.08812092996
7560,60.48,199184.4885781178
7561,60.488,199117.8904911668
7562,60.496,199139.31491798046
7563,60.504,199190.33583733617
7564,60.512,199276.11640369383
7565,60.52,199461.66877121085
7566,60.528,199340.03173243787
7567,60.536,199256.64356716027
7568,60.544,199231.77007945368
7569,60.552,199243.09411754733
7570,60.56,199310.57054320708
7571,60.568,199121.3085116333
7572,60.576,199022.9938433259
7573,60.584,198977.92984680593
7574,60.592,198992.1991925544
7575,60.6,199108.43913885762
7576,60.608,198961.59860612213
7577,60.616,198858.1700144151
7578,60.624,198807.0025190861
7579,60.632,198833.40946396132
7580,60.64,198944.33245413826
7581,60.648,198794.00611726922
7582,60.656,198716.9336309989
7583,60.664,198688.95463738957
7584,60.672,198724.03255435833
7585,60.68,198836.26219834748
7586,60.688,198687.85346190498
7587,60.696,198633.59501068812
7588,60.704,198630.08669360288
7589,60.712,198712.82995165998
7590,60.72,198890.29732624287
7591,60.728,198781.2948825959
7592,60.736,198787.54502215635
7593,60.744,198834.78026795932
7594,60.752,198907.69205152322
7595,60.76,199093.4293811089
7596,60.768,198985.49500732415
7597,60.776,198932.59457871705
7598,60.784,198984.1378690147
7599,60.792,199113.63888361535
7600,60.8,199310.57054320708
7601,60.808,199239.60840669312
7602,60.816,199242.03534534064
7603,60.824,199301.1337718745
7604,60.832,199425.99404178135
7605,60.84,199607.76374663177
7606,60.848,199501.2539250278
7607,60.856,199465.7345373016
7608,60.864,199446.2798593055
7609,60.872,199481.7387180276
7610,60.88,199618.77090231417
7611,60.888,199453.99861741302
7612,60.896,199354.48863444352
7613,60.904,199335.3358974711
7614,60.912,199407.56630281833
7615,60.92,199549.72601667003
7616,60.928,199381.8476189621
7617,60.936,199331.68822081207
7618,60.944,199365.9909908924
7619,60.952,199435.91679000072
7620,60.96,199586.75008578354
7621,60.968,199451.48420802428
7622,60.976,199376.344546688
7623,60.984,199367.19682763473
7624,60.992,199408.4732115531
7625,61.0,199513.7025980731
7626,61.008,199356.4564751194
7627,61.016,199291.1193477471
7628,61.024,199300.25887550312
7629,61.032,199391.99939803153
7630,61.04,199575.74293010114
7631,61.048,199488.0450472463
7632,61.056,199464.4552513008
7633,61.064,199485.71400696939
7634,61.072,199578.68686006553
7635,61.08,199740.8502653371
7636,61.088,199598.5145973821
7637,61.096,199539.6197508782
7638,61.104,199535.79961572992
7639,61.112,199587.17246524926
7640,61.12,199757.86132411897
7641,61.128,199651.86796979728
7642,61.136,199582.52099759722
7643,61.144,199592.93974950604
7644,61.152,199670.74211159395
7645,61.16,199788.881490133
7646,61.168,199629.56422845944
7647,61.176,199541.94224825298
7648,61.184,199481.65380697534
7649,61.192,199451.45997754368
7650,61.2,199457.66616914453
7651,61.208,199181.47908101114
7652,61.216,199001.39411235932
7653,61.224,198848.44009834412
7654,61.232,198775.35074256925
7655,61.24,198826.25569318165
7656,61.248,198586.73520434703
7657,61.256,198473.04669806603
7658,61.264,198462.9522722453
7659,61.272,198511.96500403836
7660,61.28,198647.13925071358
7661,61.288,198500.4472147719
7662,61.296,198463.62040880523
7663,61.304,198512.01256382553
7664,61.312,198626.57640818175
7665,61.32,198838.26349938064
7666,61.328,198766.18533708554
7667,61.336,198778.10259658648
7668,61.344,198876.214328231
7669,61.352,199032.43209704745
7670,61.36,199239.5243565298
7671,61.368,199158.34381308377
7672,61.376,199164.5947073581
7673,61.384,199226.88151259304
7674,61.392,199359.89655179065
7675,61.4,199574.74227958458
7676,61.408,199501.04283075535
7677,61.416,199517.43486932325
7678,61.424,199565.12011986345
7679,61.432,199669.49076368604
7680,61.44,199865.93157990975
7681,61.448,199739.0182397357
7682,61.456,199690.88580166915
7683,61.464,199700.05594076638
7684,61.472,199763.8253684191
7685,61.48,199910.96085315594
7686,61.488,199744.80822329342
7687,61.496,199658.16368331737
7688,61.504,199613.2037810853
7689,61.512,199620.4936318491
7690,61.52,199721.83790552203
7691,61.528,199507.27715444085
7692,61.536,199389.04113987123
7693,61.544,199353.07488219996
7694,61.552,199331.19444438678
7695,61.56,199377.61412781803
7696,61.568,199167.61672092232
7697,61.576,199035.96693945405
7698,61.584,198967.6140608768
7699,61.592,198979.2707251984
7700,61.6,199069.41376871095
7701,61.608,198873.38388257372
7702,61.616,198786.58481702564
7703,61.624,198802.80526948944
7704,61.632,198883.9975474765
7705,61.64,199056.4053119954
7706,61.648,198979.658224307
7707,61.656,198965.95880244885
7708,61.664,199000.4074619286
7709,61.672,199110.2462880682
7710,61.68,199291.55818339202
7711,61.688,199200.14714948606
7712,61.696,199208.1490160243
7713,61.704,199259.6366756813
7714,61.712,199369.0291932442
7715,61.72,199565.73642493534
7716,61.728,199455.6509184225
7717,61.736,199420.8611802326
7718,61.744,199457.97557424908
7719,61.752,199555.0861693514
7720,61.76,199726.84115810494
7721,61.768,199614.69416912118
7722,61.776,199584.60718467768
7723,61.784,199592.8566046182
7724,61.792,199678.5070977654
7725,61.8,199857.9263757771
7726,61.808,199717.87058513728
7727,61.816,199677.86144348857
7728,61.824,199709.28537925018
7729,61.832,199786.6112887564
7730,61.84,199918.96605728858
7731,61.848,199737.49362025963
7732,61.856,199677.28603466277
7733,61.864,199663.22665092262
7734,61.872,199687.21396127858
7735,61.88,199826.90620976308
7736,61.888,199676.04970392238
7737,61.896,199623.9786162038
7738,61.904,199635.9406680698
7739,61.912,199692.09649935554
7740,61.92,199849.92117164447
7741,61.928,199730.1808162001
7742,61.936,199705.32348215103
7743,61.944,199751.13933309945
7744,61.952,199844.97209418344
7745,61.96,200024.03436152963
7746,61.968,199910.61921845097
7747,61.976,199857.72270463267
7748,61.984,199890.8155771483
7749,61.992,199993.3851463883
7750,62.0,200156.1202297184
7751,62.008,200050.59546275833
7752,62.016,200030.75648867493
7753,62.024,200067.0271130615
7754,62.032,200156.54548679778
7755,62.04,200321.22756495432
7756,62.048,200181.24091929162
7757,62.056,200069.31485620292
7758,62.064,200035.5884501186
7759,62.072,200041.17797014202
7760,62.08,200076.06818839186
7761,62.088,199839.32085436484
7762,62.096,199625.87515791412
7763,62.104,199473.4507494938
7764,62.112,199443.4932443642
7765,62.12,199488.68633515856
7766,62.128,199266.98102513424
7767,62.136,199134.6596510557
7768,62.144,199070.42245894176
7769,62.152,199107.97588279168
7770,62.16,199223.51394826447
7771,62.168,199056.58592288315
7772,62.176,199025.29288701058
7773,62.184,199056.51851737258
7774,62.192,199117.75721241103
7775,62.2,199295.56078545834
7776,62.208,199210.59855862852
7777,62.216,199175.52855400613
7778,62.224,199197.72617312448
7779,62.232,199288.174762032
7780,62.24,199435.65185777974
7781,62.248,199306.86970819178
7782,62.256,199296.45433075406
7783,62.264,199331.3122253949
7784,62.272,199404.9894408465
7785,62.28,199568.73837648507
7786,62.288,199450.17741677162
7787,62.296,199414.141113607
7788,62.304,199428.52530503986
7789,62.312,199495.79637758687
7790,62.32,199653.79367039452
7791,62.328,199520.99505595668
7792,62.336,199468.99082596137
7793,62.344,199485.192832966
7794,62.352,199545.11566494583
7795,62.36,199681.8118848588
7796,62.368,199567.32307555483
7797,62.376,199547.20919983392
7798,62.384,199571.37818819276
7799,62.392,199665.84667797288
7800,62.4,199849.92117164447
7801,62.408,199721.59975711178
7802,62.416,199658.27418794893
7803,62.424,199657.51630873626
7804,62.432,199703.8812430224
7805,62.44,199821.9029571802
7806,62.448,199666.870624933
7807,62.456,199617.52425120198
7808,62.464,199649.7038708956
7809,62.472,199725.9942663686
7810,62.48,199891.9484933409
7811,62.488,199828.66741406612
7812,62.496,199855.9297140686
7813,62.504,199937.80830536954
7814,62.512,200072.7345490129
7815,62.52,200254.18398034337
7816,62.528,200158.9650354005
7817,62.536,200167.54674253237
7818,62.544,200205.71821340156
7819,62.552,200280.6582961862
7820,62.56,200451.31213210992
7821,62.568,200335.5331640943
7822,62.576,200295.75040695223
7823,62.584,200337.38523300155
7824,62.592,200448.57919149144
7825,62.6,200615.41881682927
7826,62.608,200492.23678508805
7827,62.616,200480.30561688842
7828,62.624,200517.5084061145
7829,62.632,200590.59036468389
7830,62.64,200734.49622830245
7831,62.648,200581.8189057473
7832,62.656,200523.7678616949
7833,62.664,200521.57322545818
7834,62.672,200589.88318024957
7835,62.68,200746.50403450144
7836,62.688,200589.2999677412
7837,62.696,200552.7827798747
7838,62.704,200610.08777272303
7839,62.712,200716.30330124134
7840,62.72,200900.60421405497
7841,62.728,200778.35772568904
7842,62.736,200727.79041089758
7843,62.744,200721.10473897215
7844,62.752,200751.83566607579
7845,62.76,200860.5781933917
7846,62.768,200702.56816625525
7847,62.776,200662.50702935917
7848,62.784,200676.0504403343
7849,62.792,200752.17285071252
7850,62.8,200931.624380069
7851,62.808,200803.9871981788
7852,62.816,200761.1806140437
7853,62.824,200781.44872156615
7854,62.832,200815.13284783007
7855,62.84,200906.60811715445
7856,62.848,200718.45896045284
7857,62.856,200598.12817564825
7858,62.864,200525.59320078956
7859,62.872,200558.03743073592
7860,62.88,200693.46955712262
7861,62.888,200539.15247946413
7862,62.896,200512.06941385948
7863,62.904,200543.81114375024
7864,62.912,200651.04980848727
7865,62.92,200884.59380578966
7866,62.928,200791.5630643827
7867,62.936,200763.98037710774
7868,62.944,200789.33976825178
7869,62.952,200828.34164448353
7870,62.96,200913.61267077053
7871,62.968,200669.05796470528
7872,62.976,200462.2549292052
7873,62.984,200279.95395410038
7874,62.992,200183.80866891574
7875,63.0,200214.1579596801
7876,63.008,199958.1405748287
7877,63.016,199812.9709722618
7878,63.024,199757.77146440628
7879,63.032,199798.95440474508
7880,63.04,199939.9797181368
7881,63.048,199796.03234644423
7882,63.056,199797.98798922487
7883,63.064,199848.97933117524
7884,63.072,199946.11568894892
7885,63.08,200152.11762765207
7886,63.088,200037.47255053316
7887,63.096,200031.94625492685
7888,63.104,200085.33397261886
7889,63.112,200151.70842257282
7890,63.12,200320.22691443775
7891,63.128,200193.08312113144
7892,63.136,200119.9042711881
7893,63.144,200107.29454921884
7894,63.152,200156.96324086134
7895,63.16,200296.2113020398
7896,63.168,200168.8151751762
7897,63.176,200143.37549241947
7898,63.184,200187.99435652787
7899,63.192,200307.8656300056
7900,63.2,200499.34335690583
7901,63.208,200403.97191873676
7902,63.216,200420.77613171074
7903,63.224,200440.62316716876
7904,63.232,200475.7909596459
7905,63.24,200607.4136126966
7906,63.248,200421.5348442007
7907,63.256,200322.86293456308
7908,63.264,200290.93782424968
7909,63.272,200307.58890432992
7910,63.28,200403.280907314
7911,63.288,200217.26097844413
7912,63.296,200167.42096622736
7913,63.304,200174.5967214119
7914,63.312,200254.81903149214
7915,63.32,200450.31148159332
7916,63.328,200323.57747141417
7917,63.336,200299.08493907764
7918,63.344,200311.28105010354
7919,63.352,200350.1677328204
7920,63.36,200494.3401043229
7921,63.368,200342.28890790796
7922,63.376,200296.57265716084
7923,63.384,200293.24484211783
7924,63.392,200362.5630276698
7925,63.4,200560.3830384173
7926,63.408,200433.51883553353
7927,63.416,200404.28475272638
7928,63.424,200424.05150758234
7929,63.432,200473.619629674
7930,63.44,200621.42271992876
7931,63.448,200438.01639693638
7932,63.456,200323.3471887186
7933,63.464,200283.79936180846
7934,63.472,200293.05009307413
7935,63.48,200385.26919801554
7936,63.488,200195.5438606909
7937,63.496,200084.27234011993
7938,63.504,200004.5558151637
7939,63.512,200007.3029727151
7940,63.52,200130.10331628728
7941,63.528,199949.24660232652
7942,63.536,199860.31056600917
7943,63.544,199836.8615480278
7944,63.552,199896.43886994678
7945,63.56,200043.04672134467
7946,63.568,199866.74797028015
7947,63.576,199818.9358419959
7948,63.584,199833.74275656257
7949,63.592,199899.0536333557
7950,63.6,200075.0675378753
7951,63.608,199940.98264643707
7952,63.616,199923.7983115448
7953,63.624,199975.34838107054
7954,63.632,200043.31030508978
7955,63.64,200228.16706691225
7956,63.648,200144.13673183715
7957,63.656,200130.73426007008
7958,63.664,200212.94378747043
7959,63.672,200350.22718378165
7960,63.68,200534.36612498618
7961,63.688,200457.66541049196
7962,63.696,200458.06025194234
7963,63.704,200474.280512925
7964,63.712,200565.5984178757
7965,63.72,200743.5020829517
7966,63.728,200591.3117386798
7967,63.736,200493.6193298336
7968,63.744,200421.3867770429
7969,63.752,200381.15484863962
7970,63.76,200397.2770042145
7971,63.768,200089.64379815845
7972,63.776,199883.31866107488
7973,63.784,199749.3481574433
7974,63.792,199671.29775570054
7975,63.8,199701.82489519042
7976,63.808,199455.86616943596
7977,63.816,199311.61650703198
7978,63.824,199260.9808631889
7979,63.832,199299.06586651856
7980,63.84,199431.64925571342
7981,63.848,199293.2858054771
7982,63.856,199269.06827409522
7983,63.864,199290.3504806924
7984,63.872,199395.11588418038
7985,63.88,199620.77220334733
7986,63.888,199525.04856345666
7987,63.896,199524.62664081255
7988,63.904,199608.53377816195
7989,63.912,199748.89019323202
7990,63.92,199970.9998841508
7991,63.928,199890.18805216177
7992,63.936,199909.69758914135
7993,63.944,199994.74833036514
7994,63.952,200125.74266203528
7995,63.96,200320.22691443775
7996,63.968,200191.96797168316
7997,63.976,200144.68387986446
7998,63.984,200145.16051186764
7999,63.992,200208.92530774316
8000,64.0,200358.25163406783
8001,64.008,200193.94593056745
8002,64.016,200135.2521883132
8003,64.024,200113.14314840146
8004,64.032,200132.48860097807
8005,64.04,200257.1859318931
8006,64.048,200067.62614052554
8007,64.056,199973.60439844264
8008,64.064,199935.08369492207
8009,64.072,199952.48098658718
8010,64.08,200049.05062444418
8011,64.088,199845.12813230677
8012,64.096,199787.86460755378
8013,64.104,199741.94347087014
8014,64.112,199762.7485168789
8015,64.12,199950.9868738192
8016,64.128,199801.496220224
8017,64.136,199767.35962419983
8018,64.144,199798.5417790909
8019,64.152,199887.81127890584
8020,64.16,200118.0955100883
8021,64.168,200007.8281731361
8022,64.176,199992.77466451732
8023,64.184,200060.7321041546
8024,64.192,200152.38106085602
8025,64.2,200332.2347206367
8026,64.208,200236.62962421268
8027,64.216,200241.9026094101
8028,64.224,200269.62550984338
8029,64.232,200338.6122406227
8030,64.24,200509.34986207163
8031,64.248,200373.56409535478
8032,64.256,200331.91619251377
8033,64.264,200330.59469023833
8034,64.272,200387.6570545531
8035,64.28,200545.37328066857
8036,64.288,200383.62352601625
8037,64.296,200328.7585597073
8038,64.304,200312.73991933532
8039,64.312,200333.6346787854
8040,64.32,200434.301073328
8041,64.328,200213.81564680472
8042,64.336,200131.19423221567
8043,64.344,200077.00129656657
8044,64.352,200070.60167271807
8045,64.36,200206.15275554746
8046,64.368,200008.80356111447
8047,64.376,199922.52591941424
8048,64.384,199899.21585162624
8049,64.392,199931.5998394337
8050,64.4,200081.07144097477
8051,64.408,199904.39264935785
8052,64.416,199843.8521064935
8053,64.424,199822.11376243798
8054,64.432,199834.29005634278
8055,64.44,199977.00378725032
8056,64.448,199812.56171328985
8057,64.456,199772.20806422707
8058,64.464,199827.25169441727
8059,64.472,199935.39267997516
8060,64.48,200122.0981121546
8061,64.488,199984.52213261247
8062,64.496,199953.25107927987
8063,64.504,199980.6177248085
8064,64.512,200035.97729181463
8065,64.52,200168.12803591735
8066,64.528,199985.9240706383
8067,64.536,199888.22100107346
8068,64.544,199820.78189040895
8069,64.552,199774.26213017924
8070,64.56,199832.9101128626
8071,64.568,199625.68714322115
8072,64.576,199503.1287137762
8073,64.584,199423.74983457883
8074,64.592,199458.96269439918
8075,64.6,199591.75333836646
8076,64.608,199397.248778447
8077,64.616,199376.48943026844
8078,64.624,199408.52422680394
8079,64.632,199468.9189653025
8080,64.64,199666.80212711007
8081,64.648,199554.12707215073
8082,64.656,199545.33330771583
8083,64.664,199577.7007635341
8084,64.672,199669.17235012178
8085,64.68,199888.94654179114
8086,64.688,199761.64661571375
8087,64.696,199716.3242385594
8088,64.704,199725.41121524727
8089,64.712,199801.17238231003
8090,64.72,199972.0005346674
8091,64.728,199807.4557243078
8092,64.736,199784.96819702018
8093,64.744,199805.05941530954
8094,64.752,199858.42248986446
8095,64.76,200057.05582857682
8096,64.768,199929.5492772229
8097,64.776,199881.41812976383
8098,64.784,199906.84812352792
8099,64.792,200007.29969679704
8100,64.8,200194.14494934847
8101,64.808,200034.4196164376
8102,64.816,199989.2659598943
8103,64.824,200004.1986556607
8104,64.832,200057.4336367964
8105,64.84,200214.1579596801
8106,64.848,200060.91622669852
8107,64.856,199998.46713510787
8108,64.864,199950.20883969546
8109,64.872,199946.5173802716
8110,64.88,200083.07274200793
8111,64.888,199922.0982520167
8112,64.896,199863.91713875602
8113,64.904,199865.82063326615
8114,64.912,199942.6855753373
8115,64.92,200128.10201525412
8116,64.928,199998.34811525987
8117,64.936,199988.4087784651
8118,64.944,200003.3188044731
8119,64.952,200079.82565451527
8120,64.96,200273.1963401584
8121,64.968,200132.32414075028
8122,64.976,200143.82886450374
8123,64.984,200167.82762524037
8124,64.992,200206.83817724005
8125,65.0,200407.28350938033
8126,65.008,200261.616377833
8127,65.016,200199.80245097188
8128,65.024,200202.9348078024
8129,65.032,200254.1900679457
8130,65.04,200414.2880629964
8131,65.048,200259.56516789214
8132,65.056,200221.78801712306
8133,65.064,200216.05799335707
8134,65.072,200282.76753807702
8135,65.08,200479.3303465742
8136,65.088,200332.29607354605
8137,65.096,200312.93075399488
8138,65.104,200325.29021887717
8139,65.112,200403.94370225942
8140,65.12,200633.43052612772
8141,65.128,200494.30098129198
8142,65.136,200466.24145429485
8143,65.144,200484.8586894754
8144,65.152,200543.13990777428
8145,65.16,200714.48321797082
8146,65.168,200547.57060355088
8147,65.176,200539.4757863776
8148,65.184,200553.10262983813
8149,65.192,200587.2024920103
8150,65.2,200783.52810361495
8151,65.208,200632.4938663264
8152,65.216,200580.27860379065
8153,65.224,200585.15530978798
8154,65.232,200627.30720305935
8155,65.24,200777.52420051544
8156,65.248,200587.32908589757
8157,65.256,200509.92146185195
8158,65.264,200488.44116318514
8159,65.272,200538.68920235007
8160,65.28,200715.4838684874
8161,65.288,200557.2501285681
8162,65.296,200521.19793839235
8163,65.304,200512.07145348404
8164,65.312,200541.7566215055
8165,65.32,200692.46890660602
8166,65.328,200483.36886049638
8167,65.336,200379.15418096996
8168,65.344,200299.16436873842
8169,65.352,200215.99559171716
8170,65.36,200240.17487311122
8171,65.368,199952.62924696945
8172,65.376,199781.45118401246
8173,65.384,199647.67227396514
8174,65.392,199591.48824300765
8175,65.4,199673.80668072612
8176,65.408,199411.37900567544
8177,65.416,199280.6842786696
8178,65.424,199201.26915103866
8179,65.432,199177.2993234708
8180,65.44,199303.565989591
8181,65.448,199111.44105106936
8182,65.456,199052.68760357564
8183,65.464,199058.02219787377
8184,65.472,199163.9787296565
8185,65.48,199414.63819693154
8186,65.488,199306.73563086483
8187,65.496,199364.914480542
8188,65.504,199496.93648766453
8189,65.512,199660.85095326946
8190,65.52,199957.99142743525
8191,65.528,199920.2839433094
8192,65.536,199997.90436399265
8193,65.544,200102.32277068234
8194,65.552,200238.41749684242
8195,65.56,200473.3264434747
8196,65.568,200332.35943555547
8197,65.576,200327.69847003024
8198,65.584,200379.8833252956
8199,65.592,200446.6118738803
8200,65.6,200629.4279240614
8201,65.608,200486.6389395573
8202,65.616,200460.4870961053
8203,65.624,200468.06329556424
8204,65.632,200503.71761082616
8205,65.64,200659.44743955883
8206,65.648,200471.18538748438
8207,65.656,200374.00432783313
8208,65.664,200338.8735954659
8209,65.672,200353.4697092014
8210,65.68,200450.31148159332
8211,65.688,200228.85325213626
8212,65.696,200148.981595832
8213,65.704,200085.37179850452
8214,65.712,200069.01234157544
8215,65.72,200198.14755141482
8216,65.728,199993.75502888396
8217,65.736,199922.19220182742
8218,65.744,199906.09545592917
8219,65.752,199946.54183705707
8220,65.76,200110.09030595564
8221,65.768,199941.2124312688
8222,65.776,199923.9766750249
8223,65.784,199927.57091601254
8224,65.792,199992.13332415887
8225,65.8,200223.16381432934
8226,65.808,200083.70072761487
8227,65.816,200065.9787792335
8228,65.824,200087.31700730912
8229,65.832,200163.42476123542
8230,65.84,200390.27245059845
8231,65.848,200235.34674857272
8232,65.856,200199.35938388124
8233,65.864,200221.65457216508
8234,65.872,200285.05681954374
8235,65.88,200484.3335991571
8236,65.888,200336.92868486085
8237,65.896,200308.3559847669
8238,65.904,200303.96490879878
8239,65.912,200322.62019290956
8240,65.92,200469.32384140836
8241,65.928,200281.78263176273
8242,65.936,200220.41268156507
8243,65.944,200195.55416010317
8244,65.952,200250.65350470704
8245,65.96,200423.29391764564
8246,65.968,200202.93749918442
8247,65.976,200160.67461429574
8248,65.984,200172.15567819602
8249,65.992,200195.42288987062
8250,66.0,200372.26074129998
8251,66.008,200208.36801910482
8252,66.016,200169.6488786375
8253,66.024,200169.64536908764
8254,66.032,200230.54127002636
8255,66.04,200440.30497642752
8256,66.048,200281.65214117544
8257,66.056,200262.05286558994
8258,66.064,200294.4464649208
8259,66.072,200346.428321417
8260,66.08,200518.35571672086
8261,66.088,200329.95803838084
8262,66.096,200246.8834256169
8263,66.104,200198.27642611603
8264,66.112,200195.55806273076
8265,66.12,200297.21195255636
8266,66.128,200016.44605194038
8267,66.136,199868.35379079691
8268,66.144,199770.6515670306
8269,66.152,199716.08650467786
8270,66.16,199815.89905408068
8271,66.168,199614.40132461127
8272,66.176,199582.2130299526
8273,66.184,199597.66044368705
8274,66.192,199648.409670936
8275,66.2,199856.92572526055
8276,66.208,199731.1098278274
8277,66.216,199712.45259465458
8278,66.224,199750.13302885147
8279,66.232,199813.811927139
8280,66.24,199976.00313673372
8281,66.248,199820.46385864692
8282,66.256,199787.16594691944
8283,66.264,199787.71266039409
8284,66.272,199846.3781387611
8285,66.28,200019.0311089467
8286,66.288,199833.11249826982
8287,66.296,199772.90373931563
8288,66.304,199763.09751325985
8289,66.312,199796.9861645628
8290,66.32,199942.98166968653
8291,66.328,199751.14517803292
8292,66.336,199693.50819825797
8293,66.344,199645.91602575075
8294,66.352,199642.0939758268
8295,66.36,199768.86847980137
8296,66.368,199523.04917928067
8297,66.376,199423.60472492687
8298,66.384,199349.30486575532
8299,66.392,199300.83791846145
8300,66.4,199404.63169176574
8301,66.408,199170.76450789676
8302,66.416,199107.21166797046
8303,66.424,199091.96186945925
8304,66.432,199132.0802745604
8305,66.44,199327.58160198896
8306,66.448,199149.71256802217
8307,66.456,199124.26307088078
8308,66.464,199132.60084314656
8309,66.472,199160.9302988658
8310,66.48,199367.6076226522
8311,66.488,199235.86253985565
8312,66.496,199215.71283139556
8313,66.504,199245.50263459486
8314,66.512,199350.43120483943
8315,66.52,199594.7552899162
8316,66.528,199461.33199519548
8317,66.536,199469.5680515207
8318,66.544,199544.7783305246
8319,66.552,199641.35106787298
8320,66.56,199845.91856957815
8321,66.568,199705.17566329788
8322,66.576,199694.74407164328
8323,66.584,199709.6977174669
8324,66.592,199744.24658710137
8325,66.6,199897.95239644038
8326,66.608,199709.59482175892
8327,66.616,199653.15784291856
8328,66.624,199626.7287313504
8329,66.632,199649.5262898966
8330,66.64,199813.89775304752
8331,66.648,199638.60125358062
8332,66.656,199611.25367642933
8333,66.664,199606.51161521126
8334,66.672,199641.0910001997
8335,66.68,199818.90100563044
8336,66.688,199629.79621312104
8337,66.696,199601.3463941609
8338,66.704,199639.95947692118
8339,66.712,199706.31662245255
8340,66.72,199889.94719230774
8341,66.728,199721.31390965436
8342,66.736,199705.9378385383
8343,66.744,199724.5466440981
8344,66.752,199803.90077244554
8345,66.76,200045.04802237786
8346,66.768,199908.74623389327
8347,66.776,199922.6111447066
8348,66.784,199995.96477053402
8349,66.792,200093.04403081417
8350,66.8,200345.24317735227
8351,66.808,200279.43135906666
8352,66.816,200336.31023525874
8353,66.824,200395.7593329181
8354,66.832,200509.88978590525
8355,66.84,200758.5118407004
8356,66.848,200601.75447588557
8357,66.856,200566.18718634045
8358,66.864,200539.67061531436
8359,66.872,200498.7677850327
8360,66.88,200577.39409719917
8361,66.888,200258.95957533226
8362,66.896,200024.15536837705
8363,66.904,199836.80351225048
8364,66.912,199682.46228025635
8365,66.92,199649.79106832817
8366,66.928,199297.31900916836
8367,66.936,199086.83914263028
8368,66.944,198913.2875156575
8369,66.952,198820.48281797516
8370,66.96,198898.3025303755
8371,66.968,198624.6708338341
8372,66.976,198481.43602154282
8373,66.984,198396.91325571112
8374,66.992,198370.3686762335
8375,67.0,198497.04167322637
8376,67.008,198296.69792212435
8377,67.016,198232.76335301384
8378,67.024,198218.7052494728
8379,67.032,198277.63704459867
8380,67.04,198488.03581857713
8381,67.048,198343.5283094396
8382,67.056,198332.8247667743
8383,67.064,198374.1180602572
8384,67.072,198464.33830372227
8385,67.08,198690.16722292657
8386,67.088,198569.64683109795
8387,67.096,198582.49026429252
8388,67.104,198631.34557922304
8389,67.112,198736.31112344316
8390,67.12,198966.34676550305
8391,67.128,198829.00192162086
8392,67.136,198856.83740684716
8393,67.144,198916.25587137006
8394,67.152,198994.71695971934
8395,67.16,199216.50939464843
8396,67.168,199058.42975326855
8397,67.176,199030.03993407785
8398,67.184,199068.36618334925
8399,67.192,199120.566157438
8400,67.2,199274.54712461014
8401,67.208,199082.45009791508
8402,67.216,199017.10125379314
8403,67.224,198978.8105945909
8404,67.232,198984.49037515753
8405,67.24,199120.4469450566
8406,67.248,198893.116202913
8407,67.256,198820.85597138284
8408,67.264,198843.8410949829
8409,67.272,198893.2811980426
8410,67.28,199059.40726354512
8411,67.288,198914.6066686542
8412,67.296,198888.5722054561
8413,67.304,198900.33663879853
8414,67.312,198966.88227854308
8415,67.32,199156.47036365353
8416,67.328,199016.46034797927
8417,67.336,199001.55231034424
8418,67.344,199014.95711059854
8419,67.352,199097.4472707782
8420,67.36,199313.5724947568
8421,67.368,199147.87719627077
8422,67.376,199107.90788463136
8423,67.384,199139.32534247858
8424,67.392,199216.86361609906
8425,67.4,199380.61607936778
8426,67.408,199182.40612873834
8427,67.416,199153.3059322655
8428,67.424,199143.56174079893
8429,67.432,199140.60633999784
8430,67.44,199298.5627370081
8431,67.448,199112.96926940107
8432,67.456,199037.40910083076
8433,67.464,199022.76321348126
8434,67.472,199085.19557354026
8435,67.48,199297.56208649153
8436,67.488,199158.1658119571
8437,67.496,199150.31552448554
8438,67.504,199216.74781318926
8439,67.512,199329.51422397414
8440,67.52,199549.72601667003
8441,67.528,199447.20561913698
8442,67.536,199491.4833267385
8443,67.544,199540.19805155756
8444,67.552,199645.01371568665
8445,67.56,199909.96020263934
8446,67.568,199820.311992069
8447,67.576,199872.6621601729
8448,67.584,199933.7987135364
8449,67.592,200041.68923583376
8450,67.6,200308.21910823876
8451,67.608,200185.70277100275
8452,67.616,200211.69519334874
8453,67.624,200271.79076570467
8454,67.632,200351.19632007543
8455,67.64,200591.40320443132
8456,67.648,200454.0920049722
8457,67.656,200419.38813478447
8458,67.664,200401.46290713703
8459,67.672,200383.8358677825
8460,67.68,200486.33490019027
8461,67.688,200248.29474454233
8462,67.696,200157.79388152296
8463,67.704,200106.26994685607
8464,67.712,200111.77279509182
8465,67.72,200288.20609790712
8466,67.728,200117.43983741163
8467,67.736,200064.37895192797
8468,67.744,200046.09739250375
8469,67.752,200045.98188021494
8470,67.76,200163.12478333447
8471,67.768,199916.40007327122
8472,67.776,199757.94507244875
8473,67.784,199617.85049143547
8474,67.792,199487.13597942056
8475,67.8,199464.6707227606
8476,67.808,199118.23492813762
8477,67.816,198901.99339244282
8478,67.824,198746.84634849193
8479,67.832,198677.59746625496
8480,67.84,198760.21275908727
8481,67.848,198530.65981427315
8482,67.856,198462.85659949665
8483,67.864,198456.7378571991
8484,67.872,198505.32788846947
8485,67.88,198676.15811569444
8486,67.888,198509.33365660688
8487,67.896,198505.1382954062
8488,67.904,198538.96668938693
8489,67.912,198590.66393191673
8490,67.92,198795.23552716762
8491,67.928,198690.7484905391
8492,67.936,198713.73258566213
8493,67.944,198761.1734076219
8494,67.952,198837.02819172226
8495,67.96,199029.38774804768
8496,67.968,198855.8790197522
8497,67.976,198795.65167115803
8498,67.984,198789.3349638456
8499,67.992,198818.4120968062
8500,68.0,198948.33505620458
8501,68.008,198746.1878269295
8502,68.016,198689.7251072451
8503,68.024,198663.64115122514
8504,68.032,198690.47369572814
8505,68.04,198845.2680529967
8506,68.048,198633.1410894957
8507,68.056,198574.99162071772
8508,68.064,198564.0532247471
8509,68.072,198565.66127047502
8510,68.08,198715.18348584112
8511,68.088,198544.02205869256
8512,68.096,198485.13537284092
8513,68.104,198456.3067141569
8514,68.112,198484.21586691978
8515,68.12,198648.13990123017
8516,68.128,198466.22800169076
8517,68.136,198436.15217521772
8518,68.144,198471.36895026886
8519,68.152,198543.7616145185
8520,68.16,198765.21601167019
8521,68.168,198664.84843477714
8522,68.176,198662.24273012247
8523,68.184,198705.18952684378
8524,68.192,198815.09656991606
8525,68.2,199040.39490373008
8526,68.208,198919.0271652891
8527,68.216,198929.31965085975
8528,68.224,198983.3407333149
8529,68.232,199081.37159607655
8530,68.24,199286.55493080913
8531,68.248,199137.39152841593
8532,68.256,199121.6351049544
8533,68.264,199127.2003800335
8534,68.272,199175.6089685859
8535,68.28,199370.60957420195
8536,68.288,199201.4237424779
8537,68.296,199165.6771179361
8538,68.304,199206.74467720737
8539,68.312,199293.32832771438
8540,68.32,199499.69349084096
8541,68.328,199367.3171859721
8542,68.336,199368.83033799712
8543,68.344,199404.94827532934
8544,68.352,199475.1398624554
8545,68.36,199673.80668072612
8546,68.368,199534.31945477973
8547,68.376,199530.16227457562
8548,68.384,199567.4697533686
8549,68.392,199640.78840835023
8550,68.4,199838.91401596207
8551,68.408,199686.81382305178
8552,68.416,199650.37385905106
8553,68.424,199641.1588157127
8554,68.432,199649.34499646162
8555,68.44,199790.88279116616
8556,68.448,199601.2852745199
8557,68.456,199515.03135202706
8558,68.464,199488.55964684882
8559,68.472,199508.55647162753
8560,68.48,199641.78586419552
8561,68.488,199470.24568187265
8562,68.496,199438.35460880626
8563,68.504,199464.07562476228
8564,68.512,199526.6344759094
8565,68.52,199701.82489519042
8566,68.528,199569.30648535184
8567,68.536,199548.46223900173
8568,68.544,199563.81718472176
8569,68.552,199626.18303166013
8570,68.56,199801.88994684856
8571,68.568,199649.1120842091
8572,68.576,199608.12464180982
8573,68.584,199624.4811017928
8574,68.592,199696.31346234865
8575,68.6,199848.92052112787
8576,68.608,199656.30070334478
8577,68.616,199588.08947408618
8578,68.624,199512.08658643908
8579,68.632,199456.36950658704
8580,68.64,199510.70064652336
8581,68.648,199192.36333083085
8582,68.656,199007.1064741395
8583,68.664,198864.7127044576
8584,68.672,198786.09134978466
8585,68.68,198870.28431591124
8586,68.688,198620.6390695988
8587,68.696,198542.85069604916
8588,68.704,198526.1590890852
8589,68.712,198567.00684209322
8590,68.72,198760.21275908727
8591,68.728,198604.3410480397
8592,68.736,198601.97243966005
8593,68.744,198615.38960405748
8594,68.752,198652.8441294445
8595,68.76,198863.27976229516
8596,68.768,198720.87777036967
8597,68.776,198700.13954873924
8598,68.784,198730.92344193757
8599,68.792,198806.25249389213
8600,68.8,199006.37278616632
8601,68.808,198842.16322440695
8602,68.816,198819.41589705646
8603,68.824,198847.65856433162
8604,68.832,198898.30601522155
8605,68.84,199096.43133265866
8606,68.848,198970.1217507819
8607,68.856,198945.6820876263
8608,68.864,198955.8706243279
8609,68.872,199005.0609572269
8610,68.88,199161.47361623644
8611,68.888,198984.56497540837
8612,68.896,198941.73578735744
8613,68.904,198921.0665356507
8614,68.912,198938.61980821806
8615,68.92,199083.42287594307
8616,68.928,198882.68590987226
8617,68.936,198822.52395729988
8618,68.944,198799.04092228654
8619,68.952,198821.3984543963
8620,68.96,198994.36497996733
8621,68.968,198841.29773708258
8622,68.976,198829.97227848053
8623,68.984,198831.56675243482
8624,68.992,198884.88688022195
8625,69.0,199120.4469450566
8626,69.008,198987.17898572652
8627,69.016,198954.3537925178
8628,69.024,198982.33679533133
8629,69.032,199035.86879581577
8630,69.04,199220.51199671475
8631,69.048,199083.24932483974
8632,69.056,199045.77118047734
8633,69.064,199071.6741794554
8634,69.072,199171.28877116993
8635,69.08,199372.6108752351
8636,69.088,199223.98434847224
8637,69.096,199181.20838241305
8638,69.104,199164.3502856081
8639,69.112,199223.37819430657
8640,69.12,199414.63819693154
8641,69.128,199245.84426206615
8642,69.136,199214.68486265108
8643,69.144,199212.32754210837
8644,69.152,199223.23349859344
8645,69.16,199354.59916593664
8646,69.168,199144.6169713531
8647,69.176,199071.09772780022
8648,69.184,199023.66280330924
8649,69.192,199011.08469123096
8650,69.2,199141.4606059048
8651,69.208,198930.41783732528
8652,69.216,198864.25787780926
8653,69.224,198842.68134046168
8654,69.232,198850.57965925886
8655,69.24,198992.36367893417
8656,69.248,198794.34705895156
8657,69.256,198731.5540491794
8658,69.264,198713.48275904887
8659,69.272,198728.60172875092
8660,69.28,198868.28301487808
8661,69.288,198675.5383264785
8662,69.296,198626.67026036853
8663,69.304,198612.5457744164
8664,69.312,198641.0220966633
8665,69.32,198809.24463439977
8666,69.328,198648.55861948917
8667,69.336,198641.2745243141
8668,69.344,198653.47859197116
8669,69.352,198702.22433321743
8670,69.36,198910.3103365745
8671,69.368,198762.21826070955
8672,69.376,198743.3176253716
8673,69.384,198790.90245026627
8674,69.392,198901.19197020202
8675,69.4,199139.45930487165
8676,69.408,198990.8380195009
8677,69.416,198969.41629057223
8678,69.424,199030.8328676159
8679,69.432,199108.6851007339
8680,69.44,199290.55753287545
8681,69.448,199160.56640796593
8682,69.456,199133.49041610767
8683,69.464,199104.34740316958
8684,69.472,199124.78391914096
8685,69.48,199227.51655033082
8686,69.488,198917.19315388068
8687,69.496,198733.73667513975
8688,69.504,198578.45490971804
8689,69.512,198468.6237447622
8690,69.52,198533.0650918233
8691,69.528,198259.30257239996
8692,69.536,198128.51072285007
8693,69.544,198068.48266531652
8694,69.552,198069.86890483138
8695,69.56,198221.86278116648
8696,69.568,198048.23588695118
8697,69.576,198027.6562387338
8698,69.584,198036.60582750765
8699,69.592,198075.75705469816
8700,69.6,198265.89140389606
8701,69.608,198135.7507469998
8702,69.616,198153.12911794585
8703,69.624,198195.66876542947
8704,69.632,198298.34017484717
8705,69.64,198532.06444130672
8706,69.648,198376.90476117644
8707,69.656,198383.31005221486
8708,69.664,198411.80705420987
8709,69.672,198443.4353185622
8710,69.68,198636.13209503118
8711,69.688,198463.98146739905
8712,69.696,198408.2741997926
8713,69.704,198401.9656963597
8714,69.712,198434.7245047093
8715,69.72,198598.1073754011
8716,69.728,198420.22851774655
8717,69.736,198393.47671882235
8718,69.744,198391.23881072074
8719,69.752,198426.83896913918
8720,69.76,198611.11583211666
8721,69.768,198431.15406140222
8722,69.776,198396.93425742557
8723,69.784,198421.02141706395
8724,69.792,198464.78719185834
8725,69.8,198616.11908469955
8726,69.808,198414.84686147308
8727,69.816,198361.45225278853
8728,69.824,198338.84541045764
8729,69.832,198352.9959858959
8730,69.84,198500.0436247761
8731,69.848,198289.61889450953
8732,69.856,198242.390518387
8733,69.864,198246.76826924976
8734,69.872,198306.08757892542
8735,69.88,198527.0611887238
8736,69.888,198375.68799091174
8737,69.896,198354.3329917275
8738,69.904,198394.75466569705
8739,69.912,198479.13393710827
8740,69.92,198705.17698067531
8741,69.928,198582.26252529153
8742,69.936,198584.45064080798
8743,69.944,198625.74495966258
8744,69.952,198713.17324094765
8745,69.96,198913.31228812423
8746,69.968,198752.41309871615
8747,69.976,198741.73347991315
8748,69.984,198738.43912033926
8749,69.992,198791.00218937983
8750,70.0,198989.36172738444
8751,70.008,198802.9668575052
8752,70.016,198814.7372865815
8753,70.024,198848.52702696572
8754,70.032,198890.07603420282
8755,70.04,199110.44043989078
8756,70.048,198946.10927340577
8757,70.056,198921.12842542492
8758,70.064,198930.41377341416
8759,70.072,198958.37030840636
8760,70.08,199127.45149867266
8761,70.088,198917.74637611947
8762,70.096,198884.22139380098
8763,70.104,198914.86134326336
8764,70.112,198957.30135228904
8765,70.12,199149.46581003745
8766,70.128,198995.616877619
8767,70.136,198971.6890932617
8768,70.144,198988.77363272032
8769,70.152,199052.078032729
8770,70.16,199244.5276091127
8771,70.168,199080.83323352697
8772,70.176,199065.89756118922
8773,70.184,199065.9254632655
8774,70.192,199115.37428356655
8775,70.2,199337.58810715476
8776,70.208,199176.25026135362
8777,70.216,199146.0649430612
8778,70.224,199178.84467355369
8779,70.232,199223.28072437664
8780,70.24,199400.6290896994
8781,70.248,199254.13781563862
8782,70.256,199222.6689866138
8783,70.264,199205.2596571554
8784,70.272,199240.9799102419
8785,70.28,199401.62974021598
8786,70.288,199188.2891860408
8787,70.296,199111.90154926636
8788,70.304,199062.2129720926
8789,70.312,199066.6648157626
8790,70.32,199199.49833586652
8791,70.328,198945.04633192893
8792,70.336,198877.09716452673
8793,70.344,198859.92345673923
8794,70.352,198862.27610019202
8795,70.36,199010.37538823264
8796,70.368,198761.39488370277
8797,70.376,198612.99478145974
8798,70.384,198471.98612054353
8799,70.392,198361.81044934096
8800,70.4,198384.96881536924
8801,70.408,198036.89256657145
8802,70.416,197885.9680444262
8803,70.424,197790.06109190718
8804,70.432,197726.42630512893
8805,70.44,197866.63184778005
8806,70.448,197682.96832183626
8807,70.456,197643.61093912882
8808,70.464,197660.08956016006
8809,70.472,197731.90983974523
8810,70.48,197941.68063652367
8811,70.488,197788.72689275283
8812,70.496,197793.28640621353
8813,70.504,197836.8967469314
8814,70.512,197926.11939583888
8815,70.52,198149.81594397262
8816,70.528,198016.46962637603
8817,70.536,198089.8117130684
8818,70.544,198184.1453776383
8819,70.552,198255.48355358778
8820,70.56,198490.0371196103
8821,70.568,198378.63524727963
8822,70.576,198386.12037958176
8823,70.584,198392.90053329107
8824,70.592,198407.57675236472
8825,70.6,198570.0891609368
8826,70.608,198376.84839086418
8827,70.616,198313.67670497092
8828,70.624,198284.15328758102
8829,70.632,198309.1133265443
8830,70.64,198481.03126496106
8831,70.648,198295.83782811952
8832,70.656,198264.2673880009
8833,70.664,198241.39389491652
8834,70.672,198260.763879013
8835,70.68,198419.9915834496
8836,70.688,198179.18043749983
8837,70.696,198117.47341966882
8838,70.704,198077.97514821362
8839,70.712,198059.49563824115
8840,70.72,198238.87383994836
8841,70.728,198044.67068237762
8842,70.736,197990.14124458208
8843,70.744,197993.0135967437
8844,70.752,198046.29436439215
8845,70.76,198228.86733478252
8846,70.768,198025.0802212524
8847,70.776,198017.41147820326
8848,70.784,198055.72939399767
8849,70.792,198118.9932579028
8850,70.8,198359.9525524547
8851,70.808,198238.05424966893
8852,70.816,198260.10498167845
8853,70.824,198303.39906056205
8854,70.832,198379.4957135036
8855,70.84,198608.1138805669
8856,70.848,198457.3265765372
8857,70.856,198461.04918225907
8858,70.864,198470.32675320868
8859,70.872,198508.43038603998
8860,70.88,198724.18934049035
8861,70.888,198553.21854475664
8862,70.896,198530.85152825154
8863,70.904,198551.46717319806
8864,70.912,198619.02881896848
8865,70.92,198834.2608973143
8866,70.928,198652.22277814275
8867,70.936,198639.6356591621
8868,70.944,198650.73667894394
8869,70.952,198670.27250281326
8870,70.96,198858.27650971228
8871,70.968,198669.00725391478
8872,70.976,198628.685217626
8873,70.984,198642.79893078358
8874,70.992,198688.3564806041
8875,71.0,198895.3005788258
8876,71.008,198750.64594835552
8877,71.016,198742.98426458306
8878,71.024,198761.37602196564
8879,71.032,198782.54969148943
8880,71.04,198941.33050258853
8881,71.048,198760.36483347337
8882,71.056,198705.49244714843
8883,71.064,198691.10963582352
8884,71.072,198730.5097743899
8885,71.08,198906.30773450818
8886,71.088,198729.01561492617
8887,71.096,198694.26256141506
8888,71.104,198712.0088567168
8889,71.112,198807.82188400076
8890,71.12,199038.39360269692
8891,71.128,198904.07299015383
8892,71.136,198952.28524734627
8893,71.144,199015.75305374694
8894,71.152,199090.1276277049
8895,71.16,199311.57119372365
8896,71.168,199143.637686863
8897,71.176,199116.27151038314
8898,71.184,199107.0671567835
8899,71.192,199104.2059725956
8900,71.2,199231.51915239714
8901,71.208,198971.8366258469
8902,71.216,198838.46199216106
8903,71.224,198683.6722370752
8904,71.232,198555.73627370998
8905,71.24,198573.09111248655
8906,71.248,198183.98324103796
8907,71.256,197989.23621340364
8908,71.264,197833.7461788862
8909,71.272,197706.44554715062
8910,71.28,197777.5739518043
8911,71.288,197480.26215425844
8912,71.296,197361.1839475757
8913,71.304,197309.24122602865
8914,71.312,197311.78382151187
8915,71.32,197498.3924576781
8916,71.328,197313.68431889726
8917,71.336,197305.1381802576
8918,71.344,197381.3220445672
8919,71.352,197506.58369906785
8920,71.36,197788.5811074867
8921,71.368,197697.8565853287
8922,71.376,197747.39485591094
8923,71.384,197855.32390839743
8924,71.392,197991.5024917195
8925,71.4,198216.85952858356
8926,71.408,198058.7337456594
8927,71.416,198066.01863055714
8928,71.424,198087.48004736297
8929,71.432,198137.4820400419
8930,71.44,198344.94279470597
8931,71.448,198183.78834643817
8932,71.456,198196.17572177635
8933,71.464,198243.8233966784
8934,71.472,198318.93420995708
8935,71.48,198540.06964543936
8936,71.488,198379.01350567504
8937,71.496,198388.97194870922
8938,71.504,198411.7250420039
8939,71.512,198438.51872884663
8940,71.52,198616.11908469955
8941,71.528,198402.7709648529
8942,71.536,198338.3190352464
8943,71.544,198290.1417506221
8944,71.552,198280.43673173027
8945,71.56,198443.00654533095
8946,71.568,198232.50744152657
8947,71.576,198232.77534728247
8948,71.584,198294.99513014994
8949,71.592,198375.09003232172
8950,71.6,198617.11973521614
8951,71.608,198475.07370143928
8952,71.616,198477.2028224993
8953,71.624,198498.92336358505
8954,71.632,198527.22039688492
8955,71.64,198721.1873889406
8956,71.648,198556.7182596856
8957,71.656,198521.65901093252
8958,71.664,198516.94858615872
8959,71.672,198577.9533399264
8960,71.68,198785.22902200182
8961,71.688,198607.0001616307
8962,71.696,198608.61340449998
8963,71.704,198637.4120905597
8964,71.712,198692.36451348095
8965,71.72,198912.31163760767
8966,71.728,198737.41213834006
8967,71.736,198702.79529512368
8968,71.744,198675.6417080134
8969,71.752,198625.6285053746
8970,71.76,198735.19649617275
8971,71.768,198487.85671810497
8972,71.776,198363.69176612684
8973,71.784,198306.89501692235
8974,71.792,198319.78554275108
8975,71.8,198474.02671134498
8976,71.808,198291.37730434924
8977,71.816,198291.51626732916
8978,71.824,198319.77151814525
8979,71.832,198367.44161476032
8980,71.84,198550.0761506052
8981,71.848,198362.07637248177
8982,71.856,198322.84168223277
8983,71.864,198312.04113477332
8984,71.872,198358.79916231852
8985,71.88,198545.07289802228
8986,71.888,198335.3775641521
8987,71.896,198315.54934194114
8988,71.904,198318.13759609096
8989,71.912,198335.5391186376
8990,71.92,198559.0820052544
8991,71.928,198422.99086940565
8992,71.936,198425.79787826704
8993,71.944,198476.98841239215
8994,71.952,198552.27348538872
8995,71.96,198765.21601167019
8996,71.968,198603.28985745372
8997,71.976,198584.72136117745
8998,71.984,198616.19410523615
8999,71.992,198666.60174867057
9000,72.0,198851.2719560962
9001,72.008,198694.05569207922
9002,72.016,198664.7411671122
9003,72.024,198660.47916772217
9004,72.032,198714.84884335927
9005,72.04,198893.2992777926
9006,72.048,198678.51900419447
9007,72.056,198618.10687615
9008,72.064,198574.06783268263
9009,72.072,198498.4632369985
9010,72.08,198544.07224750568
9011,72.088,198238.36390756528
9012,72.096,198065.80537036294
9013,72.104,197945.76514035367
9014,72.112,197901.01171549593
9015,72.12,198013.72747371753
9016,72.128,197779.7936272291
9017,72.136,197717.76554251765
9018,72.144,197710.97352713192
9019,72.152,197760.11381100822
9020,72.16,197971.7001520211
9021,72.168,197835.81234558014
9022,72.176,197861.3960324663
9023,72.184,197924.56327178952
9024,72.192,198027.3371077692
9025,72.2,198288.90636577742
9026,72.208,198197.14093961968
9027,72.216,198252.78563732613
9028,72.224,198321.7067667219
9029,72.232,198408.53403711965
9030,72.24,198637.13274554777
9031,72.248,198475.8314573819
9032,72.256,198435.9173880021
9033,72.264,198426.66879398536
9034,72.272,198434.29978061418
9035,72.28,198565.0859083539
9036,72.288,198330.02027606106
9037,72.296,198240.4567377846
9038,72.304,198183.84901340248
9039,72.312,198170.6735895733
9040,72.32,198316.9245802417
9041,72.328,198113.24268047838
9042,72.336,198055.25610177757
9043,72.344,198013.8584022078
9044,72.352,198006.89454197494
9045,72.36,198150.81659448918
9046,72.368,197922.79475188197
9047,72.376,197842.88225778815
9048,72.384,197792.55183511274
9049,72.392,197794.2962923826
9050,72.4,197963.69494788846
9051,72.408,197749.0905448525
9052,72.416,197680.3021981846
9053,72.424,197664.88949549294
9054,72.432,197712.4080029022
9055,72.44,197920.66697567544
9056,72.448,197740.36682778818
9057,72.456,197728.59649459473
9058,72.464,197798.0657701094
9059,72.472,197884.549860489
9060,72.48,198097.78211711036
9061,72.488,197965.53513704042
9062,72.496,197982.88975744537
9063,72.504,198032.79745386797
9064,72.512,198117.22194851347
9065,72.52,198344.94279470597
9066,72.528,198227.94333816352
9067,72.536,198262.51476646587
9068,72.544,198309.94950142648
9069,72.552,198386.68885107915
9070,72.56,198608.1138805669
9071,72.568,198447.49706667394
9072,72.576,198425.26708457578
9073,72.584,198436.32551436935
9074,72.592,198470.2720301081
9075,72.6,198640.1346970975
9076,72.608,198439.1608036331
9077,72.616,198383.29787264203
9078,72.624,198374.5199069761
9079,72.632,198412.94696657982
9080,72.64,198575.0924135197
9081,72.648,198349.81580709075
9082,72.656,198291.99247825667
9083,72.664,198271.5371242105
9084,72.672,198268.29537431576
9085,72.68,198412.98702983352
9086,72.688,198202.289677209
9087,72.696,198160.95986259385
9088,72.704,198171.93033957403
9089,72.712,198228.14209960835
9090,72.72,198423.9941855159
9091,72.728,198245.1407054614
9092,72.736,198245.0157779726
9093,72.744,198284.94933629932
9094,72.752,198342.76410782128
9095,72.76,198565.0859083539
9096,72.768,198420.12472687077
9097,72.776,198400.23068868424
9098,72.784,198420.80843866136
9099,72.792,198491.8379127933
9100,72.8,198705.17698067531
9101,72.808,198567.0253334584
9102,72.816,198608.88765731928
9103,72.824,198668.6225776246
9104,72.832,198747.7280365772
9105,72.84,198979.3552222186
9106,72.848,198829.03381653017
9107,72.856,198830.92664786303
9108,72.864,198867.24220205325
9109,72.872,198919.65901281382
9110,72.88,199118.44564402342
9111,72.888,198947.97592543645
9112,72.896,198922.50766294717
9113,72.904,198933.1323894041
9114,72.912,198974.35765421775
9115,72.92,199138.45865435505
9116,72.928,198919.6553653158
9117,72.936,198853.16627547945
9118,72.944,198774.54382047904
9119,72.952,198680.40468916926
9120,72.96,198708.17893222504
9121,72.968,198338.6301734478
9122,72.976,198132.14958638075
9123,72.984,197973.00942588729
9124,72.992,197862.67006443028
9125,73.0,197937.67803445735
9126,73.008,197653.9664039681
9127,73.016,197546.2522015293
9128,73.024,197518.8732458651
9129,73.032,197547.91102263378
9130,73.04,197738.54858165764
9131,73.048,197567.96704546228
9132,73.056,197558.1045585084
9133,73.064,197608.30694302905
9134,73.072,197699.48050667281
9135,73.08,197929.67283032468
9136,73.088,197800.4993193451
9137,73.096,197822.3552073892
9138,73.104,197865.78706860234
9139,73.112,197948.53167025108
9140,73.12,198170.8296048208
9141,73.128,198002.57130395275
9142,73.136,198000.87622683187
9143,73.144,198050.27462453258
9144,73.152,198120.7731422141
9145,73.16,198332.934988507
9146,73.168,198180.2810350939
9147,73.176,198191.89021999206
9148,73.184,198246.82473726824
9149,73.192,198318.15676816992
9150,73.2,198526.0605382072
9151,73.208,198373.16424937852
9152,73.216,198352.65523206381
9153,73.224,198334.47813427853
9154,73.232,198361.30062958263
9155,73.24,198516.0540330414
9156,73.248,198260.85190303496
9157,73.256,198198.6347712021
9158,73.264,198184.90889456854
9159,73.272,198183.3123502607
9160,73.28,198364.9558050376
9161,73.288,198188.92835168462
9162,73.296,198156.07037998186
9163,73.304,198174.69857958483
9164,73.312,198222.86832951123
9165,73.32,198399.97857311796
9166,73.328,198216.94404586966
9167,73.336,198186.23434328492
9168,73.344,198161.36573904075
9169,73.352,198200.85382873102
9170,73.36,198424.9948360325
9171,73.368,198260.5478108402
9172,73.376,198264.83253095148
9173,73.384,198318.88103314035
9174,73.392,198402.43567508878
9175,73.4,198630.1281919317
9176,73.408,198479.2667283415
9177,73.416,198517.82276187465
9178,73.424,198579.62357583526
9179,73.432,198600.31061805473
9180,73.44,198785.22902200182
9181,73.448,198624.8994074567
9182,73.456,198563.41815436233
9183,73.464,198535.28886518694
9184,73.472,198545.36606188194
9185,73.48,198699.1730775758
9186,73.488,198535.31804017714
9187,73.496,198516.16595264786
9188,73.504,198517.6040853591
9189,73.512,198590.48267412613
9190,73.52,198807.2433333666
9191,73.528,198628.71256835575
9192,73.536,198595.77159296
9193,73.544,198604.07902897338
9194,73.552,198656.60994654385
9195,73.56,198849.27065506304
9196,73.568,198658.07039274968
9197,73.576,198628.07175989475
9198,73.584,198625.5145944849
9199,73.592,198642.60833217518
9200,73.6,198813.2472364661
9201,73.608,198625.26568839193
9202,73.616,198603.8675272642
9203,73.624,198598.9782329516
9204,73.632,198635.0464773473
9205,73.64,198847.26935402988
9206,73.648,198671.2774200698
9207,73.656,198650.10481081883
9208,73.664,198661.01852585332
9209,73.672,198689.2129069399
9210,73.68,198866.28171384492
9211,73.688,198661.22926332295
9212,73.696,198606.91937534852
9213,73.704,198586.91033731654
9214,73.712,198629.51943932188
9215,73.72,198847.26935402988
9216,73.728,198669.33581475014
9217,73.736,198657.52892587378
9218,73.744,198707.50262861853
9219,73.752,198784.5632109311
9220,73.76,198994.36497996733
9221,73.768,198821.2746277132
9222,73.776,198816.2278049767
9223,73.784,198831.3164144739
9224,73.792,198823.52492721874
9225,73.8,198939.32920155535
9226,73.808,198664.62982832032
9227,73.816,198495.89352136725
9228,73.824,198336.6567613655
9229,73.832,198218.49197478453
9230,73.84,198254.88424821367
9231,73.848,197937.9058022266
9232,73.856,197806.51232213448
9233,73.864,197730.74935446423
9234,73.872,197725.84861166307
9235,73.88,197900.65396534384
9236,73.888,197707.31399659422
9237,73.896,197707.64736352963
9238,73.904,197771.03928956788
9239,73.912,197842.03365553913
9240,73.92,198076.76845626216
9241,73.928,197970.58952755312
9242,73.936,198000.67799074034
9243,73.944,198073.12409715258
9244,73.952,198200.76056699993
9245,73.96,198483.03256599422
9246,73.968,198403.2052670169
9247,73.976,198450.466305355
9248,73.984,198510.1459835346
9249,73.992,198604.1485448008
9250,74.0,198845.2680529967
9251,74.008,198705.29413539814
9252,74.016,198691.03239984365
9253,74.024,198711.6244356351
9254,74.032,198758.1804420337
9255,74.04,198924.31944380663
9256,74.048,198725.44281373514
9257,74.056,198683.5382857414
9258,74.064,198661.38902389046
9259,74.072,198656.93247012957
9260,74.08,198796.23617768422
9261,74.088,198583.12359099943
9262,74.096,198540.46767703598
9263,74.104,198531.4185454569
9264,74.112,198553.24943454412
9265,74.12,198763.21471063702
9266,74.128,198638.84005956704
9267,74.136,198642.7033048441
9268,74.144,198668.51461649337
9269,74.152,198739.7599167251
9270,74.16,198948.33505620458
9271,74.168,198790.12264644797
9272,74.176,198788.2822208123
9273,74.184,198787.6877478098
9274,74.192,198849.35227746077
9275,74.2,199080.42092439334
9276,74.208,198910.1925952403
9277,74.216,198928.91533472916
9278,74.224,198958.90845807584
9279,74.232,199002.7533631061
9280,74.24,199247.52956066243
9281,74.248,199084.6986828282
9282,74.256,199046.02806151917
9283,74.264,199036.18836778373
9284,74.272,199030.58757545345
9285,74.28,199167.47751933592
9286,74.288,198932.26588217932
9287,74.296,198854.9508442297
9288,74.304,198799.16046343857
9289,74.312,198781.84247030492
9290,74.32,198936.32725000562
9291,74.328,198713.40674180718
9292,74.336,198664.21233978888
9293,74.344,198676.0554996425
9294,74.352,198717.13985846724
9295,74.36,198892.29862727603
9296,74.368,198694.16655334446
9297,74.376,198666.77807262185
9298,74.384,198650.92036317906
9299,74.392,198655.85944798085
9300,74.4,198838.26349938064
9301,74.408,198637.64768871042
9302,74.416,198580.32155564733
9303,74.424,198585.77481607295
9304,74.432,198649.560891163
9305,74.44,198874.28691797756
9306,74.448,198739.40785302783
9307,74.456,198779.4093920261
9308,74.464,198856.82624604108
9309,74.472,198949.50643058406
9310,74.48,199192.49378225047
9311,74.488,199068.30720997372
9312,74.496,199059.78746605763
9313,74.504,199050.0134821116
9314,74.512,199120.3753258719
9315,74.52,199345.59331128743
9316,74.528,199158.75890947785
9317,74.536,199170.5239694316
9318,74.544,199196.40860312234
9319,74.552,199233.71525719238
9320,74.56,199466.67202379377
9321,74.568,199298.12757424128
9322,74.576,199278.61729177192
9323,74.584,199301.76851668503
9324,74.592,199346.85604656293
9325,74.6,199550.72666718662
9326,74.608,199362.16572582436
9327,74.616,199322.07883751908
9328,74.624,199318.08415259462
9329,74.632,199339.83829437298
9330,74.64,199521.70780220575
9331,74.648,199308.3693762612
9332,74.656,199201.02909082585
9333,74.664,199109.90443886933
9334,74.672,199032.4450813977
9335,74.68,199066.4118171612
9336,74.688,198733.51105688245
9337,74.696,198581.55086375723
9338,74.704,198453.50539033
9339,74.712,198401.5881342486
9340,74.72,198531.06379079013
9341,74.728,198271.48717265725
9342,74.736,198221.98017949492
9343,74.744,198196.48488529839
9344,74.752,198202.45900635724
9345,74.76,198426.99613706567
9346,74.768,198277.88901472848
9347,74.776,198313.4590678541
9348,74.784,198385.1358709095
9349,74.792,198490.87451070227
9350,74.8,198790.23227458473
9351,74.808,198688.45704641263
9352,74.816,198736.54068668405
9353,74.824,198809.42899010686
9354,74.832,198882.40026685115
9355,74.84,199104.4365367913
9356,74.848,198935.66987942308
9357,74.856,198913.43437153715
9358,74.864,198912.9329000377
9359,74.872,198931.3856715681
9360,74.88,199116.44434299026
9361,74.888,198931.77134605928
9362,74.896,198888.03106592043
9363,74.904,198878.16541066242
9364,74.912,198943.07182634878
9365,74.92,199162.474266753
9366,74.928,198959.55229731064
9367,74.936,198901.7031726982
9368,74.944,198848.3966363336
9369,74.952,198821.60648329748
9370,74.96,198946.33375517142
9371,74.968,198644.57181112925
9372,74.976,198514.74521284705
9373,74.984,198418.70657161492
9374,74.992,198339.9631083597
9375,75.0,198457.0156525631
9376,75.008,198213.10364544098
9377,75.016,198143.66972895793
9378,75.024,198127.83156738995
9379,75.032,198151.9348987214
9380,75.04,198343.9421441894
9381,75.048,198167.17912495777
9382,75.056,198164.7772104098
9383,75.064,198203.2669721377
9384,75.072,198287.11869839326
9385,75.08,198542.07094647252
9386,75.088,198410.08945314394
9387,75.096,198429.44319520346
9388,75.104,198478.07959251
9389,75.112,198568.99137722078
9390,75.12,198825.25504266509
9391,75.128,198688.68252862358
9392,75.136,198712.36776022945
9393,75.144,198775.6060500063
9394,75.152,198870.68915424982
9395,75.16,199119.44629454002
9396,75.168,198967.29493471739
9397,75.176,198958.54252865192
9398,75.184,198976.97983259562
9399,75.192,199011.95533414022
9400,75.2,199196.4963843168
9401,75.208,199018.33855317804
9402,75.216,199012.68561615676
9403,75.224,199031.77175256223
9404,75.232,199088.9647515225
9405,75.24,199296.56143597493
9406,75.248,199103.48466217617
9407,75.256,199084.04218934843
9408,75.264,199088.18333480004
9409,75.272,199108.21653625654
9410,75.28,199288.5562318423
9411,75.288,199066.60433882594
9412,75.296,199007.22721288563
9413,75.304,198987.3751644582
9414,75.312,198970.2456207777
9415,75.32,199116.44434299026
9416,75.328,198922.82622385
9417,75.336,198897.75554435444
9418,75.344,198892.00738522774
9419,75.352,198925.86275596125
9420,75.36,199117.44499350686
9421,75.368,198933.50838027592
9422,75.376,198936.28760607186
9423,75.384,198957.36314465545
9424,75.392,199015.2937448026
9425,75.4,199268.54322151066
9426,75.408,199108.33303354587
9427,75.416,199077.98770516884
9428,75.424,199104.20411554835
9429,75.432,199157.32320376512
9430,75.44,199349.59591335375
9431,75.448,199169.944133628
9432,75.456,199158.18738931068
9433,75.464,199190.5338351149
9434,75.472,199274.25481486935
9435,75.48,199507.6986949736
9436,75.488,199359.70153460925
9437,75.496,199386.39777158303
9438,75.504,199419.1646268699
9439,75.512,199479.81933939844
9440,75.52,199710.83074983963
9441,75.528,199521.028887929
9442,75.536,199468.76013886114
9443,75.544,199426.40729052783
9444,75.552,199367.5670057054
9445,75.56,199432.64990623
9446,75.568,199079.70787843186
9447,75.576,198859.8943483098
9448,75.584,198677.60452028314
9449,75.592,198566.750323798
9450,75.6,198638.13339606434
9451,75.608,198332.81926761486
9452,75.616,198233.03240705066
9453,75.624,198188.98970862347
9454,75.632,198167.2254107148
9455,75.64,198326.93108540753
9456,75.648,198139.43685785556
9457,75.656,198119.79847982115
9458,75.664,198109.1511990807
9459,75.672,198139.41505184126
9460,75.68,198357.95125142153
9461,75.688,198194.77446537814
9462,75.696,198197.42287107417
9463,75.704,198220.9179307496
9464,75.712,198261.37094375215
9465,75.72,198471.02475979525
9466,75.728,198306.79063320663
9467,75.736,198316.7965136336
9468,75.744,198350.65322804276
9469,75.752,198383.35571879754
9470,75.76,198575.0924135197
9471,75.768,198399.66693646755
9472,75.776,198384.73106536912
9473,75.784,198404.2671704459
9474,75.792,198443.09208378565
9475,75.8,198642.13599813066
9476,75.808,198482.6346613617
9477,75.816,198460.90837313683
9478,75.824,198448.30805484418
9479,75.832,198475.41456306464
9480,75.84,198667.1522610452
9481,75.848,198483.91695738677
9482,75.856,198455.6250733264
9483,75.864,198454.82090188484
9484,75.872,198493.81965402738
9485,75.88,198685.16397034368
9486,75.888,198488.69134637306
9487,75.896,198455.70046963816
9488,75.904,198435.47574714335
9489,75.912,198448.68743500643
9490,75.92,198644.13729916382
9491,75.928,198458.3698470393
9492,75.936,198448.5588116563
9493,75.944,198477.932844945
9494,75.952,198534.59879194605
9495,75.96,198758.2114580541
9496,75.968,198603.3209205612
9497,75.976,198622.64740117805
9498,75.984,198678.37507682433
9499,75.992,198774.28116297367
9500,76.0,199004.37148513316
9501,76.008,198811.17434250377
9502,76.016,198808.17025374708
9503,76.024,198826.47299961242
9504,76.032,198870.62222329515
9505,76.04,199095.43068214206
9506,76.048,198911.5760559885
9507,76.056,198911.688992264
9508,76.064,198932.5867745212
9509,76.072,198967.3714230879
9510,76.08,199204.50158844944
9511,76.088,199053.8094493072
9512,76.096,199054.0669858455
9513,76.104,199069.8088531412
9514,76.112,199111.6108904987
9515,76.12,199327.58160198896
9516,76.128,199132.6427578427
9517,76.136,199089.1491220543
9518,76.144,199073.2957983189
9519,76.152,199065.4848393385
9520,76.16,199232.5198029137
9521,76.168,199041.76329548119
9522,76.176,199012.34426711843
9523,76.184,199024.64245155634
9524,76.192,199097.00799641205
9525,76.2,199316.57444630656
9526,76.208,199149.8098967726
9527,76.216,199180.2546385187
9528,76.224,199194.22500259837
9529,76.232,199211.1866093008
9530,76.24,199411.6362453818
9531,76.248,199211.39345774383
9532,76.256,199204.2767986074
9533,76.264,199230.1528677548
9534,76.272,199255.22307610285
9535,76.28,199465.6713732772
9536,76.288,199282.42612802517
9537,76.296,199251.86335152513
9538,76.304,199288.27096846935
9539,76.312,199349.90099963953
9540,76.32,199564.73577441875
9541,76.328,199416.28171556475
9542,76.336,199416.08777204572
9543,76.344,199460.435452001
9544,76.352,199556.1176607057
9545,76.36,199773.8717323843
9546,76.368,199594.98423321472
9547,76.376,199580.99574916827
9548,76.384,199568.56300188194
9549,76.392,199583.29976570688
9550,76.4,199774.87238290085
9551,76.408,199547.6393588233
9552,76.416,199428.9458366082
9553,76.424,199320.27991547153
9554,76.432,199218.63232823924
9555,76.44,199252.53281324534
9556,76.448,198909.41550162388
9557,76.456,198745.4293998655
9558,76.464,198620.08864620115
9559,76.472,198542.4921044342
9560,76.48,198649.14055174674
9561,76.488,198389.0202013937
9562,76.496,198302.94220482663
9563,76.504,198254.75330386328
9564,76.512,198264.1981172634
9565,76.52,198459.01695359626
9566,76.528,198267.17281382045
9567,76.536,198248.19417777486
9568,76.544,198272.71157211604
9569,76.552,198344.23545115525
9570,76.56,198600.10867643426
9571,76.568,198474.1045497664
9572,76.576,198511.5110946895
9573,76.584,198573.86807129133
9574,76.592,198645.4949827856
9575,76.6,198865.28106332832
9576,76.608,198687.8566179691
9577,76.616,198669.44938167164
9578,76.624,198696.21601119102
9579,76.632,198730.66869515646
9580,76.64,198896.30122934235
9581,76.648,198706.14085499643
9582,76.656,198697.8311569126
9583,76.664,198703.01027819832
9584,76.672,198736.6941470038
9585,76.68,198913.31228812423
9586,76.688,198680.5336736071
9587,76.696,198628.90203251116
9588,76.704,198601.3499263462
9589,76.712,198587.3511979604
9590,76.72,198747.2043023717
9591,76.728,198531.93615134966
9592,76.736,198489.89659411513
9593,76.744,198459.35845792812
9594,76.752,198470.60560534312
9595,76.76,198680.16071776077
9596,76.768,198484.65579990993
9597,76.776,198460.18953032553
9598,76.784,198496.68538573477
9599,76.792,198552.74734866634
9600,76.8,198769.2186137365
9601,76.808,198601.64233581474
9602,76.816,198587.37853180274
9603,76.824,198619.7819235503
9604,76.832,198670.46603411337
9605,76.84,198866.28171384492
9606,76.848,198709.4999755238
9607,76.856,198717.56988952964
9608,76.864,198755.79320789946
9609,76.872,198849.51162559498
9610,76.88,199095.43068214206
9611,76.888,198941.9448442003
9612,76.896,198948.50836469486
9613,76.904,198972.4681408907
9614,76.912,199029.50838548213
9615,76.92,199243.5269585961
9616,76.928,199052.14858780053
9617,76.936,199034.2822866172
9618,76.944,199034.33153718745
9619,76.952,199048.69161600532
9620,76.96,199258.53671634482
9621,76.968,199108.26883327056
9622,76.976,199118.36379450382
9623,76.984,199131.57528222
9624,76.992,199169.3697152114
9625,77.0,199382.61738040094
9626,77.008,199217.0252974601
9627,77.016,199244.93169977068
9628,77.024,199303.10720619914
9629,77.032,199386.34948044823
9630,77.04,199632.7800095463
9631,77.048,199464.1214938854
9632,77.056,199455.59505221518
9633,77.064,199462.82069483222
9634,77.072,199481.1091833833
9635,77.08,199683.81318589195
9636,77.088,199497.6832292443
9637,77.096,199479.54500291703
9638,77.104,199520.53908643447
9639,77.112,199541.51361056865
9640,77.12,199721.83790552203
9641,77.128,199587.73205665415
9642,77.136,199569.8562232072
9643,77.144,199565.1521949347
9644,77.152,199643.70235532202
9645,77.16,199858.9270262937
9646,77.168,199672.47882187858
9647,77.176,199654.2764103387
9648,77.184,199644.37358855293
9649,77.192,199656.33086565166
9650,77.2,199819.90165614703
9651,77.208,199593.7164047947
9652,77.216,199551.09413044807
9653,77.224,199508.09258544657
9654,77.232,199455.77187522038
9655,77.24,199559.73252183586
9656,77.248,199235.94736582632
9657,77.256,199051.8137025473
9658,77.264,198910.5227133212
9659,77.272,198796.42356079284
9660,77.28,198864.28041281176
9661,77.288,198587.0927505398
9662,77.296,198476.54836899592
9663,77.304,198389.16771500066
9664,77.312,198371.53629145664
9665,77.32,198542.07094647252
9666,77.328,198342.1663284692
9667,77.336,198346.20724081792
9668,77.344,198362.67788405466
9669,77.352,198421.32649843377
9670,77.36,198686.16462086025
9671,77.368,198549.2800660496
9672,77.376,198610.51096119193
9673,77.384,198718.58445163848
9674,77.392,198831.16759200205
9675,77.4,199129.45279970582
9676,77.408,199044.61906046755
9677,77.416,199098.10807762755
9678,77.424,199160.6035438286
9679,77.432,199249.06291271854
9680,77.44,199464.6707227606
9681,77.448,199253.0422721161
9682,77.456,199233.22853093615
9683,77.464,199228.55864910764
9684,77.472,199235.02890003286
9685,77.48,199428.6473041637
9686,77.488,199214.23647191274
9687,77.496,199156.6117408917
9688,77.504,199130.39096347484
9689,77.512,199127.75903782874
9690,77.52,199273.54647409357
9691,77.528,199010.9277760384
9692,77.536,198936.19779431715
9693,77.544,198874.96404507707
9694,77.552,198825.37952839685
9695,77.56,198966.34676550305
9696,77.568,198708.53016162472
9697,77.576,198614.93078395654
9698,77.584,198566.7692786688
9699,77.592,198557.84749829804
9700,77.6,198736.19714668932
9701,77.608,198537.29540965107
9702,77.616,198498.96107513297
9703,77.624,198488.10143693845
9704,77.632,198524.99333118595
9705,77.64,198742.20104978883
9706,77.648,198560.75799868425
9707,77.656,198552.98450149933
9708,77.664,198598.97843546903
9709,77.672,198660.24371516673
9710,77.68,198876.28821901072
9711,77.688,198729.4454118949
9712,77.696,198747.35069632446
9713,77.704,198787.2121573856
9714,77.712,198872.60143413686
9715,77.72,199107.43848834105
9716,77.728,198935.02609830047
9717,77.736,198950.92816364928
9718,77.744,198981.28789366322
9719,77.752,199002.6262546329
9720,77.76,199210.50549154892
9721,77.768,199069.66715048978
9722,77.776,199083.53340415785
9723,77.784,199089.9119897532
9724,77.792,199159.98432046946
9725,77.8,199412.63689589838
9726,77.808,199224.94671183685
9727,77.816,199211.68958218733
9728,77.824,199219.41131146555
9729,77.832,199228.71829346142
9730,77.84,199413.63754641495
9731,77.848,199205.68046541163
9732,77.856,199186.6150869947
9733,77.864,199204.29246016275
9734,77.872,199239.47594639848
9735,77.88,199453.6635670782
9736,77.888,199264.2807626116
9737,77.896,199237.3086910085
9738,77.904,199271.5648015508
9739,77.912,199325.981780235
9740,77.92,199522.70845272235
9741,77.928,199337.5009769258
9742,77.936,199325.50683761507
9743,77.944,199365.7135867245
9744,77.952,199429.13078741843
9745,77.96,199636.7826116126
9746,77.968,199486.81807328155
9747,77.976,199504.34411314648
9748,77.984,199526.95302361398
9749,77.992,199586.23668331656
9750,78.0,199824.90490872992
9751,78.008,199666.31099546512
9752,78.016,199649.37151622144
9753,78.024,199666.30327958107
9754,78.032,199712.45073657442
9755,78.04,199905.95760057302
9756,78.048,199717.95034652072
9757,78.056,199699.8461944302
9758,78.064,199708.08253823337
9759,78.072,199756.60955088845
9760,78.08,199961.9940295016
9761,78.088,199765.831604977
9762,78.096,199739.29283054953
9763,78.104,199718.9163922546
9764,78.112,199710.1770234993
9765,78.12,199865.93157990975
9766,78.128,199604.25126402508
9767,78.136,199490.48788100746
9768,78.144,199384.43286809928
9769,78.152,199255.13501861546
9770,78.16,199292.5588339086
9771,78.168,198970.00658006614
9772,78.176,198797.31427422
9773,78.184,198671.7061701967
9774,78.192,198605.92146426742
9775,78.2,198683.16266931052
9776,78.208,198384.16973321038
9777,78.216,198296.56328297177
9778,78.224,198245.93913523605
9779,78.232,198249.43586453935
9780,78.24,198460.01760411286
9781,78.248,198300.17482447065
9782,78.256,198337.53379447234
9783,78.264,198418.99455757014
9784,78.272,198535.1758184938
9785,78.28,198827.25634369825
9786,78.288,198716.58377693652
9787,78.296,198771.6259353846
9788,78.304,198845.67739810338
9789,78.312,198920.05247236337
9790,78.32,199130.4534502224
9791,78.328,198940.6129493591
9792,78.336,198941.88683700786
9793,78.344,198953.1101097547
9794,78.352,198966.93063254427
9795,78.36,199150.46646055405
9796,78.368,198934.7900753262
9797,78.376,198902.71233882927
9798,78.384,198910.65906408516
9799,78.392,198941.69790646937
9800,78.4,199155.46971313696
9801,78.408,198976.15119900752
9802,78.416,198959.2205166587
9803,78.424,198994.31216505106
9804,78.432,199041.75813710954
9805,78.44,199206.5028894826
9806,78.448,198983.53823672872
9807,78.456,198954.9707425675
9808,78.464,198953.3729729955
9809,78.472,198983.65495235016
9810,78.48,199213.50744309867
9811,78.488,199075.81280546993
9812,78.496,199090.19122098055
9813,78.504,199114.91158099633
9814,78.512,199170.88734408878
9815,78.52,199403.63104124914
9816,78.528,199247.31183106525
9817,78.536,199250.7196056499
9818,78.544,199275.29871854724
9819,78.552,199311.82491339697
9820,78.56,199516.70454962284
9821,78.568,199344.07527773222
9822,78.576,199327.1496845966
9823,78.584,199352.72857829617
9824,78.592,199414.77320147824
9825,78.6,199629.77805799656
9826,78.608,199467.8163102958
9827,78.616,199468.75217906895
9828,78.624,199486.29724863387
9829,78.632,199534.20555902703
9830,78.64,199735.84701275418
9831,78.648,199553.7324990668
9832,78.656,199554.16775943484
9833,78.664,199564.4567310221
9834,78.672,199616.4019613187
9835,78.68,199847.9198706113
9836,78.688,199655.94809009932
9837,78.696,199646.73287629953
9838,78.704,199684.3468910863
9839,78.712,199739.43112521333
9840,78.72,199956.99077691868
9841,78.728,199768.44191606433
9842,78.736,199742.30558872508
9843,78.744,199723.3177507585
9844,78.752,199709.27527251924
9845,78.76,199885.9445902414
9846,78.768,199675.19554932596
9847,78.776,199604.31895295958
9848,78.784,199576.40389149266
9849,78.792,199592.78056162587
9850,78.8,199779.87563548377
9851,78.808,199594.7050723996
9852,78.816,199559.56069517566
9853,78.824,199528.28414272095
9854,78.832,199511.30130102258
9855,78.84,199638.78391264577
9856,78.848,199386.07766077286
9857,78.856,199317.91721037726
9858,78.864,199269.76269635442
9859,78.872,199269.4742842316
9860,78.88,199446.65901346214
9861,78.888,199223.15170706064
9862,78.896,199187.10060509894
9863,78.904,199157.09357758853
9864,78.912,199163.45466146382
9865,78.92,199394.6251865999
9866,78.928,199224.15243046352
9867,78.936,199225.50583103605
9868,78.944,199282.70829973655
9869,78.952,199380.90812975526
9870,78.96,199653.79367039452
9871,78.968,199523.8124935448
9872,78.976,199555.84158680515
9873,78.984,199593.094584839
9874,78.992,199641.5373542747
9875,79.0,199872.93613352583
9876,79.008,199698.3441443124
9877,79.016,199660.1016290326
9878,79.024,199636.10667536012
9879,79.032,199593.14163902524
9880,79.04,199682.81253537536
9881,79.048,199380.48166716317
9882,79.056,199207.4901839897
9883,79.064,199056.53063748428
9884,79.072,198959.95863213894
9885,79.08,199047.39945734615
9886,79.088,198772.75117950037
9887,79.096,198652.47846320758
9888,79.104,198552.5973708391
9889,79.112,198524.268696755
9890,79.12,198665.15096001205
9891,79.128,198406.39873207617
9892,79.136,198364.59393617942
9893,79.144,198376.39418829884
9894,79.152,198424.30164037144
9895,79.16,198673.1561641447
9896,79.168,198535.99016985865
9897,79.176,198566.88645241645
9898,79.184,198642.43169106383
9899,79.192,198744.93148483933
9900,79.2,198996.3662810005
9901,79.208,198863.3795838111
9902,79.216,198920.0344249019
9903,79.224,198969.11763889232
9904,79.232,199007.5991598696
9905,79.24,199244.5276091127
9906,79.248,199103.5268887752
9907,79.256,199101.3264711088
9908,79.264,199132.3638299804
9909,79.272,199191.50332084295
9910,79.28,199417.6401484813
9911,79.288,199292.724921097
9912,79.296,199326.79755293136
9913,79.304,199346.63771888678
9914,79.312,199394.48665341118
9915,79.32,199608.76439714833
9916,79.328,199395.56927943206
9917,79.336,199323.64276435645
9918,79.344,199294.91299937354
9919,79.352,199294.5930029046
9920,79.36,199434.65120726317
9921,79.368,199193.78594514163
9922,79.376,199160.84055677569
9923,79.384,199167.4469949079
9924,79.392,199182.41556732333
9925,79.4,199346.593961804
9926,79.408,199127.87182558954
9927,79.416,199096.2924657605
9928,79.424,199082.12462294122
9929,79.432,199083.55696123568
9930,79.44,199257.53606582826
9931,79.448,199025.936528754
9932,79.456,198960.84876617024
9933,79.464,198962.6964350755
9934,79.472,199007.15195323233
9935,79.48,199217.510045165
9936,79.488,199048.83526112986
9937,79.496,199048.96771325538
9938,79.504,199098.9223071279
9939,79.512,199189.35770103033
9940,79.52,199439.6544598461
9941,79.528,199311.95646232835
9942,79.536,199345.23326438843
9943,79.544,199403.5011819731
9944,79.552,199488.79792801745
9945,79.56,199725.84050758838
9946,79.568,199578.04960947033
9947,79.576,199602.28661355018
9948,79.584,199653.8191702665
9949,79.592,199714.9204132272
9950,79.6,199926.97126142125
9951,79.608,199750.54472289383
9952,79.616,199721.5563540192
9953,79.624,199721.83166575668
9954,79.632,199745.01164251435
9955,79.64,199905.95760057302
9956,79.648,199672.33154094077
9957,79.656,199594.975127775
9958,79.664,199542.51224466576
9959,79.672,199498.21047920815
9960,79.68,199598.75789198253
9961,79.688,199331.67576597267
9962,79.696,199233.0081372487
9963,79.704,199160.8592014093
9964,79.712,199110.69276760763
9965,79.72,199232.5198029137
9966,79.728,198995.70191810123
9967,79.736,198907.92462369276
9968,79.744,198857.44759089447
9969,79.752,198867.85703784038
9970,79.76,199030.38839856428
9971,79.768,198809.65696448815
9972,79.776,198782.24635144678
9973,79.784,198798.27480446748
9974,79.792,198846.62581981233
9975,79.8,199084.42352645966
9976,79.808,198945.49028538304
9977,79.816,198942.95632330017
9978,79.824,198989.77977725872
9979,79.832,199070.11577478843
9980,79.84,199281.5516782262
9981,79.848,199114.2047851915
9982,79.856,199087.7801440397
9983,79.864,199039.81114783243
9984,79.872,198973.41893465046
9985,79.88,199056.4053119954
9986,79.888,198762.07355327535
9987,79.896,198594.06227978584
9988,79.904,198470.2706994059
9989,79.912,198407.89159907887
9990,79.92,198499.04297425953
9991,79.928,198223.71164948907
9992,79.936,198121.22660753631
9993,79.944,198065.61890612025
9994,79.952,198067.97447253874
9995,79.96,198231.86928633228
9996,79.968,198033.11145801662
9997,79.976,198028.98889991388
9998,79.984,198051.82563454902
9999,79.992,198134.6053805426
10000,80.0,198390.97271846872
10001,80.008,198247.83273235758
10002,80.016,198313.29105079357
10003,80.024,198381.4390097488
10004,80.032,198455.62330163654
10005,80.04,198739.19909823907
10006,80.048,198595.8878160459
10007,80.056,198585.12882228958
10008,80.064,198627.32932541933
10009,80.072,198689.9429773345
10010,80.08,198892.29862727603
10011,80.088,198703.72123546235
10012,80.096,198702.26572684647
10013,80.104,198747.23525517923
10014,80.112,198817.2503703289
10015,80.12,199061.4085645783
10016,80.128,198924.70552268287
10017,80.136,198927.3870581012
10018,80.144,198956.33662294588
10019,80.152,199005.30978368755
10020,80.16,199176.48337398516
10021,80.168,198956.35233221788
10022,80.176,198907.26732942404
10023,80.184,198870.12063024144
10024,80.192,198868.15835331212
10025,80.2,199039.3942532135
10026,80.208,198794.99121146274
10027,80.216,198709.21760866177
10028,80.224,198687.71784317814
10029,80.232,198695.3961345701
10030,80.24,198861.278461262
10031,80.248,198656.99684281411
10032,80.256,198607.91894032925
10033,80.264,198600.1168788488
10034,80.272,198663.0501023846
10035,80.28,198890.29732624287
10036,80.288,198725.7010635058
10037,80.296,198739.12175848646
10038,80.304,198775.18192836386
10039,80.312,198852.21941225242
10040,80.32,199100.43393472498
10041,80.328,198935.71742339217
10042,80.336,198943.488473911
10043,80.344,198974.81961349945
10044,80.352,199006.06157089843
10045,80.36,199212.50679258208
10046,80.368,199037.65305728512
10047,80.376,199013.91232621437
10048,80.384,199012.55579872438
10049,80.392,199019.5199155151
10050,80.4,199164.47556778617
10051,80.408,198917.61346232105
10052,80.416,198840.86505090792
10053,80.424,198808.65022965107
10054,80.432,198819.5597498076
10055,80.44,198994.36497996733
10056,80.448,198784.39677908306
10057,80.456,198753.4096276676
10058,80.464,198773.9491802023
10059,80.472,198814.04560733426
10060,80.48,199005.37213564973
10061,80.488,198811.75545033743
10062,80.496,198754.5064778029
10063,80.504,198716.8932995603
10064,80.512,198701.99968504554
10065,80.52,198852.27260661277
10066,80.528,198649.02851681868
10067,80.536,198602.72589648791
10068,80.544,198596.69194064208
10069,80.552,198643.89397298024
10070,80.56,198852.27260661277
10071,80.568,198690.96951095536
10072,80.576,198691.76758423832
10073,80.584,198720.4715143332
10074,80.592,198778.04645364848
10075,80.6,199001.3695335834
10076,80.608,198846.20035181876
10077,80.616,198835.04177323866
10078,80.624,198878.79623230605
10079,80.632,198949.1443879562
10080,80.64,199142.46125642137
10081,80.648,198980.07840953613
10082,80.656,198977.07425976964
10083,80.664,198961.7593022554
10084,80.672,198957.61570273113
10085,80.68,199106.43783782446
10086,80.688,198842.12403086483
10087,80.696,198680.31619297352
10088,80.704,198544.25010930633
10089,80.712,198465.51299089627
10090,80.72,198535.06639285645
10091,80.728,198218.3075166189
10092,80.736,198084.47099719066
10093,80.744,197992.90274504104
10094,80.752,197948.52364209955
10095,80.76,198082.77235936164
10096,80.768,197851.8920590599
10097,80.776,197819.6618579534
10098,80.784,197835.07023449196
10099,80.792,197904.15942617485
10100,80.8,198156.82049758866
10101,80.808,198030.6554385956
10102,80.816,198098.82816752102
10103,80.824,198186.61769547602
10104,80.832,198290.62020502155
10105,80.84,198582.0969671358
10106,80.848,198466.05527184965
10107,80.856,198490.6634728496
10108,80.864,198554.65185313867
10109,80.872,198639.8361337863
10110,80.88,198862.2791117786
10111,80.888,198688.03314873882
10112,80.896,198675.39416051403
10113,80.904,198679.25921357019
10114,80.912,198728.6448048161
10115,80.92,198945.33310465486
10116,80.928,198755.61575957196
10117,80.936,198750.74524186554
10118,80.944,198758.86399342204
10119,80.952,198750.5734812349
10120,80.96,198914.31293864083
10121,80.968,198685.11731376042
10122,80.976,198608.06842168007
10123,80.984,198592.26849376102
10124,80.992,198581.12460174493
10125,81.0,198707.17828170847
10126,81.008,198489.115079626
10127,81.016,198435.57727570526
10128,81.024,198414.25363707237
10129,81.032,198425.30082271784
10130,81.04,198598.1073754011
10131,81.048,198415.14979085122
10132,81.056,198364.67426977764
10133,81.064,198337.54027265418
10134,81.072,198370.42429654553
10135,81.08,198556.08005370467
10136,81.088,198363.72172895077
10137,81.096,198341.3457867476
10138,81.104,198342.58906595988
10139,81.112,198353.25121027982
10140,81.12,198533.0650918233
10141,81.128,198349.15827588903
10142,81.136,198307.59049960232
10143,81.144,198326.87934345516
10144,81.152,198382.51107053758
10145,81.16,198569.08851042023
10146,81.168,198418.65070159634
10147,81.176,198436.19687737955
10148,81.184,198452.6359122316
10149,81.192,198501.03821459037
10150,81.2,198717.18478687428
10151,81.208,198535.45956078215
10152,81.216,198485.25821097216
10153,81.224,198489.3412800451
10154,81.232,198518.7432797222
10155,81.24,198700.1737280924
10156,81.248,198544.35844898035
10157,81.256,198511.9112680469
10158,81.264,198485.15706177618
10159,81.272,198522.43110387865
10160,81.28,198717.18478687428
10161,81.288,198522.34044209684
10162,81.296,198485.60477364867
10163,81.304,198500.03775241514
10164,81.312,198548.03283844923
10165,81.32,198775.222516836
10166,81.328,198654.11113460903
10167,81.336,198647.6796994337
10168,81.344,198683.21542120143
10169,81.352,198777.9501835312
10170,81.36,199003.37083461657
10171,81.368,198864.06230561732
10172,81.376,198877.10580161965
10173,81.384,198896.97021637816
10174,81.392,198961.71309646155
10175,81.4,199198.49768534995
10176,81.408,199056.15599194128
10177,81.416,199062.55711043967
10178,81.424,199110.2111334825
10179,81.432,199216.38791600443
10180,81.44,199469.67397534352
10181,81.448,199338.19109813593
10182,81.456,199390.63334614408
10183,81.464,199440.52755908782
10184,81.472,199504.22721537403
10185,81.48,199726.84115810494
10186,81.488,199499.94884685334
10187,81.496,199393.55101934174
10188,81.504,199289.59102767412
10189,81.512,199166.20814905385
10190,81.52,199182.48727708464
10191,81.528,198803.81400830002
10192,81.536,198587.09888617886
10193,81.544,198425.280408451
10194,81.552,198314.64576327056
10195,81.56,198387.970766919
10196,81.568,198101.713001246
10197,81.576,197996.39375410767
10198,81.584,197961.28836354607
10199,81.592,197965.1372399466
10200,81.6,198140.81008932338
10201,81.608,197972.87559410871
10202,81.616,197947.47092260377
10203,81.624,197960.36567028164
10204,81.632,198032.34345876423
10205,81.64,198254.88424821367
10206,81.648,198089.06462264954
10207,81.656,198066.95872308654
10208,81.664,198095.73406945704
10209,81.672,198169.99592630257
10210,81.68,198372.96100917028
10211,81.688,198196.15336048396
10212,81.696,198173.8909796561
10213,81.704,198164.33644043462
10214,81.712,198215.14972612538
10215,81.72,198434.00069068174
10216,81.728,198240.71449838395
10217,81.736,198225.47920494463
10218,81.744,198266.81744515075
10219,81.752,198319.16621042843
10220,81.76,198528.0618392404
10221,81.768,198359.0551990687
10222,81.776,198333.42825086875
10223,81.784,198338.98820913438
10224,81.792,198352.80429194373
10225,81.8,198513.05208149165
10226,81.808,198314.9445035485
10227,81.816,198261.45922169997
10228,81.824,198260.41392954453
10229,81.832,198322.50926802083
10230,81.84,198533.0650918233
10231,81.848,198387.05871167965
10232,81.856,198429.3249037622
10233,81.864,198522.0405770635
10234,81.872,198630.83406499543
10235,81.88,198887.29537469312
10236,81.888,198779.1059389761
10237,81.896,198792.09422188767
10238,81.904,198827.3459696856
10239,81.912,198886.86218838493
10240,81.92,199093.4293811089
10241,81.928,198930.33378418873
10242,81.936,198871.01405114934
10243,81.944,198864.3000924795
10244,81.952,198922.45298277907
10245,81.96,199086.42482749282
10246,81.968,198873.75971724035
10247,81.976,198816.93955793575
10248,81.984,198777.78181198647
10249,81.992,198774.05881291258
10250,82.0,198921.3174922569
10251,82.008,198693.82480784916
10252,82.016,198624.1962533818
10253,82.024,198590.19440009238
10254,82.032,198578.7059287292
10255,82.04,198724.18934049035
10256,82.048,198532.41073991466
10257,82.056,198504.13233390712
10258,82.064,198490.50087458699
10259,82.072,198536.84512803084
10260,82.08,198743.2017003054
10261,82.088,198537.20886454656
10262,82.096,198499.78959415495
10263,82.104,198497.44173117846
10264,82.112,198507.47469886154
10265,82.12,198704.17633015872
10266,82.128,198538.8214634131
10267,82.136,198503.3835831058
10268,82.144,198514.87931769583
10269,82.152,198590.94399827256
10270,82.16,198817.2498385324
10271,82.168,198672.2037269465
10272,82.176,198704.48050958107
10273,82.184,198751.83949945334
10274,82.192,198814.32409391485
10275,82.2,199058.40661302855
10276,82.208,198924.87042005715
10277,82.216,198910.40111287302
10278,82.224,198934.70810619296
10279,82.232,198985.74192494692
10280,82.24,199153.46841210377
10281,82.248,198932.49827332824
10282,82.256,198845.87588611373
10283,82.264,198763.87672066214
10284,82.272,198700.67972866012
10285,82.28,198764.21536115362
10286,82.288,198440.15795971773
10287,82.296,198270.39777722294
10288,82.304,198098.7172599868
10289,82.312,197986.93560819526
10290,82.32,198062.75934903
10291,82.328,197746.7396768143
10292,82.336,197642.59425810468
10293,82.344,197588.13500578015
10294,82.352,197574.40720780354
10295,82.36,197783.5778549038
10296,82.368,197609.33447257374
10297,82.376,197589.94284118188
10298,82.384,197634.8361495483
10299,82.392,197708.36643994096
10300,82.4,197942.68128704024
10301,82.408,197825.17810208315
10302,82.416,197878.2584747585
10303,82.424,197967.69995674668
10304,82.432,198097.77647997093
10305,82.44,198366.95710607077
10306,82.448,198239.1449177671
10307,82.456,198281.1974880911
10308,82.464,198339.00122821724
10309,82.472,198394.6229796597
10310,82.48,198613.11713314982
10311,82.488,198464.97827238124
10312,82.496,198470.56767403532
10313,82.504,198519.5849244637
10314,82.512,198621.46087279636
10315,82.52,198880.29082107704
10316,82.528,198740.9814697478
10317,82.536,198744.81216704793
10318,82.544,198767.84918541776
10319,82.552,198788.82963103533
10320,82.56,198953.3383087875
10321,82.568,198749.79282775847
10322,82.576,198680.9981304618
10323,82.584,198634.28605443295
10324,82.592,198638.32831670652
10325,82.6,198816.24918801585
10326,82.608,198616.27719885635
10327,82.616,198559.0021271148
10328,82.624,198559.12811964515
10329,82.632,198601.58083598432
10330,82.64,198759.2121085707
10331,82.648,198555.1427108046
10332,82.656,198548.57856532795
10333,82.664,198549.7708846503
10334,82.672,198589.10749400957
10335,82.68,198785.22902200182
10336,82.688,198563.53533831204
10337,82.696,198537.98043079083
10338,82.704,198551.1849851472
10339,82.712,198565.89564235433
10340,82.72,198757.21080753754
10341,82.728,198572.13265998743
10342,82.736,198561.44751513586
10343,82.744,198591.87213967505
10344,82.752,198625.91091993952
10345,82.76,198804.24138181686
10346,82.768,198600.19934290453
10347,82.776,198546.56041122248
10348,82.784,198517.84810119652
10349,82.792,198534.39666781222
10350,82.8,198712.18153429136
10351,82.808,198501.37292814953
10352,82.816,198456.47196112503
10353,82.824,198418.63116557922
10354,82.832,198392.28782920245
10355,82.84,198543.07159698912
10356,82.848,198311.06745334502
10357,82.856,198237.52425940207
10358,82.864,198213.2550433349
10359,82.872,198227.45617138388
10360,82.88,198390.97271846872
10361,82.888,198186.81996309958
10362,82.896,198168.6793068229
10363,82.904,198160.22826880042
10364,82.912,198195.94780471912
10365,82.92,198438.00329274806
10366,82.928,198278.60623445164
10367,82.936,198290.27815667336
10368,82.944,198392.15158946632
10369,82.952,198494.3435698123
10370,82.96,198737.1977972059
10371,82.968,198650.69289776718
10372,82.976,198701.02851818534
10373,82.984,198756.23449987025
10374,82.992,198857.82056496287
10375,83.0,199121.44759557318
10376,83.008,199009.9651867484
10377,83.016,199045.53208702122
10378,83.024,199122.14065682012
10379,83.032,199212.6352022989
10380,83.04,199442.65641139582
10381,83.048,199314.0060772748
10382,83.056,199304.45447276352
10383,83.064,199319.95854289338
10384,83.072,199354.01623396188
10385,83.08,199522.70845272235
10386,83.088,199332.6022150398
10387,83.096,199225.85953550672
10388,83.104,199104.3064654793
10389,83.112,198983.01617948283
10390,83.12,198981.35652325177
10391,83.128,198626.0428548094
10392,83.136,198371.10643129444
10393,83.144,198151.22117315285
10394,83.152,198023.61124479308
10395,83.16,198071.76520367924
10396,83.168,197783.30958573148
10397,83.176,197642.33268230374
10398,83.184,197578.46998487823
10399,83.192,197615.9856308555
10400,83.2,197808.59411781834
10401,83.208,197637.0588282927
10402,83.216,197620.527348339
10403,83.224,197654.60717267616
10404,83.232,197743.25263923485
10405,83.24,197981.70665718694
10406,83.248,197866.32733145956
10407,83.256,197903.1975183664
10408,83.264,197950.22891792766
10409,83.272,198036.731989949
10410,83.28,198272.8959575121
10411,83.288,198108.76589748578
10412,83.296,198104.43626343086
10413,83.304,198151.91744873195
10414,83.312,198196.72305702572
10415,83.32,198390.97271846872
10416,83.328,198229.2887257548
10417,83.336,198176.98475041977
10418,83.344,198177.6260792686
10419,83.352,198222.33320648372
10420,83.36,198373.96165968684
10421,83.368,198174.5720013679
10422,83.376,198119.96517864248
10423,83.384,198065.13851859036
10424,83.392,198059.3317866582
10425,83.4,198218.86082961672
10426,83.408,198009.9326733615
10427,83.416,197949.47826707523
10428,83.424,197921.01985648272
10429,83.432,197945.64940980743
10430,83.44,198128.8022831244
10431,83.448,197915.03820681226
10432,83.456,197862.77756334897
10433,83.464,197889.47368473708
10434,83.472,197938.2533492178
10435,83.48,198130.80358415755
10436,83.488,197986.9716979935
10437,83.496,197999.50866993584
10438,83.504,198064.96685542297
10439,83.512,198154.83295816366
10440,83.52,198378.96491226976
10441,83.528,198288.4705725646
10442,83.536,198359.45234256587
10443,83.544,198449.87995163907
10444,83.552,198567.6318468632
10445,83.56,198808.24398388318
10446,83.568,198665.70698057095
10447,83.576,198651.90559224447
10448,83.584,198664.12422349516
10449,83.592,198703.25921135212
10450,83.6,198896.30122934235
10451,83.608,198737.07616619015
10452,83.616,198707.26600183002
10453,83.624,198726.1968679372
10454,83.632,198772.4547171907
10455,83.64,198935.32659948902
10456,83.648,198752.72761495312
10457,83.656,198704.7300531182
10458,83.664,198677.5157841269
10459,83.672,198701.6237471659
10460,83.68,198854.27390764593
10461,83.688,198636.41807656712
10462,83.696,198577.64328767394
10463,83.704,198528.9064550682
10464,83.712,198510.62482150653
10465,83.72,198663.1496589789
10466,83.728,198446.06837904197
10467,83.736,198387.97383694982
10468,83.744,198389.9170979061
10469,83.752,198423.20521725927
10470,83.76,198628.12689089854
10471,83.768,198484.72582787537
10472,83.776,198439.97918819074
10473,83.784,198425.3245484755
10474,83.792,198474.8251491227
10475,83.8,198650.14120226333
10476,83.808,198444.9656563184
10477,83.816,198396.10188285157
10478,83.824,198397.51743434102
10479,83.832,198456.2736785909
10480,83.84,198673.1561641447
10481,83.848,198526.00130971317
10482,83.856,198525.24727578898
10483,83.864,198555.20444396217
10484,83.872,198622.11478644898
10485,83.88,198830.25829524797
10486,83.888,198649.7777307769
10487,83.896,198609.02062374246
10488,83.904,198600.42574865505
10489,83.912,198593.95607563556
10490,83.92,198687.16527137684
10491,83.928,198388.13189014123
10492,83.936,198241.73201660134
10493,83.944,198140.75393567557
10494,83.952,198066.4223287417
10495,83.96,198150.81659448918
10496,83.968,197904.26780028502
10497,83.976,197810.78284675867
10498,83.984,197753.11335448854
10499,83.992,197747.04376684062
10500,84.0,197921.66762619204
10501,84.008,197755.91890888175
10502,84.016,197734.22616361294
10503,84.024,197784.3368231808
10504,84.032,197891.48895865754
10505,84.04,198132.8048851907
10506,84.048,198042.78575861783
10507,84.056,198122.52148970094
10508,84.064,198233.62954483883
10509,84.072,198376.52769026716
10510,84.08,198649.14055174674
10511,84.088,198540.2314204324
10512,84.096,198555.9695061699
10513,84.104,198585.35857537645
10514,84.112,198654.88631828886
10515,84.12,198853.27325712936
10516,84.128,198657.10894347058
10517,84.136,198624.62573168
10518,84.144,198623.4588128715
10519,84.152,198659.92681970296
10520,84.16,198864.28041281176
10521,84.168,198700.683474318
10522,84.176,198708.13276311004
10523,84.184,198739.74956239818
10524,84.192,198785.81849638757
10525,84.2,199017.37994184872
10526,84.208,198870.3884340297
10527,84.216,198831.6261149487
10528,84.224,198852.98042989933
10529,84.232,198901.20863287483
10530,84.24,199057.40596251196
10531,84.248,198856.74894329175
10532,84.256,198798.54356155902
10533,84.264,198774.2175183367
10534,84.272,198798.92398732668
10535,84.28,198966.34676550305
10536,84.288,198777.7356069294
10537,84.296,198750.06289547708
10538,84.304,198764.197184981
10539,84.312,198799.26611026484
10540,84.32,198971.35001808597
10541,84.328,198801.2878377797
10542,84.336,198772.78306186464
10543,84.344,198750.72799740155
10544,84.352,198778.9240135159
10545,84.36,198972.35066860254
10546,84.368,198788.56921455514
10547,84.376,198741.1264816664
10548,84.384,198709.6390612935
10549,84.392,198720.78938341024
10550,84.4,198882.29212211023
10551,84.408,198651.95709850453
10552,84.416,198585.94027065753
10553,84.424,198549.7652384804
10554,84.432,198535.67571010915
10555,84.44,198704.17633015872
10556,84.448,198501.95382456662
10557,84.456,198438.6047122529
10558,84.464,198448.1555478509
10559,84.472,198500.97037577373
10560,84.48,198691.16787344316
10561,84.488,198538.8170486525
10562,84.496,198542.31587220187
10563,84.504,198574.20055474297
10564,84.512,198655.32639407399
10565,84.52,198886.29472417655
10566,84.528,198731.93678568976
10567,84.536,198734.96464699524
10568,84.544,198814.74298350426
10569,84.552,198913.06504583173
10570,84.56,199141.4606059048
10571,84.568,199039.6603222017
10572,84.576,199075.94624422045
10573,84.584,199134.62422749386
10574,84.592,199224.68409499738
10575,84.6,199474.6772279264
10576,84.608,199389.90315466514
10577,84.616,199414.5627237073
10578,84.624,199473.35833738555
10579,84.632,199595.0446728222
10580,84.64,199849.92117164447
10581,84.648,199742.54190842694
10582,84.656,199754.25501508577
10583,84.664,199780.83063483745
10584,84.672,199851.4231814918
10585,84.68,200017.02980791355
10586,84.688,199737.7729937948
10587,84.696,199554.77043591917
10588,84.704,199359.46323629975
10589,84.712,199151.72396782463
10590,84.72,199087.42547800942
10591,84.728,198662.0333004551
10592,84.736,198368.82886123215
10593,84.744,198151.5428488055
10594,84.752,198033.3156467479
10595,84.76,198089.77691297772
10596,84.768,197796.93462313965
10597,84.776,197657.9110044934
10598,84.784,197578.28149674792
10599,84.792,197561.60291515206
10600,84.8,197698.52256099437
10601,84.808,197483.35152118668
10602,84.816,197436.1370863017
10603,84.824,197442.03445900235
10604,84.832,197461.9556853415
10605,84.84,197619.47117018444
10606,84.848,197451.2635593025
10607,84.856,197425.92710318803
10608,84.864,197425.53490265436
10609,84.872,197493.56365980348
10610,84.88,197722.53817339233
10611,84.888,197588.21190925466
10612,84.896,197610.03624304294
10613,84.904,197656.39095890327
10614,84.912,197706.80086083544
10615,84.92,197899.65331482724
10616,84.928,197714.72652763428
10617,84.936,197642.43381195053
10618,84.944,197631.31355683054
10619,84.952,197650.89468412794
10620,84.96,197778.57460232088
10621,84.968,197573.0111850605
10622,84.976,197508.51153012045
10623,84.984,197446.920792
10624,84.992,197461.26777654496
10625,85.0,197618.47051966787
10626,85.008,197379.79931357643
10627,85.016,197329.01909798765
10628,85.024,197301.72165592093
10629,85.032,197295.4815210408
10630,85.04,197465.3709906309
10631,85.048,197252.95401977774
10632,85.056,197209.52001506885
10633,85.064,197217.32899782542
10634,85.072,197238.7231125736
10635,85.08,197436.35212565004
10636,85.088,197282.29563814742
10637,85.096,197266.10278361136
10638,85.104,197314.0304733112
10639,85.112,197395.92208911144
10640,85.12,197621.4724712176
10641,85.128,197513.3120045623
10642,85.136,197527.53316256712
10643,85.144,197566.0711277538
10644,85.152,197645.61161946703
10645,85.16,197865.6311972635
10646,85.168,197731.04027030466
10647,85.176,197713.56194242326
10648,85.184,197732.65632869286
10649,85.192,197782.24356147563
10650,85.2,197943.68193755683
10651,85.208,197763.7189645894
10652,85.216,197726.58501353968
10653,85.224,197704.01538413146
10654,85.232,197710.300096266
10655,85.24,197857.62599313082
10656,85.248,197663.11611856017
10657,85.256,197620.12327899996
10658,85.264,197601.46821474322
10659,85.272,197594.15453623905
10660,85.28,197740.5498826908
10661,85.288,197536.01401950445
10662,85.296,197432.6175359225
10663,85.304,197388.9370910255
10664,85.312,197390.60396158122
10665,85.32,197515.40351645998
10666,85.328,197329.0309767036
10667,85.336,197276.78845038416
10668,85.344,197248.77719967606
10669,85.352,197289.2238485861
10670,85.36,197475.3774957967
10671,85.368,197327.3261216565
10672,85.376,197350.22259974256
10673,85.384,197396.74429031083
10674,85.392,197447.6108448693
10675,85.4,197639.48418051607
10676,85.408,197501.49311954403
10677,85.416,197504.1021088568
10678,85.424,197526.92491620014
10679,85.432,197602.76557818934
10680,85.44,197835.61168176602
10681,85.448,197707.65467619413
10682,85.456,197731.69252643318
10683,85.464,197788.43984174074
10684,85.472,197864.40363999034
10685,85.48,198069.76390264608
10686,85.488,197902.61972156123
10687,85.496,197865.01518068815
10688,85.504,197825.91156641117
10689,85.512,197772.9327005224
10690,85.52,197836.61233228262
10691,85.528,197518.34795287397
10692,85.536,197325.88439259125
10693,85.544,197183.97867105977
10694,85.552,197087.44712671204
10695,85.56,197160.17258307355
10696,85.568,196916.6951117255
10697,85.576,196813.29527943797
10698,85.584,196763.75699782578
10699,85.592,196771.61898378207
10700,85.6,196935.02621684273
10701,85.608,196767.93018454462
10702,85.616,196734.3795394523
10703,85.624,196775.17733873113
10704,85.632,196891.55414598374
10705,85.64,197132.15436860928
10706,85.648,197036.99351253113
10707,85.656,197095.8467268434
10708,85.664,197179.50323476974
10709,85.672,197309.2915090141
10710,85.68,197575.44254745485
10711,85.688,197472.1424371069
10712,85.696,197512.78004992093
10713,85.704,197578.13037617013
10714,85.712,197663.03826021147
10715,85.72,197884.64355707853
10716,85.728,197742.34838061963
10717,85.736,197737.76448415907
10718,85.744,197757.0657729836
10719,85.752,197791.28220576968
10720,85.76,197969.69885098794
10721,85.768,197776.20230471302
10722,85.776,197682.7701073507
10723,85.784,197641.30372505667
10724,85.792,197649.02487585635
10725,85.8,197776.57330128772
10726,85.808,197547.67431460603
10727,85.816,197447.0963554433
10728,85.824,197385.09033969333
10729,85.832,197362.5313898646
10730,85.84,197470.3742432138
10731,85.848,197238.55418525307
10732,85.856,197148.97753415364
10733,85.864,197101.82458469248
10734,85.872,197095.37391142655
10735,85.88,197237.22267285033
10736,85.888,197034.9488045705
10737,85.896,196952.0478936134
10738,85.904,196937.3421165286
10739,85.912,196968.67396135363
10740,85.92,197150.16607790775
10741,85.928,197051.089669962
10742,85.936,197080.3084457576
10743,85.944,197149.33094370613
10744,85.952,197265.6231128526
10745,85.96,197508.3989628439
10746,85.968,197441.59803434784
10747,85.976,197483.17020666573
10748,85.984,197524.51215139273
10749,85.992,197607.38062937077
10750,86.0,197816.59932195098
10751,86.008,197678.63555504143
10752,86.016,197657.56732400338
10753,86.024,197666.44403576388
10754,86.032,197741.69006240595
10755,86.04,197943.68193755683
10756,86.048,197774.51615200963
10757,86.056,197747.50205610075
10758,86.064,197739.16809058067
10759,86.072,197756.82615527604
10760,86.08,197914.66307257596
10761,86.088,197695.03159263596
10762,86.096,197611.6246996695
10763,86.104,197583.21378829353
10764,86.112,197587.2025685232
10765,86.12,197721.53752287576
10766,86.128,197519.4894774541
10767,86.136,197478.7698874488
10768,86.144,197463.62641739083
10769,86.152,197493.91014384103
10770,86.16,197685.51410427882
10771,86.168,197521.1533807152
10772,86.176,197495.48707058406
10773,86.184,197481.79948224814
10774,86.192,197518.8522522508
10775,86.2,197732.54467855816
10776,86.208,197559.39237891047
10777,86.216,197521.63859681215
10778,86.224,197548.3604467644
10779,86.232,197602.5500933462
10780,86.24,197792.58370955303
10781,86.248,197656.1760594992
10782,86.256,197686.8602058571
10783,86.264,197752.78424171108
10784,86.272,197871.46285450718
10785,86.28,198144.8126913897
10786,86.288,198043.1067413077
10787,86.296,198076.37370543013
10788,86.304,198134.17590340044
10789,86.312,198200.18638622342
10790,86.32,198374.96231020344
10791,86.328,198169.59668279524
10792,86.336,198103.55791056083
10793,86.344,198036.00244756936
10794,86.352,197958.22886697142
10795,86.36,198014.7281242341
10796,86.368,197700.45197165132
10797,86.376,197525.6236534664
10798,86.384,197414.43043704945
10799,86.392,197352.44488036766
10800,86.4,197441.35537823295
10801,86.408,197194.10749677176
10802,86.416,197089.94362943067
10803,86.424,197032.41177974336
10804,86.432,197048.86837746375
10805,86.44,197207.2031573529
10806,86.448,196990.20775913357
10807,86.456,196955.31061241595
10808,86.464,196993.7848446578
10809,86.472,197036.68562670186
10810,86.48,197238.22332336692
10811,86.488,197140.137797183
10812,86.496,197163.07444920554
10813,86.504,197225.14195122512
10814,86.512,197352.0114578309
10815,86.52,197578.4444990046
10816,86.528,197443.41329295674
10817,86.536,197488.7080788018
10818,86.544,197534.19849395496
10819,86.552,197572.3162310495
10820,86.56,197756.5602909561
10821,86.568,197576.08051572918
10822,86.576,197537.45568450502
10823,86.584,197554.0671472187
10824,86.592,197612.8254584203
10825,86.6,197812.59671988466
10826,86.608,197664.73520753902
10827,86.616,197673.32217843502
10828,86.624,197706.2505671995
10829,86.632,197757.43367483353
10830,86.64,197946.68388910659
10831,86.648,197764.33778161218
10832,86.656,197707.42137743247
10833,86.664,197684.43073448693
10834,86.672,197700.71372086887
10835,86.68,197865.6311972635
10836,86.688,197662.40766169573
10837,86.696,197584.32728249618
10838,86.704,197574.53843242218
10839,86.712,197622.8567989378
10840,86.72,197798.5876126525
10841,86.728,197626.7811850219
10842,86.736,197608.73420803016
10843,86.744,197632.278288727
10844,86.752,197694.35729303336
10845,86.76,197882.64225604536
10846,86.768,197717.88657417192
10847,86.776,197711.88626512507
10848,86.784,197732.48164760382
10849,86.792,197796.8957501118
10850,86.8,198004.7216190683
10851,86.808,197841.84691872323
10852,86.816,197851.53455035505
10853,86.824,197884.91586935933
10854,86.832,197923.05322630197
10855,86.84,198137.80813777362
10856,86.848,198002.40339331146
10857,86.856,197982.20090485213
10858,86.864,198003.19488120786
10859,86.872,198063.95804504672
10860,86.88,198244.87774304784
10861,86.888,198047.50221848962
10862,86.896,198000.29324549178
10863,86.904,198024.74054886284
10864,86.912,198070.23706714396
10865,86.92,198232.86993684887
10866,86.928,198050.66542166026
10867,86.936,197990.94943553096
10868,86.944,197983.66999618706
10869,86.952,198032.91643872746
10870,86.96,198189.84196463585
10871,86.968,197984.43913237474
10872,86.976,197926.28357067803
10873,86.984,197918.02315824138
10874,86.992,197969.83691960998
10875,87.0,198142.81139035654
10876,87.008,197943.95215071904
10877,87.016,197914.46482372866
10878,87.024,197926.1696230952
10879,87.032,197976.07120630227
10880,87.04,198179.83545947005
10881,87.048,198023.80547208202
10882,87.056,198013.79538109593
10883,87.064,198021.12378555464
10884,87.072,198065.4742208456
10885,87.08,198274.89725854527
10886,87.088,198091.82507646794
10887,87.096,198038.23035491083
10888,87.104,198044.9778231783
10889,87.112,198039.19447219896
10890,87.12,198122.7983800249
10891,87.128,197860.6255131583
10892,87.136,197724.80940632772
10893,87.144,197607.25729528556
10894,87.152,197559.6665682298
10895,87.16,197678.50955066274
10896,87.168,197431.77916904967
10897,87.176,197343.89402135843
10898,87.184,197352.57289218035
10899,87.192,197397.4788751819
10900,87.2,197559.43213918956
10901,87.208,197410.4266999145
10902,87.216,197431.70347399966
10903,87.224,197487.6787968386
10904,87.232,197587.02692116812
10905,87.24,197833.61038073286
10906,87.248,197727.68679240873
10907,87.256,197760.2129524468
10908,87.264,197835.09575245142
10909,87.272,197924.80781967635
10910,87.28,198156.82049758866
10911,87.288,198058.15042352007
10912,87.296,198059.44825470806
10913,87.304,198100.50301602622
10914,87.312,198180.31020542886
10915,87.32,198351.94734832205
10916,87.328,198173.01753618466
10917,87.336,198118.22176657425
10918,87.344,198077.23723977077
10919,87.352,198084.09150476672
10920,87.36,198228.86733478252
10921,87.368,198013.8852304016
10922,87.376,197931.4541204135
10923,87.384,197887.33081015106
10924,87.392,197877.11127387336
10925,87.4,198027.73658094966
10926,87.408,197845.96533939824
10927,87.416,197773.05961419607
10928,87.424,197758.3072144025
10929,87.432,197802.98711813244
10930,87.44,197958.69169530555
10931,87.448,197775.02070540216
10932,87.456,197735.3079066199
10933,87.464,197722.30137803743
10934,87.472,197748.3029721673
10935,87.48,197928.6721798081
10936,87.488,197765.23615985413
10937,87.496,197723.5788276116
10938,87.504,197749.7527378103
10939,87.512,197803.61715868884
10940,87.52,197994.7151139025
10941,87.528,197893.44792311598
10942,87.536,197881.63967332614
10943,87.544,197895.00053243115
10944,87.552,197986.35982521522
10945,87.56,198192.8439161856
10946,87.568,198059.37027344183
10947,87.576,198061.43405067158
10948,87.584,198078.53440207193
10949,87.592,198131.68560630776
10950,87.6,198298.91287094323
10951,87.608,198098.2953341328
10952,87.616,198050.96283830403
10953,87.624,198051.9068724065
10954,87.632,198077.9845222799
10955,87.64,198223.86408219964
10956,87.648,198020.70366215354
10957,87.656,197970.9582304024
10958,87.664,197948.12190772692
10959,87.672,197951.11092562985
10960,87.68,198113.79252537567
10961,87.688,197927.27584907436
10962,87.696,197871.84898246653
10963,87.704,197884.3872827585
10964,87.712,197915.80649509918
10965,87.72,198077.76910677875
10966,87.728,197938.4424450497
10967,87.736,197906.77167768124
10968,87.744,197894.49446316206
10969,87.752,197937.42428411078
10970,87.76,198092.77886452747
10971,87.768,197905.00640908667
10972,87.776,197868.7434535507
10973,87.784,197864.35433320506
10974,87.792,197908.80204665023
10975,87.8,198101.7847191767
10976,87.808,197942.9336402552
10977,87.816,197920.45858022696
10978,87.824,197940.25384147983
10979,87.832,198005.5441763458
10980,87.84,198215.85887806697
10981,87.848,198071.88551451796
10982,87.856,198053.24046542143
10983,87.864,198074.3400696154
10984,87.872,198164.62981518407
10985,87.88,198367.95775658736
10986,87.888,198171.95628469394
10987,87.896,198129.78274639128
10988,87.904,198091.08303145343
10989,87.912,198073.58169547145
10990,87.92,198206.85302341776
10991,87.928,197923.67722319663
10992,87.936,197773.3979050857
10993,87.944,197681.04665952278
10994,87.952,197614.34052607068
10995,87.96,197706.52776512702
10996,87.968,197449.71342281354
10997,87.976,197325.85187649893
10998,87.984,197256.84546783956
10999,87.992,197242.19107595852
11000,88.0,197397.32675550337
11001,88.008,197225.04599019585
11002,88.016,197190.12926743305
11003,88.024,197229.1190815006
11004,88.032,197334.74323660773
11005,88.04,197568.4379938388
11006,88.048,197458.1490237534
11007,88.056,197478.32826106154
11008,88.064,197534.4972506326
11009,88.072,197658.80379597968
11010,88.08,197903.65591689356
11011,88.088,197754.7661260883
11012,88.096,197757.9656012937
11013,88.104,197819.68338930086
11014,88.112,197906.54382574477
11015,88.12,198112.7918748591
11016,88.128,197953.77432483408
11017,88.136,197925.69229924813
11018,88.144,197919.71489349531
11019,88.152,197950.16510970803
11020,88.16,198140.81008932338
11021,88.168,197977.54187256636
11022,88.176,197942.6611699325
11023,88.184,197960.55599396097
11024,88.192,198010.7742423905
11025,88.2,198178.83480895346
11026,88.208,197988.52222831285
11027,88.216,197924.7495666542
11028,88.224,197898.5801338732
11029,88.232,197886.8069653043
11030,88.24,197977.7040551206
11031,88.248,197741.7347549121
11032,88.256,197669.76554497218
11033,88.264,197629.98838839127
11034,88.272,197641.784039004
11035,88.28,197819.60127350074
11036,88.288,197651.95967599892
11037,88.296,197613.3859677385
11038,88.304,197621.9346338188
11039,88.312,197689.03530330549
11040,88.32,197901.6546158604
11041,88.328,197769.2486338028
11042,88.336,197797.0809192414
11043,88.344,197877.15108688117
11044,88.352,197988.68100955553
11045,88.36,198243.87709253127
11046,88.368,198153.5956621625
11047,88.376,198185.27681155753
11048,88.384,198262.72126187832
11049,88.392,198399.99486790242
11050,88.4,198663.1496589789
11051,88.408,198572.6585886951
11052,88.416,198630.3549706748
11053,88.424,198695.72618693096
11054,88.432,198785.54512574844
11055,88.44,199017.37994184872
11056,88.448,198863.22825155797
11057,88.456,198828.3098918456
11058,88.464,198824.58561034928
11059,88.472,198832.59361511294
11060,88.48,198966.34676550305
11061,88.488,198743.9232405434
11062,88.496,198655.0049134109
11063,88.504,198612.25883131218
11064,88.512,198606.12996212544
11065,88.52,198738.19844772248
11066,88.528,198518.3697991847
11067,88.536,198416.58648905694
11068,88.544,198368.15331755526
11069,88.552,198369.97805107367
11070,88.56,198497.04167322637
11071,88.568,198286.02351281515
11072,88.576,198216.42601953787
11073,88.584,198197.3612661021
11074,88.592,198239.2781192269
11075,88.6,198402.9805246677
11076,88.608,198212.00462687254
11077,88.616,198182.15142018886
11078,88.624,198186.28457586185
11079,88.632,198226.40625881872
11080,88.64,198417.99028241643
11081,88.648,198258.77197311036
11082,88.656,198254.24056653862
11083,88.664,198303.16629230132
11084,88.672,198376.13491325444
11085,88.68,198608.1138805669
11086,88.688,198518.0464907359
11087,88.696,198536.1665771854
11088,88.704,198578.02673028968
11089,88.712,198661.02702420574
11090,88.72,198865.28106332832
11091,88.728,198710.60722945284
11092,88.736,198663.56303874875
11093,88.744,198626.32774226237
11094,88.752,198622.7007300838
11095,88.76,198733.1951951396
11096,88.768,198448.96453228546
11097,88.776,198279.0592740585
11098,88.784,198164.09061838884
11099,88.792,198079.1170274939
11100,88.8,198143.8120408731
11101,88.808,197900.50433435664
11102,88.816,197774.17169101254
11103,88.824,197701.50085257163
11104,88.832,197699.2504857893
11105,88.84,197824.60452608363
11106,88.848,197628.90530579045
11107,88.856,197596.8030544298
11108,88.864,197617.37954609902
11109,88.872,197678.83118784966
11110,88.88,197875.6377024293
11111,88.888,197750.36228059986
11112,88.896,197770.49543373132
11113,88.904,197838.82005982334
11114,88.912,197965.83365002365
11115,88.92,198215.85887806697
11116,88.928,198106.7990548851
11117,88.936,198135.57384314385
11118,88.944,198175.25681717234
11119,88.952,198246.978696012
11120,88.96,198443.00654533095
11121,88.968,198262.1441462122
11122,88.976,198261.53417751813
11123,88.984,198317.9828624909
11124,88.992,198385.76236112183
11125,89.0,198597.1067248845
11126,89.008,198450.36841484255
11127,89.016,198423.2236612748
11128,89.024,198433.25800756112
11129,89.032,198469.5491077533
11130,89.04,198649.14055174674
11131,89.048,198480.2099337049
11132,89.056,198424.0140465281
11133,89.064,198436.9143118781
11134,89.072,198487.97186979174
11135,89.08,198637.13274554777
11136,89.088,198456.17089093768
11137,89.096,198396.11654023826
11138,89.104,198356.8574223969
11139,89.112,198376.98051831845
11140,89.12,198538.0683444062
11141,89.128,198363.74069705754
11142,89.136,198337.05341296204
11143,89.144,198352.25246080977
11144,89.152,198416.5494754512
11145,89.16,198617.11973521614
11146,89.168,198464.60284377364
11147,89.176,198446.13793130807
11148,89.184,198444.62160536138
11149,89.192,198473.60037167012
11150,89.2,198660.14770742913
11151,89.208,198515.48425294852
11152,89.216,198520.46030064346
11153,89.224,198568.01668562434
11154,89.232,198665.59918163027
11155,89.24,198893.2992777926
11156,89.248,198737.20057071626
11157,89.256,198720.2978826664
11158,89.264,198745.99443577774
11159,89.272,198781.83658819852
11160,89.28,198966.34676550305
11161,89.288,198809.114304421
11162,89.296,198759.84175703969
11163,89.304,198781.93196137383
11164,89.312,198842.39295464967
11165,89.32,199009.37473771605
11166,89.328,198853.87392893195
11167,89.336,198796.67649264992
11168,89.344,198753.1225587178
11169,89.352,198777.94135929758
11170,89.36,198934.32594897246
11171,89.368,198740.57328510602
11172,89.376,198688.70562547026
11173,89.384,198700.17689652348
11174,89.392,198756.4920347167
11175,89.4,198925.32009432322
11176,89.408,198746.2195768682
11177,89.416,198702.21089916522
11178,89.424,198702.1506824179
11179,89.432,198746.67580936285
11180,89.44,198930.32334690614
11181,89.448,198780.02299481904
11182,89.456,198779.65188246995
11183,89.464,198856.21585524196
11184,89.472,198969.53110798317
11185,89.48,199167.47751933592
11186,89.488,199019.8835045282
11187,89.496,199016.31833190934
11188,89.504,199021.6645709463
11189,89.512,199055.38019475626
11190,89.52,199201.49963689968
11191,89.528,198935.86875923813
11192,89.536,198775.58830245293
11193,89.544,198659.72094319155
11194,89.552,198578.82578123966
11195,89.56,198629.1275414151
11196,89.568,198340.59902843117
11197,89.576,198209.8023317613
11198,89.584,198134.04275814103
11199,89.592,198109.67459899833
11200,89.6,198236.8725389152
11201,89.608,198040.67926880214
11202,89.616,198012.51075655973
11203,89.624,198026.25502678016
11204,89.632,198083.07214568648
11205,89.64,198286.90506474426
11206,89.648,198152.38791483437
11207,89.656,198178.44373692278
11208,89.664,198220.3211958024
11209,89.672,198293.93322325862
11210,89.68,198542.07094647252
11211,89.688,198432.19514713503
11212,89.696,198448.71016234395
11213,89.704,198507.0306997344
11214,89.712,198589.12187101447
11215,89.72,198793.23422613446
11216,89.728,198638.39606738128
11217,89.736,198612.4603845043
11218,89.744,198612.30091862247
11219,89.752,198668.36654708785
11220,89.76,198878.28952004388
11221,89.768,198727.1143436521
11222,89.776,198718.4799225875
11223,89.784,198743.0773153465
11224,89.792,198821.12896936096
11225,89.8,199049.4007583793
11226,89.808,198886.64228495062
11227,89.816,198853.60259535094
11228,89.824,198848.41094636582
11229,89.832,198842.32254426088
11230,89.84,198961.34351292014
11231,89.848,198737.4320231788
11232,89.856,198671.06867166216
11233,89.864,198643.19219227618
11234,89.872,198656.73682767915
11235,89.88,198833.26024679773
11236,89.888,198659.62489607127
11237,89.896,198619.4426376055
11238,89.904,198624.63833508265
11239,89.912,198652.0391506385
11240,89.92,198817.2498385324
11241,89.928,198647.50100087377
11242,89.936,198599.23605963695
11243,89.944,198607.91876450978
11244,89.952,198677.69103999872
11245,89.96,198872.2856169444
11246,89.968,198709.70077208037
11247,89.976,198673.68421699398
11248,89.984,198699.74313038995
11249,89.992,198761.0259764191
11250,90.0,198922.31814277347
11251,90.008,198749.66120647092
11252,90.016,198717.5013524622
11253,90.024,198722.79267901677
11254,90.032,198790.96094886414
11255,90.04,198985.3591253181
11256,90.048,198812.3824893201
11257,90.056,198777.22719094972
11258,90.064,198768.02765711717
11259,90.072,198810.86171502786
11260,90.08,198985.3591253181
11261,90.088,198781.04011046613
11262,90.096,198761.951622808
11263,90.104,198801.0593082248
11264,90.112,198864.34987608934
11265,90.12,199084.42352645966
11266,90.128,198941.95171035748
11267,90.136,198927.07083937636
11268,90.144,198941.61514085426
11269,90.152,198968.44829926573
11270,90.16,199130.4534502224
11271,90.168,198947.3215550877
11272,90.176,198904.135548214
11273,90.184,198913.43025786828
11274,90.192,198976.4585992788
11275,90.2,199175.48272346857
11276,90.208,199009.32968298707
11277,90.216,198971.58835393286
11278,90.224,198978.4660814898
11279,90.232,199017.4361898672
11280,90.24,199189.49183070072
11281,90.248,199026.7183332468
11282,90.256,199013.3811902957
11283,90.264,199061.36047040607
11284,90.272,199145.64177711663
11285,90.28,199346.593961804
11286,90.288,199207.27260555502
11287,90.296,199190.7713783074
11288,90.304,199183.64687835006
11289,90.312,199215.42531978406
11290,90.32,199374.61217626827
11291,90.328,199157.47767688168
11292,90.336,199056.6059178431
11293,90.344,198975.22585704498
11294,90.352,198935.40364942787
11295,90.36,199037.39295218035
11296,90.368,198770.18624587226
11297,90.376,198652.26952435976
11298,90.384,198609.2507819297
11299,90.392,198626.05732055826
11300,90.4,198794.23487665105
11301,90.408,198634.91593796568
11302,90.416,198652.7266249642
11303,90.424,198740.15984305498
11304,90.432,198882.663790872
11305,90.44,199170.47947088568
11306,90.448,199094.00801890527
11307,90.456,199138.04930231938
11308,90.464,199222.9136745352
11309,90.472,199345.77951787613
11310,90.48,199588.7513868167
11311,90.488,199475.3091218148
11312,90.496,199503.28913519962
11313,90.504,199550.3595871053
11314,90.512,199602.07622349812
11315,90.52,199771.87043135113
11316,90.528,199566.96053353674
11317,90.536,199462.2274106187
11318,90.544,199389.51322559576
11319,90.552,199356.88216775542
11320,90.56,199467.67267431036
11321,90.568,199234.25027042587
11322,90.576,199127.79243296714
11323,90.584,199091.10397478612
11324,90.592,199068.42319238972
11325,90.6,199147.4645090043
11326,90.608,198923.40744059926
11327,90.616,198812.30746375778
11328,90.624,198723.48780251658
11329,90.632,198696.88646618396
11330,90.64,198807.2433333666
11331,90.648,198589.12732669857
11332,90.656,198502.18483872816
11333,90.664,198470.91041610704
11334,90.672,198496.91896352277
11335,90.68,198634.13079399802
11336,90.688,198445.364309514
11337,90.696,198417.41588624587
11338,90.704,198401.13513717277
11339,90.712,198419.1187487357
11340,90.72,198618.1203857327
11341,90.728,198483.70506372568
11342,90.736,198458.6970602888
11343,90.744,198483.8916325174
11344,90.752,198566.36769390584
11345,90.76,198788.23097355157
11346,90.768,198671.31972484072
11347,90.776,198687.67085752572
11348,90.784,198762.37315157775
11349,90.792,198875.75915601608
11350,90.8,199092.4287305923
11351,90.808,198970.2583221835
11352,90.816,198993.55954969337
11353,90.824,199057.41822879738
11354,90.832,199177.25547108526
11355,90.84,199417.6401484813
11356,90.848,199285.70967166536
11357,90.856,199310.30401077872
11358,90.864,199392.06120435512
11359,90.872,199499.24810995668
11360,90.88,199754.85937256922
11361,90.888,199676.7641762128
11362,90.896,199712.20929391365
11363,90.904,199792.36447097803
11364,90.912,199917.5112586718
11365,90.92,200132.10461732044
11366,90.928,199975.36553028366
11367,90.936,199965.39640664213
11368,90.944,199977.46394210344
11369,90.952,199989.9486649148
11370,90.96,200133.105267837
11371,90.968,199928.1094489063
11372,90.976,199842.47844274782
11373,90.984,199815.16809507686
11374,90.992,199797.25904976943
11375,91.0,199887.94589127455
11376,91.008,199667.6855863546
11377,91.016,199551.8303142959
11378,91.024,199478.2532347699
11379,91.032,199477.41232338123
11380,91.04,199600.7591930157
11381,91.048,199395.06869789227
11382,91.056,199338.11851885897
11383,91.064,199363.05067988514
11384,91.072,199442.4961436332
11385,91.08,199640.78521367896
11386,91.088,199510.34354071628
11387,91.096,199472.9865653959
11388,91.104,199457.28807076224
11389,91.112,199492.2022670691
11390,91.12,199631.77935902972
11391,91.128,199418.78403302655
11392,91.136,199322.6498324994
11393,91.144,199241.507887911
11394,91.152,199193.14787900707
11395,91.16,199261.53866789458
11396,91.168,198979.07054798063
11397,91.176,198839.87160309812
11398,91.184,198748.32587682514
11399,91.192,198716.31226475854
11400,91.2,198856.2752086791
11401,91.208,198656.91271917173
11402,91.216,198591.68686568827
11403,91.224,198625.97724461652
11404,91.232,198697.42518604614
11405,91.24,198871.28496642783
11406,91.248,198737.63378003516
11407,91.256,198734.65360703738
11408,91.264,198780.9872294139
11409,91.272,198883.73928290224
11410,91.28,199095.43068214206
11411,91.288,198977.1787153721
11412,91.296,198996.0242112044
11413,91.304,199045.2488775457
11414,91.312,199131.14915235512
11415,91.32,199322.57834940605
11416,91.328,199154.5382635401
11417,91.336,199122.10093632297
11418,91.344,199130.82508487243
11419,91.352,199196.6964335316
11420,91.36,199397.62713814966
11421,91.368,199237.8877036842
11422,91.376,199220.65942175116
11423,91.384,199242.3081132492
11424,91.392,199309.94199260653
11425,91.4,199506.69804445704
11426,91.408,199314.8755428469
11427,91.416,199270.86515135824
11428,91.424,199299.14035298442
11429,91.432,199341.94731617504
11430,91.44,199524.7097537555
11431,91.448,199377.49368180623
11432,91.456,199338.02626176793
11433,91.464,199357.93948627927
11434,91.472,199403.1468243461
11435,91.48,199551.7273177032
11436,91.488,199391.6322047649
11437,91.496,199334.73318804085
11438,91.504,199311.75404186125
11439,91.512,199390.27624461465
11440,91.52,199592.75398888302
11441,91.528,199439.4659239274
11442,91.536,199449.47490581722
11443,91.544,199501.13479713103
11444,91.552,199568.66626425117
11445,91.56,199785.87953858325
11446,91.568,199659.72626151872
11447,91.576,199622.7779317555
11448,91.584,199650.57232430403
11449,91.592,199725.93751477558
11450,91.6,199897.95239644038
11451,91.608,199742.07558863677
11452,91.616,199703.48957029957
11453,91.624,199683.46734473985
11454,91.632,199718.39588480274
11455,91.64,199879.9406871419
11456,91.648,199701.95663905557
11457,91.656,199667.103852088
11458,91.664,199659.04737570425
11459,91.672,199682.64124625822
11460,91.68,199849.92117164447
11461,91.688,199674.3230384772
11462,91.696,199627.01938464836
11463,91.704,199636.157558764
11464,91.712,199687.43989367207
11465,91.72,199856.92572526055
11466,91.728,199675.54727506163
11467,91.736,199622.234028639
11468,91.744,199624.8097970636
11469,91.752,199664.74443595007
11470,91.76,199823.90425821336
11471,91.768,199659.02917474078
11472,91.776,199633.50473830217
11473,91.784,199646.34660783355
11474,91.792,199684.14750007264
11475,91.8,199848.92052112787
11476,91.808,199710.3114026022
11477,91.816,199709.88536278543
11478,91.824,199736.60311219306
11479,91.832,199820.49504099914
11480,91.84,200035.04151721203
11481,91.848,199890.89070416978
11482,91.856,199888.7677909277
11483,91.864,199927.53354732247
11484,91.872,199958.7473272217
11485,91.88,200126.10071422093
11486,91.888,199959.51243450944
11487,91.896,199849.32896128215
11488,91.904,199792.10873579152
11489,91.912,199781.6515583992
11490,91.92,199832.9101128626
11491,91.928,199549.55330959253
11492,91.936,199392.8026951238
11493,91.944,199274.0372145969
11494,91.952,199224.81920033434
11495,91.96,199302.5653390744
11496,91.968,199049.73383255364
11497,91.976,198956.33077712663
11498,91.984,198937.14262398574
11499,91.992,198970.8767547272
11500,92.0,199152.4677615872
11501,92.008,199017.29760594363
11502,92.016,199002.5522732783
11503,92.024,199063.01149480243
11504,92.032,199192.01345472134
11505,92.04,199430.64860519685
11506,92.048,199339.87850387357
11507,92.056,199372.85816554658
11508,92.064,199429.45004934547
11509,92.072,199537.63350636256
11510,92.08,199767.86782928478
11511,92.088,199628.129371334
11512,92.096,199601.3850965506
11513,92.104,199628.6552708711
11514,92.112,199704.73690613452
11515,92.12,199885.9445902414
11516,92.128,199710.78481324934
11517,92.136,199679.49744788784
11518,92.144,199701.03691686323
11519,92.152,199754.45047009358
11520,92.16,199932.97516452073
11521,92.168,199745.31077540107
11522,92.176,199663.09975850396
11523,92.184,199666.78004798145
11524,92.192,199675.94845247798
11525,92.2,199763.86522721846
11526,92.208,199557.5338904366
11527,92.216,199453.47721170727
11528,92.224,199397.64094577267
11529,92.232,199413.96656645884
11530,92.24,199529.7130063384
11531,92.248,199324.7946231359
11532,92.256,199259.86552796487
11533,92.264,199265.09608849528
11534,92.272,199319.15869200163
11535,92.28,199479.68048050933
11536,92.288,199342.18726452749
11537,92.296,199338.60769528258
11538,92.304,199366.52831169707
11539,92.312,199433.1257340053
11540,92.32,199635.78196109604
11541,92.328,199510.3749581981
11542,92.336,199466.23891213277
11543,92.344,199485.12969804395
11544,92.352,199559.29563839696
11545,92.36,199741.85091585366
11546,92.368,199617.3013117414
11547,92.376,199587.70823755572
11548,92.384,199611.03662904652
11549,92.392,199686.4524143348
11550,92.4,199847.9198706113
11551,92.408,199691.9339189202
11552,92.416,199632.78429894274
11553,92.424,199602.27555816094
11554,92.432,199627.17066327392
11555,92.44,199750.8567705029
11556,92.448,199549.68621882805
11557,92.456,199494.54160195577
11558,92.464,199505.9811577503
11559,92.472,199543.0485842327
11560,92.48,199682.81253537536
11561,92.488,199490.58043040938
11562,92.496,199384.06769593828
11563,92.504,199353.15473293114
11564,92.512,199385.02118865115
11565,92.52,199521.70780220575
11566,92.528,199363.2673460595
11567,92.536,199299.14232116833
11568,92.544,199277.45763423474
11569,92.552,199342.34396535598
11570,92.56,199503.69609290728
11571,92.568,199324.41951263702
11572,92.576,199277.54022419587
11573,92.584,199273.679033688
11574,92.592,199315.53572839565
11575,92.6,199493.68958774148
11576,92.608,199353.6957016482
11577,92.616,199324.74640604958
11578,92.624,199347.44507954
11579,92.632,199430.34571972693
11580,92.64,199626.7761064468
11581,92.648,199488.20177970215
11582,92.656,199465.11323540495
11583,92.664,199462.25712321128
11584,92.672,199491.23539254375
11585,92.68,199619.77155283073
11586,92.688,199373.22007059123
11587,92.696,199219.67898895516
11588,92.704,199087.6457489197
11589,92.712,198998.26267629655
11590,92.72,199056.4053119954
11591,92.728,198786.36574425103
11592,92.736,198652.79353389566
11593,92.744,198610.06915814732
11594,92.752,198607.49273425702
11595,92.76,198738.19844772248
11596,92.768,198565.39598498915
11597,92.776,198474.18543484894
11598,92.784,198475.53565077364
11599,92.792,198583.12685145022
11600,92.8,198777.22381786918
11601,92.808,198657.33543394125
11602,92.816,198677.67233913654
11603,92.824,198734.41007004573
11604,92.832,198854.7842960974
11605,92.84,199089.42677904258
11606,92.848,198963.44065916352
11607,92.856,198957.2611375008
11608,92.864,199009.37890071011
11609,92.872,199086.4135335504
11610,92.88,199274.54712461014
11611,92.888,199134.94494782967
11612,92.896,199094.90102479272
11613,92.904,199110.61527519414
11614,92.912,199168.80302411236
11615,92.92,199318.57574733972
11616,92.928,199150.66272645557
11617,92.936,199096.55417786082
11618,92.944,199075.7602392746
11619,92.952,199122.7440285464
11620,92.96,199286.55493080913
11621,92.968,199094.2981386908
11622,92.976,199027.93851803243
11623,92.984,199022.59935008682
11624,92.992,199020.66553902527
11625,93.0,199122.44824608977
11626,93.008,198940.8654746465
11627,93.016,198885.73762739846
11628,93.024,198878.04872859627
11629,93.032,198911.23995398314
11630,93.04,199056.4053119954
11631,93.048,198892.4797158652
11632,93.056,198835.77921682925
11633,93.064,198836.62715286142
11634,93.072,198891.4580260606
11635,93.08,199076.41832232702
11636,93.088,198977.4839530035
11637,93.096,198967.52765998698
11638,93.104,198995.90759100724
11639,93.112,199081.7126658397
11640,93.12,199253.53346376194
11641,93.128,199104.96766547058
11642,93.136,199075.51771695982
11643,93.144,199086.31845082282
11644,93.152,199149.80019086605
11645,93.16,199329.58290302212
11646,93.168,199186.8570598426
11647,93.176,199165.66756439762
11648,93.184,199202.7473432258
11649,93.192,199268.4409847352
11650,93.2,199418.64079899786
11651,93.208,199247.3675199073
11652,93.216,199195.35987882907
11653,93.224,199193.27498269433
11654,93.232,199255.26701450231
11655,93.24,199430.64860519685
11656,93.248,199256.25946086668
11657,93.256,199187.71671875493
11658,93.264,199180.40172084092
11659,93.272,199211.59095393066
11660,93.28,199331.58420405528
11661,93.288,199130.2891165509
11662,93.296,199066.51318721275
11663,93.304,199057.77702189583
11664,93.312,199091.75494598717
11665,93.32,199246.52891014586
11666,93.328,199090.35110713902
11667,93.336,199044.09213796043
11668,93.344,199034.35023961673
11669,93.352,199094.53149446662
11670,93.36,199265.5412699609
11671,93.368,199093.51762734287
11672,93.376,199082.4706597114
11673,93.384,199133.39660972648
11674,93.392,199216.84277800203
11675,93.4,199414.63819693154
11676,93.408,199258.61882843316
11677,93.416,199221.3085454962
11678,93.424,199246.23971138507
11679,93.432,199297.05357222215
11680,93.44,199467.67267431036
11681,93.448,199327.2903174197
11682,93.456,199277.70710056167
11683,93.464,199257.60853964285
11684,93.472,199278.37510900878
11685,93.48,199390.6225845336
11686,93.488,199148.38194410666
11687,93.496,198996.93072704392
11688,93.504,198897.32893791617
11689,93.512,198842.41407113068
11690,93.52,198904.306433475
11691,93.528,198662.5030832355
11692,93.536,198533.97941647976
11693,93.544,198483.88988240287
11694,93.552,198494.57053717625
11695,93.56,198614.11778366638
11696,93.568,198457.43520237965
11697,93.576,198425.5741549727
11698,93.584,198441.44595961572
11699,93.592,198535.3083179067
11700,93.6,198752.20755495463
11701,93.608,198645.31093851308
11702,93.616,198654.5429335431
11703,93.624,198722.43481034267
11704,93.632,198825.83457272363
11705,93.64,199033.390350114
11706,93.648,198925.73151373857
11707,93.656,198912.09181028188
11708,93.664,198958.0509142178
11709,93.672,199059.32715412986
11710,93.68,199250.53151221218
11711,93.688,199136.55510356234
11712,93.696,199144.51571767547
11713,93.704,199188.78606676994
11714,93.712,199274.97864279943
11715,93.72,199459.6674701777
11716,93.728,199320.60585680706
11717,93.736,199298.8923970364
11718,93.744,199299.83898778263
11719,93.752,199311.07888640324
11720,93.76,199428.6473041637
11721,93.768,199241.49146319952
11722,93.776,199168.35329912155
11723,93.784,199125.47139745142
11724,93.792,199134.29229487228
11725,93.8,199248.53021117902
11726,93.808,199027.52220160002
11727,93.816,198950.05482504788
11728,93.824,198909.8037433611
11729,93.832,198901.0458497282
11730,93.84,199037.39295218035
11731,93.848,198865.31735241757
11732,93.856,198815.0336070613
11733,93.864,198808.58545170238
11734,93.872,198862.72235279036
11735,93.88,199051.40205941247
11736,93.888,198905.4087742434
11737,93.896,198885.65309523416
11738,93.904,198917.4519014994
11739,93.912,198983.8660612085
11740,93.92,199187.49052966756
11741,93.928,199062.92958202356
11742,93.936,199019.13508586766
11743,93.944,199041.49518557722
11744,93.952,199101.7689679674
11745,93.96,199259.53736686142
11746,93.968,199114.5466908634
11747,93.976,199050.10381530345
11748,93.984,199040.62620031895
11749,93.992,199084.92850501178
11750,94.0,199199.49833586652
11751,94.008,199006.5439325552
11752,94.016,198926.947063629
11753,94.024,198897.1685420593
11754,94.032,198932.41203905884
11755,94.04,199091.42808007574
11756,94.048,198939.2266690234
11757,94.056,198876.95837368214
11758,94.064,198891.0164717595
11759,94.072,198954.5001744881
11760,94.08,199107.43848834105
11761,94.088,198964.98427411888
11762,94.096,198896.0607013916
11763,94.104,198868.6201965464
11764,94.112,198874.57799363328
11765,94.12,198958.3415613704
11766,94.128,198763.97353731107
11767,94.136,198690.1465496864
11768,94.144,198732.58371850153
11769,94.152,198861.07923449102
11770,94.16,199071.4150697441
11771,94.168,198989.4874577506
11772,94.176,198967.89311784698
11773,94.184,198993.67312191054
11774,94.192,199104.5181676625
11775,94.2,199241.52565756295
11776,94.208,199003.48188349244
11777,94.216,198865.27097116504
11778,94.224,198751.38764121535
11779,94.232,198652.18094157867
11780,94.24,198648.13990123017
11781,94.248,198330.86173691964
11782,94.256,198131.62757209086
11783,94.264,198029.43659301335
11784,94.272,197988.62229166355
11785,94.28,198099.78341814355
11786,94.288,197981.4032786729
11787,94.296,197940.47376792712
11788,94.304,197949.5197461131
11789,94.312,198047.8520107184
11790,94.32,198237.87318943176
11791,94.328,198103.59719497807
11792,94.336,198046.52344565492
11793,94.344,198065.06561594646
11794,94.352,198158.68735689824
11795,94.36,198327.9317359241
11796,94.368,198197.3581506016
11797,94.376,198182.5412053023
11798,94.384,198234.59241277017
11799,94.392,198366.61572944283
11800,94.4,198596.1060743679
11801,94.408,198519.22088230652
11802,94.416,198561.01383799862
11803,94.424,198622.9100974717
11804,94.432,198712.69720072558
11805,94.44,198905.3070839916
11806,94.448,198765.23132050762
11807,94.456,198739.835693339
11808,94.464,198788.34878493863
11809,94.472,198856.30968741787
11810,94.48,198992.36367893417
11811,94.488,198829.7694858085
11812,94.496,198794.8137674211
11813,94.504,198815.98892723565
11814,94.512,198908.00365823493
11815,94.52,199105.43718730786
11816,94.528,198973.4017616479
11817,94.536,198978.1090077795
11818,94.544,199046.58793598134
11819,94.552,199111.67250512002
11820,94.56,199265.5412699609
11821,94.568,199127.83805854231
11822,94.576,199081.75138915583
11823,94.584,199079.43169762765
11824,94.592,199100.20850686435
11825,94.6,199205.50223896603
11826,94.608,199006.02484084194
11827,94.616,198881.04495880898
11828,94.624,198838.9492978442
11829,94.632,198857.32051873204
11830,94.64,198942.3311531051
11831,94.648,198766.1743908745
11832,94.656,198722.17323243414
11833,94.664,198736.69760919618
11834,94.672,198792.67330661663
11835,94.68,198919.31619122374
11836,94.688,198758.4226668434
11837,94.696,198692.54323790688
11838,94.704,198627.13548528368
11839,94.712,198589.39401769525
11840,94.72,198630.1281919317
11841,94.728,198366.66833234238
11842,94.736,198233.63783749603
11843,94.744,198109.36531813804
11844,94.752,198044.11952816218
11845,94.76,198181.8367605032
11846,94.768,198009.36001071878
11847,94.776,197897.88856949858
11848,94.784,197888.88640724844
11849,94.792,197951.4752633986
11850,94.8,198070.76455316268
11851,94.808,197861.19138859402
11852,94.816,197743.02242659157
11853,94.824,197662.55036760555
11854,94.832,197606.1830430409
11855,94.84,197657.49588981454
11856,94.848,197425.8041172999
11857,94.856,197271.87061495634
11858,94.864,197209.85676298346
11859,94.872,197212.34963308196
11860,94.88,197286.25454816283
11861,94.888,197091.29824317212
11862,94.896,196972.79201154478
11863,94.904,196896.18201323823
11864,94.912,196900.29455320712
11865,94.92,196978.05418905575
11866,94.928,196742.48480911256
11867,94.936,196589.69128305544
11868,94.944,196453.38510097802
11869,94.952,196373.4342536105
11870,94.96,196411.68599667065
11871,94.968,196139.13217181613
11872,94.976,195984.0172308742
11873,94.984,195950.04428542935
11874,94.992,195965.17016934717
11875,95.0,196034.44075191944
11876,95.008,195813.24777111883
11877,95.016,195688.9210947884
11878,95.024,195603.00560677727
11879,95.032,195563.0869126863
11880,95.04,195609.16428237234
11881,95.048,195345.34282607248
11882,95.056,195170.25089324111
11883,95.064,195077.55909402913
11884,95.072,195097.27484570985
11885,95.08,195276.9483108673
11886,95.088,195241.2091908537
11887,95.096,195374.0049739182
11888,95.104,195609.458828461
11889,95.112,195983.04976761687
11890,95.12,196492.73868851375
11891,95.128,196667.26261900034
11892,95.136,196941.52379674086
11893,95.144,197248.55478594382
11894,95.152,197546.7414595551
11895,95.16,197908.65916947648
11896,95.168,197913.19380782885
11897,95.176,197934.75474363347
11898,95.184,197949.82569562647
11899,95.192,197944.4657744737
11900,95.2,197939.6793354905
11901,95.208,197560.67089319442
11902,95.216,197249.3978863539
11903,95.224,196996.8284379096
11904,95.232,196814.55860627093
11905,95.24,196758.9117259244
11906,95.248,196439.17731418158
11907,95.256,196246.8633817397
11908,95.264,196169.1955852349
11909,95.272,196214.4658774141
11910,95.28,196381.66648117322
11911,95.288,196261.55558220868
11912,95.296,196259.6855347249
11913,95.304,196309.83575643096
11914,95.312,196393.50198090376
11915,95.32,196558.78162260813
11916,95.328,196403.38317487214
11917,95.336,196330.01443185192
11918,95.344,196319.11720478695
11919,95.352,196356.8452737551
11920,95.36,196472.72567818212
11921,95.368,196309.08534334428
11922,95.376,196269.85942641352
11923,95.384,196281.47653233085
11924,95.392,196389.24656751784
11925,95.4,196664.85057736575
11926,95.408,196648.02934228
11927,95.416,196720.50085550436
11928,95.424,196876.63292204496
11929,95.432,197112.5221834571
11930,95.44,197412.33651325208
11931,95.448,197364.70906516205
11932,95.456,197422.6338791554
11933,95.464,197528.4876551777
11934,95.472,197630.03880375394
11935,95.48,197803.59086523543
11936,95.488,197673.491136021
11937,95.496,197628.901514306
11938,95.504,197658.66892787622
11939,95.512,197718.0486607955
11940,95.52,197876.63835294588
11941,95.528,197786.51295837993
11942,95.536,197719.70933471207
11943,95.544,197677.9834557769
11944,95.552,197747.7688286812
11945,95.56,197891.6481106946
11946,95.568,197707.47718207032
11947,95.576,197618.08464267102
11948,95.584,197591.22426162512
11949,95.592,197622.0215289299
11950,95.6,197727.54142597524
11951,95.608,197528.17468353084
11952,95.616,197428.50812449085
11953,95.624,197351.7158409499
11954,95.632,197301.43745739927
11955,95.64,197373.3111431054
11956,95.648,197180.3674278213
11957,95.656,197086.23156508498
11958,95.664,197038.47039306758
11959,95.672,197053.63451440772
11960,95.68,197178.18429237203
11961,95.688,197016.6020582759
11962,95.696,196957.66514813932
11963,95.704,196928.11057043757
11964,95.712,196950.4081801955
11965,95.72,197092.12834794604
11966,95.728,196935.89365763837
11967,95.736,196892.2797933131
11968,95.744,196917.61973656967
11969,95.752,196988.05351472335
11970,95.76,197167.17713668963
11971,95.768,197055.1994635231
11972,95.776,197023.83292417726
11973,95.784,197057.70025701317
11974,95.792,197159.75129341902
11975,95.8,197350.29618122402
11976,95.808,197247.45621136815
11977,95.816,197238.2180982642
11978,95.824,197269.71939266095
11979,95.832,197374.0135525211
11980,95.84,197573.4412464217
11981,95.848,197451.6039199853
11982,95.856,197427.1988808546
11983,95.864,197425.2510149603
11984,95.872,197481.50137057842
11985,95.88,197657.49588981454
11986,95.888,197489.81466040257
11987,95.896,197427.06141862593
11988,95.904,197448.62192231245
11989,95.912,197693.61773286646
11990,95.92,197651.49198671506
11991,95.928,197046.97771305733
11992,95.936,198713.1076258902
11993,95.944,195444.2961186403
11994,95.952,199044.24365825
11995,95.96,197378.31439568833
11996,95.968,193690.71952737958
11997,95.976,205353.0164120586
11998,95.984,184892.69109189638
11999,95.992,209275.32660419468
12000,96.0,197092.12834794604
12001,96.008,33149.45024807268
