sample_index,time_sec,ppg_filtered_causal
0,0.0,-2.7284841053187847e-12
1,0.008,36.74137589336721
2,0.016,223.05989790900773
3,0.024,709.8912674937819
4,0.032,1627.3410398795422
5,0.04,3007.633142621289
6,0.048,4714.20751617389
7,0.056,6478.687344936108
8,0.064,7997.859935264875
9,0.072,9036.842074714326
10,0.08,9506.27952668448
11,0.088,9475.589477554724
12,0.096,9138.114235046587
13,0.104,8756.637109546427
14,0.112,8616.903702276388
15,0.12,8992.52503739987
16,0.128,10105.180904643645
17,0.136,12077.28201801173
18,0.144,14891.052422844228
19,0.152,18367.733134794595
20,0.16,22183.600599043915
21,0.168,25935.347240184827
22,0.176,29229.588055241296
23,0.184,31755.86306099148
24,0.192,33327.282581033505
25,0.2,33889.80846174205
26,0.208,33506.54701896047
27,0.216,32329.38369626605
28,0.224,30568.36651377719
29,0.232,28461.667849227957
30,0.24,26251.033303348275
31,0.248,24171.393169844963
32,0.256,22460.555672942202
33,0.264,21372.965895014087
34,0.272,21173.933024871694
35,0.28,22123.662903257173
36,0.288,24442.405194190535
37,0.296,28259.095295663352
38,0.304,33545.93347835537
39,0.312,39963.19734499852
40,0.32,46761.67505438501
41,0.328,52998.13458446672
42,0.336,57870.67687807813
43,0.344,60878.43260442322
44,0.352,61837.87195789293
45,0.36,60840.39186898514
46,0.368,58175.80251968759
47,0.376,54248.86586110516
48,0.384,49500.20985200828
49,0.392,44343.21400363472
50,0.4,39123.80355139183
51,0.408,34099.01106135258
52,0.416,29429.740032582115
53,0.424,25187.499465005763
54,0.432,21374.256800208263
55,0.44,17947.178028291215
56,0.448,14838.936327185169
57,0.456,11971.172571393661
58,0.464,9266.474176179385
59,0.472,6660.642705758306
60,0.48,4110.21409972095
61,0.488,1592.3339573844205
62,0.496,-901.1473798739898
63,0.504,-3368.9065682835862
64,0.512,-5801.45963466449
65,0.52,-8181.942243262703
66,0.528,-10489.792048672367
67,0.536,-12707.074130473091
68,0.544,-14821.566919288329
69,0.552,-16824.30293717365
70,0.56,-18707.80208571485
71,0.568,-20469.12927172365
72,0.576,-22114.17983348141
73,0.584,-23656.380121003844
74,0.592,-25109.961184737032
75,0.6,-26484.02341404419
76,0.608,-27781.68718498887
77,0.616,-29004.270802005165
78,0.624,-30153.914075596054
79,0.632,-31230.982112101505
80,0.64,-32231.551922231294
81,0.648,-33149.73645424735
82,0.656,-33982.860798510184
83,0.664,-34732.815782034064
84,0.672,-35402.743380899665
85,0.68,-35994.78967962608
86,0.688,-36511.806153505444
87,0.696,-36960.989504492696
88,0.704,-37354.018835162424
89,0.712,-37702.87777674757
90,0.72,-38016.31954381813
91,0.728,-38299.871990796004
92,0.736,-38558.669710353526
93,0.744,-38798.18213110062
94,0.752,-39020.49440511894
95,0.76,-39220.70467144649
96,0.768,-39388.15933516878
97,0.776,-39512.207138482976
98,0.784,-39585.92760827131
99,0.792,-39604.587609526905
100,0.8,-39563.44736128443
101,0.808,-39458.95850512846
102,0.816,-39292.23812779939
103,0.824,-39069.737004888084
104,0.832,-38799.74104697579
105,0.84,-38488.57128304464
106,0.848,-38140.08551042323
107,0.856,-37758.74002289135
108,0.864,-37350.902594371306
109,0.872,-36922.04905035223
110,0.88,-36474.00908288415
111,0.888,-36005.81458325704
112,0.896,-35517.652653524885
113,0.904,-35012.369334402974
114,0.912,-34492.58165260443
115,0.92,-33957.746441004725
116,0.928,-33404.626224406915
117,0.936,-32831.415936256875
118,0.944,-32240.24577862641
119,0.952,-31634.783584552086
120,0.96,-31017.024142157654
121,0.968,-30387.550795415274
122,0.976,-29749.03868567601
123,0.984,-29107.388043742223
124,0.992,-28468.372611838495
125,1.0,-27834.309586474425
126,1.008,-27204.333096646595
127,1.016,-26578.17895559194
128,1.024,-25958.299355772717
129,1.032,-25347.280459941245
130,1.04,-24744.420352462435
131,1.048,-24145.844997800297
132,1.056,-23548.203179819735
133,1.064,-22950.131287697015
134,1.072,-22349.051544803147
135,1.08,-21737.98897845834
136,1.088,-21106.094197135768
137,1.096,-20442.32432733814
138,1.104,-19737.628075483753
139,1.112,-18984.146521135503
140,1.12,-18175.15858547036
141,1.128,-17307.840037053214
142,1.136,-16387.294072619825
143,1.144,-15426.854307236918
144,1.152,-14443.343373428022
145,1.16,-13452.038506968762
146,1.168,-12465.200830743575
147,1.176,-11493.698499122882
148,1.184,-10546.768951392798
149,1.192,-9629.034564305635
150,1.2,-8739.275730399731
151,1.208,-7872.736816364435
152,1.216,-7025.555913841565
153,1.224,-6197.053804617559
154,1.232,-5387.787951501836
155,1.24,-4596.740523576396
156,1.248,-3821.93465930031
157,1.256,-3064.6511946974206
158,1.264,-2330.758258291071
159,1.272,-1626.6524045947262
160,1.28,-955.3418823001175
161,1.288,-316.58361505168614
162,1.296,290.09958573819586
163,1.304,864.5170850263503
164,1.312,1408.3976611812595
165,1.32,1927.7310259385977
166,1.328,2431.59380506268
167,1.336,2927.1906932527236
168,1.344,3416.9477349004546
169,1.352,3900.8330799546384
170,1.36,4379.521500419331
171,1.368,4854.699596908486
172,1.376,5326.354139355681
173,1.384,5791.400023458077
174,1.392,6246.318949981872
175,1.4,6690.199177654755
176,1.408,7124.52825194879
177,1.416,7549.98413998914
178,1.424,7964.897473849766
179,1.432,8367.809320931716
180,1.44,8760.26500903243
181,1.448,9145.450699022564
182,1.456,9523.724501835894
183,1.464,9891.288651202203
184,1.472,10243.137103738985
185,1.48,10575.915068513745
186,1.488,10887.877117811588
187,1.496,11175.927709276653
188,1.504,11434.80932461329
189,1.512,11660.716447489822
190,1.52,11854.773050279317
191,1.528,12022.556954707134
192,1.536,12169.991920910492
193,1.544,12300.94537294654
194,1.552,12418.842543766845
195,1.56,12528.730948763226
196,1.568,12636.636701761377
197,1.576,12745.716227803816
198,1.584,12854.345118546877
199,1.592,12959.27750667502
200,1.6,13059.592255421054
201,1.608,13156.708198435783
202,1.616,13250.384839067721
203,1.624,13337.286265432233
204,1.632,13414.617035916997
205,1.64,13483.265120128819
206,1.648,13547.051955338722
207,1.656,13608.093458475187
208,1.664,13664.344338554067
209,1.672,13713.705263273498
210,1.68,13756.663609241908
211,1.688,13794.852965071917
212,1.696,13829.596445287043
213,1.704,13859.696514871948
214,1.712,13882.749597533282
215,1.72,13898.770852040047
216,1.728,13908.57752327063
217,1.736,13910.617882877828
218,1.744,13900.148150317818
219,1.752,13872.25520812793
220,1.76,13826.102797795327
221,1.768,13763.482256684318
222,1.776,13684.92847117709
223,1.784,13587.913217086809
224,1.792,13469.728620941896
225,1.8,13332.629598764835
226,1.808,13182.611883466614
227,1.816,13024.968180830909
228,1.824,12862.364558524792
229,1.832,12696.699928483178
230,1.84,12532.61115241781
231,1.848,12375.963149389025
232,1.856,12229.627830152252
233,1.864,12092.037052326328
234,1.872,11960.03284298184
235,1.88,11832.98839955647
236,1.888,11711.746908094115
237,1.896,11594.714525851376
238,1.904,11476.588641434799
239,1.912,11351.480393737034
240,1.92,11216.837643714902
241,1.928,11072.500050125285
242,1.936,10918.024189369104
243,1.944,10751.888288212554
244,1.952,10573.277911767424
245,1.96,10384.836187310046
246,1.968,10191.331254514715
247,1.976,9995.841981739166
248,1.984,9797.996313642883
249,1.992,9596.374996339087
250,2.0,9391.968292222233
251,2.008,9186.979510280025
252,2.016,8981.462890481402
253,2.024,8772.247610333081
254,2.032,8555.862489932957
255,2.04,8331.956133483805
256,2.048,8102.221857558279
257,2.056,7867.708997843481
258,2.064,7627.272784728714
259,2.072,7379.88763245463
260,2.08,7128.556252775837
261,2.088,6878.613633369517
262,2.096,6633.8794595025975
263,2.104,6394.986083061428
264,2.112,6161.5307794966475
265,2.12,5935.8368393909595
266,2.128,5721.455926893468
267,2.136,5519.452689865845
268,2.144,5327.1008768316115
269,2.152,5140.615689451219
270,2.16,4959.570469692559
271,2.168,4785.965105187937
272,2.176,4620.177381805039
273,2.184,4459.052739740717
274,2.192,4299.069898860935
275,2.2,4141.179338374355
276,2.208,3989.449905797076
277,2.216,3846.930587274159
278,2.224,3713.642312069401
279,2.232,3588.4948817700274
280,2.24,3472.8172300861884
281,2.248,3368.809527966665
282,2.256,3276.0286608769193
283,2.264,3189.9805451322227
284,2.272,3104.2297601352902
285,2.28,3014.8937011666562
286,2.288,2920.4919902668175
287,2.296,2818.629843202058
288,2.304,2704.980394551777
289,2.312,2576.144024585095
290,2.32,2433.431634077407
291,2.328,2281.5697310505116
292,2.336,2124.712203102744
293,2.344,1964.8278780943483
294,2.352,1803.9514852057987
295,2.36,1647.0497890927893
296,2.368,1500.1112942414757
297,2.376,1366.0800520247303
298,2.384,1243.1324144819566
299,2.392,1127.647697634934
300,2.4,1018.6551705829677
301,2.408,916.7002179834979
302,2.416,819.9571161056001
303,2.424,722.9961490623547
304,2.432,619.8107384375459
305,2.44,508.0712384651674
306,2.448,388.5841972513856
307,2.456,261.8818343984188
308,2.464,126.39297594833351
309,2.472,-19.25486872820045
310,2.48,-172.347892570946
311,2.488,-327.4467910868501
312,2.496,-480.9231040394409
313,2.504,-632.9675510430202
314,2.512,-784.508967932808
315,2.52,-932.8255483485136
316,2.528,-1072.8815451793093
317,2.536,-1201.4939480189337
318,2.544,-1318.8299960135457
319,2.552,-1425.6512543543386
320,2.56,-1519.7517508333049
321,2.568,-1597.544918092494
322,2.576,-1658.0514644827842
323,2.584,-1704.3381050260423
324,2.592,-1740.5725733342167
325,2.6,-1767.9918295107652
326,2.608,-1786.009541624387
327,2.616,-1795.9104947839814
328,2.624,-1802.27555595161
329,2.632,-1810.1189088695137
330,2.64,-1820.8417881895298
331,2.648,-1833.4054744492441
332,2.656,-1848.0840931050775
333,2.664,-1867.5884904917903
334,2.672,-1894.048602889733
335,2.68,-1925.8099767751082
336,2.688,-1959.5364551844978
337,2.696,-1993.5786668240935
338,2.704,-2028.5665328938771
339,2.712,-2064.929748379117
340,2.72,-2099.8524233229127
341,2.728,-2128.863857286521
342,2.736,-2149.8934676582157
343,2.744,-2165.1516604121425
344,2.752,-2178.4080390212403
345,2.76,-2190.907332349447
346,2.768,-2202.5226138967155
347,2.776,-2215.2860726076765
348,2.784,-2234.346510428185
349,2.792,-2264.515432704922
350,2.8,-2305.7430539333322
351,2.808,-2354.288256164446
352,2.816,-2406.6624256421615
353,2.824,-2461.2066695544286
354,2.832,-2516.0143756553853
355,2.84,-2566.0701151815447
356,2.848,-2604.8886972185696
357,2.856,-2628.173326178797
358,2.864,-2635.5912847449968
359,2.872,-2628.951573356118
360,2.88,-2609.2233932750714
361,2.888,-2578.174486503727
362,2.896,-2541.750311532448
363,2.904,-2510.363910618915
364,2.912,-2494.802592345224
365,2.92,-2501.135585400498
366,2.928,-2530.715339936846
367,2.936,-2583.1541878764333
368,2.944,-2657.944177557207
369,2.952,-2752.4799567727423
370,2.96,-2859.7902577626182
371,2.968,-2971.8113748117894
372,2.976,-3083.38701510515
373,2.984,-3193.600880910554
374,2.992,-3303.889834186375
375,3.0,-3411.890795780395
376,3.008,-3510.7649811557794
377,3.016,-3595.5509853807794
378,3.024,-3664.987078445911
379,3.032,-3718.2906132133426
380,3.04,-3752.7579914545304
381,3.048,-3764.6071584254464
382,3.056,-3752.7399693876555
383,3.064,-3720.0221877762147
384,3.072,-3670.1463124822612
385,3.08,-3604.4908820609176
386,3.088,-3522.874640371775
387,3.096,-3428.05749554968
388,3.104,-3327.304588584006
389,3.112,-3228.182018982046
390,3.12,-3134.68561650064
391,3.128,-3047.985411852823
392,3.136,-2969.8722917092746
393,3.144,-2903.2817157810364
394,3.152,-2848.640469615991
395,3.16,-2800.7971364105174
396,3.168,-2750.4296319684418
397,3.176,-2689.179091083723
398,3.184,-2612.4577171366986
399,3.192,-2517.775572248385
400,3.2,-2402.5297546125557
401,3.208,-2264.203785525346
402,3.216,-2103.1552195861286
403,3.224,-1922.5324573576172
404,3.232,-1724.4461662904578
405,3.24,-1509.9412162806645
406,3.248,-1280.9922762401977
407,3.256,-1040.222495390603
408,3.264,-791.2479530191472
409,3.272,-537.2347642368778
410,3.28,-277.9404868030573
411,3.288,-11.841837223006564
412,3.296,259.84151297987466
413,3.304,532.32623013094
414,3.312,797.9214493453558
415,3.32,1047.3745688255733
416,3.328,1272.2716019698285
417,3.336,1466.7710101589073
418,3.344,1626.7872788825562
419,3.352,1748.8811815697732
420,3.36,1830.5147416847092
421,3.368,1869.3067132710974
422,3.376,1862.0918279866155
423,3.384,1806.975040796317
424,3.392,1709.0300748832
425,3.4,1584.162132122115
426,3.408,1453.7161834396425
427,3.416,1334.5911016655016
428,3.424,1236.0636658070919
429,3.432,1163.484484758746
430,3.44,1121.4447489264542
431,3.448,1113.7726014933314
432,3.456,1140.8733710460826
433,3.464,1196.3256580361926
434,3.472,1268.1166806154474
435,3.48,1342.7980002459067
436,3.488,1407.2088067571674
437,3.496,1449.2829803016161
438,3.504,1458.736257749176
439,3.512,1429.3838873438347
440,3.52,1362.101483242456
441,3.528,1262.8476475837251
442,3.536,1139.4156921358478
443,3.544,1000.9150528232733
444,3.552,857.927700009812
445,3.56,721.3939197420095
446,3.568,598.8195795711621
447,3.576,490.70905827222555
448,3.584,390.91741831389015
449,3.592,291.49526307108454
450,3.6,187.42840395782468
451,3.608,76.2613786857662
452,3.616,-44.23943763003433
453,3.624,-177.63526030095193
454,3.632,-327.23149567982307
455,3.64,-490.8638733373043
456,3.648,-661.0920238135773
457,3.656,-830.7252924208801
458,3.664,-993.0843824803569
459,3.672,-1138.0753999623525
460,3.68,-1250.695231405543
461,3.688,-1312.107240021352
462,3.696,-1304.5826251497863
463,3.704,-1218.6217486514388
464,3.712,-1052.995843848011
465,3.72,-810.7897338701594
466,3.728,-500.95649618683774
467,3.736,-140.8307317726742
468,3.744,245.77549677556817
469,3.752,634.8392189159513
470,3.76,1009.330739319842
471,3.768,1360.5871952059933
472,3.776,1684.8743291766318
473,3.784,1980.3641285784083
474,3.792,2247.3282079566866
475,3.8,2490.184698997735
476,3.808,2715.70187915405
477,3.816,2927.6018929906263
478,3.824,3123.2426271158797
479,3.832,3295.95335262584
480,3.84,3439.9854471353483
481,3.848,3551.4116988752567
482,3.856,3625.896208539093
483,3.864,3658.9253930674085
484,3.872,3649.9015765851195
485,3.88,3605.552265506065
486,3.888,3538.166808419527
487,3.896,3459.9908142904083
488,3.904,3378.0163154971538
489,3.912,3295.223282340413
490,3.92,3215.8886019663096
491,3.928,3144.1777909057987
492,3.936,3077.838950237846
493,3.944,3006.494071358524
494,3.952,2916.26877710474
495,3.96,2795.815582783542
496,3.968,2638.4218736187695
497,3.976,2441.137561556104
498,3.984,2204.7327228006293
499,3.992,1935.7040938684604
500,4.0,1647.5879307613927
501,4.008,1357.6656505460592
502,4.016,1080.5771156588357
503,4.024,823.8858830643178
504,4.032,589.1072240956457
505,4.04,375.62928050150083
506,4.048,181.57492809661187
507,4.056,1.887033399476877
508,4.064,-172.0371521806934
509,4.072,-349.0993615930256
510,4.08,-534.5959981022963
511,4.088,-729.7043573410074
512,4.096,-933.5827873576827
513,4.104,-1144.7864331900896
514,4.112,-1358.8559842603113
515,4.12,-1565.897857947354
516,4.128,-1753.6804161709003
517,4.136,-1912.5172354290537
518,4.144,-2037.8241042109807
519,4.152,-2128.344292805544
520,4.16,-2182.6066901864087
521,4.168,-2199.7055349747498
522,4.176,-2182.1817962531436
523,4.184,-2136.9677941961463
524,4.192,-2072.433344389976
525,4.2,-1994.182255104532
526,4.208,-1905.900446783313
527,4.216,-1812.708038394595
528,4.224,-1722.233756237737
529,4.232,-1641.5121804202458
530,4.24,-1572.8125654101862
531,4.248,-1514.8607808214265
532,4.256,-1466.6067150941328
533,4.264,-1428.831070460013
534,4.272,-1401.9761576511562
535,4.28,-1382.4407236296922
536,4.288,-1363.8895289947413
537,4.296,-1341.793993157561
538,4.304,-1315.5404826702704
539,4.312,-1286.2471074027314
540,4.32,-1253.4014610165257
541,4.328,-1215.7970829533915
542,4.336,-1174.7736679476448
543,4.344,-1135.1404849030841
544,4.352,-1101.8825975632103
545,4.36,-1076.1335605035617
546,4.368,-1056.0306639039402
547,4.376,-1039.8117548357197
548,4.384,-1027.3271102442538
549,4.392,-1018.3593965465508
550,4.4,-1009.5912972548138
551,4.408,-995.8737879244252
552,4.416,-974.1984622581219
553,4.424,-945.3267257308705
554,4.432,-910.8889711556689
555,4.44,-869.6204476679533
556,4.448,-818.7799681940647
557,4.456,-757.8720543852038
558,4.464,-690.0172684617816
559,4.472,-619.4407947540664
560,4.48,-547.3996201779721
561,4.488,-472.5559191216395
562,4.496,-394.51529137577734
563,4.504,-315.4219709016441
564,4.512,-237.52534780419205
565,4.52,-159.85318466930408
566,4.528,-79.74598021407306
567,4.536,3.158378000519349
568,4.544,85.87425684026044
569,4.552,165.12781877958827
570,4.56,241.12350818336648
571,4.568,316.21578266755114
572,4.576,390.3933850579699
573,4.584,460.3120095522506
574,4.592,523.0866231645946
575,4.6,579.4607502265496
576,4.608,631.8682840095744
577,4.616,680.4668463395718
578,4.624,721.9770976368761
579,4.632,752.763171558042
580,4.64,772.5372668986589
581,4.648,783.5763331811153
582,4.656,787.3042317149606
583,4.664,782.9970526957446
584,4.672,770.1265319134744
585,4.68,751.2123323685104
586,4.688,730.8208501248246
587,4.696,712.2885491834516
588,4.704,696.3522657273497
589,4.712,683.4166513712781
590,4.72,676.4076247943105
591,4.728,679.3502371881018
592,4.736,693.3723190283287
593,4.744,715.0411954975407
594,4.752,739.0117344547112
595,4.76,761.9559987908397
596,4.768,782.53877226658
597,4.776,798.339068231583
598,4.784,804.7176153104277
599,4.792,797.6651010679915
600,4.8,776.9829007527763
601,4.808,745.1371171941863
602,4.816,703.5356068400268
603,4.824,651.0955294167014
604,4.832,587.3495069570356
605,4.84,516.1783060774022
606,4.848,444.39239567694256
607,4.856,377.0618709131842
608,4.864,315.1342329101403
609,4.872,257.5840307761435
610,4.88,204.7427869225919
611,4.888,157.70164464710524
612,4.896,115.3740078539937
613,4.904,74.05479375162093
614,4.912,31.010691602817133
615,4.92,-11.725702133810614
616,4.928,-48.52717929637441
617,4.936,-74.57404434829425
618,4.944,-88.19031072171856
619,4.952,-89.17843410018759
620,4.96,-76.57583408719006
621,4.968,-49.9564762859726
622,4.976,-12.296772727782695
623,4.984,29.66571204963634
624,4.992,68.7943915214039
625,5.0,101.04771910912746
626,5.008,124.59335114957912
627,5.016,136.50740916669577
628,5.024,131.34423895752593
629,5.032,103.59431465445448
630,5.04,51.413749774226744
631,5.048,-23.745377167007405
632,5.056,-120.55608834329337
633,5.064,-238.93606166839345
634,5.072,-376.97939348323723
635,5.08,-528.0920239946499
636,5.088,-683.1903854912334
637,5.096,-835.391809802026
638,5.104,-981.8719957581945
639,5.112,-1120.8809653572657
640,5.12,-1248.258754712318
641,5.128,-1358.6628824653403
642,5.136,-1449.1992581112888
643,5.144,-1521.042528338697
644,5.152,-1576.5363465517419
645,5.16,-1615.1329428336464
646,5.168,-1634.4106980016527
647,5.176,-1634.002521367892
648,5.184,-1617.2979811901318
649,5.192,-1588.7651382346874
650,5.2,-1550.1817464867895
651,5.208,-1501.2127437010272
652,5.216,-1442.2217664086727
653,5.224,-1375.229122427168
654,5.232,-1301.0581786164373
655,5.24,-1216.0165968018691
656,5.248,-1114.4211826387027
657,5.256,-993.6661936920871
658,5.264,-856.0816569284059
659,5.272,-706.2936933633463
660,5.28,-547.1709639165131
661,5.288,-380.4286973990338
662,5.296,-210.29487098000664
663,5.304,-44.463999530693116
664,5.312,109.38814440569902
665,5.32,247.64379306561534
666,5.328,369.63010500939964
667,5.336,473.5141240785652
668,5.344,554.8974391864012
669,5.352,609.6076534855315
670,5.36,637.1901875542179
671,5.368,640.4265474263005
672,5.376,621.918876846941
673,5.384,581.7969139404009
674,5.392,519.5440332879483
675,5.4,437.94326148332993
676,5.408,343.05692896124464
677,5.416,240.05959125133944
678,5.424,130.6315094973471
679,5.432,15.63099930373437
680,5.44,-101.56265543816056
681,5.448,-216.37165600236062
682,5.456,-326.17550506688656
683,5.464,-431.7029194041198
684,5.472,-534.2616304520218
685,5.48,-631.7392016672541
686,5.488,-719.3882239542679
687,5.496,-793.2994693201356
688,5.504,-852.6426270977397
689,5.512,-897.3498393367362
690,5.52,-923.9383399269456
691,5.528,-927.1443006465894
692,5.536,-904.4009943750715
693,5.544,-857.7852254639349
694,5.552,-791.6557998385684
695,5.56,-708.6673664768482
696,5.568,-610.3801796953247
697,5.576,-499.9948497724547
698,5.584,-382.8148222206187
699,5.592,-263.2193811325328
700,5.6,-141.16150799188335
701,5.608,-13.878954744519888
702,5.616,120.32882825057891
703,5.624,260.30984830456
704,5.632,403.6767932080944
705,5.64,550.4765254077488
706,5.648,702.2716096894198
707,5.656,858.1853167692155
708,5.664,1014.1415980021645
709,5.672,1166.2402896905392
710,5.68,1314.229488464514
711,5.688,1459.7326332907867
712,5.696,1601.9450554132743
713,5.704,1736.555886040248
714,5.712,1858.7378077616995
715,5.72,1966.6502431302129
716,5.728,2060.710605965636
717,5.736,2140.0158053470086
718,5.744,2201.1026068090723
719,5.752,2241.135633334311
720,5.76,2261.443330513537
721,5.768,2266.009898389223
722,5.776,2257.1995985113344
723,5.784,2234.285108974587
724,5.792,2196.480980089523
725,5.8,2146.0815943643647
726,5.808,2086.4326909753095
727,5.816,2017.5540252290302
728,5.824,1935.1742145992332
729,5.832,1834.713102538277
730,5.84,1715.8547709459401
731,5.848,1582.0439434725813
732,5.856,1436.9257642570924
733,5.864,1283.151335353041
734,5.872,1124.932867604431
735,5.88,970.5079173019692
736,5.888,830.0905524407071
737,5.896,711.4607458676546
738,5.904,617.8372354693834
739,5.912,549.6684096348823
740,5.92,507.52434151495856
741,5.928,491.3467936758616
742,5.936,496.9351539671344
743,5.944,514.9404527859355
744,5.952,534.9360622823531
745,5.96,550.1311247406998
746,5.968,557.1747443571982
747,5.976,553.2261000402106
748,5.984,535.2287034172159
749,5.992,502.9517646502776
750,6.0,461.87113929872044
751,6.008,420.63398045905865
752,6.016,385.46575330207327
753,6.024,357.48673724858986
754,6.032,335.2304407433584
755,6.04,318.54209397305294
756,6.048,308.39853778962924
757,6.056,304.1988461022621
758,6.064,303.3296427649316
759,6.072,304.41407238911415
760,6.08,310.20942517479284
761,6.088,325.3369104359774
762,6.096,351.4320432223733
763,6.104,385.3665699014898
764,6.112,422.3527580961397
765,6.12,459.7498684792736
766,6.128,496.51592528941046
767,6.136,530.2123499313959
768,6.144,556.0197151398716
769,6.152,569.8939673666096
770,6.16,572.5106468995843
771,6.168,567.8742695388278
772,6.176,558.3436376687473
773,6.184,542.313643524941
774,6.192,516.9935196839529
775,6.2,482.3744121953273
776,6.208,440.6416454554285
777,6.216,392.6827614793301
778,6.224,336.83983240260136
779,6.232,271.4231245970327
780,6.24,197.69159658968738
781,6.248,118.8053831266052
782,6.256,36.3172760423588
783,6.264,-50.72151152392303
784,6.272,-142.56485912337598
785,6.28,-236.02462886038165
786,6.288,-326.509375975937
787,6.296,-412.3093247122547
788,6.304,-496.5264197837769
789,6.312,-584.1345136302143
790,6.32,-677.4222729374865
791,6.328,-776.1323107287881
792,6.336,-881.1503788925434
793,6.344,-996.0199262708875
794,6.352,-1123.290021241418
795,6.36,-1259.7713169912686
796,6.368,-1397.5361200270286
797,6.376,-1528.798316533297
798,6.384,-1648.4803157391152
799,6.392,-1752.355595601376
800,6.4,-1834.56601514448
801,6.408,-1889.531049209495
802,6.416,-1915.8698024966543
803,6.424,-1917.2135166164128
804,6.432,-1898.9255589608179
805,6.44,-1864.5127349208942
806,6.448,-1816.0915349706952
807,6.456,-1757.3948869120827
808,6.464,-1694.9571763773158
809,6.472,-1635.0792041294437
810,6.48,-1580.093211560844
811,6.488,-1529.4345307630135
812,6.496,-1483.2427978044402
813,6.504,-1443.7413538936128
814,6.512,-1413.133910159867
815,6.52,-1390.752352419834
816,6.528,-1373.8870975790144
817,6.536,-1361.11822014482
818,6.544,-1353.6651515331075
819,6.552,-1352.4162389684852
820,6.56,-1353.8860587605407
821,6.568,-1351.3575996643344
822,6.576,-1339.9053280455896
823,6.584,-1318.6895865220486
824,6.592,-1288.3508230159564
825,6.6,-1248.2841885958003
826,6.608,-1198.2863932763637
827,6.616,-1141.7908947901863
828,6.624,-1086.3010110017092
829,6.632,-1039.6310203550925
830,6.64,-1005.3519373301515
831,6.648,-982.8151117341042
832,6.656,-970.4509524397631
833,6.664,-967.3695976613576
834,6.672,-971.1558990866838
835,6.68,-975.2830664093174
836,6.688,-971.2986022439279
837,6.696,-953.7385879116614
838,6.704,-922.0734194824086
839,6.712,-877.9450374092742
840,6.72,-821.9061227302379
841,6.728,-754.4219528713584
842,6.736,-678.8286631021292
843,6.744,-601.8047216024192
844,6.752,-530.1205634928032
845,6.76,-466.58380966569734
846,6.768,-410.12427826837506
847,6.776,-359.4865180715203
848,6.784,-315.38744965658395
849,6.792,-278.3173552538028
850,6.8,-245.70541937663916
851,6.808,-213.33584614955885
852,6.816,-179.03922812701535
853,6.824,-144.1115628651171
854,6.832,-110.44277696254107
855,6.84,-76.90514527679181
856,6.848,-40.38950257457486
857,6.856,0.5401188332693891
858,6.864,44.209000089932374
859,6.872,88.11237976821513
860,6.88,131.9082245882513
861,6.888,176.6154625819819
862,6.896,221.47217069314217
863,6.904,262.91768975420996
864,6.912,297.49692553596066
865,6.92,325.08740891034097
866,6.928,347.4504901330565
867,6.936,364.4641334152721
868,6.944,373.16780686620484
869,6.952,370.8760463008109
870,6.96,358.41646430340074
871,6.968,338.75832893158014
872,6.976,313.3849951037788
873,6.984,281.2187699073249
874,6.992,241.33368972604546
875,7.0,196.10932012966254
876,7.008,150.22472216769646
877,7.016,106.78226492072648
878,7.024,65.31252041032047
879,7.032,24.410523134301314
880,7.04,-14.426373101787647
881,7.048,-47.69174274892475
882,7.056,-73.6279182000188
883,7.064,-93.55249947715055
884,7.072,-109.26087559304217
885,7.08,-119.63174815474464
886,7.088,-121.335574553732
887,7.096,-112.76912337742061
888,7.104,-95.74067332319137
889,7.112,-72.44915589082333
890,7.12,-42.2541185376969
891,7.128,-3.1457715351126296
892,7.136,44.523523972016854
893,7.144,96.54583054983195
894,7.152,147.62535707792608
895,7.16,195.3257600789018
896,7.168,239.73114420055464
897,7.176,280.24428635895714
898,7.184,314.25347074563933
899,7.192,339.39704311790956
900,7.2,356.334238863482
901,7.208,367.4326029697017
902,7.216,373.1458583016814
903,7.224,370.8377152604106
904,7.232,357.87951771247344
905,7.24,335.4449398134386
906,7.248,307.5946705859682
907,7.256,277.28495315144977
908,7.264,244.575454770105
909,7.272,209.16140516599376
910,7.28,173.61962032199557
911,7.288,141.98931292055204
912,7.296,115.71667130098169
913,7.304,92.66511873672789
914,7.312,70.6607016550071
915,7.32,51.12499044086235
916,7.328,37.61289095145395
917,7.336,31.306457543545207
918,7.344,29.27013155744976
919,7.352,27.73089615637491
920,7.36,25.932622725732188
921,7.368,25.208749249861626
922,7.376,25.629347435591797
923,7.384,25.155069973810896
924,7.392,22.550368633900803
925,7.4,20.124665994410975
926,7.408,21.883776585572775
927,7.416,29.75915787797709
928,7.424,42.35963501465477
929,7.432,57.51971609007819
930,7.44,75.76653396806955
931,7.448,99.6495176952833
932,7.456,130.0746790195916
933,7.464,164.94584613504577
934,7.472,201.98458565042336
935,7.48,241.7552984697727
936,7.488,286.465410970877
937,7.496,336.50436519141397
938,7.504,388.92076930004106
939,7.512,439.7704170521293
940,7.52,487.1796378876298
941,7.528,530.2709392680999
942,7.536,566.2297575443419
943,7.544,590.081818273
944,7.552,598.0191142834939
945,7.56,590.7909442122896
946,7.568,572.4861621795814
947,7.576,546.4879231351646
948,7.584,513.8527452976991
949,7.592,475.934024889105
950,7.6,437.25092647215104
951,7.608,403.81299617554816
952,7.616,379.193026468553
953,7.624,363.0653901159325
954,7.632,353.68909419175515
955,7.64,351.1326129608849
956,7.648,356.4857850750806
957,7.656,368.37129411726664
958,7.664,381.5310833521151
959,7.672,389.9179330879083
960,7.68,390.8592250081246
961,7.688,384.4626359741778
962,7.696,370.04481492472763
963,7.704,345.4115795533349
964,7.712,310.08504241388897
965,7.72,267.77103555376925
966,7.728,224.09856821127244
967,7.736,182.64161237930745
968,7.744,143.7816930967839
969,7.752,107.52060033319924
970,7.76,76.66103470287192
971,7.768,55.602605964667134
972,7.776,46.33235558438844
973,7.784,46.79178417639787
974,7.792,54.264041528110056
975,7.8,69.49643805411392
976,7.808,95.34858101347231
977,7.816,132.49290370271768
978,7.824,178.15060577217855
979,7.832,229.38047285915292
980,7.84,286.4577800341067
981,7.848,351.05975639793365
982,7.856,421.87457978248347
983,7.864,493.368807986315
984,7.872,559.3937153162929
985,7.88,617.3129961017735
986,7.888,667.2894658174788
987,7.896,708.7900528733454
988,7.904,739.0159191321729
989,7.912,755.069619987782
990,7.92,757.1066449710409
991,7.928,747.3442194043935
992,7.936,726.1827821009749
993,7.944,690.9398192686438
994,7.952,639.2749742435282
995,7.96,573.0372710273781
996,7.968,497.35543154886284
997,7.976,416.8283946738113
998,7.984,333.4430414117985
999,7.992,248.49023908373533
1000,8.0,165.62424877665364
1001,8.008,90.00794826406792
1002,8.016,24.833861573054833
1003,8.024,-30.460288513332088
1004,8.032,-77.91549715682042
1005,8.04,-117.20579474199438
1006,8.048,-145.9895698734914
1007,8.056,-163.65236653596054
1008,8.064,-172.95797012638818
1009,8.072,-177.43919286365437
1010,8.08,-178.19877681222746
1011,8.088,-174.71719488053904
1012,8.096,-167.97987856155703
1013,8.104,-161.68143698205026
1014,8.112,-159.39036787751414
1015,8.12,-160.65558155454804
1016,8.128,-161.5803416856281
1017,8.136,-158.5933324657853
1018,8.144,-150.115831395187
1019,8.152,-134.18192393013263
1020,8.16,-106.10988172357247
1021,8.168,-61.00567810556308
1022,8.176,1.7082476749179563
1023,8.184,76.99053479914342
1024,8.192,157.75733664455225
1025,8.2,239.49531383465435
1026,8.208,320.1637570463911
1027,8.216,396.73836079773366
1028,8.224,463.75605103979643
1029,8.232,516.3863327623801
1030,8.24,554.3842798091298
1031,8.248,581.0262303439296
1032,8.256,598.7086276951894
1033,8.264,607.0181566284137
1034,8.272,605.4210720740417
1035,8.28,596.5259415537663
1036,8.288,584.6407305842152
1037,8.296,571.620537638416
1038,8.304,555.0771333652947
1039,8.312,530.9938348510665
1040,8.32,497.639883705505
1041,8.328,455.52288946629744
1042,8.336,404.31772914772466
1043,8.344,341.54966465566696
1044,8.352,265.32570951131595
1045,8.36,177.83405189769894
1046,8.368,84.4207485282322
1047,8.376,-10.260314563868064
1048,8.384,-104.09135103477422
1049,8.392,-195.55094296808744
1050,8.4,-281.28973145724717
1051,8.408,-357.4339953024793
1052,8.416,-422.78698644139723
1053,8.424,-479.56695089953706
1054,8.432,-530.0200888558198
1055,8.44,-572.6950212804115
1056,8.448,-603.5306624741925
1057,8.456,-619.5605442072118
1058,8.464,-620.5887198400695
1059,8.472,-607.588878636212
1060,8.48,-580.1297476540078
1061,8.488,-536.865198696623
1062,8.496,-478.7565444165069
1063,8.504,-410.5489357016213
1064,8.512,-337.4338442207027
1065,8.52,-260.9137084504707
1066,8.528,-179.96638690818958
1067,8.536,-95.00586218428447
1068,8.544,-9.129251263347214
1069,8.552,74.46325524276654
1070,8.56,155.44714561596027
1071,8.568,235.38341466678884
1072,8.576,313.91344331335836
1073,8.584,386.8320399534082
1074,8.592,448.8219910083659
1075,8.6,497.33308532594833
1076,8.608,531.9421151840111
1077,8.616,551.062292631289
1078,8.624,551.2072803716973
1079,8.632,530.3637363469153
1080,8.64,491.32370154748526
1081,8.648,440.0563466878667
1082,8.656,381.38459541198677
1083,8.664,316.85404767164266
1084,8.672,247.1121615687889
1085,8.68,175.50790590581244
1086,8.688,106.85552506930264
1087,8.696,43.10550048306902
1088,8.704,-18.032348667829524
1089,8.712,-79.66179209408301
1090,8.72,-141.94485742302334
1091,8.728,-203.10267402480633
1092,8.736,-262.6919008177315
1093,8.744,-322.46803788041507
1094,8.752,-383.5811246504426
1095,8.76,-443.48728368324873
1096,8.768,-497.4266142794188
1097,8.776,-542.6692079752565
1098,8.784,-580.1694061384844
1099,8.792,-611.4511641733284
1100,8.8,-635.1536543675845
1101,8.808,-648.7877167466675
1102,8.816,-652.7842566319508
1103,8.824,-651.2904216379173
1104,8.832,-648.3710122892253
1105,8.84,-644.0752033258063
1106,8.848,-635.7802792868093
1107,8.856,-622.1983260900174
1108,8.864,-604.9135147376437
1109,8.872,-585.6791890389809
1110,8.88,-562.6952831019693
1111,8.888,-531.5581542864226
1112,8.896,-489.44090505352403
1113,8.904,-437.00240133692307
1114,8.912,-376.0152349661332
1115,8.92,-306.3636121994217
1116,8.928,-227.4271091243478
1117,8.936,-141.8183387231627
1118,8.944,-56.300056516292784
1119,8.952,21.91935459329443
1120,8.96,89.63040587905618
1121,8.968,147.01346320730192
1122,8.976,193.34022871216052
1123,8.984,224.70670683547132
1124,8.992,236.759477269861
1125,9.0,228.7701365700732
1126,9.008,202.93980027901955
1127,9.016,160.64425327282697
1128,9.024,101.2894445030123
1129,9.032,25.38486349353161
1130,9.04,-61.96001383828002
1131,9.048,-152.19825610906537
1132,9.056,-238.01130933280388
1133,9.064,-316.19332266403364
1134,9.072,-385.8605962240049
1135,9.08,-445.1818036686494
1136,9.088,-492.06434247378775
1137,9.096,-527.7159923856348
1138,9.104,-557.536038672734
1139,9.112,-586.8947412107736
1140,9.12,-616.8221360807771
1141,9.128,-645.2936561386921
1142,9.136,-671.1438996676014
1143,9.144,-695.1469629725725
1144,9.152,-716.8787738679159
1145,9.16,-731.8230204262838
1146,9.168,-733.8909643918502
1147,9.176,-720.1836129741072
1148,9.184,-692.517137633934
1149,9.192,-654.6827221016061
1150,9.2,-609.2180128240005
1151,9.208,-558.1944529254482
1152,9.216,-505.99434675610587
1153,9.224,-459.79685950463875
1154,9.232,-426.1603529161358
1155,9.24,-406.69070163868196
1156,9.248,-398.5645113269963
1157,9.256,-398.76678529669863
1158,9.264,-405.9154779661986
1159,9.272,-417.68491673503297
1160,9.28,-428.407963620832
1161,9.288,-431.41914965912275
1162,9.296,-423.2513612356731
1163,9.304,-404.7639406737501
1164,9.312,-378.1970414561434
1165,9.32,-343.8329485201629
1166,9.328,-300.611612005588
1167,9.336,-249.0083776191738
1168,9.344,-191.88920868739535
1169,9.352,-131.76718737637287
1170,9.36,-67.9380833440267
1171,9.368,1.7668628147479524
1172,9.376,76.92898321167583
1173,9.384,153.72369709343684
1174,9.392,228.52367456113632
1175,9.4,300.88668940150126
1176,9.408,371.2298992492406
1177,9.416,436.2717815185652
1178,9.424,487.58007709676747
1179,9.432,515.3331974740111
1180,9.44,513.2375262365593
1181,9.448,478.70994375196034
1182,9.456,410.4226090398142
1183,9.464,307.8344950795879
1184,9.472,173.84590227369705
1185,9.48,17.60743034814999
1186,9.488,-147.33704926528455
1187,9.496,-308.1390698837665
1188,9.504,-455.50196494947505
1189,9.512,-582.0214696631984
1190,9.52,-679.9819437561348
1191,9.528,-743.5693495940344
1192,9.536,-773.270845769689
1193,9.544,-777.1517070866331
1194,9.552,-766.2493955017001
1195,9.56,-748.4231776193043
1196,9.568,-727.7537155778152
1197,9.576,-707.8742102436108
1198,9.584,-693.7520191080399
1199,9.592,-689.2356814671065
1200,9.6,-693.4128768874468
1201,9.608,-701.7695989892582
1202,9.616,-710.3284378710703
1203,9.624,-717.3251676818267
1204,9.632,-721.0113011072345
1205,9.64,-716.9908626779824
1206,9.648,-699.5204529474548
1207,9.656,-665.0662195781584
1208,9.664,-613.6144051122448
1209,9.672,-545.7426447961238
1210,9.68,-459.34165507530133
1211,9.688,-351.5787555491553
1212,9.696,-223.47964524045392
1213,9.704,-81.6607820770771
1214,9.712,64.72448144505665
1215,9.72,208.69699317534173
1216,9.728,346.1118401978207
1217,9.736,472.92687214986415
1218,9.744,583.9534764136033
1219,9.752,675.7337132693792
1220,9.76,750.0578033623473
1221,9.768,812.4543176669849
1222,9.776,867.5529507951048
1223,9.784,916.4722532313584
1224,9.792,958.5602939996279
1225,9.8,994.6568765183863
1226,9.808,1026.5315448433657
1227,9.816,1053.8119031269575
1228,9.824,1073.1689407201166
1229,9.832,1081.3935765461404
1230,9.84,1078.7723847352265
1231,9.848,1067.9069859524961
1232,9.856,1050.0455282217536
1233,9.864,1023.7680613087002
1234,9.872,987.7409971361437
1235,9.88,944.004048127947
1236,9.888,896.5899674188449
1237,9.896,847.2254695278457
1238,9.904,793.4314425664076
1239,9.912,731.6752621767434
1240,9.92,661.7838070883869
1241,9.928,586.3942913770815
1242,9.936,507.1936958023392
1243,9.944,423.24751531262757
1244,9.952,333.53218100555773
1245,9.96,240.52970007032718
1246,9.968,149.32433772147783
1247,9.976,63.46506140978477
1248,9.984,-16.84733425549871
1249,9.992,-91.80615984070425
1250,10.0,-158.29872457868203
1251,10.008,-211.0538091628265
1252,10.016,-246.83775563583413
1253,10.024,-266.66985952240475
1254,10.032,-273.3906208971882
1255,10.04,-267.5657992365823
1256,10.048,-247.7654637955187
1257,10.056,-214.12801344248055
1258,10.064,-169.6810670003739
1259,10.072,-117.07099506499617
1260,10.08,-55.1306763402622
1261,10.088,19.027511211316778
1262,10.096,105.32158536656345
1263,10.104,199.0694944929088
1264,10.112,294.14712028615475
1265,10.12,387.22292465966507
1266,10.128,477.4338705194143
1267,10.136,563.0964949334582
1268,10.144,640.4656117258231
1269,10.152,706.4241953983958
1270,10.16,761.7714320808216
1271,10.168,810.0436483778443
1272,10.176,853.42783047278
1273,10.184,890.4862118298928
1274,10.192,918.1545522994566
1275,10.2,935.4149375299322
1276,10.208,943.1448409394872
1277,10.216,940.8537544633544
1278,10.224,925.2510702854296
1279,10.232,893.4056081296552
1280,10.24,846.8455288081221
1281,10.248,790.411011962251
1282,10.256,727.8575079616951
1283,10.264,660.1139498682768
1284,10.272,587.9333025450098
1285,10.28,515.0168058984453
1286,10.288,446.76011254514447
1287,10.296,386.5936460337406
1288,10.304,334.4256273979049
1289,10.312,289.087030361264
1290,10.32,252.1838295672249
1291,10.328,227.4949106919741
1292,10.336,216.33775301179895
1293,10.344,215.40385766286082
1294,10.352,220.09617302268052
1295,10.36,228.66848631797725
1296,10.368,241.6811213427257
1297,10.376,258.56168688031573
1298,10.384,276.0490772598949
1299,10.392,290.92773496844256
1300,10.4,303.6981066952878
1301,10.408,317.4157403693913
1302,10.416,333.0902583141743
1303,10.424,347.64239183816125
1304,10.432,357.25858194439985
1305,10.44,361.4496117561381
1306,10.448,362.0481665329684
1307,10.456,359.82397696310676
1308,10.464,353.42819094691663
1309,10.472,342.2764814785093
1310,10.48,330.11004796242963
1311,10.488,323.19516636984014
1312,10.496,324.9018323417657
1313,10.504,333.3239000091453
1314,10.512,344.42184520105377
1315,10.52,356.24645456926686
1316,10.528,368.61720682361914
1317,10.536,379.9020819617437
1318,10.544,385.73860752512087
1319,10.552,382.1793615229098
1320,10.56,369.49283733248757
1321,10.568,350.5341860001067
1322,10.576,326.3439849848556
1323,10.584,294.86349083284534
1324,10.592,253.99581576407564
1325,10.6,205.14242556214413
1326,10.608,152.33083812382415
1327,10.616,98.48282530482243
1328,10.624,43.62757592728923
1329,10.632,-12.342746088489264
1330,10.64,-65.98010196996745
1331,10.648,-111.91486754840497
1332,10.656,-147.68850110375104
1333,10.664,-175.71012063907375
1334,10.672,-200.41319964968397
1335,10.68,-224.4255249162601
1336,10.688,-249.1508770822586
1337,10.696,-278.0573717905013
1338,10.704,-317.54964362992234
1339,10.712,-373.6525716562361
1340,10.72,-447.82532799058777
1341,10.728,-537.139853408529
1342,10.736,-637.9054084197355
1343,10.744,-747.4857722956194
1344,10.752,-861.9454362983867
1345,10.76,-973.5163851692483
1346,10.768,-1072.484398975687
1347,10.776,-1151.3667801039019
1348,10.784,-1207.247173510415
1349,10.792,-1239.806729967726
1350,10.8,-1247.6987780002603
1351,10.808,-1229.3544197648048
1352,10.816,-1186.815596477349
1353,10.824,-1126.7884312337162
1354,10.832,-1056.9577947601963
1355,10.84,-981.3611970667537
1356,10.848,-900.502477563824
1357,10.856,-815.2962340329746
1358,10.864,-729.1909020252835
1359,10.872,-645.4243232044258
1360,10.88,-563.5269221444379
1361,10.888,-480.93016816805243
1362,10.896,-397.21833522383895
1363,10.904,-315.415278571459
1364,10.912,-239.01446621819923
1365,10.92,-168.63778993047646
1366,10.928,-102.83484216959573
1367,10.936,-41.41178303983503
1368,10.944,12.900174430167567
1369,10.952,56.7184260882253
1370,10.96,89.50939482420841
1371,10.968,112.92696571527682
1372,10.976,127.35844793229006
1373,10.984,130.84666572429123
1374,10.992,121.96042307982864
1375,11.0,102.83911012811251
1376,11.008,78.0264406596674
1377,11.016,50.94582735064921
1378,11.024,22.291237516371723
1379,11.032,-7.774397570994267
1380,11.04,-36.838850166331554
1381,11.048,-61.77408208355445
1382,11.056,-82.46619251524294
1383,11.064,-102.66691198648846
1384,11.072,-126.28953658510659
1385,11.08,-153.28171569406555
1386,11.088,-180.71125605970875
1387,11.096,-206.8878130790872
1388,11.104,-232.85725354091016
1389,11.112,-259.40805195160283
1390,11.12,-283.7577204815784
1391,11.128,-301.13629478555856
1392,11.136,-308.84911249469343
1393,11.144,-307.7652336598069
1394,11.152,-299.6831225329505
1395,11.16,-284.0016644626335
1396,11.168,-258.6384154730949
1397,11.176,-223.73344541035465
1398,11.184,-183.1563304548678
1399,11.192,-141.1898697453167
1400,11.2,-98.55093989525986
1401,11.208,-53.74730663139411
1402,11.216,-6.9611562851851545
1403,11.224,38.7618669207327
1404,11.232,80.31976468331973
1405,11.24,118.02039452377414
1406,11.248,154.49241806260306
1407,11.256,190.93993885015936
1408,11.264,225.87932276670313
1409,11.272,257.79172316810434
1410,11.28,288.2129246719526
1411,11.288,320.4313105218482
1412,11.296,355.46099055454147
1413,11.304,390.3002401724072
1414,11.312,420.6778980801488
1415,11.32,444.9461503751981
1416,11.328,463.6427218700139
1417,11.336,475.88613310786445
1418,11.344,478.0595004488341
1419,11.352,467.420752675956
1420,11.36,445.9209108668125
1421,11.368,418.4500054258387
1422,11.376,388.63609453101856
1423,11.384,357.19351741108215
1424,11.392,324.1212139940723
1425,11.4,291.850023669284
1426,11.408,264.30772998010787
1427,11.416,243.18984362834016
1428,11.424,226.45181840740082
1429,11.432,211.28435383464517
1430,11.44,197.79850924135349
1431,11.448,187.8389505948328
1432,11.456,181.08628028563447
1433,11.464,173.57331675492037
1434,11.472,160.37331214504275
1435,11.48,139.22769196499632
1436,11.488,109.88246700142867
1437,11.496,70.76594252051046
1438,11.504,18.221458380046784
1439,11.512,-50.12821636627888
1440,11.52,-131.97214200833446
1441,11.528,-221.6129468325476
1442,11.536,-313.759322514075
1443,11.544,-405.28423023850394
1444,11.552,-493.10022701862044
1445,11.56,-571.3257784881184
1446,11.568,-632.9392546124941
1447,11.576,-673.9013611044512
1448,11.584,-694.6081383840035
1449,11.592,-697.084443637219
1450,11.6,-681.5083115014781
1451,11.608,-647.3291473096809
1452,11.616,-597.1651099332315
1453,11.624,-537.8584732386897
1454,11.632,-476.84126084319394
1455,11.64,-418.05988300501565
1456,11.648,-362.66862687069465
1457,11.656,-312.7841745433045
1458,11.664,-273.1312765332489
1459,11.672,-247.63684463459737
1460,11.68,-235.01879401202802
1461,11.688,-229.92209089240563
1462,11.696,-227.43635839422615
1463,11.704,-225.57897126808817
1464,11.712,-223.78659402636927
1465,11.72,-219.93196807478725
1466,11.728,-210.817690270075
1467,11.736,-195.60466718998333
1468,11.744,-177.5998640628441
1469,11.752,-161.64414969972563
1470,11.76,-150.47752094906753
1471,11.768,-145.44424666096742
1472,11.776,-149.35943040970702
1473,11.784,-166.97983275377084
1474,11.792,-201.82692687996996
1475,11.8,-252.61068306066693
1476,11.808,-314.2276806879112
1477,11.816,-381.704802527157
1478,11.824,-452.1239549166275
1479,11.832,-522.356190977994
1480,11.84,-586.1632301111702
1481,11.848,-636.1421195699149
1482,11.856,-668.383539926884
1483,11.864,-684.3171265949456
1484,11.872,-687.7298075959214
1485,11.88,-680.8072117422579
1486,11.888,-664.5824404262116
1487,11.896,-641.704765031238
1488,11.904,-616.8920306457392
1489,11.912,-593.880979252269
1490,11.92,-572.0297707914992
1491,11.928,-547.2113941421425
1492,11.936,-515.7065045193685
1493,11.944,-476.5080143801712
1494,11.952,-429.397772501071
1495,11.96,-371.8490380930946
1496,11.968,-300.3849571901186
1497,11.976,-214.68649744292935
1498,11.984,-119.05753819946722
1499,11.992,-19.293840951652157
1500,12.0,81.17012962909303
1501,12.008,180.72583840163327
1502,12.016,276.5206661107048
1503,12.024,363.451687542723
1504,12.032,437.2420790411237
1505,12.04,497.80416312498284
1506,12.048,547.7286213044415
1507,12.056,588.718761709752
1508,12.064,620.3388714943363
1509,12.072,642.4973158636219
1510,12.08,658.8890569807136
1511,12.088,675.5583644075563
1512,12.096,696.1613629707874
1513,12.104,719.8338492830627
1514,12.112,743.6551332441703
1515,12.12,766.1222453426524
1516,12.128,786.6786024116706
1517,12.136,802.9630338699587
1518,12.144,810.3024171861877
1519,12.152,805.0194799798818
1520,12.16,787.9794695371272
1521,12.168,763.4014368942461
1522,12.176,734.9289830025875
1523,12.184,703.7551491292065
1524,12.192,670.6308854861196
1525,12.2,638.4931888222849
1526,12.208,611.0175995104564
1527,12.216,589.1695032820998
1528,12.224,570.119406264171
1529,12.232,550.0162376241798
1530,12.24,527.3649803172833
1531,12.248,501.99958276120844
1532,12.256,471.59883443109675
1533,12.264,430.74681803956145
1534,12.272,374.4386638054704
1535,12.28,302.23279243018743
1536,12.288,217.42697568206864
1537,12.296,123.4342855715617
1538,12.304,22.40528014672782
1539,12.312,-82.63314937636366
1540,12.32,-185.2787563390677
1541,12.328,-277.23256546392736
1542,12.336,-352.2165068139774
1543,12.344,-408.08112392732096
1544,12.352,-444.820667924334
1545,12.36,-461.13058578754567
1546,12.368,-454.9945385136814
1547,12.376,-427.26510756304464
1548,12.384,-382.973679618523
1549,12.392,-328.04062630295243
1550,12.4,-265.3981587175903
1551,12.408,-195.93332360550568
1552,12.416,-122.06767122923912
1553,12.424,-49.08263826761032
1554,12.432,17.651603820232253
1555,12.44,76.28919941256686
1556,12.448,127.58331706107586
1557,12.456,170.96334351142917
1558,12.464,202.99331765649956
1559,12.472,220.491111431858
1560,12.48,224.23827406162118
1561,12.488,217.77573118275427
1562,12.496,203.4673951246359
1563,12.504,180.69863671037638
1564,12.512,148.38194591828395
1565,12.52,108.67113806791554
1566,12.528,65.94967406968232
1567,12.536,22.632411746930075
1568,12.544,-22.563013402808338
1569,12.552,-71.71901188996938
1570,12.56,-123.97534974271903
1571,12.568,-176.51092128385335
1572,12.576,-228.34430750042776
1573,12.584,-281.65355463639474
1574,12.592,-338.8382327000337
1575,12.6,-398.7934912534499
1576,12.608,-457.6105991076912
1577,12.616,-512.3940201936684
1578,12.624,-562.9780369799454
1579,12.632,-609.2428663042708
1580,12.64,-647.9309678137355
1581,12.648,-673.896407649281
1582,12.656,-683.6682187484181
1583,12.664,-677.204236652185
1584,12.672,-655.963163671798
1585,12.68,-619.7389814501151
1586,12.688,-567.325530185159
1587,12.696,-499.80793945471555
1588,12.704,-421.7161576184013
1589,12.712,-338.08392976572316
1590,12.72,-251.07251376035055
1591,12.728,-161.31205221546065
1592,12.736,-71.50693076128573
1593,12.744,12.921696790670524
1594,12.752,87.45492200017179
1595,12.76,152.27339931792136
1596,12.768,210.86217875146508
1597,12.776,265.6215279499223
1598,12.784,316.10449177254816
1599,12.792,361.71060091782795
1600,12.8,405.0234755950173
1601,12.808,450.6456654434086
1602,12.816,501.2701207832181
1603,12.824,556.145868225559
1604,12.832,613.9017730483731
1605,12.84,675.6267192187901
1606,12.848,743.2649533266103
1607,12.856,815.9085172526717
1608,12.864,888.6597643855266
1609,12.872,955.5910882596834
1610,12.88,1013.4076468280086
1611,12.888,1060.6876872777882
1612,12.896,1094.5652299819913
1613,12.904,1109.732244268655
1614,12.912,1101.6330907957565
1615,12.92,1070.29959582059
1616,12.928,1019.5091374490842
1617,12.936,952.7440901508269
1618,12.944,870.5979225410553
1619,12.952,772.6913902698014
1620,12.96,661.303212390785
1621,12.968,540.3340586828773
1622,12.976,411.47656422332955
1623,12.984,273.38522996719337
1624,12.992,125.21823797870792
1625,13.0,-29.539611061107962
1626,13.008,-184.05883677412376
1627,13.016,-332.01749941736887
1628,13.024,-469.5309565738823
1629,13.032,-592.9692922096821
1630,13.04,-695.6980086983285
1631,13.048,-769.5906033225368
1632,13.056,-809.9426592048542
1633,13.064,-817.870593966251
1634,13.072,-797.6809571323514
1635,13.08,-753.0317332647792
1636,13.088,-687.3010018380394
1637,13.096,-606.491156793492
1638,13.104,-519.7877801459339
1639,13.112,-435.8312704760691
1640,13.12,-358.55918193302756
1641,13.128,-288.01293248885736
1642,13.136,-224.10756596450904
1643,13.144,-168.4484443298473
1644,13.152,-122.12446141721585
1645,13.16,-82.84673433541053
1646,13.168,-46.596440019761474
1647,13.176,-11.445344152947143
1648,13.184,21.275037432330464
1649,13.192,49.58670125234079
1650,13.2,73.99606440797922
1651,13.208,96.94207465111583
1652,13.216,119.83275263119279
1653,13.224,141.0053338719959
1654,13.232,157.62383151202647
1655,13.24,169.6962259062581
1656,13.248,179.5997559856899
1657,13.256,188.19213670182054
1658,13.264,193.43664400364526
1659,13.272,193.15054968198493
1660,13.28,188.1795300662671
1661,13.288,181.6088441730188
1662,13.296,175.5794871523537
1663,13.304,169.8328202542333
1664,13.312,164.12359781281094
1665,13.32,161.24693975833665
1666,13.328,165.347327096468
1667,13.336,177.75576277891864
1668,13.344,195.5054139385708
1669,13.352,214.23841586290195
1670,13.36,232.1382960644503
1671,13.368,249.52789200530597
1672,13.376,265.2682382633499
1673,13.384,275.2081549767712
1674,13.392,275.6032670481934
1675,13.4,267.1173185832849
1676,13.408,253.41454153119395
1677,13.416,237.23420443494103
1678,13.424,218.66949379768712
1679,13.432,197.24046294285418
1680,13.44,174.97654881089107
1681,13.448,155.18610436130308
1682,13.456,138.7486445703588
1683,13.464,122.73694008583553
1684,13.472,103.04982368260897
1685,13.48,77.99305779207201
1686,13.488,47.64009731371175
1687,13.496,10.629318879321389
1688,13.504,-36.85577883118526
1689,13.512,-97.89882070580487
1690,13.52,-170.86635198591267
1691,13.528,-250.55793492463562
1692,13.536,-332.5371193631363
1693,13.544,-414.93900306980777
1694,13.552,-495.97043076764237
1695,13.56,-570.8639471030128
1696,13.568,-633.4174903997797
1697,13.576,-680.2463169377938
1698,13.584,-712.6079823479234
1699,13.592,-733.426008016845
1700,13.6,-743.3318626486262
1701,13.608,-741.6266030447973
1702,13.616,-729.8055982715628
1703,13.624,-712.3161963035565
1704,13.632,-693.2027185926771
1705,13.64,-672.3114952952219
1706,13.648,-646.2939432703317
1707,13.656,-612.7854128259088
1708,13.664,-572.5326224393178
1709,13.672,-527.1299390480805
1710,13.68,-475.86386300878496
1711,13.688,-416.6472419141387
1712,13.696,-349.2710722892173
1713,13.704,-276.93040705084417
1714,13.712,-203.77433955332248
1715,13.72,-131.18359122665947
1716,13.728,-58.67812539807696
1717,13.736,12.176107530417454
1718,13.744,76.40991722166584
1719,13.752,128.81216390292352
1720,13.76,167.84310971880032
1721,13.768,194.8853673683428
1722,13.776,210.75199103046373
1723,13.784,214.27866748043914
1724,13.792,204.84964906425535
1725,13.8,185.78680676408393
1726,13.808,163.17673892887376
1727,13.816,141.59125841116654
1728,13.824,122.00341035387365
1729,13.832,103.99804036568301
1730,13.84,88.98808454648193
1731,13.848,79.58196708645991
1732,13.856,76.36425857712914
1733,13.864,76.43629013919801
1734,13.872,76.19853093285502
1735,13.88,75.1988711141957
1736,13.888,75.13541501976869
1737,13.896,75.68287203155239
1738,13.904,72.86080355146663
1739,13.912,62.24628405449141
1740,13.92,43.09480563369749
1741,13.928,17.576094783878716
1742,13.936,-13.02005721257433
1743,13.944,-49.78782494178378
1744,13.952,-93.6597282754638
1745,13.96,-142.45228012503782
1746,13.968,-192.11447867023014
1747,13.976,-240.27403512064453
1748,13.984,-287.7389440504138
1749,13.992,-335.70009596533544
1750,14.0,-381.8928720142408
1751,14.008,-421.69564628475285
1752,14.016,-452.2229292763149
1753,14.024,-473.8614182198366
1754,14.032,-487.49012957885054
1755,14.04,-490.9033421413706
1756,14.048,-479.7045215332112
1757,14.056,-451.3572213134676
1758,14.064,-407.23375065468696
1759,14.072,-350.0321645858752
1760,14.08,-280.2015276282632
1761,14.088,-196.74469087412865
1762,14.096,-100.49665371624002
1763,14.104,4.427368558619207
1764,14.112,113.07366557892283
1765,14.12,223.2366499489811
1766,14.128,334.62858084746824
1767,14.136,445.17688511975666
1768,14.144,549.5184014710667
1769,14.152,641.8438824270431
1770,14.16,719.9783296911277
1771,14.168,784.6899912383693
1772,14.176,835.4423271527452
1773,14.184,868.8691986765899
1774,14.192,882.4746294761075
1775,14.2,878.6661835085287
1776,14.208,863.2195034317699
1777,14.216,840.618236785823
1778,14.224,811.7508563236652
1779,14.232,776.3145786620919
1780,14.24,736.5208436311007
1781,14.248,696.367682269254
1782,14.256,657.9641525720233
1783,14.264,619.7878035381492
1784,14.272,579.1099271159536
1785,14.28,535.6614576734053
1786,14.288,490.98274145615426
1787,14.296,444.7858132520671
1788,14.304,393.8606562885688
1789,14.312,335.7013000371594
1790,14.32,272.46545026669526
1791,14.328,209.52943576785412
1792,14.336,150.99311861368938
1793,14.344,97.64556720667588
1794,14.352,49.43680318176928
1795,14.36,8.949778561165147
1796,14.368,-19.657082787622308
1797,14.376,-34.837802975609996
1798,14.384,-39.63774949871267
1799,14.392,-38.61672928726745
1800,14.4,-33.38361407060832
1801,14.408,-23.10844726703838
1802,14.416,-8.342719013686803
1803,14.424,7.5212984755334595
1804,14.432,21.2022725107256
1805,14.44,33.28866632875193
1806,14.448,47.429327513476395
1807,14.456,65.97305440135028
1808,14.464,87.02117888788908
1809,14.472,106.51669889008328
1810,14.48,122.40245604229476
1811,14.488,134.1498582700218
1812,14.496,139.1003769456546
1813,14.504,131.5365412079816
1814,14.512,106.36577508095101
1815,14.52,63.09026447091904
1816,14.528,4.871097111946824
1817,14.536,-65.03371885592823
1818,14.544,-144.7303081797149
1819,14.552,-231.3351738997839
1820,14.56,-318.2460910325397
1821,14.568,-397.1567880360302
1822,14.576,-462.47362914664404
1823,14.584,-512.8701035196456
1824,14.592,-548.3049668493584
1825,14.6,-566.5796054282897
1826,14.608,-564.8236797747556
1827,14.616,-543.2944443560967
1828,14.624,-506.41564887010827
1829,14.632,-459.69186210097837
1830,14.64,-405.8911733008384
1831,14.648,-345.720992754922
1832,14.656,-281.18015617110444
1833,14.664,-216.61607698563972
1834,14.672,-155.98778976704085
1835,14.68,-99.51892487005992
1836,14.688,-44.90123677379148
1837,14.696,8.281911810683269
1838,14.704,56.7850979957132
1839,14.712,96.9737868427647
1840,14.72,128.8767845029025
1841,14.728,155.5057524373459
1842,14.736,178.9709482804023
1843,14.744,198.48910971882128
1844,14.752,212.72583081837078
1845,14.76,222.95728764155285
1846,14.768,231.90855679649033
1847,14.776,240.08295176930608
1848,14.784,244.47893632335652
1849,14.792,241.86255351038352
1850,14.8,232.678219175928
1851,14.808,219.61827657818796
1852,14.816,203.38755319730552
1853,14.824,181.62908002040672
1854,14.832,152.05439177424157
1855,14.84,115.66973826407377
1856,14.848,75.49735432283398
1857,14.856,32.599858725681386
1858,14.864,-15.499074385511591
1859,14.872,-71.7636629853989
1860,14.88,-135.8651904373444
1861,14.888,-205.11712111015595
1862,14.896,-278.13182638535494
1863,14.904,-355.8737791945866
1864,14.912,-438.18058975254235
1865,14.92,-520.0834839843333
1866,14.928,-593.671283878205
1867,14.936,-652.7566376257516
1868,14.944,-694.4553512303198
1869,14.952,-716.5357904468414
1870,14.96,-714.446237322592
1871,14.968,-682.6259231360499
1872,14.976,-618.6867696417507
1873,14.984,-525.5465468021503
1874,14.992,-408.64917325431134
1875,15.0,-271.86209156921245
1876,15.008,-118.154217120096
1877,15.016,46.760540078630385
1878,15.024,213.76927163126368
1879,15.032,374.46546282016857
1880,15.04,525.0385297595636
1881,15.048,664.6475299400068
1882,15.056,791.128231414804
1883,15.064,899.1648833878321
1884,15.072,982.9175008380319
1885,15.08,1040.15103001762
1886,15.088,1072.229361994749
1887,15.096,1080.4407615301675
1888,15.104,1063.5426310316586
1889,15.112,1019.8268160518878
1890,15.12,950.6164065386674
1891,15.128,859.3989757328937
1892,15.136,748.4684508357251
1893,15.144,617.8453482987334
1894,15.152,467.9348181280776
1895,15.16,302.96559422504606
1896,15.168,130.16659628722283
1897,15.176,-44.12330278504169
1898,15.184,-216.48809757641118
1899,15.192,-384.553305086453
1900,15.2,-544.310162081877
1901,15.208,-691.2661544712953
1902,15.216,-823.9900214260659
1903,15.224,-945.3671792635499
1904,15.232,-1059.222552358408
1905,15.24,-1166.1448247140224
1906,15.248,-1264.1053695630235
1907,15.256,-1351.6840090432615
1908,15.264,-1429.2670254104153
1909,15.272,-1496.8513918751914
1910,15.28,-1551.2230233824966
1911,15.288,-1587.2217447358883
1912,15.296,-1601.6985609810372
1913,15.304,-1595.1612239405488
1914,15.312,-1569.2195132340908
1915,15.32,-1523.4364050701017
1916,15.328,-1456.3022675240538
1917,15.336,-1368.6867598614172
1918,15.344,-1265.2605890048626
1919,15.352,-1151.526111306463
1920,15.36,-1029.9572027256181
1921,15.368,-901.0702212674128
1922,15.376,-767.2448148975602
1923,15.384,-633.6732614879307
1924,15.392,-505.04163955350293
1925,15.4,-382.20035904801114
1926,15.408,-263.6695432036238
1927,15.416,-149.54336986518797
1928,15.424,-43.03340632004506
1929,15.432,52.2759674118488
1930,15.44,136.34243269775357
1931,15.448,211.80507877469495
1932,15.456,279.6742200025461
1933,15.464,337.6263782187423
1934,15.472,383.170094421605
1935,15.48,417.37730624100254
1936,15.488,443.5375773848373
1937,15.496,462.7068900697508
1938,15.504,471.96373725232706
1939,15.512,467.6891599333446
1940,15.52,449.5465038730142
1941,15.528,419.34244227386057
1942,15.536,377.05629841119116
1943,15.544,319.75467944682214
1944,15.552,245.05246464887432
1945,15.56,155.05407764426718
1946,15.568,55.68730250744534
1947,15.576,-46.984511460630074
1948,15.584,-148.62899286025163
1949,15.592,-244.364854774043
1950,15.6,-326.26091296902587
1951,15.608,-385.8126033304827
1952,15.616,-418.4730232443394
1953,15.624,-425.35365307062193
1954,15.632,-410.5454940921213
1955,15.64,-376.99205252665524
1956,15.648,-326.62365204095397
1957,15.656,-263.737968658867
1958,15.664,-196.02186267184288
1959,15.672,-131.11428467817302
1960,15.68,-72.86735669838185
1961,15.688,-22.17085529879523
1962,15.696,19.650224311197917
1963,15.704,49.186881746684094
1964,15.712,63.63799212873528
1965,15.72,64.96084880398485
1966,15.728,58.9877897387413
1967,15.736,50.81969197968226
1968,15.744,42.60852074049649
1969,15.752,36.19048933022759
1970,15.76,36.48538091710225
1971,15.768,49.934183406528405
1972,15.776,79.95960309915836
1973,15.784,124.95557677614602
1974,15.792,181.38276562322017
1975,15.8,248.47324912082877
1976,15.808,328.2182561337637
1977,15.816,421.5788079868895
1978,15.824,526.3782345723636
1979,15.832,639.8995115402665
1980,15.84,762.6115473953392
1981,15.848,896.8810336318998
1982,15.856,1042.8382088860108
1983,15.864,1197.041008788981
1984,15.872,1355.3075438596256
1985,15.88,1516.0570035315504
1986,15.888,1679.4056956472252
1987,15.896,1843.4989595435427
1988,15.904,2002.8131296637976
1989,15.912,2150.872079849015
1990,15.92,2283.811183169432
1991,15.928,2399.1420886881892
1992,15.936,2492.062748150477
1993,15.944,2554.4431595501796
1994,15.952,2577.640206693717
1995,15.96,2556.179806066597
1996,15.968,2487.7868278784567
1997,15.976,2370.8669192362217
1998,15.984,2204.0475538640285
1999,15.992,1989.3820726918761
2000,16.0,1735.501058951274
2001,16.008,1455.8520894935416
2002,16.016,1163.6576744788852
2003,16.024,869.1258277194997
2004,16.032,581.4867634192631
2005,16.04,311.51595711502785
2006,16.048,69.37265480224357
2007,16.056,-139.499494716311
2008,16.064,-315.5364023235141
2009,16.072,-461.6857959615868
2010,16.08,-579.0228841048101
2011,16.088,-667.0187085120679
2012,16.096,-727.1654727520832
2013,16.104,-764.594537990812
2014,16.112,-784.9347416826752
2015,16.12,-789.8797053603032
2016,16.128,-777.6661927732929
2017,16.136,-747.3055222645544
2018,16.144,-700.8063159224579
2019,16.152,-640.7053610629771
2020,16.16,-566.9779415434513
2021,16.168,-478.81078258345065
2022,16.176,-378.6055070623747
2023,16.184,-273.1431691877435
2024,16.192,-170.4868836722332
2025,16.2,-75.62137611551907
2026,16.208,9.889645948301109
2027,16.216,84.7308281272652
2028,16.224,146.08535186242608
2029,16.232,192.15611128441572
2030,16.24,225.49707726309452
2031,16.248,251.45228019080503
2032,16.256,273.5395549419245
2033,16.264,291.4957900394239
2034,16.272,303.99007977106845
2035,16.28,311.7901744169663
2036,16.288,316.31213514204103
2037,16.296,316.1853473864159
2038,16.304,306.78259674775404
2039,16.312,283.76831863879244
2040,16.32,247.03573185120194
2041,16.328,199.92276632755352
2042,16.336,145.00225054788575
2043,16.344,82.08396107521799
2044,16.352,11.054113818934752
2045,16.36,-64.86153545552293
2046,16.368,-140.58061673348948
2047,16.376,-212.7563758416427
2048,16.384,-281.1340812636297
2049,16.392,-346.0485212859238
2050,16.4,-404.7147286710249
2051,16.408,-451.96886011435754
2052,16.416,-484.6681326151926
2053,16.424,-504.0599618397082
2054,16.432,-513.2743037643686
2055,16.44,-513.6686433791389
2056,16.448,-505.50881439597185
2057,16.456,-491.2279012315771
2058,16.464,-476.31378653392323
2059,16.472,-465.8568204159777
2060,16.48,-460.5358942586854
2061,16.488,-457.67614846677066
2062,16.496,-455.3341296533182
2063,16.504,-453.9283786752708
2064,16.512,-453.65106268185514
2065,16.52,-451.155331732052
2066,16.528,-440.355666298208
2067,16.536,-416.2091122186562
2068,16.544,-377.139608962216
2069,16.552,-323.43834248738983
2070,16.56,-254.61034593288082
2071,16.568,-170.78659255129946
2072,16.576,-76.00429243437043
2073,16.584,21.37423192634219
2074,16.592,112.51740673309428
2075,16.6,192.60968207920553
2076,16.608,260.3454985031708
2077,16.616,314.1356913729261
2078,16.624,350.5142580653892
2079,16.632,366.78416926463194
2080,16.64,364.0690763497687
2081,16.648,345.6879857223237
2082,16.656,313.1289706692073
2083,16.664,264.5049797273348
2084,16.672,197.32838188148003
2085,16.68,112.53378542480004
2086,16.688,14.249238113185811
2087,16.696,-93.6386731645481
2088,16.704,-209.139554837403
2089,16.712,-329.90504439421215
2090,16.72,-450.4483068761366
2091,16.728,-563.8434168875789
2092,16.736,-666.1405939159401
2093,16.744,-758.2727862561202
2094,16.752,-843.1043648226855
2095,16.76,-921.3397777558114
2096,16.768,-991.9329672185052
2097,16.776,-1055.4590958754484
2098,16.784,-1115.4832687545693
2099,16.792,-1175.5829620110478
2100,16.8,-1235.5185737775614
2101,16.808,-1292.3029731894783
2102,16.816,-1344.1062649792982
2103,16.824,-1391.4669366806456
2104,16.832,-1434.4083805045714
2105,16.84,-1469.4794010972835
2106,16.848,-1491.4754963913208
2107,16.856,-1497.318694314783
2108,16.864,-1487.2651722389887
2109,16.872,-1462.4446243481825
2110,16.88,-1421.8742444392215
2111,16.888,-1363.4856102670676
2112,16.896,-1288.0035843885987
2113,16.904,-1200.3605014303894
2114,16.912,-1106.1666225725123
2115,16.92,-1007.4754793666098
2116,16.928,-903.4420097115346
2117,16.936,-794.4336034435158
2118,16.944,-684.2699172768239
2119,16.952,-577.1650525426168
2120,16.96,-473.415301112958
2121,16.968,-370.67641494152645
2122,16.976,-268.438162011522
2123,16.984,-169.78914720172747
2124,16.992,-78.9196934364777
2125,17.0,2.133466891038296
2126,17.008,72.75772855378263
2127,17.016,130.75779376306667
2128,17.024,171.57609939604106
2129,17.032,191.45680483437866
2130,17.04,191.33208665057865
2131,17.048,176.2046173025959
2132,17.056,151.1644976030439
2133,17.064,119.09422963027026
2134,17.072,82.88043026703713
2135,17.08,48.55649958324793
2136,17.088,23.525481621638406
2137,17.096,11.87696679743911
2138,17.104,12.27597423022928
2139,17.112,20.72335157841073
2140,17.12,34.85480776363576
2141,17.128,53.837674056252695
2142,17.136,74.99954131037049
2143,17.144,92.79961586394973
2144,17.152,102.3551126900881
2145,17.16,103.17274477621169
2146,17.168,98.12390988799945
2147,17.176,90.0255371791853
2148,17.184,79.92679549604901
2149,17.192,69.19050119221265
2150,17.2,62.70163629166018
2151,17.208,67.28958212559252
2152,17.216,87.05602105748295
2153,17.224,121.41031682469452
2154,17.232,167.90749541439163
2155,17.24,226.11787071971128
2156,17.248,296.56185122166124
2157,17.256,376.59259486187887
2158,17.264,459.47957466442665
2159,17.272,538.3149955804017
2160,17.28,610.180054796821
2161,17.288,675.6359687456223
2162,17.296,735.2432195444046
2163,17.304,787.8033850691374
2164,17.312,832.7343343461162
2165,17.32,872.7380036359291
2166,17.328,911.583398525164
2167,17.336,950.1155320711274
2168,17.344,985.2255469895795
2169,17.352,1012.6639284686828
2170,17.36,1030.616838415094
2171,17.368,1039.025942364121
2172,17.376,1036.0756610821813
2173,17.384,1017.0421781911313
2174,17.392,977.5756529181104
2175,17.4,917.9512275961592
2176,17.408,842.76554125942
2177,17.416,757.1195168228338
2178,17.424,664.4305078734973
2179,17.432,568.4157097103507
2180,17.44,475.9033421186847
2181,17.448,395.17166348342823
2182,17.456,331.6319190961953
2183,17.464,286.2691839040056
2184,17.472,258.5349234014127
2185,17.48,249.75377033997057
2186,17.488,262.086800747143
2187,17.496,294.59426161991473
2188,17.504,341.71481734227496
2189,17.512,396.9035672955679
2190,17.52,457.0310915363413
2191,17.528,521.678875734276
2192,17.536,589.5951037958109
2193,17.544,657.0838554424828
2194,17.552,720.3510952763176
2195,17.56,778.749299446134
2196,17.568,833.4716550203817
2197,17.576,883.5053809110127
2198,17.584,923.8863301629552
2199,17.592,948.3776847220671
2200,17.6,953.7628383224119
2201,17.608,939.919628237809
2202,17.616,906.3993476721517
2203,17.624,851.0720377660167
2204,17.632,773.2583017349339
2205,17.64,677.3778494704754
2206,17.648,571.4815786127098
2207,17.656,462.11375821170657
2208,17.664,351.3015572760613
2209,17.672,239.03033794825444
2210,17.68,126.9998787981873
2211,17.688,17.346128976055525
2212,17.696,-90.87508028996137
2213,17.704,-201.99658339704717
2214,17.712,-320.09936557019
2215,17.72,-445.2793275631584
2216,17.728,-574.5907542326718
2217,17.736,-705.7823331627962
2218,17.744,-838.6923448766123
2219,17.752,-972.3049781033584
2220,17.76,-1101.199955706119
2221,17.768,-1216.8958558662935
2222,17.776,-1312.396027348459
2223,17.784,-1384.4748282865562
2224,17.792,-1431.511670637277
2225,17.8,-1450.6800723943395
2226,17.808,-1439.4679582737763
2227,17.816,-1399.5130041140742
2228,17.824,-1338.0011432233018
2229,17.832,-1264.2879778166466
2230,17.84,-1185.0470998438366
2231,17.848,-1103.9315143333476
2232,17.856,-1024.3340665259732
2233,17.864,-950.1507274319367
2234,17.872,-882.7630794706739
2235,17.88,-818.0404686345121
2236,17.888,-748.6170821951163
2237,17.896,-668.901704768192
2238,17.904,-577.1035972264664
2239,17.912,-472.89903692626183
2240,17.92,-354.88472549631683
2241,17.928,-222.42794293471036
2242,17.936,-79.44169210141331
2243,17.944,64.69850360700235
2244,17.952,198.79947086512885
2245,17.96,314.68899612322616
2246,17.968,407.62361009589563
2247,17.976,473.25499288437925
2248,17.984,506.4464404923284
2249,17.992,504.69219754785956
2250,18.0,472.1002069373762
2251,18.008,417.78148730457985
2252,18.016,350.6759612239897
2253,18.024,276.74325803978275
2254,18.032,201.05668412152409
2255,18.04,130.81888937705332
2256,18.048,73.54216767014651
2257,18.056,32.51392494521093
2258,18.064,4.772495808378096
2259,18.072,-16.02517584376264
2260,18.08,-35.14929579139192
2261,18.088,-56.87464556680359
2262,18.096,-87.20320263096554
2263,18.104,-133.76947569831222
2264,18.112,-201.92772699169433
2265,18.12,-290.7890617044411
2266,18.128,-394.2652029712748
2267,18.136,-505.5824856898359
2268,18.144,-619.4417148306484
2269,18.152,-729.75812204099
2270,18.16,-827.2578195262529
2271,18.168,-901.6414538257684
2272,18.176,-946.3025613058469
2273,18.184,-960.6577475430006
2274,18.192,-947.3444730644634
2275,18.2,-908.0243622941064
2276,18.208,-844.1121993060402
2277,18.216,-760.4723766281593
2278,18.224,-666.1996453386431
2279,18.232,-570.597297440525
2280,18.24,-478.4938426640949
2281,18.248,-390.5027966660216
2282,18.256,-306.4893218553136
2283,18.264,-227.08722931956908
2284,18.272,-151.50378007914924
2285,18.28,-75.06776595080808
2286,18.288,8.813455569635295
2287,18.296,103.79028362963058
2288,18.304,207.86754339378973
2289,18.312,316.22644665187033
2290,18.32,425.8860645985168
2291,18.328,535.2414822462424
2292,18.336,640.3739783991147
2293,18.344,734.1842346117303
2294,18.352,809.8748608398978
2295,18.36,864.6739335859093
2296,18.368,898.9019025490021
2297,18.376,912.3597983540016
2298,18.384,902.8783179237129
2299,18.392,868.9781981318413
2300,18.4,813.2212872958023
2301,18.408,741.0840255933213
2302,18.416,656.9485745960008
2303,18.424,562.034758777492
2304,18.432,456.88308913298806
2305,18.44,345.3734759364331
2306,18.448,234.08276440199438
2307,18.456,128.0893938725274
2308,18.464,29.178484224361682
2309,18.472,-61.1091599817951
2310,18.48,-138.02871414233113
2311,18.488,-195.21928958004256
2312,18.496,-228.72798501387686
2313,18.504,-238.54108262231736
2314,18.512,-226.14689231766678
2315,18.52,-191.42736681670914
2316,18.528,-134.02388207013513
2317,18.536,-57.320708999322164
2318,18.544,30.427106054526888
2319,18.552,119.78384236259642
2320,18.56,204.88311268194246
2321,18.568,283.7880488330396
2322,18.576,355.5799226479197
2323,18.584,418.911887128632
2324,18.592,474.39344235998
2325,18.6,527.2415835019635
2326,18.608,584.6897076942041
2327,18.616,650.5419929280921
2328,18.624,722.900047580793
2329,18.632,797.0391419449567
2330,18.64,869.2469152930431
2331,18.648,936.4244077460429
2332,18.656,993.4354419785601
2333,18.664,1032.596564559285
2334,18.672,1046.9890662898242
2335,18.68,1034.6269080723025
2336,18.688,998.0811539653292
2337,18.696,940.6691682688737
2338,18.704,864.3427683249045
2339,18.712,771.6671134764115
2340,18.72,668.597723800698
2341,18.728,562.7171547642592
2342,18.736,458.59665018884755
2343,18.744,355.9285687620329
2344,18.752,252.66017263258203
2345,18.76,149.05731875539004
2346,18.768,47.29824727747973
2347,18.776,-51.84041713987688
2348,18.784,-150.5209709275834
2349,18.792,-251.2047877495703
2350,18.8,-352.97511417631176
2351,18.808,-452.3909908942187
2352,18.816,-547.3869410839274
2353,18.824,-639.0236625283687
2354,18.832,-728.7765316174974
2355,18.84,-814.9066036202397
2356,18.848,-893.4978709311009
2357,18.856,-962.3361405577883
2358,18.864,-1022.3556801522952
2359,18.872,-1074.9903021482003
2360,18.88,-1119.0539435073713
2361,18.888,-1151.5515290670844
2362,18.896,-1170.7186108149283
2363,18.904,-1177.4930533669567
2364,18.912,-1173.2475409823612
2365,18.92,-1156.6967654340124
2366,18.928,-1125.5774331462067
2367,18.936,-1080.750802961011
2368,18.944,-1027.143263099351
2369,18.952,-970.5096340472751
2370,18.96,-913.9729233330406
2371,18.968,-858.7152602768748
2372,18.976,-806.9825962973775
2373,18.984,-763.2967414167578
2374,18.992,-731.5257880302569
2375,19.0,-710.6830699655768
2376,19.008,-695.6725819051595
2377,19.016,-681.7141001046956
2378,19.024,-666.4939700272079
2379,19.032,-647.7420274616039
2380,19.04,-620.4799352922697
2381,19.048,-579.0581198747412
2382,19.056,-521.375851221986
2383,19.064,-450.4700250567996
2384,19.072,-371.60205699753027
2385,19.08,-288.14375201581163
2386,19.088,-202.11934552713547
2387,19.096,-117.6341932644396
2388,19.104,-41.70015082486407
2389,19.112,19.126544959687124
2390,19.12,62.48840217529096
2391,19.128,89.40590367784847
2392,19.136,100.88129762048317
2393,19.144,96.7393847073975
2394,19.152,78.33155511662147
2395,19.16,51.512024453706886
2396,19.168,24.795967576638702
2397,19.176,4.923149787021998
2398,19.184,-5.0472245156598206
2399,19.192,-3.7107978948668006
2400,19.2,11.447471447466796
2401,19.208,42.91295322274004
2402,19.216,89.37968623745599
2403,19.224,144.3070960361706
2404,19.232,199.07724117204248
2405,19.24,247.41130701099064
2406,19.248,285.8773430746586
2407,19.256,311.204272437314
2408,19.264,319.01020034982184
2409,19.272,306.9926516568437
2410,19.28,278.82738744116455
2411,19.288,242.6226771602544
2412,19.296,206.05876739759537
2413,19.304,173.75760739803457
2414,19.312,149.2099353747235
2415,19.32,137.92248650183717
2416,19.328,145.94620053249844
2417,19.336,175.58853782638857
2418,19.344,224.10058184798993
2419,19.352,286.82466095292943
2420,19.36,360.66679687166027
2421,19.368,443.3724957169379
2422,19.376,530.6775922252375
2423,19.384,615.7264433488024
2424,19.392,692.3606269826703
2425,19.4,758.6541567433619
2426,19.408,815.6874751368737
2427,19.416,863.8860687190792
2428,19.424,901.7257051981251
2429,19.432,928.0708134358779
2430,19.44,944.9122478400416
2431,19.448,955.9523720482531
2432,19.456,962.7511369413382
2433,19.464,963.3682973713453
2434,19.472,955.595551597094
2435,19.48,940.8208041151054
2436,19.488,922.8510567114107
2437,19.496,903.7259957656581
2438,19.504,881.6394155057233
2439,19.512,853.1555181792993
2440,19.52,817.2165374046343
2441,19.528,775.2883391621245
2442,19.536,727.9738361965128
2443,19.544,673.390585236708
2444,19.552,609.630448239887
2445,19.56,537.9567620320623
2446,19.568,462.28212765247713
2447,19.576,385.9146103746998
2448,19.584,309.7240454151451
2449,19.592,234.40146510273672
2450,19.6,163.66951031242013
2451,19.608,102.96789196011468
2452,19.616,55.296516509880945
2453,19.624,19.425301993953184
2454,19.632,-7.401095057850455
2455,19.64,-25.775076595441774
2456,19.648,-34.79522001450802
2457,19.656,-35.65208921813739
2458,19.664,-32.914738301432095
2459,19.672,-31.1376784258656
2460,19.68,-30.759606937072263
2461,19.688,-28.94530468534947
2462,19.696,-23.509763208985703
2463,19.704,-14.93234827991742
2464,19.712,-4.1149589123143215
2465,19.72,11.17700779045213
2466,19.728,35.42272217222791
2467,19.736,70.92848005350316
2468,19.744,115.51095927308722
2469,19.752,165.2536012627387
2470,19.76,218.33757510413824
2471,19.768,274.07557292915794
2472,19.776,329.53247396538177
2473,19.784,378.84499340676996
2474,19.792,416.4834036656534
2475,19.8,441.0895216658666
2476,19.808,454.6388074211447
2477,19.816,458.0975029165615
2478,19.824,449.43291062370383
2479,19.832,426.76670045213086
2480,19.84,391.9229188850267
2481,19.848,348.5704107534563
2482,19.856,298.1245264348616
2483,19.864,238.78516551525263
2484,19.872,168.53611426359737
2485,19.88,88.57048141825246
2486,19.888,2.6326839828059008
2487,19.896,-86.37642344221183
2488,19.904,-177.96053843320652
2489,19.912,-271.36025630165744
2490,19.92,-362.2841838162388
2491,19.928,-444.69316904644035
2492,19.936,-515.0505292950454
2493,19.944,-573.468936068791
2494,19.952,-620.9357580874257
2495,19.96,-656.2700763824815
2496,19.968,-676.9523094606857
2497,19.976,-682.4809140014829
2498,19.984,-675.6987786764056
2499,19.992,-659.6102485413037
2500,20.0,-633.6962366825128
2501,20.008,-595.4645112421493
2502,20.016,-544.7226790078504
2503,20.024,-485.0806579775417
2504,20.032,-420.8524540965027
2505,20.04,-352.99786582201045
2506,20.048,-279.9257065807389
2507,20.056,-201.71333766744993
2508,20.064,-121.90336229296446
2509,20.072,-44.580884861920765
2510,20.08,29.137064901351323
2511,20.088,99.90251739935107
2512,20.096,166.37339871381164
2513,20.104,224.02230417975147
2514,20.112,268.36954172791127
2515,20.12,298.9592713164842
2516,20.128,318.641360764103
2517,20.136,329.481528361616
2518,20.144,330.4455425103602
2519,20.152,319.820407874549
2520,20.16,299.02645850762633
2521,20.168,271.8903329161705
2522,20.176,240.9440960411825
2523,20.184,205.86098667668682
2524,20.192,166.17634875037913
2525,20.2,124.7718230448786
2526,20.208,86.44307997844248
2527,20.216,53.551772649607244
2528,20.224,24.40320750898036
2529,20.232,-3.908730189205869
2530,20.24,-31.983309665221896
2531,20.248,-58.87429979790301
2532,20.256,-85.17831183326132
2533,20.264,-113.77973994234253
2534,20.272,-146.8368748199362
2535,20.28,-182.332012285632
2536,20.288,-215.1546690886878
2537,20.296,-241.32747366436882
2538,20.304,-260.0402730815484
2539,20.312,-271.0503814116447
2540,20.32,-271.43162730544725
2541,20.328,-257.3366194806182
2542,20.336,-228.7729496187652
2543,20.344,-191.24420520461422
2544,20.352,-151.67777000006646
2545,20.36,-113.71140212259382
2546,20.368,-78.55126398370658
2547,20.376,-48.52137851301882
2548,20.384,-28.08780052117197
2549,20.392,-21.00002888480111
2550,20.4,-26.687958335999667
2551,20.408,-41.34864278166913
2552,20.416,-62.33275721793029
2553,20.424,-90.01442108523594
2554,20.432,-125.23912198757313
2555,20.44,-166.28256953028665
2556,20.448,-209.77373634950027
2557,20.456,-253.96865577455213
2558,20.464,-300.1746066261027
2559,20.472,-349.99392734601696
2560,20.48,-401.7138588251438
2561,20.488,-451.46488752027244
2562,20.496,-497.1799885278289
2563,20.504,-540.072598604632
2564,20.512,-581.7851719536212
2565,20.52,-620.6774413245381
2566,20.528,-652.6219638946407
2567,20.536,-674.9456139603809
2568,20.544,-688.4267295363134
2569,20.552,-694.8970338785045
2570,20.56,-693.5074975296161
2571,20.568,-681.2236645763165
2572,20.576,-656.7209533108454
2573,20.584,-622.4826507152977
2574,20.592,-582.4918854081955
2575,20.6,-539.0780455767058
2576,20.608,-493.6350067354016
2577,20.616,-449.10866494529193
2578,20.624,-410.5013352920367
2579,20.632,-382.156021054776
2580,20.64,-364.37209005451433
2581,20.648,-354.2290479728264
2582,20.656,-349.43098314514594
2583,20.664,-350.0630488819029
2584,20.672,-356.21866310577946
2585,20.68,-365.2550113005463
2586,20.688,-373.32980574463323
2587,20.696,-378.8761353655662
2588,20.704,-383.45770978968085
2589,20.712,-388.786101956486
2590,20.72,-393.6017372616465
2591,20.728,-395.05387319724207
2592,20.736,-392.16698985756744
2593,20.744,-386.71392341730626
2594,20.752,-380.2668991989502
2595,20.76,-370.9111280368743
2596,20.768,-354.49305879123995
2597,20.776,-328.5967247887484
2598,20.784,-294.2388140276569
2599,20.792,-253.3913398610718
2600,20.8,-205.844628851079
2601,20.808,-150.29096932380384
2602,20.816,-87.73119788187208
2603,20.824,-22.486923229809577
2604,20.832,40.9310608422586
2605,20.84,101.46405981733318
2606,20.848,160.24264576317267
2607,20.856,216.5797641855964
2608,20.864,266.86813090007524
2609,20.872,307.88662390180184
2610,20.88,340.3797106031919
2611,20.888,367.795709868568
2612,20.896,392.2130913189671
2613,20.904,412.9687826773429
2614,20.912,429.7015962202894
2615,20.92,445.54107324748327
2616,20.928,465.6890013028554
2617,20.936,493.2066647127639
2618,20.944,526.675181825668
2619,20.952,562.970493290255
2620,20.96,601.6348175921651
2621,20.968,643.9042376803294
2622,20.976,688.707637713782
2623,20.984,731.7136919058503
2624,20.992,768.5156167393476
2625,21.0,798.020983303491
2626,21.008,821.2736109434896
2627,21.016,837.7218016429977
2628,21.024,843.8407987509356
2629,21.032,835.5120986897355
2630,21.04,811.2857358569042
2631,21.048,772.3652776582276
2632,21.056,719.8363298563645
2633,21.064,653.0708150645906
2634,21.072,572.3197262938072
2635,21.08,482.46971277552643
2636,21.088,391.79104827480126
2637,21.096,306.8782889478101
2638,21.104,229.80239851567256
2639,21.112,160.58295508543563
2640,21.12,100.92176676407814
2641,21.128,53.30670551759073
2642,21.136,17.567850129719886
2643,21.144,-10.356183287285738
2644,21.152,-35.70485446592771
2645,21.16,-61.040128246545144
2646,21.168,-86.60906119977452
2647,21.176,-113.75843368092802
2648,21.184,-145.94349603374252
2649,21.192,-185.28347016585218
2650,21.2,-228.8615466770371
2651,21.208,-270.26361240180654
2652,21.216,-304.22519696171094
2653,21.224,-328.79245540717943
2654,21.232,-343.1397711544032
2655,21.24,-344.5660327408191
2656,21.248,-329.3928191851024
2657,21.256,-296.70899655016143
2658,21.264,-250.3493585300791
2659,21.272,-196.07554974236422
2660,21.28,-137.56974402672287
2661,21.288,-77.04568737006434
2662,21.296,-18.380933856258906
2663,21.304,31.976635948036233
2664,21.312,68.23439509940115
2665,21.32,89.55854532866752
2666,21.328,99.51895807864464
2667,21.336,101.65824592303285
2668,21.344,96.88289042916789
2669,21.352,85.71160821187375
2670,21.36,71.56380415103033
2671,21.368,59.22900024721787
2672,21.376,51.05006973642416
2673,21.384,45.88108857273699
2674,21.392,41.73414635378372
2675,21.4,39.09571176071437
2676,21.408,40.31033909043478
2677,21.416,46.14353798158023
2678,21.424,54.51404157343955
2679,21.432,63.50564248685956
2680,21.44,74.55283441808024
2681,21.448,90.75841644664688
2682,21.456,113.12667121463905
2683,21.464,139.5949982507076
2684,21.472,167.5818197300223
2685,21.48,196.86492797573803
2686,21.488,228.67307505263233
2687,21.496,262.03206119575003
2688,21.504,292.0972750456949
2689,21.512,313.3421059991907
2690,21.52,323.6265235101387
2691,21.528,323.4124555405857
2692,21.536,312.4761846578831
2693,21.544,288.76252871978073
2694,21.552,250.85796104774784
2695,21.56,201.50238620569348
2696,21.568,146.7222268952579
2697,21.576,91.28566473212197
2698,21.584,36.44825977438251
2699,21.592,-17.404869965752738
2700,21.6,-67.46172305857124
2701,21.608,-109.51892915898736
2702,21.616,-141.44627310567665
2703,21.624,-164.62404408973816
2704,21.632,-181.3066935786583
2705,21.64,-191.0927771061249
2706,21.648,-191.85689562761107
2707,21.656,-183.41222476240833
2708,21.664,-168.7306066546514
2709,21.672,-151.21455051215358
2710,21.68,-131.5241075655811
2711,21.688,-108.51666913745635
2712,21.696,-82.8300264978032
2713,21.704,-58.26777992377278
2714,21.712,-38.696269901625854
2715,21.72,-24.287772441448993
2716,21.728,-12.535688593910919
2717,21.736,-2.025014463750267
2718,21.744,5.992600353456311
2719,21.752,9.950630924148527
2720,21.76,11.123436804243113
2721,21.768,12.586642789778352
2722,21.776,15.357726733677111
2723,21.784,16.99581997609269
2724,21.792,14.741407151858724
2725,21.8,9.272887932773841
2726,21.808,3.8493302380603467
2727,21.816,0.3535147539630543
2728,21.824,-2.652551426214572
2729,21.832,-7.338081102630085
2730,21.84,-13.166018596212552
2731,21.848,-17.779602411061745
2732,21.856,-20.21398270885777
2733,21.864,-22.11951187446958
2734,21.872,-25.298495451034867
2735,21.88,-28.30743552852526
2736,21.888,-27.334034297480585
2737,21.896,-20.201778225944054
2738,21.904,-8.131665551244296
2739,21.912,7.195965737868121
2740,21.92,27.14739798166977
2741,21.928,54.61375382960347
2742,21.936,89.89430228594344
2743,21.944,129.18695067160817
2744,21.952,167.4429745926072
2745,21.96,202.55856146501011
2746,21.968,235.29295690084234
2747,21.976,265.6126134325981
2748,21.984,290.8364119498251
2749,21.992,307.98084593167613
2750,22.0,316.95913034475063
2751,22.008,320.011104884853
2752,22.016,318.55620525313185
2753,22.024,311.64752648868
2754,22.032,298.3616492801671
2755,22.04,281.1065383379357
2756,22.048,264.4484171821879
2757,22.056,250.75938387038485
2758,22.064,238.24062938358026
2759,22.072,224.07671623454985
2760,22.08,208.4606443305555
2761,22.088,193.6090268122087
2762,22.096,180.0933596362479
2763,22.104,165.60878338274796
2764,22.112,147.77390690101447
2765,22.12,127.45642343880695
2766,22.128,107.3773655833146
2767,22.136,88.05362253898187
2768,22.144,66.47654628493842
2769,22.152,38.97931746660595
2770,22.16,4.638275378806952
2771,22.168,-35.53971468647342
2772,22.176,-81.90692713330441
2773,22.184,-137.08203786320064
2774,22.192,-202.95940480576252
2775,22.2,-277.35614814281143
2776,22.208,-354.8700463961364
2777,22.216,-430.58588086616805
2778,22.224,-502.07782841063346
2779,22.232,-567.2999208931429
2780,22.24,-621.6630317885722
2781,22.248,-659.6358023390936
2782,22.256,-678.9268441496105
2783,22.264,-681.907688440916
2784,22.272,-672.6020813715878
2785,22.28,-652.784907839625
2786,22.288,-622.2844448868434
2787,22.296,-582.4656225527464
2788,22.304,-537.8737196559847
2789,22.312,-493.48663189084334
2790,22.32,-450.9746416840559
2791,22.328,-409.23488791740544
2792,22.336,-367.9261078516559
2793,22.344,-329.1503215737772
2794,22.352,-295.0359283482713
2795,22.36,-264.4871738084641
2796,22.368,-234.2869004186427
2797,22.376,-203.1992243997119
2798,22.384,-173.8038480351329
2799,22.392,-149.72067351464378
2800,22.4,-131.92876252215123
2801,22.408,-119.37458636593144
2802,22.416,-112.28550421302737
2803,22.424,-113.41972679597552
2804,22.432,-125.31942292491269
2805,22.44,-146.83875725536492
2806,22.448,-173.88604624326064
2807,22.456,-203.20881686885696
2808,22.464,-234.37941708590657
2809,22.472,-267.31615486195676
2810,22.48,-298.93833188363965
2811,22.488,-324.50535251921116
2812,22.496,-341.6315027268247
2813,22.504,-351.6838414850688
2814,22.512,-356.5746249898305
2815,22.52,-354.91123277156623
2816,22.528,-343.1444530015747
2817,22.536,-319.6131706450954
2818,22.544,-286.2971007803693
2819,22.552,-246.56249684024027
2820,22.56,-201.87594010125372
2821,22.568,-152.3512602422238
2822,22.576,-100.00013427381552
2823,22.584,-49.78968153299462
2824,22.592,-6.436598924089466
2825,22.6,29.356428613244276
2826,22.608,60.13378181281583
2827,22.616,87.90307656245209
2828,22.624,112.21612238259416
2829,22.632,132.73428393081656
2830,22.64,152.61738270076592
2831,22.648,176.95962606461453
2832,22.656,208.5077477899799
2833,22.664,246.00825646994525
2834,22.672,286.9146796720637
2835,22.68,330.9917589489497
2836,22.688,379.3928410945352
2837,22.696,430.71116903690984
2838,22.704,479.4565432725599
2839,22.712,519.2059938596744
2840,22.72,546.7923180438712
2841,22.728,561.967889264916
2842,22.736,563.6287877621832
2843,22.744,548.0488228638496
2844,22.752,512.3296123204166
2845,22.76,458.7851368593971
2846,22.768,393.42083517026606
2847,22.776,321.0334198130781
2848,22.784,243.249128547051
2849,22.792,161.0591845506607
2850,22.8,78.32924739457195
2851,22.808,1.2489468998408881
2852,22.816,-65.4740282325861
2853,22.824,-120.69309686584057
2854,22.832,-164.49001338935352
2855,22.84,-194.83283247741792
2856,22.848,-208.4127555410891
2857,22.856,-204.2391607819225
2858,22.864,-185.29176251953749
2859,22.872,-156.00836834881147
2860,22.88,-118.8138578024828
2861,22.888,-74.63318391526491
2862,22.896,-25.763153710749876
2863,22.904,23.391370487040355
2864,22.912,69.44042155790159
2865,22.92,113.39478897043882
2866,22.928,159.00326608589265
2867,22.936,208.12556412746517
2868,22.944,258.6408804347335
2869,22.952,306.9703191060278
2870,22.96,351.807978424892
2871,22.968,393.4375649327092
2872,22.976,429.8284465118174
2873,22.984,455.3288814702987
2874,22.992,464.20432596658395
2875,23.0,454.48307490376925
2876,23.008,426.99078597711895
2877,23.016,381.9419921207572
2878,23.024,317.81676059622754
2879,23.032,234.28144694885032
2880,23.04,135.82349537524118
2881,23.048,30.539159345894205
2882,23.056,-74.40405145087809
2883,23.064,-174.90021564452454
2884,23.072,-267.6139199961998
2885,23.08,-347.1769023523592
2886,23.088,-407.63970004706584
2887,23.096,-446.58815357877955
2888,23.104,-466.99966572372585
2889,23.112,-473.8037651139228
2890,23.12,-469.05409105356364
2891,23.128,-452.37579984337094
2892,23.136,-424.6472755863796
2893,23.144,-389.2510897578817
2894,23.152,-349.3413673352685
2895,23.16,-304.81311061926317
2896,23.168,-253.85230650117006
2897,23.176,-196.93038913783937
2898,23.184,-138.14891906329126
2899,23.192,-82.28862096593065
2900,23.2,-30.930560370863304
2901,23.208,16.97167240454248
2902,23.216,61.09266320566286
2903,23.224,97.98259439595239
2904,23.232,124.25366514294595
2905,23.24,140.4053003798366
2906,23.248,149.57156135229917
2907,23.256,153.33979974415354
2908,23.264,150.08896651092584
2909,23.272,137.8079125250352
2910,23.28,117.72986543864329
2911,23.288,93.43252502762687
2912,23.296,66.99855713748975
2913,23.304,37.62400925055202
2914,23.312,4.6362126958613175
2915,23.32,-29.27665077337128
2916,23.328,-59.685246423252806
2917,23.336,-84.38921917089236
2918,23.344,-104.6210148731499
2919,23.352,-122.14341214249187
2920,23.36,-135.95371071388462
2921,23.368,-143.32005748847405
2922,23.376,-143.32550591207294
2923,23.384,-138.25959536788974
2924,23.392,-131.0827608158217
2925,23.4,-121.96905416152492
2926,23.408,-108.73769527938526
2927,23.416,-90.29920121057941
2928,23.424,-68.49797770929023
2929,23.432,-45.69286104832757
2930,23.44,-21.293765055255122
2931,23.448,7.616919107161721
2932,23.456,42.925378079431056
2933,23.464,83.63075422243672
2934,23.472,128.00112773965594
2935,23.48,176.96746757990806
2936,23.488,232.81687490140945
2937,23.496,294.73300810052723
2938,23.504,357.2656989964614
2939,23.512,413.9543834006207
2940,23.52,461.8151895031619
2941,23.528,500.66487602554474
2942,23.536,529.1746681763284
2943,23.544,543.636900625962
2944,23.552,541.1415411434092
2945,23.56,522.899617635492
2946,23.568,492.7803638359162
2947,23.576,453.2657655005907
2948,23.584,404.2088588542683
2949,23.592,345.88669368779625
2950,23.6,282.19251957871126
2951,23.608,219.17821825491893
2952,23.616,160.76207817159786
2953,23.624,106.65813989438271
2954,23.632,54.98889217423576
2955,23.64,6.020725991899496
2956,23.648,-38.44732605438725
2957,23.656,-78.43074847741906
2958,23.664,-116.7928855941762
2959,23.672,-156.19946077694783
2960,23.68,-195.7842307373046
2961,23.688,-232.13394044709935
2962,23.696,-262.6656019349756
2963,23.704,-287.28977653233386
2964,23.712,-306.35715403943965
2965,23.72,-317.46568633921305
2966,23.728,-316.4535966802797
2967,23.736,-301.47231139510063
2968,23.744,-274.9022297718799
2969,23.752,-240.73887727388922
2970,23.76,-200.9300792725938
2971,23.768,-155.86655375759395
2972,23.776,-107.48117645991684
2973,23.784,-60.31421160096576
2974,23.792,-18.549157759889596
2975,23.8,17.728163024005198
2976,23.808,51.37741307360966
2977,23.816,83.60678402314277
2978,23.824,111.9249116479271
2979,23.832,132.95516106273112
2980,23.84,146.0434409080279
2981,23.848,152.45583830435447
2982,23.856,151.8524869062568
2983,23.864,140.94625937486785
2984,23.872,116.42317934571614
2985,23.88,78.63170436610855
2986,23.888,30.955590088337374
2987,23.896,-23.73142265395127
2988,23.904,-84.97716338320315
2989,23.912,-152.48380193515413
2990,23.92,-222.5789725709363
2991,23.928,-289.22849140222365
2992,23.936,-348.1790617373672
2993,23.944,-398.68446586158774
2994,23.952,-441.0465929861164
2995,23.96,-473.4954295915487
2996,23.968,-492.9153701533545
2997,23.976,-498.14273430106203
2998,23.984,-491.3979601145979
2999,23.992,-475.50736462274324
3000,24.0,-450.428403034326
3001,24.008,-414.51272837844505
3002,24.016,-368.26257605253954
3003,24.024,-315.20908330216014
3004,24.032,-258.85949666255294
3005,24.04,-199.65971736507646
3006,24.048,-136.3102738646276
3007,24.056,-69.51379226899758
3008,24.064,-3.5625635507328184
3009,24.072,56.29508818073927
3010,24.08,107.70443860346234
3011,24.088,150.90724163997118
3012,24.096,185.16532817096558
3013,24.104,207.2987913928132
3014,24.112,214.89556850744208
3015,24.12,209.94477013727004
3016,24.128,197.5406253933731
3017,24.136,181.7619467992988
3018,24.144,163.57499610564838
3019,24.152,143.0752929711161
3020,24.16,123.07692372198332
3021,24.168,108.30579349330654
3022,24.176,101.35489781405359
3023,24.184,100.89206294564214
3024,24.192,104.5596178738028
3025,24.2,112.79823790691931
3026,24.208,127.88975936337552
3027,24.216,149.92199949176165
3028,24.224,175.42576408214438
3029,24.232,200.77002898993865
3030,24.24,225.93372146138788
3031,24.248,253.33593966848105
3032,24.256,283.9477232993398
3033,24.264,315.7699884270827
3034,24.272,346.6698390401361
3035,24.28,377.92470396267305
3036,24.288,412.91169615078167
3037,24.296,452.97448568259216
3038,24.304,495.99332358841644
3039,24.312,539.3970613300858
3040,24.32,583.7639396673441
3041,24.328,631.5093058185122
3042,24.336,682.2931304424236
3043,24.344,731.1352232776969
3044,24.352,771.8670961038757
3045,24.36,801.5524627588242
3046,24.368,819.8101253483406
3047,24.376,825.2212146398293
3048,24.384,814.4518916586931
3049,24.392,785.3504976706097
3050,24.4,740.1649342037213
3051,24.408,684.1664419123712
3052,24.416,621.4037462994686
3053,24.424,552.8572514093021
3054,24.432,478.81369360246197
3055,24.44,401.76085115744206
3056,24.448,325.25876987551493
3057,24.456,250.23866865769622
3058,24.464,173.54622042581536
3059,24.472,91.21228123077708
3060,24.48,2.6633041330096603
3061,24.488,-89.76302840858943
3062,24.496,-184.3281371340176
3063,24.504,-281.41585884803544
3064,24.512,-381.05036890930205
3065,24.52,-479.4644494289037
3066,24.528,-570.0405007615534
3067,24.536,-647.6991869374738
3068,24.544,-711.0886441148064
3069,24.552,-760.1067251762762
3070,24.56,-792.9037217202081
3071,24.568,-807.2233643647717
3072,24.576,-803.8905615003885
3073,24.584,-787.818516123239
3074,24.592,-764.9983117409021
3075,24.6,-738.6913602587907
3076,24.608,-709.6699154249139
3077,24.616,-679.4213351498292
3078,24.624,-651.3568812057865
3079,24.632,-627.676492605062
3080,24.64,-606.1074596086715
3081,24.648,-581.8151989001913
3082,24.656,-551.6262792128114
3083,24.664,-515.4284507343654
3084,24.672,-473.88731677613305
3085,24.68,-425.79976107687065
3086,24.688,-369.2901237061166
3087,24.696,-305.28532876951914
3088,24.704,-238.56284673892907
3089,24.712,-174.58679335232227
3090,24.72,-115.66700138972593
3091,24.728,-61.54262079298027
3092,24.736,-12.989158724868872
3093,24.744,26.75312498156302
3094,24.752,54.564753081492086
3095,24.76,70.51718371783417
3096,24.768,77.15604961060191
3097,24.776,76.00669158796995
3098,24.784,65.67954409116436
3099,24.792,44.83464877053973
3100,24.8,16.300514501972003
3101,24.808,-14.16585198818018
3102,24.816,-42.30012547141445
3103,24.824,-67.00551270042547
3104,24.832,-87.6562818742803
3105,24.84,-100.89158073642102
3106,24.848,-101.98073220033234
3107,24.856,-89.04036695963566
3108,24.864,-64.65662323907469
3109,24.872,-32.61007365168433
3110,24.88,6.229024066797621
3111,24.888,52.950176189766864
3112,24.896,106.4484691194356
3113,24.904,161.77423017295354
3114,24.912,212.94560322374195
3115,24.92,256.6623805957379
3116,24.928,292.0491851838722
3117,24.936,317.76392118618844
3118,24.944,331.0737717780434
3119,24.952,330.66719424481107
3120,24.96,319.7232329141879
3121,24.968,304.39795179515875
3122,24.976,289.4439030386253
3123,24.984,276.1358409630686
3124,24.992,264.56819355470384
3125,25.0,256.84083385935634
3126,25.008,255.84216945637127
3127,25.016,260.792961667
3128,25.024,265.5799807536641
3129,25.032,262.7915511755398
3130,25.04,248.53992840839226
3131,25.048,222.26211168543205
3132,25.056,183.60333075399865
3133,25.064,131.13772209969613
3134,25.072,65.0209023911139
3135,25.08,-9.991594279256446
3136,25.088,-86.51743377998287
3137,25.096,-159.07043395104915
3138,25.104,-226.09945617096872
3139,25.112,-287.96978886961574
3140,25.12,-343.5902669308904
3141,25.128,-390.6533823235892
3142,25.136,-428.773677519093
3143,25.144,-460.7722754693057
3144,25.152,-489.75330958705354
3145,25.16,-515.4384670749855
3146,25.168,-535.1758053111025
3147,25.176,-547.9521216667918
3148,25.184,-555.7826255101724
3149,25.192,-560.4597671561842
3150,25.2,-560.3372980531547
3151,25.208,-552.2588478299386
3152,25.216,-535.5688169837055
3153,25.224,-513.2166568687269
3154,25.232,-488.7421492290184
3155,25.24,-462.66330862248515
3156,25.248,-433.3477736050744
3157,25.256,-400.84652556319173
3158,25.264,-368.7059854497913
3159,25.272,-341.19075981748756
3160,25.28,-319.1310364503548
3161,25.288,-300.4252105467599
3162,25.296,-283.82960025419004
3163,25.304,-270.41295209472923
3164,25.312,-260.89374391935513
3165,25.32,-252.7498776373743
3166,25.328,-241.74576667285928
3167,25.336,-226.00910528030005
3168,25.344,-207.77826658802118
3169,25.352,-190.4684436736716
3170,25.36,-174.83797846063513
3171,25.368,-159.8391140681191
3172,25.376,-146.0487079956258
3173,25.384,-136.80609880667527
3174,25.392,-135.41363267739803
3175,25.4,-141.63771684763597
3176,25.408,-152.69891761782006
3177,25.416,-167.08849171736964
3178,25.424,-186.04260761759554
3179,25.432,-210.64736569000033
3180,25.44,-238.1516561194254
3181,25.448,-263.36283553864473
3182,25.456,-283.3181192613696
3183,25.464,-298.93285492105923
3184,25.472,-312.0287906698752
3185,25.48,-321.9575777129492
3186,25.488,-326.4835949070182
3187,25.496,-325.65354151491954
3188,25.504,-323.6465795195826
3189,25.512,-325.5530239671992
3190,25.52,-332.9233149123861
3191,25.528,-344.5111449845407
3192,25.536,-360.3840323912834
3193,25.544,-383.0995608661835
3194,25.552,-414.26527895333606
3195,25.56,-451.2008167656484
3196,25.568,-488.40345471634504
3197,25.576,-521.488360562246
3198,25.584,-548.9374021766196
3199,25.592,-569.8391090961494
3200,25.6,-580.6971141541555
3201,25.608,-576.3657171597625
3202,25.616,-554.2169529217725
3203,25.624,-516.2377333235747
3204,25.632,-465.9047156620993
3205,25.64,-404.280213347045
3206,25.648,-331.43505219589713
3207,25.656,-250.02926283044962
3208,25.664,-165.7410873128481
3209,25.672,-84.05616143378165
3210,25.68,-6.732396800917286
3211,25.688,67.46567204308201
3212,25.696,138.78404347217918
3213,25.704,204.62034846130632
3214,25.712,262.56104839643035
3215,25.72,314.20863722187437
3216,25.728,364.0026810118808
3217,25.736,414.8687806471298
3218,25.744,466.0863115130297
3219,25.752,515.6322676720596
3220,25.76,563.4557646882436
3221,25.768,610.4165385559495
3222,25.776,654.5796008125916
3223,25.784,690.1559889279665
3224,25.792,711.3311076607897
3225,25.8,716.881397135185
3226,25.808,709.7432402501505
3227,25.816,693.1277277818351
3228,25.824,668.2320240802957
3229,25.832,636.2174435657422
3230,25.84,601.4882083033041
3231,25.848,570.5011501846844
3232,25.856,547.5340134245052
3233,25.864,532.8131231843906
3234,25.872,525.1453289116205
3235,25.88,525.6190019054627
3236,25.888,536.9941778677425
3237,25.896,560.0737328330357
3238,25.904,592.2359241638054
3239,25.912,630.395727237569
3240,25.92,674.5804947815233
3241,25.928,726.8095166245787
3242,25.936,787.3779290439732
3243,25.944,853.5586196983054
3244,25.952,922.3098324314557
3245,25.96,993.5969776266835
3246,25.968,1069.3353583414969
3247,25.976,1149.3951579536997
3248,25.984,1229.8500871734693
3249,25.992,1305.8387477021774
3250,26.0,1375.2348013762728
3251,26.008,1437.6477886406335
3252,26.016,1490.7636135689345
3253,26.024,1529.345623540939
3254,26.032,1548.5555424096729
3255,26.04,1547.5450993334323
3256,26.048,1528.3801879484308
3257,26.056,1492.4699283371624
3258,26.064,1439.0509287657746
3259,26.072,1367.4535390678059
3260,26.08,1280.4719225810536
3261,26.088,1183.6328468506147
3262,26.096,1081.1025611550708
3263,26.104,973.6964875540757
3264,26.112,861.7469838236002
3265,26.12,748.5513789708175
3266,26.128,638.8745708051272
3267,26.136,535.07511019815
3268,26.144,435.86609582068945
3269,26.152,339.1125613979458
3270,26.16,245.5263051936173
3271,26.168,158.04572380985792
3272,26.176,77.93944553869244
3273,26.184,3.3718342338967773
3274,26.192,-67.13281344487984
3275,26.2,-131.06659570187162
3276,26.208,-183.48641482343902
3277,26.216,-221.32118652934633
3278,26.224,-245.49830295967115
3279,26.232,-258.55901872353303
3280,26.24,-261.1841661059604
3281,26.248,-253.31768442915325
3282,26.256,-237.84669943422932
3283,26.264,-221.6137595950148
3284,26.272,-211.93212352893215
3285,26.28,-212.18074113440662
3286,26.288,-222.14567773248268
3287,26.296,-241.43953119979244
3288,26.304,-270.7375051997343
3289,26.312,-309.10985896532384
3290,26.32,-351.0193141616878
3291,26.328,-388.09666359372955
3292,26.336,-414.0049841732865
3293,26.344,-426.935968139951
3294,26.352,-427.3564765646879
3295,26.36,-414.7964127542482
3296,26.368,-389.01086467415007
3297,26.376,-353.2349708793479
3298,26.384,-314.40575221653216
3299,26.392,-279.2815257970078
3300,26.4,-250.38210455051103
3301,26.408,-226.69793070525225
3302,26.416,-207.56381501022258
3303,26.424,-194.53133891610344
3304,26.432,-188.90611184744728
3305,26.44,-188.58569877149125
3306,26.448,-189.5499024591819
3307,26.456,-190.00264548832843
3308,26.464,-191.83097585769178
3309,26.472,-197.76637202710947
3310,26.48,-207.86680814043712
3311,26.488,-220.1493751845079
3312,26.496,-233.87528829599103
3313,26.504,-250.57272986178486
3314,26.512,-271.08831788484076
3315,26.52,-292.57717296041926
3316,26.528,-309.9264345917526
3317,26.536,-319.8114703208705
3318,26.544,-323.00652099565264
3319,26.552,-322.20453948254567
3320,26.56,-318.18784310617514
3321,26.568,-310.2137905980935
3322,26.576,-299.30310584665017
3323,26.584,-289.4808246756138
3324,26.592,-284.97898819278237
3325,26.6,-286.4196698165315
3326,26.608,-291.63192659860647
3327,26.616,-299.96064832335355
3328,26.624,-313.9729958000223
3329,26.632,-336.33695685036776
3330,26.64,-366.05032007258
3331,26.648,-399.1603944185631
3332,26.656,-432.5187968088501
3333,26.664,-465.5504037834976
3334,26.672,-497.7221828161033
3335,26.68,-525.235950010839
3336,26.688,-542.2700449428261
3337,26.696,-545.2749318351596
3338,26.704,-534.7653689410108
3339,26.712,-512.5240858884483
3340,26.72,-478.40641979458076
3341,26.728,-431.4635235694029
3342,26.736,-373.35657290562517
3343,26.744,-309.4094679611578
3344,26.752,-245.22425057804548
3345,26.76,-182.85437657202192
3346,26.768,-122.2710528537416
3347,26.776,-65.46792211966908
3348,26.784,-17.464746728404407
3349,26.792,16.950601248309226
3350,26.8,36.90345863818061
3351,26.808,44.6317073334302
3352,26.816,41.46109612259602
3353,26.824,25.87998950924566
3354,26.832,-3.3515003041495675
3355,26.84,-43.1971525942472
3356,26.848,-87.87246644586003
3357,26.856,-133.6276640696443
3358,26.864,-180.49435974744972
3359,26.872,-229.38594523780682
3360,26.88,-278.69493093107224
3361,26.888,-325.4938055767732
3362,26.896,-369.49054401226226
3363,26.904,-414.00418142511126
3364,26.912,-462.24894034686497
3365,26.92,-513.6477152955415
3366,26.928,-565.1511176887168
3367,26.936,-615.0041812228587
3368,26.944,-663.8522296899479
3369,26.952,-712.0655514426177
3370,26.96,-756.9401696340253
3371,26.968,-793.9144739168577
3372,26.976,-820.1054384240676
3373,26.984,-835.735694716672
3374,26.992,-841.5820100184119
3375,27.0,-835.7766274416656
3376,27.008,-815.0879500300166
3377,27.016,-779.2804955395342
3378,27.024,-732.9222049281103
3379,27.032,-682.2196415855827
3380,27.04,-631.1457251181844
3381,27.048,-582.233502294813
3382,27.056,-540.0484467881091
3383,27.064,-512.0766363181503
3384,27.072,-504.8579888868536
3385,27.08,-519.283189193499
3386,27.088,-551.1435395943117
3387,27.096,-595.4093080520206
3388,27.104,-648.2583003692462
3389,27.112,-704.7441433753487
3390,27.12,-756.0210577945468
3391,27.128,-791.2063226881519
3392,27.136,-802.5463499296706
3393,27.144,-788.3261928640604
3394,27.152,-750.3628338804342
3395,27.16,-689.9826123260768
3396,27.168,-608.306666992724
3397,27.176,-509.2353964614614
3398,27.184,-400.3032389987443
3399,27.192,-289.2895531094339
3400,27.2,-179.98521442463334
3401,27.208,-72.82534736523371
3402,27.216,31.119709458670883
3403,27.224,128.26147337459201
3404,27.232,214.86852612227926
3405,27.24,290.57560517786897
3406,27.248,357.8921644564558
3407,27.256,418.41182290242745
3408,27.264,470.6885236215586
3409,27.272,512.5779029922545
3410,27.28,544.8262932985994
3411,27.288,570.3554378754615
3412,27.296,590.4002893321264
3413,27.304,602.8697583595006
3414,27.312,604.9871841461255
3415,27.32,596.421027109025
3416,27.328,578.4387227578632
3417,27.336,550.8192363509332
3418,27.344,510.873392635134
3419,27.352,456.62909845943204
3420,27.36,390.6769110245748
3421,27.368,318.95781509261514
3422,27.376,246.26691267475724
3423,27.384,174.34955178406864
3424,27.392,104.41935016874572
3425,27.4,40.023952711225434
3426,27.408,-14.432053060757397
3427,27.416,-57.53998243924161
3428,27.424,-92.21251594214618
3429,27.432,-122.39865944349202
3430,27.44,-148.8764830314003
3431,27.448,-169.9272862131324
3432,27.456,-185.2259673138759
3433,27.464,-196.9978165566027
3434,27.472,-206.75317656262962
3435,27.48,-212.05870138464883
3436,27.488,-208.0406369873009
3437,27.496,-191.5693872896028
3438,27.504,-163.27250819671917
3439,27.512,-125.1845397442338
3440,27.52,-77.35600128980775
3441,27.528,-18.644369352777062
3442,27.536,49.80074127411973
3443,27.544,123.36135139315991
3444,27.552,196.84165433968604
3445,27.56,267.75095766036816
3446,27.568,335.5554902327778
3447,27.576,398.7057085917707
3448,27.584,453.58084417625315
3449,27.592,497.3320832623857
3450,27.6,531.5615934504458
3451,27.608,561.3721984797662
3452,27.616,591.232960469789
3453,27.624,622.8593643810894
3454,27.632,657.1500320737248
3455,27.64,696.8959746965286
3456,27.648,745.220811599631
3457,27.656,801.4108689081509
3458,27.664,859.6918831320967
3459,27.672,912.7778100187277
3460,27.68,955.8033376587455
3461,27.688,985.7383261551782
3462,27.696,998.434157534065
3463,27.704,988.0873791311528
3464,27.712,950.9892253330183
3465,27.72,889.7337221968288
3466,27.728,812.0619165185337
3467,27.736,725.9824936935624
3468,27.744,637.0188812098324
3469,27.752,550.204853779721
3470,27.76,472.99435056605137
3471,27.768,413.5026742139688
3472,27.776,375.99493887130865
3473,27.784,358.904815055856
3474,27.792,357.5435719792466
3475,27.8,368.20320685985155
3476,27.808,387.85359687688975
3477,27.816,410.77859415613653
3478,27.824,428.0043187210885
3479,27.832,431.13784472409714
3480,27.84,416.30953900147676
3481,27.848,383.4048486453034
3482,27.856,332.5652429893332
3483,27.864,263.1227398287138
3484,27.872,176.3352196589541
3485,27.88,78.03344619677159
3486,27.888,-23.138164193046094
3487,27.896,-120.12875413683312
3488,27.904,-209.52478334640708
3489,27.912,-289.1063912028295
3490,27.92,-354.81855497556063
3491,27.928,-402.1750020689206
3492,27.936,-430.2249459315747
3493,27.944,-442.723923731222
3494,27.952,-444.3918868391931
3495,27.96,-436.86422615009496
3496,27.968,-419.8833777146015
3497,27.976,-394.9207450845691
3498,27.984,-365.8825488868074
3499,27.992,-336.1134617770941
3500,28.0,-305.51394404646516
3501,28.008,-271.9461468888631
3502,28.016,-234.92306183131132
3503,28.024,-196.84387988011815
3504,28.032,-160.2203066039774
3505,28.04,-124.47790586626817
3506,28.048,-87.22998445722033
3507,28.056,-48.46173131483822
3508,28.064,-12.038390941518202
3509,28.072,17.809389319574244
3510,28.08,40.47856015663809
3511,28.088,57.99264007441863
3512,28.096,71.18904178768443
3513,28.104,78.3127995910637
3514,28.112,77.98453260940437
3515,28.12,72.45252533341048
3516,28.128,65.99434968259473
3517,28.136,61.132847643005874
3518,28.144,57.38268728950142
3519,28.152,53.63309686568709
3520,28.16,51.25244901914497
3521,28.168,53.253097781025055
3522,28.176,60.56965511436032
3523,28.184,70.43803688177915
3524,28.192,79.51948065545619
3525,28.2,88.03240267224218
3526,28.208,98.88334126509693
3527,28.216,113.56554231834282
3528,28.224,130.44078938386045
3529,28.232,147.32578794961802
3530,28.24,164.96528785458986
3531,28.248,186.19020826174423
3532,28.256,211.81219223491328
3533,28.264,238.80766390202535
3534,28.272,263.3898493320312
3535,28.28,284.6940616058588
3536,28.288,303.7039712712663
3537,28.296,319.689636588452
3538,28.304,329.2126921652165
3539,28.312,329.31571517407605
3540,28.32,321.3128348016394
3541,28.328,309.7911508311791
3542,28.336,298.1925471789615
3543,28.344,286.7585372896603
3544,28.352,275.2539052860955
3545,28.36,266.15261200525146
3546,28.368,263.07172577054337
3547,28.376,266.81775019916756
3548,28.384,274.03413608494157
3549,28.392,280.10779276894544
3550,28.4,283.15111761316416
3551,28.408,283.7411829037959
3552,28.416,281.20882944631467
3553,28.424,272.00534254084624
3554,28.432,252.84376539713196
3555,28.44,224.34208262987403
3556,28.448,189.6114854053098
3557,28.456,149.90190698688718
3558,28.464,102.72639378438919
3559,28.472,44.774163980512185
3560,28.48,-24.06257411413469
3561,28.488,-101.50205320783061
3562,28.496,-186.79747520384802
3563,28.504,-281.8777755338541
3564,28.512,-388.1247036818074
3565,28.52,-502.7032974953395
3566,28.528,-619.284380163698
3567,28.536,-731.9914969727934
3568,28.544,-837.3902205981818
3569,28.552,-931.9108296921373
3570,28.56,-1008.6251321100091
3571,28.568,-1059.042029695353
3572,28.576,-1078.1557032587184
3573,28.584,-1067.0576838388074
3574,28.592,-1031.0726373907455
3575,28.6,-976.7910090350865
3576,28.608,-912.2435009565905
3577,28.616,-848.9462394476196
3578,28.624,-801.2883999832108
3579,28.632,-781.204864029228
3580,28.64,-792.8358711246626
3581,28.648,-833.082725574273
3582,28.656,-895.7955112222951
3583,28.664,-974.2789056129261
3584,28.672,-1060.0880599277798
3585,28.68,-1141.3390137993747
3586,28.688,-1205.5166635490984
3587,28.696,-1244.6259632539097
3588,28.704,-1257.1466022304644
3589,28.712,-1245.3291257453636
3590,28.72,-1211.3436414590728
3591,28.728,-1156.9116464302829
3592,28.736,-1085.802717143966
3593,28.744,-1004.6751644561646
3594,28.752,-919.4019736737787
3595,28.76,-830.8171655647446
3596,28.768,-736.006287313771
3597,28.776,-633.0291674442207
3598,28.784,-523.0782588370513
3599,28.792,-408.0417684621548
3600,28.8,-287.3690078335029
3601,28.808,-159.4201788360558
3602,28.816,-25.653676326719506
3603,28.824,107.67563936104557
3604,28.832,232.81848816197203
3605,28.84,344.9323884062271
3606,28.848,441.5862633249559
3607,28.856,519.3038143339543
3608,28.864,572.8101078066278
3609,28.872,598.4118044897384
3610,28.88,597.7147211133962
3611,28.888,576.7609646795083
3612,28.896,541.7323322351116
3613,28.904,496.6534255286783
3614,28.912,445.8780972291812
3615,28.92,397.28184504614774
3616,28.928,360.6571628119516
3617,28.936,343.12875147666716
3618,28.944,346.8500334635487
3619,28.952,371.40769362330707
3620,28.96,417.16565256850856
3621,28.968,484.24536359473996
3622,28.976,569.3551614966975
3623,28.984,665.3092987730483
3624,28.992,764.5581082038757
3625,29.0,863.0804030918505
3626,29.008,959.682284414438
3627,29.016,1052.577473268671
3628,29.024,1137.9632313438583
3629,29.032,1212.254651824704
3630,29.04,1275.173408477547
3631,29.048,1328.746322797519
3632,29.056,1373.0912440676007
3633,29.064,1404.589085002926
3634,29.072,1419.2303632987646
3635,29.08,1416.5936485866946
3636,29.088,1398.7962295456184
3637,29.096,1366.776375325203
3638,29.104,1318.870004322531
3639,29.112,1253.528603700019
3640,29.12,1172.9647884752503
3641,29.128,1082.2378569501898
3642,29.136,985.2765668261734
3643,29.144,883.2756702797999
3644,29.152,777.2334201483984
3645,29.16,670.9115039017153
3646,29.168,569.3707875742901
3647,29.176,474.90723929430567
3648,29.184,385.5860377557382
3649,29.192,298.1782946269287
3650,29.2,211.9196276123293
3651,29.208,128.21808946555456
3652,29.216,47.532441637967025
3653,29.224,-31.81374462236397
3654,29.232,-110.84778305527266
3655,29.24,-186.90535293810723
3656,29.248,-255.06769373103452
3657,29.256,-312.02272799494654
3658,29.264,-357.6505437787929
3659,29.272,-392.7541150350603
3660,29.28,-416.1751706114551
3661,29.288,-425.80294442624637
3662,29.296,-422.03038752365245
3663,29.304,-409.22936293146853
3664,29.312,-393.0471467885116
3665,29.32,-376.3258261130865
3666,29.328,-359.1569369227423
3667,29.336,-342.66139712881915
3668,29.344,-331.0587032758132
3669,29.352,-328.88384920839974
3670,29.36,-337.23120518338055
3671,29.368,-354.6425071233461
3672,29.376,-380.7394179325826
3673,29.384,-417.49203388197265
3674,29.392,-466.2583630051744
3675,29.4,-524.3253391160858
3676,29.408,-586.30877609426
3677,29.416,-648.4881335995481
3678,29.424,-710.4256623662905
3679,29.432,-771.9234197688984
3680,29.44,-829.4530734890711
3681,29.448,-877.47134188123
3682,29.456,-912.6931970144195
3683,29.464,-935.667905806651
3684,29.472,-947.8158145979384
3685,29.48,-948.214963858628
3686,29.488,-934.7043521854428
3687,29.496,-907.1594857500551
3688,29.504,-868.8905977732107
3689,29.512,-824.0812016939719
3690,29.52,-774.046267947006
3691,29.528,-717.9290876100251
3692,29.536,-656.3470101286482
3693,29.544,-592.6029235164613
3694,29.552,-529.5690062246165
3695,29.56,-466.0185537333123
3696,29.568,-397.9730428770356
3697,29.576,-323.13195452873254
3698,29.584,-242.4990263710502
3699,29.592,-157.66421759986213
3700,29.6,-67.7573498116484
3701,29.608,29.350639515090734
3702,29.616,133.2640969186462
3703,29.624,239.44204951904516
3704,29.632,341.87619818696095
3705,29.64,436.84776882377685
3706,29.648,522.3672609256408
3707,29.656,594.4360825169538
3708,29.664,646.1066207825149
3709,29.672,671.6446658496542
3710,29.68,670.6435969022676
3711,29.688,646.7875786999747
3712,29.696,603.8116988753417
3713,29.704,543.5256198368896
3714,29.712,467.9871655866302
3715,29.72,382.6060998676702
3716,29.728,294.57229157606525
3717,29.736,208.46644350586035
3718,29.744,124.8453291114289
3719,29.752,43.27754000951222
3720,29.76,-34.14038405264273
3721,29.768,-103.6255033405281
3722,29.776,-163.36226249576262
3723,29.784,-214.6422515534731
3724,29.792,-258.55711284632446
3725,29.8,-292.6712504703037
3726,29.808,-312.6915391260537
3727,29.816,-316.78159037085095
3728,29.824,-307.31641262387774
3729,29.832,-288.2120317642503
3730,29.84,-261.4286822194206
3731,29.848,-227.94544974222822
3732,29.856,-191.58892966550695
3733,29.864,-160.0444454673252
3734,29.872,-140.98694300832335
3735,29.88,-137.5235174534352
3736,29.888,-148.56754836895914
3737,29.896,-172.69762046671758
3738,29.904,-209.83076478421168
3739,29.912,-258.54297047728494
3740,29.92,-313.0310703072046
3741,29.928,-364.4244921299297
3742,29.936,-404.79470055170464
3743,29.944,-429.3175530812843
3744,29.952,-434.3607322189997
3745,29.96,-414.70557250532744
3746,29.968,-365.05403103663014
3747,29.976,-284.26537616383183
3748,29.984,-177.10258805541054
3749,29.992,-51.18883170126088
3750,30.0,87.34145253344866
3751,30.008,233.85080711159873
3752,30.016,382.08045904369243
3753,30.024,523.4738002554055
3754,30.032,650.9465963623659
3755,30.04,762.8330796737454
3756,30.048,861.792080389919
3757,30.056,950.5616496990351
3758,30.064,1029.8336272399993
3759,30.072,1100.1595628840842
3760,30.08,1164.47551820645
3761,30.088,1226.6639431209032
3762,30.096,1287.5076161461689
3763,30.104,1342.879242351583
3764,30.112,1386.6413136042288
3765,30.12,1414.7242600990912
3766,30.128,1424.8280431902795
3767,30.136,1413.1715223465892
3768,30.144,1373.6152297836193
3769,30.152,1301.1260158355262
3770,30.16,1195.632426671873
3771,30.168,1061.0698545852952
3772,30.176,901.2593258771867
3773,30.184,718.1190160431483
3774,30.192,514.5475728782988
3775,30.2,297.7788863159162
3776,30.208,77.7760937430071
3777,30.216,-137.33702529820638
3778,30.224,-343.4208200212183
3779,30.232,-537.6923749058232
3780,30.24,-715.0624592582111
3781,30.248,-869.0908829836113
3782,30.256,-995.9381375795363
3783,30.264,-1096.001150174762
3784,30.272,-1171.0974707305072
3785,30.28,-1220.9452285026302
3786,30.288,-1244.144623174203
3787,30.296,-1241.5497081514704
3788,30.304,-1217.2811671595146
3789,30.312,-1176.1510336412825
3790,30.32,-1120.3042071394952
3791,30.328,-1049.7114145904452
3792,30.336,-965.8212002517414
3793,30.344,-873.2501537878168
3794,30.352,-776.915712370723
3795,30.36,-678.4147005005384
3796,30.368,-576.9646212277946
3797,30.376,-473.2835184330688
3798,30.384,-371.2754835741639
3799,30.392,-275.3301284612678
3800,30.4,-186.54064309326134
3801,30.408,-103.21922310804479
3802,30.416,-24.966833888643123
3803,30.424,45.10404289497728
3804,30.432,103.10107107120746
3805,30.44,148.4216777112543
3806,30.448,183.35893223111287
3807,30.456,209.37235289310945
3808,30.464,225.37436114688626
3809,30.472,230.55348206527913
3810,30.48,227.7208857078955
3811,30.488,222.03665781814857
3812,30.496,217.3315636955018
3813,30.504,214.5091102791165
3814,30.512,213.688667693328
3815,30.52,217.45781227113002
3816,30.528,230.0815643385812
3817,30.536,253.49152887022734
3818,30.544,285.3644413966529
3819,30.552,321.65894431460765
3820,30.56,360.1817749052931
3821,30.568,400.3697937793554
3822,30.576,440.2155024195152
3823,30.584,475.00590398884503
3824,30.592,500.62994757626603
3825,30.6,516.981739900151
3826,30.608,525.7985819455007
3827,30.616,526.7058241650993
3828,30.624,516.6211565328716
3829,30.632,492.5722392305337
3830,30.64,454.85377591332883
3831,30.648,406.5006725596436
3832,30.656,350.1620711040419
3833,30.664,286.75499459051736
3834,30.672,217.86087277439566
3835,30.68,148.6924319718708
3836,30.688,86.51191837176529
3837,30.696,36.0925105622637
3838,30.704,-2.0115033477821527
3839,30.712,-28.61963713372613
3840,30.72,-42.7434036886243
3841,30.728,-42.769254674232435
3842,30.736,-30.069419150316563
3843,30.744,-9.871857235446726
3844,30.752,12.497952047392726
3845,30.76,35.88359242398481
3846,30.768,62.57463198342197
3847,30.776,94.19284182053669
3848,30.784,129.70994520514395
3849,30.792,167.61861775825074
3850,30.8,208.7360091700287
3851,30.808,255.09463896849735
3852,30.816,306.1758169624763
3853,30.824,357.28095354081506
3854,30.832,402.3978456364726
3855,30.84,437.9624135669347
3856,30.848,462.23711795386396
3857,30.856,471.7866072463801
3858,30.864,460.41753360159794
3859,30.872,422.7653074047629
3860,30.88,358.58086452976323
3861,30.888,272.2570972999865
3862,30.896,168.7702966116555
3863,30.904,51.488160134742486
3864,30.912,-75.47352880894792
3865,30.92,-204.47382451763121
3866,30.928,-326.33379161618643
3867,30.936,-434.7853744692609
3868,30.944,-528.2581854446706
3869,30.952,-606.8784731506506
3870,30.96,-668.4916270834732
3871,30.968,-709.5855723372697
3872,30.976,-729.2172847232517
3873,30.984,-730.2799378720458
3874,30.992,-716.3288256619273
3875,31.0,-687.8183899499023
3876,31.008,-642.8556135079003
3877,31.016,-580.9835913720201
3878,31.024,-505.28227035419343
3879,31.032,-420.5276804166542
3880,31.04,-330.02886518244856
3881,31.048,-236.0993989502482
3882,31.056,-143.0188008893589
3883,31.064,-57.54885973010016
3884,31.072,14.580021486488633
3885,31.08,72.39465336627418
3886,31.088,118.65578095761977
3887,31.096,155.57978955500434
3888,31.104,182.7135066750803
3889,31.112,199.23029869860702
3890,31.12,206.90544574751854
3891,31.128,208.94351581968917
3892,31.136,206.4502682848114
3893,31.144,197.50541159911305
3894,31.152,180.34709017422168
3895,31.16,156.63205102422913
3896,31.168,130.23460493603372
3897,31.176,103.43998463624186
3898,31.184,75.1042551051639
3899,31.192,43.027863425144346
3900,31.2,7.491274639961091
3901,31.208,-29.307958594345195
3902,31.216,-66.6877962558763
3903,31.224,-106.76825544977285
3904,31.232,-151.42408598541425
3905,31.24,-198.5272417751636
3906,31.248,-243.1612568907734
3907,31.256,-282.16579526370305
3908,31.264,-315.9167300101784
3909,31.272,-345.36404941358484
3910,31.28,-368.4574230901927
3911,31.288,-380.7908749537269
3912,31.296,-379.36512993033205
3913,31.304,-364.85094277655594
3914,31.312,-339.2686576557301
3915,31.32,-302.26278073163814
3916,31.328,-252.11532237180387
3917,31.336,-190.19059679794003
3918,31.344,-122.73789775178216
3919,31.352,-57.45338956959762
3920,31.36,1.1962414546143947
3921,31.368,52.165101047877165
3922,31.376,94.7309260942336
3923,31.384,127.07730731245931
3924,31.392,148.70645267929513
3925,31.4,163.4703781266184
3926,31.408,178.2493715067852
3927,31.416,198.61888851153174
3928,31.424,226.63339067783204
3929,31.432,262.75843128849726
3930,31.44,308.51325866279484
3931,31.448,365.3993606287518
3932,31.456,431.73900245813024
3933,31.464,501.8245378590646
3934,31.472,569.0350120860829
3935,31.48,629.7924751235382
3936,31.488,683.5226143161295
3937,31.496,729.0829415959065
3938,31.504,762.3938445471977
3939,31.512,778.7905295253396
3940,31.52,776.9340466645648
3941,31.528,758.0481466827428
3942,31.536,721.7988905717983
3943,31.544,664.6440823485335
3944,31.552,582.9233664241035
3945,31.56,476.7834329491884
3946,31.568,349.47015248621346
3947,31.576,203.57358957985144
3948,31.584,39.7041487837767
3949,31.592,-140.49813066209344
3950,31.6,-330.75624411925594
3951,31.608,-521.0392387475763
3952,31.616,-701.9190357719278
3953,31.624,-866.9558825038259
3954,31.632,-1010.4355740323269
3955,31.64,-1124.827564667119
3956,31.648,-1202.9113745020973
3957,31.656,-1241.8185424966302
3958,31.664,-1244.1312126679302
3959,31.672,-1214.5510330314326
3960,31.68,-1155.861136679861
3961,31.688,-1069.7069594069144
3962,31.696,-960.3520951501421
3963,31.704,-835.6618668922781
3964,31.712,-703.6499380425494
3965,31.72,-568.6985975766241
3966,31.728,-432.4321635533678
3967,31.736,-297.64091736158446
3968,31.744,-169.94087043072494
3969,31.752,-54.48522647835466
3970,31.76,48.2819254995201
3971,31.768,141.501651727553
3972,31.776,227.27805922999266
3973,31.784,304.73509903539343
3974,31.792,372.4452688890301
3975,31.8,431.3542195488311
3976,31.808,483.6001470878293
3977,31.816,528.7305037790079
3978,31.824,562.5691334361377
3979,31.832,580.8771627202567
3980,31.84,583.3355848796153
3981,31.848,572.427325346823
3982,31.856,549.616330166071
3983,31.864,514.358138115612
3984,31.872,467.01359034504287
3985,31.88,411.4852214105309
3986,31.888,353.55175812203277
3987,31.896,296.9788181563304
3988,31.904,241.8945978280209
3989,31.912,187.39973201825563
3990,31.92,135.18455012688287
3991,31.928,88.98767548444965
3992,31.936,50.900207143097276
3993,31.944,19.454698455838354
3994,31.952,-7.915078808346209
3995,31.96,-31.466563970150787
3996,31.968,-50.11130996969382
3997,31.976,-64.94911234719109
3998,31.984,-80.14965436763458
3999,31.992,-99.59579040269185
4000,32.0,-123.05052420527
4001,32.008,-146.95834527799448
4002,32.016,-168.59793417089642
4003,32.024,-188.1027122811633
4004,32.032,-205.8626198924302
4005,32.04,-219.3572369416918
4006,32.048,-224.50673970510405
4007,32.056,-219.5579858395391
4008,32.064,-206.70552902332776
4009,32.072,-189.4616893793138
4010,32.08,-168.9870069285373
4011,32.088,-144.6058259364297
4012,32.096,-117.22218690178917
4013,32.104,-90.58038608854528
4014,32.112,-68.31369522879237
4015,32.12,-50.40806104827783
4016,32.128,-34.44663909056632
4017,32.136,-19.826943012122
4018,32.144,-9.027960049232405
4019,32.152,-4.290423887769606
4020,32.16,-4.263560381000644
4021,32.168,-5.34723260350745
4022,32.176,-5.514758790768752
4023,32.184,-5.606682066319394
4024,32.192,-6.43417577489555
4025,32.2,-5.454216707899292
4026,32.208,1.847475119257325
4027,32.216,17.49068331098033
4028,32.224,39.0827656741867
4029,32.232,62.63722865671346
4030,32.24,86.40580443456298
4031,32.248,110.76721994538462
4032,32.256,134.80514657203352
4033,32.264,154.18352436480694
4034,32.272,163.8311214960466
4035,32.28,162.03763276910107
4036,32.288,149.60822249917263
4037,32.296,126.21945878906271
4038,32.304,89.90804355484627
4039,32.312,40.4351950429421
4040,32.32,-17.874530004920587
4041,32.328,-77.97832912161374
4042,32.336,-134.52645806501525
4043,32.344,-185.68743278161577
4044,32.352,-230.40266973235285
4045,32.36,-265.0824230960412
4046,32.368,-284.69416844718467
4047,32.376,-286.5414925277929
4048,32.384,-271.91197959788764
4049,32.392,-243.27690128834269
4050,32.4,-200.8599029287074
4051,32.408,-143.8572347483523
4052,32.416,-74.0205794651288
4053,32.424,3.1659175966138378
4054,32.432,81.42377564740053
4055,32.44,157.62583008854247
4056,32.448,231.2091858888103
4057,32.456,300.3521293806775
4058,32.464,360.45416537934415
4059,32.472,407.0452468427077
4060,32.48,439.49865201171184
4061,32.488,460.2256541675933
4062,32.496,470.62759411076775
4063,32.504,469.28198115968786
4064,32.512,454.8439652250105
4065,32.52,429.6758690334674
4066,32.528,398.7789246294804
4067,32.536,365.8502594375263
4068,32.544,331.49650754982895
4069,32.552,295.5202761647917
4070,32.56,259.99906361121947
4071,32.568,228.15172195831445
4072,32.576,200.43287849768467
4073,32.584,173.29027065166906
4074,32.592,142.87407060308078
4075,32.6,109.3104043989149
4076,32.608,75.68485908148284
4077,32.616,43.58868139187314
4078,32.624,11.085413737913825
4079,32.632,-24.1448195031046
4080,32.64,-60.60336320251099
4081,32.648,-94.10386807109546
4082,32.656,-122.3218632608008
4083,32.664,-146.65121370454665
4084,32.672,-169.40241510198865
4085,32.68,-190.19721757110005
4086,32.688,-206.83998178624097
4087,32.696,-219.37818619768882
4088,32.704,-231.93575218305807
4089,32.712,-249.72223666073762
4090,32.72,-274.8205421977817
4091,32.728,-306.2826592376449
4092,32.736,-343.5362500288369
4093,32.744,-388.05261998061184
4094,32.752,-440.52252304672
4095,32.76,-497.1256951282931
4096,32.768,-550.8640061717651
4097,32.776,-596.1261360915167
4098,32.784,-630.4835354130665
4099,32.792,-652.2315801219231
4100,32.8,-657.7971497870382
4101,32.808,-643.3573869645312
4102,32.816,-608.9560176086304
4103,32.824,-560.2082448627449
4104,32.832,-505.0118466353373
4105,32.84,-448.7955078404236
4106,32.848,-393.9246352319473
4107,32.856,-342.30318174797975
4108,32.864,-296.7241916010589
4109,32.872,-258.5531934085386
4110,32.88,-224.5198900322846
4111,32.888,-188.26210051883646
4112,32.896,-145.4933119002526
4113,32.904,-96.75193670299006
4114,32.912,-45.128857039074376
4115,32.92,7.378521256735411
4116,32.928,59.46623843155476
4117,32.936,107.22470730256879
4118,32.944,143.63583512326855
4119,32.952,162.7931027858342
4120,32.96,163.87659111903992
4121,32.968,149.92600754250654
4122,32.976,123.98119515509896
4123,32.984,87.64662741771204
4124,32.992,43.617403723177745
4125,33.0,-1.552820397367384
4126,33.008,-39.408075782878115
4127,33.016,-64.45586120372613
4128,33.024,-76.21170397096324
4129,33.032,-76.29204399047542
4130,33.04,-64.72988233788004
4131,33.048,-40.571227254594774
4132,33.056,-5.2058917485212675
4133,33.064,36.326075895747834
4134,33.072,78.45032798918366
4135,33.08,119.25134164496671
4136,33.088,160.11029794910345
4137,33.096,201.794625369154
4138,33.104,242.1776954286209
4139,33.112,278.5045093983008
4140,33.12,311.13899836299447
4141,33.128,342.80282514723496
4142,33.136,374.1178010277928
4143,33.144,401.51341426512823
4144,33.152,420.5580892332481
4145,33.16,430.3912143098735
4146,33.168,432.9692692700868
4147,33.176,428.9258957829069
4148,33.184,416.06330322513753
4149,33.192,392.39834670457725
4150,33.2,359.63229426483065
4151,33.208,321.9569957311267
4152,33.216,281.77316270464377
4153,33.224,237.77195336459033
4154,33.232,188.08925123065603
4155,33.24,134.50314282050869
4156,33.248,81.48428346070816
4157,33.256,31.762666128950258
4158,33.264,-15.529589642332951
4159,33.272,-61.96402388713497
4160,33.28,-106.1112403684806
4161,33.288,-144.21492931628038
4162,33.296,-173.94212044597037
4163,33.304,-196.140654272494
4164,33.312,-212.17356464707254
4165,33.32,-220.30553549384203
4166,33.328,-216.78928620991843
4167,33.336,-200.40282213881616
4168,33.344,-174.31054895819926
4169,33.352,-142.72908376910166
4170,33.36,-106.95339738950906
4171,33.368,-66.06019974868565
4172,33.376,-20.422112909814928
4173,33.384,26.956676489775987
4174,33.392,73.28901857088994
4175,33.4,119.18848052544408
4176,33.408,167.14714928213093
4177,33.416,217.6602163406566
4178,33.424,267.9401490512914
4179,33.432,314.39707085399175
4180,33.44,355.75921315155614
4181,33.448,392.3100607670318
4182,33.456,422.2549294557883
4183,33.464,440.434396460962
4184,33.472,441.7929827917171
4185,33.48,425.44503113627854
4186,33.488,393.99131749900596
4187,33.496,349.5519358580512
4188,33.504,291.53782148119734
4189,33.512,219.11183116044504
4190,33.52,135.01614360812215
4191,33.528,44.57259137461051
4192,33.536,-48.77078288607089
4193,33.544,-145.27424063476678
4194,33.552,-245.81160222110583
4195,33.56,-347.9774284983806
4196,33.568,-446.6180513240395
4197,33.576,-537.3758521752591
4198,33.584,-618.6098286326121
4199,33.592,-689.2997302565327
4200,33.6,-746.2090936932709
4201,33.608,-785.5176272343332
4202,33.616,-806.8912391609206
4203,33.624,-814.7615527511169
4204,33.632,-815.0321741828642
4205,33.64,-810.9252735016789
4206,33.648,-803.499806078865
4207,33.656,-795.1636628704881
4208,33.664,-790.703414674305
4209,33.672,-794.1532719765263
4210,33.68,-805.1884322534463
4211,33.688,-820.1050620964813
4212,33.696,-836.0356428552598
4213,33.704,-852.7772257471512
4214,33.712,-869.95994765519
4215,33.72,-883.7488963181252
4216,33.728,-888.2163910238779
4217,33.736,-879.5000434456113
4218,33.744,-857.5626923115171
4219,33.752,-823.5670802319731
4220,33.76,-776.4741570755334
4221,33.768,-713.999792941381
4222,33.776,-636.5307985183415
4223,33.784,-548.4459391262803
4224,33.792,-454.59746294764886
4225,33.8,-356.52503237411565
4226,33.808,-253.6521254197761
4227,33.816,-147.26438091914804
4228,33.824,-42.07635808020507
4229,33.832,57.02929782543123
4230,33.84,149.18813813127275
4231,33.848,236.43788284145694
4232,33.856,319.36401973043155
4233,33.864,395.48465433263755
4234,33.872,461.9358440510743
4235,33.88,518.7246222197156
4236,33.888,567.7080476889523
4237,33.896,608.747803653044
4238,33.904,638.5015229558454
4239,33.912,653.9445664863409
4240,33.92,656.0309753287844
4241,33.928,648.1925312864992
4242,33.936,632.2527277706467
4243,33.944,607.0834677227944
4244,33.952,571.335362273239
4245,33.96,526.8742321402212
4246,33.968,478.3026908547114
4247,33.976,429.2385092348113
4248,33.984,380.21354916244076
4249,33.992,331.3692743045136
4250,34.0,286.2045724323856
4251,34.008,250.29390988420272
4252,34.016,226.92504949205158
4253,34.024,215.498860214498
4254,34.032,214.38323183976786
4255,34.04,224.2422770961814
4256,34.048,247.03529582953917
4257,34.056,282.2056246779928
4258,34.064,324.98970886785787
4259,34.072,369.32900354806435
4260,34.08,411.8962651206602
4261,34.088,451.7887740231065
4262,34.096,487.4285496090868
4263,34.104,515.4963043523328
4264,34.112,533.5966703185118
4265,34.12,543.4938441637339
4266,34.128,549.913734071161
4267,34.136,556.0432032697813
4268,34.144,561.0686314589176
4269,34.152,562.3220536626811
4270,34.16,559.0656882946524
4271,34.168,552.6934688958501
4272,34.176,543.5309304763695
4273,34.184,529.214835581426
4274,34.192,507.4743150933957
4275,34.2,479.50921968322746
4276,34.208,448.8073525196156
4277,34.216,417.16921962534246
4278,34.224,383.2122961211292
4279,34.232,345.4188851034684
4280,34.24,305.43520040254725
4281,34.248,266.59749879260306
4282,34.256,230.14598512929263
4283,34.264,194.02942185929834
4284,34.272,155.86697310666648
4285,34.28,116.61230562996451
4286,34.288,79.71356223988536
4287,34.296,47.15795260362299
4288,34.304,17.771605391167157
4289,34.312,-10.03679291181004
4290,34.32,-35.032282123274214
4291,34.328,-54.459155218835235
4292,34.336,-67.82355419517992
4293,34.344,-78.15087491848612
4294,34.352,-88.93187984283168
4295,34.36,-100.30881187802461
4296,34.368,-109.69909836694985
4297,34.376,-115.45842975495384
4298,34.384,-118.66482120620805
4299,34.392,-120.73331302900593
4300,34.4,-119.9950913336737
4301,34.408,-112.8912331078983
4302,34.416,-98.48060908117671
4303,34.424,-80.06756993145032
4304,34.432,-61.925611334090505
4305,34.44,-45.75734660874993
4306,34.448,-31.69396616022135
4307,34.456,-21.811372257020203
4308,34.464,-21.280890351122224
4309,34.472,-34.93857551243576
4310,34.48,-63.18394478148862
4311,34.488,-103.04562813267927
4312,34.496,-152.17412535638408
4313,34.504,-210.13217541635873
4314,34.512,-275.9530202101738
4315,34.52,-345.2914505331124
4316,34.528,-411.4809456157596
4317,34.536,-469.8103703081736
4318,34.544,-519.6972789180531
4319,34.552,-561.7876183263248
4320,34.56,-594.1730478046904
4321,34.568,-613.2859070197518
4322,34.576,-617.5606537110256
4323,34.584,-608.5917337813089
4324,34.592,-588.251488036413
4325,34.6,-555.519500183057
4326,34.608,-507.6018068201654
4327,34.616,-443.9287274312661
4328,34.624,-367.9993524186784
4329,34.632,-284.70458176901377
4330,34.64,-196.6722973599562
4331,34.648,-104.65598163363887
4332,34.656,-10.84786391129387
4333,34.664,79.78927031347678
4334,34.672,162.73533686768315
4335,34.68,237.64638929147986
4336,34.688,306.9822493134084
4337,34.696,371.7488218730129
4338,34.704,429.8846193690722
4339,34.712,478.9638506670274
4340,34.72,519.2984907556927
4341,34.728,552.5829263164218
4342,34.736,578.2963848365322
4343,34.744,592.8414336851886
4344,34.752,592.6495675357118
4345,34.76,577.8645602385765
4346,34.768,551.7500330621056
4347,34.776,516.7045554018999
4348,34.784,472.3775871263331
4349,34.792,418.5265803486322
4350,34.8,358.30733032513575
4351,34.808,296.9413270898857
4352,34.816,237.9197649474703
4353,34.824,181.4134557655599
4354,34.832,126.86454311631292
4355,34.84,76.59848775857992
4356,34.848,34.800422659980185
4357,34.856,3.3074783672087875
4358,34.864,-19.771575401684686
4359,34.872,-36.99671752886805
4360,34.88,-48.281559362487116
4361,34.888,-51.64845683694646
4362,34.896,-46.54111955651746
4363,34.904,-35.25171490073925
4364,34.912,-20.25984815818959
4365,34.92,-0.8424363595090227
4366,34.928,25.690318151384865
4367,34.936,59.649389537421754
4368,34.944,97.23690938122688
4369,34.952,133.56382168820002
4370,34.96,166.51919955373862
4371,34.968,196.35912381804798
4372,34.976,222.21111906868015
4373,34.984,240.83694356468166
4374,34.992,249.9416541781564
4375,35.0,251.57219121912715
4376,35.008,250.46558315158006
4377,35.016,249.71684844667374
4378,35.024,248.9896484563682
4379,35.032,247.11911316725406
4380,35.04,245.43200903822287
4381,35.048,246.49162405985982
4382,35.056,249.9749961330934
4383,35.064,251.49873949079893
4384,35.072,246.27742619412282
4385,35.08,233.12054898807224
4386,35.088,213.85143020079545
4387,35.096,189.80384550871997
4388,35.104,159.86590257171417
4389,35.112,122.72248866426452
4390,35.12,80.36540620258126
4391,35.128,36.92251872897532
4392,35.136,-5.816954383209634
4393,35.144,-49.98161235772909
4394,35.152,-98.09185036774792
4395,35.16,-149.13038266834218
4396,35.168,-199.75623501836623
4397,35.176,-248.32288544930293
4398,35.184,-296.2672196648115
4399,35.192,-345.23575600709984
4400,35.2,-393.48213125826646
4401,35.208,-436.76805710310737
4402,35.216,-472.5644368173185
4403,35.224,-501.8261427039841
4404,35.232,-526.0933152924563
4405,35.24,-544.0636311576716
4406,35.248,-552.5746311482345
4407,35.256,-550.4056606289729
4408,35.264,-540.0214754718736
4409,35.272,-524.7815814862035
4410,35.28,-504.98810230459037
4411,35.288,-478.6060763774782
4412,35.296,-445.49181810870346
4413,35.304,-409.24562406650256
4414,35.312,-374.4747005549446
4415,35.32,-343.5463719270508
4416,35.328,-317.4598320040222
4417,35.336,-298.86458871630145
4418,35.344,-292.6080867391481
4419,35.352,-302.19740702662233
4420,35.36,-325.7708759274665
4421,35.368,-357.1226018593629
4422,35.376,-390.4493984025726
4423,35.384,-422.69189180210196
4424,35.392,-451.16906528778145
4425,35.4,-470.5475086799513
4426,35.408,-474.16072831891137
4427,35.416,-458.1634790152553
4428,35.424,-423.12279941903233
4429,35.432,-371.14497528952813
4430,35.44,-302.4298388355361
4431,35.448,-216.11599354370549
4432,35.456,-114.22831301546921
4433,35.464,-3.2003621491729177
4434,35.472,109.55008514070471
4435,35.48,219.75176945554162
4436,35.488,325.91440646969374
4437,35.496,425.9143815980277
4438,35.504,515.5511173762534
4439,35.512,591.2329133890634
4440,35.52,653.0357676367071
4441,35.528,703.4156074482237
4442,35.536,743.4329787007418
4443,35.544,771.3275552313846
4444,35.552,785.3196394055749
4445,35.56,787.1300779323968
4446,35.568,780.8800770672607
4447,35.576,768.779442671215
4448,35.584,749.4381218219899
4449,35.592,720.681327554016
4450,35.6,682.7931490005108
4451,35.608,637.8422051755771
4452,35.616,586.4519170464806
4453,35.624,526.4104983951491
4454,35.632,455.4609756702597
4455,35.64,374.91327823454503
4456,35.648,288.85252044665594
4457,35.656,200.32339057994028
4458,35.664,109.68454355895636
4459,35.672,17.223193233333888
4460,35.68,-73.72775778077914
4461,35.688,-158.028383677071
4462,35.696,-232.53098718546488
4463,35.704,-297.59543840498213
4464,35.712,-354.5531198591716
4465,35.72,-402.35564556432126
4466,35.728,-438.3223841048774
4467,35.736,-461.7659139368379
4468,35.744,-475.23772130898567
4469,35.752,-481.5201465020952
4470,35.76,-480.2259929477915
4471,35.768,-468.96042262656493
4472,35.776,-447.71021067564845
4473,35.784,-420.67790483496464
4474,35.792,-392.8891176587972
4475,35.8,-366.01505686632885
4476,35.808,-339.0079364657301
4477,35.816,-311.72601735742035
4478,35.824,-286.21527067181523
4479,35.832,-263.95788039575154
4480,35.84,-242.87265902301027
4481,35.848,-218.67706474877951
4482,35.856,-189.05866068568122
4483,35.864,-155.58927766026247
4484,35.872,-121.18365129159261
4485,35.88,-86.63526991901881
4486,35.888,-51.20224006517573
4487,35.896,-16.06779506588613
4488,35.904,14.43315070690974
4489,35.912,36.19527567382637
4490,35.92,49.22365317355188
4491,35.928,56.531145845254855
4492,35.936,60.03649336309033
4493,35.944,59.05449319969052
4494,35.952,53.14749797867661
4495,35.96,45.35908831580228
4496,35.968,40.9732886511513
4497,35.976,43.47418854800013
4498,35.984,52.81118068131666
4499,35.992,68.07082332734419
4500,36.0,90.90244077312258
4501,36.008,124.4370250605965
4502,36.016,169.14929413610108
4503,36.024,221.09090929672908
4504,36.032,274.69593725176003
4505,36.04,326.730491109961
4506,36.048,376.2740445960178
4507,36.056,421.30365942476084
4508,36.064,457.1337083233126
4509,36.072,479.7460384654155
4510,36.08,489.7197840110632
4511,36.088,490.8705909726723
4512,36.096,485.7967759820676
4513,36.104,474.0734911375077
4514,36.112,454.8544551345215
4515,36.12,430.004343736485
4516,36.128,402.8035441971357
4517,36.136,373.77120600783377
4518,36.144,339.0558959285316
4519,36.152,293.8786067762636
4520,36.16,236.8779760718923
4521,36.168,169.56586663109988
4522,36.176,92.81486793936173
4523,36.184,5.918762860045831
4524,36.192,-90.50549366847576
4525,36.2,-191.6994672339632
4526,36.208,-290.20024185185514
4527,36.216,-379.93382618714145
4528,36.224,-458.29880409844617
4529,36.232,-523.9620114581751
4530,36.24,-573.9926417831219
4531,36.248,-605.2917617992997
4532,36.256,-618.1366365472242
4533,36.264,-616.973716662412
4534,36.272,-607.1773365810686
4535,36.28,-591.2611348486907
4536,36.288,-569.4180794039621
4537,36.296,-543.1175949664264
4538,36.304,-516.4568976378531
4539,36.312,-493.1053697674429
4540,36.32,-472.95206500255284
4541,36.328,-453.5801354477776
4542,36.336,-434.3572560347552
4543,36.344,-417.7597208794462
4544,36.352,-406.45515603762726
4545,36.36,-399.86992089061727
4546,36.368,-394.9532677094049
4547,36.376,-389.80651356179646
4548,36.384,-385.3209052070756
4549,36.392,-382.79270581645244
4550,36.4,-380.7411211239621
4551,36.408,-375.9315827659621
4552,36.416,-367.5571492036161
4553,36.424,-358.8118752421398
4554,36.432,-353.5002335645577
4555,36.44,-352.1331670747922
4556,36.448,-352.7209539047215
4557,36.456,-354.61461765375765
4558,36.464,-359.90990546921836
4559,36.472,-370.1486104508006
4560,36.48,-382.5854126051369
4561,36.488,-391.45750171507876
4562,36.496,-392.6617661033211
4563,36.504,-386.0696377563779
4564,36.512,-372.69264041089053
4565,36.52,-350.96790598020203
4566,36.528,-318.0370363169646
4567,36.536,-273.8293211001338
4568,36.544,-222.221102143071
4569,36.552,-167.89533877894746
4570,36.56,-112.65687336725586
4571,36.568,-55.991228530794956
4572,36.576,1.1481056082349141
4573,36.584,54.94462651360118
4574,36.592,102.25935448455249
4575,36.6,144.36687726512815
4576,36.608,185.6617872377313
4577,36.616,229.5412844072726
4578,36.624,276.37084243846346
4579,36.632,325.61555494521747
4580,36.64,379.0439951378394
4581,36.648,439.8214461801137
4582,36.656,508.3835655066792
4583,36.664,580.4365408526651
4584,36.672,650.084989489975
4585,36.68,714.1290815872761
4586,36.688,771.4943676800841
4587,36.696,819.5825269832827
4588,36.704,853.1140399131997
4589,36.712,867.3390610262521
4590,36.72,861.8796797800226
4591,36.728,840.1634501193216
4592,36.736,805.7602619586344
4593,36.744,760.4443658298059
4594,36.752,706.3695885261994
4595,36.76,649.1809705362817
4596,36.768,596.638494532565
4597,36.776,553.9329678619822
4598,36.784,521.2990962695025
4599,36.792,496.56768662528805
4600,36.8,478.7410501712096
4601,36.808,467.1148365416503
4602,36.816,458.0206088530515
4603,36.824,444.5978767856037
4604,36.832,420.75969710057325
4605,36.84,385.07240202828683
4606,36.848,339.7848449740465
4607,36.856,286.8397030903105
4608,36.864,226.09149942147798
4609,36.872,158.10181410260367
4610,36.88,87.79905605113731
4611,36.888,23.12543249114094
4612,36.896,-29.96698247820089
4613,36.904,-69.95655023545237
4614,36.912,-96.97451982357543
4615,36.92,-109.20788917983944
4616,36.928,-104.3123133596272
4617,36.936,-83.96806308758647
4618,36.944,-55.3010845290906
4619,36.952,-26.876706447949147
4620,36.96,-4.190875750191736
4621,36.968,9.806538075229213
4622,36.976,11.352765331623658
4623,36.984,-5.1239293650134385
4624,36.992,-43.547118265073195
4625,37.0,-102.10495635960679
4626,37.008,-174.36872921042425
4627,37.016,-253.81775864959738
4628,37.024,-335.91917962545637
4629,37.032,-415.9965443501459
4630,37.04,-486.84690405269635
4631,37.048,-540.6567175437206
4632,37.056,-573.3419397464718
4633,37.064,-586.3217369163646
4634,37.072,-583.39982199667
4635,37.08,-566.5507608286803
4636,37.088,-536.3338557888552
4637,37.096,-495.2505169053219
4638,37.104,-448.7310233024856
4639,37.112,-401.855048800494
4640,37.12,-355.678334968151
4641,37.128,-308.39307920585094
4642,37.136,-259.0857606436487
4643,37.144,-209.01830388416772
4644,37.152,-159.56826438777816
4645,37.16,-109.81297545593088
4646,37.168,-57.75975126705063
4647,37.176,-4.319501299698359
4648,37.184,45.351005659305315
4649,37.192,85.75570332351698
4650,37.2,115.52186693970013
4651,37.208,136.70725735384025
4652,37.216,150.85532588715623
4653,37.224,157.02030181031208
4654,37.232,153.88246157652137
4655,37.24,142.86010336204012
4656,37.248,127.32798358100652
4657,37.256,109.10229993710536
4658,37.264,87.31628050498563
4659,37.272,61.49717012455599
4660,37.28,34.713822868449
4661,37.288,11.840789349221055
4662,37.296,-4.99498525960626
4663,37.304,-17.94330059282074
4664,37.312,-30.204021602202353
4665,37.32,-42.510231723579935
4666,37.328,-53.863208384354394
4667,37.336,-64.57175559591218
4668,37.344,-77.00257987658327
4669,37.352,-92.47244269130462
4670,37.36,-108.29095316548863
4671,37.368,-119.7518750044314
4672,37.376,-124.52770528125073
4673,37.384,-124.05486640787963
4674,37.392,-120.50440631177129
4675,37.4,-113.0530812537289
4676,37.408,-98.54768479867836
4677,37.416,-75.53391001709115
4678,37.424,-46.10443186158807
4679,37.432,-13.074750350952442
4680,37.44,23.495418911270406
4681,37.448,65.15319151474542
4682,37.456,111.14141669797777
4683,37.464,157.39472364997224
4684,37.472,199.94068288574908
4685,37.48,238.47101747874802
4686,37.488,275.2670528214802
4687,37.496,310.71487955817577
4688,37.504,341.08379532130806
4689,37.512,361.6418668615284
4690,37.52,370.853421041981
4691,37.528,369.68223802198844
4692,37.536,357.61933594628545
4693,37.544,331.4472768224829
4694,37.552,288.85605178293986
4695,37.56,232.15852869450475
4696,37.568,166.99800505552537
4697,37.576,98.19371182311869
4698,37.584,27.802071183455354
4699,37.592,-42.552002714120825
4700,37.6,-108.65906097692717
4701,37.608,-165.10763460896388
4702,37.616,-209.32365375873576
4703,37.624,-243.12880892552482
4704,37.632,-269.794159229939
4705,37.64,-289.9576357796882
4706,37.648,-301.9151959710826
4707,37.656,-305.55046743958053
4708,37.664,-304.14300046724077
4709,37.672,-301.2485590291096
4710,37.68,-296.9341633030126
4711,37.688,-288.67021666233404
4712,37.696,-274.9113369804813
4713,37.704,-256.4076752202592
4714,37.712,-233.53510031228143
4715,37.72,-203.42624232592385
4716,37.728,-161.58828091224495
4717,37.736,-106.0378493774968
4718,37.744,-39.177440143680826
4719,37.752,34.94315005209498
4720,37.76,114.76539456801638
4721,37.768,200.6431781458671
4722,37.776,290.75791952532666
4723,37.784,379.5285281506337
4724,37.792,460.66330704951196
4725,37.8,530.9770113495418
4726,37.808,589.8574576151567
4727,37.816,635.8618739525133
4728,37.824,665.5063044668149
4729,37.832,675.8748901296406
4730,37.84,667.5842957082941
4731,37.848,643.7056882171296
4732,37.856,605.8496765558625
4733,37.864,552.321558991816
4734,37.872,480.8725762980423
4735,37.88,392.5532593215087
4736,37.888,291.320270817639
4737,37.896,180.38309176714392
4738,37.904,60.5635484064062
4739,37.912,-66.68101361454734
4740,37.92,-195.61569690055188
4741,37.928,-317.4952852512361
4742,37.936,-425.03868282512224
4743,37.944,-514.8789904184059
4744,37.952,-585.567291477274
4745,37.96,-634.353925167111
4746,37.968,-657.9042021098073
4747,37.976,-655.7206395415554
4748,37.984,-631.4873323352629
4749,37.992,-590.1785069822378
4750,38.0,-534.2464834046589
4751,38.008,-464.283546672533
4752,38.016,-382.6804471536375
4753,38.024,-294.88240183833403
4754,38.032,-206.72326955907147
4755,38.04,-121.29131230115468
4756,38.048,-39.49337017020716
4757,38.056,36.685674242732375
4758,38.064,102.84530292675296
4759,38.072,155.08027696189603
4760,38.08,193.25055919359295
4761,38.088,219.86141693145848
4762,38.096,236.62787786417553
4763,38.104,243.24111512511013
4764,38.112,240.0444684299028
4765,38.12,231.16625659704036
4766,38.128,222.9099523800316
4767,38.136,219.03951066384596
4768,38.144,218.51819878204478
4769,38.152,218.30672717683862
4770,38.16,217.60075078311735
4771,38.168,217.3405298396189
4772,38.176,216.32666975274603
4773,38.184,210.2349597281134
4774,38.192,195.31570583270334
4775,38.2,172.07592952170944
4776,38.208,144.25549404484008
4777,38.216,115.1242758660303
4778,38.224,85.94401171032098
4779,38.232,58.423239931602495
4780,38.24,37.42992706192791
4781,38.248,28.9607157239264
4782,38.256,35.49817228186646
4783,38.264,54.44885697945816
4784,38.272,81.43243179389216
4785,38.28,114.49646959616862
4786,38.288,154.01097678862286
4787,38.296,199.11191791526528
4788,38.304,245.99333751969175
4789,38.312,290.79586799765553
4790,38.32,333.26228897523
4791,38.328,375.62843481882544
4792,38.336,418.2713013661702
4793,38.344,457.88090418245275
4794,38.352,490.5698307418571
4795,38.36,515.6256377666339
4796,38.368,534.4785071558783
4797,38.376,546.9647285537224
4798,38.384,550.1681114526823
4799,38.392,541.2205378191298
4800,38.4,520.527079426987
4801,38.408,490.9552604132298
4802,38.416,454.027207975147
4803,38.424,408.02787697688336
4804,38.432,350.77319694947363
4805,38.44,283.5183406703568
4806,38.448,210.36452455116643
4807,38.456,134.18284567822036
4808,38.464,54.50369360337868
4809,38.472,-29.84178334212112
4810,38.48,-117.05501420929852
4811,38.488,-203.39750201845374
4812,38.496,-287.24381011274124
4813,38.504,-370.1594075531463
4814,38.512,-453.19851714434975
4815,38.52,-533.2047125013139
4816,38.528,-604.3944580891755
4817,38.536,-662.9678978632995
4818,38.544,-708.8348667319802
4819,38.552,-742.6230555372966
4820,38.56,-762.3958083321528
4821,38.568,-765.0546631634426
4822,38.576,-750.3563599843849
4823,38.584,-722.0750513223093
4824,38.592,-684.5828032166391
4825,38.6,-639.1431625425357
4826,38.608,-584.5322140470644
4827,38.616,-520.3989371878761
4828,38.624,-449.21901953400334
4829,38.632,-374.1621411784081
4830,38.64,-295.7008247488451
4831,38.648,-212.83955643000843
4832,38.656,-127.2604033466032
4833,38.664,-44.506261344176664
4834,38.672,29.244348018998778
4835,38.68,90.87496049113929
4836,38.688,139.742371452633
4837,38.696,173.8744196933112
4838,38.704,188.03776323257705
4839,38.712,176.79466516098302
4840,38.72,139.06120819794313
4841,38.728,77.90719873617485
4842,38.736,-3.193213019867244
4843,38.744,-101.8880569085402
4844,38.752,-214.4337151324541
4845,38.76,-333.10918945169794
4846,38.768,-448.05516560107384
4847,38.776,-551.6778936306584
4848,38.784,-640.6036558492023
4849,38.792,-713.2477999467133
4850,38.8,-766.5631046870174
4851,38.808,-796.917361341163
4852,38.816,-803.6956371352792
4853,38.824,-790.6169925447921
4854,38.832,-762.805359666432
4855,38.84,-722.8347889949432
4856,38.848,-670.8796730828192
4857,38.856,-608.53985541257
4858,38.864,-540.558380053653
4859,38.872,-471.47029424236564
4860,38.88,-402.0908089228857
4861,38.888,-331.1173325884823
4862,38.896,-259.1144129666832
4863,38.904,-189.6775114860905
4864,38.912,-126.30627809559641
4865,38.92,-68.89571859762347
4866,38.928,-14.75685855083701
4867,38.936,37.44422954995844
4868,38.944,85.80436196036331
4869,38.952,127.89398744799215
4870,38.96,164.69738810546232
4871,38.968,199.7050359402897
4872,38.976,234.42288247952357
4873,38.984,266.5515947823228
4874,38.992,292.996628151088
4875,39.0,313.39852394443216
4876,39.008,329.2243431991778
4877,39.016,340.08367650649365
4878,39.024,342.2896059249197
4879,39.032,331.9194549373406
4880,39.04,308.93351684687343
4881,39.048,276.8617831482593
4882,39.056,238.89040460820007
4883,39.064,195.85842432334454
4884,39.072,148.8883035354695
4885,39.08,102.48807111963683
4886,39.088,62.84239232639092
4887,39.096,33.36694592185063
4888,39.104,12.781244515357464
4889,39.112,-1.9624714865048531
4890,39.12,-11.371809553949277
4891,39.128,-13.619150287961915
4892,39.136,-8.348618578675442
4893,39.144,1.7556582304542587
4894,39.152,14.32585036908339
4895,39.16,30.643349760523833
4896,39.168,53.29599573594888
4897,39.176,81.74542859479209
4898,39.184,111.61638968710535
4899,39.192,138.315410717079
4900,39.2,160.76966684155545
4901,39.208,180.46183226596864
4902,39.216,197.57604406508068
4903,39.224,209.58336306934567
4904,39.232,214.20894142555778
4905,39.24,212.9624242456295
4906,39.248,210.0578338405621
4907,39.256,208.13686218653461
4908,39.264,206.14515715851255
4909,39.272,202.07155890507156
4910,39.28,196.74984248759046
4911,39.288,192.88979006945618
4912,39.296,191.29107937043506
4913,39.304,189.68702230984644
4914,39.312,185.4876334857763
4915,39.32,179.18321381105284
4916,39.328,173.88205619354824
4917,39.336,171.35982080504493
4918,39.344,169.8682267267021
4919,39.352,166.9440816570036
4920,39.36,162.9956372200259
4921,39.368,160.3867999315292
4922,39.376,160.1491978452169
4923,39.384,160.80977145268722
4924,39.392,161.191894711304
4925,39.4,163.770426784254
4926,39.408,172.93884100129907
4927,39.416,190.3574446099882
4928,39.424,213.58000687861528
4929,39.432,239.27975060748193
4930,39.44,266.72140068179647
4931,39.448,296.9166290731555
4932,39.456,329.13195713152334
4933,39.464,359.5226461205153
4934,39.472,384.12870514186983
4935,39.48,402.7551706178739
4936,39.488,418.1899794246188
4937,39.496,432.0206709172183
4938,39.504,442.76492225826024
4939,39.512,448.6919761603308
4940,39.52,451.0312084784404
4941,39.528,452.5626087513434
4942,39.536,453.6740718316698
4943,39.544,450.55657175204357
4944,39.552,437.84982435110317
4945,39.56,412.71864926270194
4946,39.568,374.6336592494353
4947,39.576,322.26055798532707
4948,39.584,252.66991478285996
4949,39.592,164.176524004523
4950,39.6,59.554371357032835
4951,39.608,-54.6987104695022
4952,39.616,-172.29629271122843
4953,39.624,-289.4822955693439
4954,39.632,-402.696457942592
4955,39.64,-505.26591800403554
4956,39.648,-589.1092289441295
4957,39.656,-649.394027582058
4958,39.664,-685.8868752545145
4959,39.672,-699.7363658291467
4960,39.68,-690.5130536783997
4961,39.688,-657.6400017013846
4962,39.696,-603.765397765542
4963,39.704,-535.7397268185176
4964,39.712,-461.5451724777348
4965,39.72,-386.2499689898484
4966,39.728,-312.0514203135097
4967,39.736,-241.4802680986312
4968,39.744,-178.8538936968693
4969,39.752,-127.49902074783236
4970,39.76,-86.06667577909676
4971,39.768,-49.57160323988603
4972,39.776,-14.129695711695646
4973,39.784,20.38817425127978
4974,39.792,52.61325598064356
4975,39.8,83.3260970422054
4976,39.808,115.02503348518832
4977,39.816,148.2072764801515
4978,39.824,179.45840329732934
4979,39.832,203.99230014746846
4980,39.84,219.28342279938948
4981,39.848,224.82605414746382
4982,39.856,219.3134542705825
4983,39.864,199.78408578255406
4984,39.872,164.66540703025356
4985,39.88,117.4611747538269
4986,39.888,65.7218156560339
4987,39.896,16.08120564990702
4988,39.904,-28.775667198183925
4989,39.912,-67.81719080282113
4990,39.92,-97.9571636244383
4991,39.928,-115.11012586716103
4992,39.936,-118.5140855754496
4993,39.944,-112.20835294935608
4994,39.952,-101.33142079195744
4995,39.96,-87.58204419632281
4996,39.968,-69.65033933689273
4997,39.976,-47.34568443137698
4998,39.984,-23.45675714058092
4999,39.992,-0.6926320319588797
5000,40.0,21.90188558109989
5001,40.008,47.75079385705331
5002,40.016,78.57647315757984
5003,40.024,112.34232066136013
5004,40.032,145.88879246863473
5005,40.04,178.55159714239366
5006,40.048,210.95154545877682
5007,40.056,241.2400643046485
5008,40.064,264.4973931226692
5009,40.072,276.1643746724941
5010,40.08,275.46163914527096
5011,40.088,264.3917887011598
5012,40.096,243.83320938746243
5013,40.104,211.82563774959783
5014,40.112,166.55005295987294
5015,40.12,110.20703543983694
5016,40.128,48.103178697726435
5017,40.136,-15.501227088438668
5018,40.144,-79.14201663842186
5019,40.152,-141.48897079485073
5020,40.16,-198.24937732983852
5021,40.168,-243.67657773166673
5022,40.176,-274.9625055277826
5023,40.184,-293.9607970170281
5024,40.192,-304.03180466375795
5025,40.2,-306.1659538873182
5026,40.208,-299.67163591907837
5027,40.216,-285.7937222721219
5028,40.224,-269.08830661051934
5029,40.232,-254.27502730612662
5030,40.24,-242.39608456789654
5031,40.248,-231.82087548427967
5032,40.256,-222.27556463794414
5033,40.264,-216.2381064746087
5034,40.272,-215.74087136207058
5035,40.28,-218.63777313597564
5036,40.288,-219.80515057300866
5037,40.296,-215.7589725958855
5038,40.304,-206.94412317370615
5039,40.312,-195.1872936253385
5040,40.32,-180.1449261871322
5041,40.328,-160.14405873333635
5042,40.336,-135.73541595103057
5043,40.344,-110.46121906852295
5044,40.352,-87.2762926481067
5045,40.36,-65.01332444916756
5046,40.368,-39.889784371044016
5047,40.376,-10.216393130939963
5048,40.384,21.265159063951558
5049,40.392,49.95163714901213
5050,40.4,73.31979641531052
5051,40.408,90.92880207512911
5052,40.416,101.20788946189185
5053,40.424,99.97549099763313
5054,40.432,83.46472646017281
5055,40.44,51.8822567758138
5056,40.448,8.163409632050673
5057,40.456,-45.82080543156067
5058,40.464,-110.63264735916289
5059,40.472,-186.4022279951655
5060,40.48,-269.24092476046377
5061,40.488,-352.3794416370082
5062,40.496,-430.37387280403004
5063,40.504,-501.03592262737607
5064,40.512,-563.1494224313993
5065,40.52,-613.2303568477149
5066,40.528,-646.3941548555767
5067,40.536,-660.285397283085
5068,40.544,-656.6455705720425
5069,40.552,-638.1123541735242
5070,40.56,-604.5817102602573
5071,40.568,-554.5100280286503
5072,40.576,-488.91539754306484
5073,40.584,-412.75435074880727
5074,40.592,-331.8570473315118
5075,40.6,-249.06845300162053
5076,40.608,-164.86492839781732
5077,40.616,-81.0317257219015
5078,40.624,-2.066896965607725
5079,40.632,67.7840504274252
5080,40.64,128.00937290475392
5081,40.648,180.69192533781933
5082,40.656,226.53647136428506
5083,40.664,263.33737468137355
5084,40.672,288.89062535742016
5085,40.68,304.6145316202828
5086,40.688,314.2497082949543
5087,40.696,319.2583622252435
5088,40.704,317.2437286940971
5089,40.712,305.23753722838296
5090,40.72,283.3725144012628
5091,40.728,254.31038365536654
5092,40.736,219.95922901642177
5093,40.744,180.1946454042954
5094,40.752,135.55481577806984
5095,40.76,89.9740537438557
5096,40.768,48.86420733634577
5097,40.776,15.048545102598723
5098,40.784,-12.24757640533008
5099,40.792,-34.19384450742095
5100,40.8,-49.02174852319553
5101,40.808,-53.22424125607478
5102,40.816,-45.53115608602701
5103,40.824,-28.51461557718548
5104,40.832,-5.707040161733119
5105,40.84,22.076960704290173
5106,40.848,55.974896419906
5107,40.856,95.28725556885041
5108,40.864,136.0558981243118
5109,40.872,174.25113443279832
5110,40.88,209.735475560249
5111,40.888,245.40983112245277
5112,40.896,282.8692594114625
5113,40.904,320.4757075442116
5114,40.912,356.1308497537701
5115,40.92,390.6515567354503
5116,40.928,426.55925074704766
5117,40.936,463.90347657895825
5118,40.944,498.87932378665977
5119,40.952,527.1919957001228
5120,40.96,547.7613371628474
5121,40.968,561.8397013205173
5122,40.976,569.1541733864498
5123,40.984,566.431211417276
5124,40.992,550.7168930956757
5125,41.0,523.1660178548345
5126,41.008,487.8063761081146
5127,41.016,447.58049969154666
5128,41.024,403.064872124704
5129,41.032,354.8998376457472
5130,41.04,306.5379702225158
5131,41.048,263.40670837227043
5132,41.056,229.14779469758338
5133,41.064,203.3574551779492
5134,41.072,183.78700911782803
5135,41.08,169.80386311890348
5136,41.088,161.7908820179113
5137,41.096,157.66376632497912
5138,41.104,151.84448181642261
5139,41.112,139.00384158433718
5140,41.12,118.24688301172046
5141,41.128,92.24351399088465
5142,41.136,63.12855228545456
5143,41.144,30.5615243772193
5144,41.152,-5.801125109241738
5145,41.16,-43.04959774673756
5146,41.168,-76.10249028668737
5147,41.176,-101.49417421076808
5148,41.184,-118.83409843085599
5149,41.192,-128.19696058981805
5150,41.2,-127.23842061461204
5151,41.208,-112.87698351659665
5152,41.216,-85.53620651662125
5153,41.224,-50.568814903385416
5154,41.232,-14.765316008834233
5155,41.24,18.366608146869396
5156,41.248,48.64272070932742
5157,41.256,75.25070062785909
5158,41.264,94.89251433112207
5159,41.272,104.98698441831293
5160,41.28,107.18020825225383
5161,41.288,105.53840732276731
5162,41.296,102.06161809043749
5163,41.304,95.00448406299142
5164,41.312,81.51672087796794
5165,41.32,60.969772369709744
5166,41.328,34.0660113322881
5167,41.336,-0.7517751009270057
5168,41.344,-48.21544865440001
5169,41.352,-112.40131447808218
5170,41.36,-192.38565320136678
5171,41.368,-283.1054747348565
5172,41.376,-379.7372042584507
5173,41.384,-479.6340768614256
5174,41.392,-579.7668728921503
5175,41.4,-673.8230630632738
5176,41.408,-753.9039160863614
5177,41.416,-814.8754779606052
5178,41.424,-855.8499139483775
5179,41.432,-877.0975791437398
5180,41.44,-876.7711018708459
5181,41.448,-852.2393683549009
5182,41.456,-804.0541817063682
5183,41.464,-737.4384777125227
5184,41.472,-659.0537435735547
5185,41.48,-572.6411957523164
5186,41.488,-479.43513063370176
5187,41.496,-382.18955567635726
5188,41.504,-286.571812774705
5189,41.512,-197.82349448216212
5190,41.52,-117.42100625881432
5191,41.528,-44.31346631259564
5192,41.536,21.54419341118205
5193,41.544,77.93114403713884
5194,41.552,122.96896406591515
5195,41.56,158.3131594883689
5196,41.568,187.9625114336025
5197,41.576,213.92690761915628
5198,41.584,234.26469605911817
5199,41.592,245.88838018181227
5200,41.6,248.33782080681138
5201,41.608,243.4219428174519
5202,41.616,231.98191550064993
5203,41.624,212.6064498376818
5204,41.632,184.4214914724272
5205,41.64,150.51591134938775
5206,41.648,116.78731782108792
5207,41.656,87.42627857094973
5208,41.664,62.8008120019058
5209,41.672,42.316579434708615
5210,41.68,27.9378924664301
5211,41.688,22.66371195194938
5212,41.696,26.101260029803115
5213,41.704,33.465011642203024
5214,41.712,39.52196051296278
5215,41.72,42.67672632922978
5216,41.728,44.270735626729305
5217,41.736,44.71365661876962
5218,41.744,41.85824970060054
5219,41.752,34.08447590591098
5220,41.76,23.97767575953003
5221,41.768,17.195937937964374
5222,41.776,18.137160056353082
5223,41.784,27.72733426753615
5224,41.792,45.54060277456486
5225,41.8,72.74418240948788
5226,41.808,110.9841526547356
5227,41.816,158.51691882070745
5228,41.824,208.70958481669112
5229,41.832,253.45621865737718
5230,41.84,287.8260050067281
5231,41.848,310.155415822108
5232,41.856,318.9484532162705
5233,41.864,312.03945504981147
5234,41.872,289.3156828434248
5235,41.88,255.08215302272924
5236,41.888,216.18449627447376
5237,41.896,177.72214841330148
5238,41.904,141.1613765092351
5239,41.912,106.72217001233443
5240,41.92,76.35422755307883
5241,41.928,52.83111569449585
5242,41.936,36.588760393304554
5243,41.944,24.834370209949967
5244,41.952,14.595933393417937
5245,41.96,6.159872618747116
5246,41.968,2.1105794649872536
5247,41.976,3.329252776298347
5248,41.984,7.203422647330271
5249,41.992,10.560230085511733
5250,42.0,13.329004637064045
5251,42.008,17.549883510249202
5252,42.016,23.690184928552398
5253,42.024,29.498483887871643
5254,42.032,32.97907351338233
5255,42.04,35.74631635749617
5256,42.048,41.77533864748409
5257,42.056,52.97369857628506
5258,42.064,67.30590699228365
5259,42.072,81.98323893590728
5260,42.08,97.27110176736468
5261,42.088,115.4851455266275
5262,42.096,137.09984915610238
5263,42.104,159.27909772232118
5264,42.112,179.0503639819721
5265,42.12,196.86646687956923
5266,42.128,215.07210295112742
5267,42.136,233.87246205029408
5268,42.144,250.0148944257654
5269,42.152,259.651791738472
5270,42.16,262.1366469778177
5271,42.168,259.072646629606
5272,42.176,249.9292370846474
5273,42.184,230.5760759601312
5274,42.192,196.2785456924031
5275,42.2,145.2455817253016
5276,42.208,78.48777308927004
5277,42.216,-3.3980102220346566
5278,42.224,-101.6266039212116
5279,42.232,-215.9427070503914
5280,42.24,-340.60213721969217
5281,42.248,-465.39870705547844
5282,42.256,-580.5354171601932
5283,42.264,-679.4507532583003
5284,42.272,-757.1419394080159
5285,42.28,-807.7940602560396
5286,42.288,-826.3041977326936
5287,42.296,-812.1101513129737
5288,42.304,-770.1565332419194
5289,42.312,-707.2864259763508
5290,42.32,-628.217470061197
5291,42.328,-535.7652481334698
5292,42.336,-434.35047578465515
5293,42.344,-331.79917474909325
5294,42.352,-235.96756255220947
5295,42.36,-150.17011212560755
5296,42.368,-73.8762471070632
5297,42.376,-7.045116180101104
5298,42.384,47.89751440913636
5299,42.392,88.91106578205824
5300,42.4,117.9451752674916
5301,42.408,139.61776132561204
5302,42.416,156.9087466665541
5303,42.424,169.47712559341437
5304,42.432,176.20199020936724
5305,42.44,178.44957401665545
5306,42.448,179.28592950299327
5307,42.456,179.65386500367487
5308,42.464,176.86942682124823
5309,42.472,167.75915008240048
5310,42.48,152.51690956117773
5311,42.488,134.09881203724626
5312,42.496,114.282078943384
5313,42.504,91.85275757254183
5314,42.512,65.61438573841471
5315,42.52,38.070963252913884
5316,42.528,14.353422175290518
5317,42.536,-1.9477799189178313
5318,42.544,-10.809649353154242
5319,42.552,-13.269869842351397
5320,42.56,-7.839233405591472
5321,42.568,8.556984540052866
5322,42.576,36.40011684021849
5323,42.584,71.93822120620715
5324,42.592,110.15779050329934
5325,42.6,148.65403458868056
5326,42.608,187.41963210911237
5327,42.616,225.43194550375716
5328,42.624,259.35178898056733
5329,42.632,286.57491796910057
5330,42.64,308.4116586984632
5331,42.648,328.7040715535835
5332,42.656,349.76484781507145
5333,42.664,370.547894048234
5334,42.672,389.07330714812014
5335,42.68,405.6906592555352
5336,42.688,422.33290783914055
5337,42.696,438.9437508248118
5338,42.704,452.1512939947409
5339,42.712,458.4540891349178
5340,42.72,457.92214413893004
5341,42.728,453.1942646124265
5342,42.736,445.4311759979563
5343,42.744,432.60854571566153
5344,42.752,412.46063169103735
5345,42.76,386.0410124054925
5346,42.768,356.6053922681892
5347,42.776,325.78879827410077
5348,42.784,292.31203880292543
5349,42.792,254.9348730543216
5350,42.8,215.75332207260465
5351,42.808,178.85566879239195
5352,42.816,146.50404038045335
5353,42.824,118.04632295482406
5354,42.832,92.65154613202549
5355,42.84,72.3125520413031
5356,42.848,60.80666353046668
5357,42.856,59.79030491297793
5358,42.864,67.12984926402484
5359,42.872,79.88307412279576
5360,42.88,97.91275169711763
5361,42.888,122.92720044581033
5362,42.896,154.6706513081715
5363,42.904,189.5214512126808
5364,42.912,223.62056000968678
5365,42.92,256.60374037973384
5366,42.928,290.574617116181
5367,42.936,325.93375093323345
5368,42.944,359.50461961749085
5369,42.952,387.2097143742167
5370,42.96,407.6832748241335
5371,42.968,421.6875021182721
5372,42.976,428.85490574267277
5373,42.984,426.78537340658244
5374,42.992,413.8645404617406
5375,43.0,392.16639156409275
5376,43.008,366.4222732523668
5377,43.016,340.438117544188
5378,43.024,315.08329349583096
5379,43.032,290.0662597034624
5380,43.04,266.78300500878777
5381,43.048,247.28023990913135
5382,43.056,230.55010113256475
5383,43.064,211.40123168725654
5384,43.072,183.60259003608041
5385,43.08,143.63123936465672
5386,43.088,90.30270822973182
5387,43.096,21.398161823988858
5388,43.104,-67.22851436178439
5389,43.112,-177.72092027522632
5390,43.12,-305.8427076983898
5391,43.128,-441.7968047525708
5392,43.136,-575.2560833629258
5393,43.144,-698.738170143288
5394,43.152,-806.0223182702356
5395,43.16,-889.6155491719076
5396,43.168,-942.6236613826885
5397,43.176,-962.9150076769962
5398,43.184,-954.2808782712449
5399,43.192,-922.9511508668884
5400,43.2,-873.206694747449
5401,43.208,-807.3239481284735
5402,43.216,-728.9267293941542
5403,43.224,-644.2921546961222
5404,43.232,-559.2118723759743
5405,43.24,-475.5668085482648
5406,43.248,-392.6215510825075
5407,43.256,-310.9714657798599
5408,43.264,-233.93455216352442
5409,43.272,-164.91935446127758
5410,43.28,-104.40895962956913
5411,43.288,-50.86663812724893
5412,43.296,-4.323182546946498
5413,43.304,32.17084925239351
5414,43.312,55.7549510382936
5415,43.32,67.54849300695196
5416,43.328,71.19473112186989
5417,43.336,68.41995891598597
5418,43.344,57.72989752673328
5419,43.352,37.55595836994755
5420,43.36,9.54076958843217
5421,43.368,-22.626996278295053
5422,43.376,-57.103374868450885
5423,43.384,-95.03287869159558
5424,43.392,-137.1409182547684
5425,43.4,-180.51264234825715
5426,43.408,-220.35418647528945
5427,43.416,-254.22197973574475
5428,43.424,-283.460455350409
5429,43.432,-310.0194473150524
5430,43.44,-332.44614771927803
5431,43.448,-346.78279408203696
5432,43.456,-351.0004990025999
5433,43.464,-346.58017998343547
5434,43.472,-335.4039204023644
5435,43.48,-316.7237719970447
5436,43.488,-288.54479306989776
5437,43.496,-251.54481715741497
5438,43.504,-210.5460099722178
5439,43.512,-170.91100975794348
5440,43.52,-134.21344019399578
5441,43.528,-99.21946714314174
5442,43.536,-65.70608140176537
5443,43.544,-35.53412079501689
5444,43.552,-10.206655213732404
5445,43.56,11.650294231077282
5446,43.568,33.0698086596159
5447,43.576,55.030680588541074
5448,43.584,75.11206891805813
5449,43.592,90.64083503351102
5450,43.6,102.32981712870784
5451,43.608,113.11979142341592
5452,43.616,123.93755348537687
5453,43.624,132.2459318488189
5454,43.632,135.14891520816968
5455,43.64,132.73555662131707
5456,43.648,127.30236508945276
5457,43.656,119.9433769652587
5458,43.664,109.06082020996553
5459,43.672,93.2563928870882
5460,43.68,74.89089402018251
5461,43.688,58.492874615042695
5462,43.696,46.18272537915925
5463,43.704,36.47175823453483
5464,43.712,27.37231427253826
5465,43.72,19.460259200376015
5466,43.728,15.08553759186546
5467,43.736,14.844562465207105
5468,43.744,15.819800027717633
5469,43.752,14.396649919891004
5470,43.76,10.004624690366654
5471,43.768,4.207768705956781
5472,43.776,-3.089476754736353
5473,43.784,-14.69942281501308
5474,43.792,-32.9413365142976
5475,43.8,-56.05729110370643
5476,43.808,-79.07803286407642
5477,43.816,-98.15561555689706
5478,43.824,-112.76173439213424
5479,43.832,-123.13327644245646
5480,43.84,-127.08026965915663
5481,43.848,-121.14994198829686
5482,43.856,-104.58148787535308
5483,43.864,-80.8807548087192
5484,43.872,-54.862425862350634
5485,43.88,-28.812486693900723
5486,43.888,-2.890626627661618
5487,43.896,21.227185737506318
5488,43.904,38.8941926058678
5489,43.912,45.687813902894504
5490,43.92,41.17031063068508
5491,43.928,27.882888167845408
5492,43.936,6.990100548149172
5493,43.944,-23.61584776633606
5494,43.952,-66.27250820934093
5495,43.96,-120.03090178050002
5496,43.968,-181.81612949865547
5497,43.976,-249.93269548585445
5498,43.984,-324.7004103312945
5499,43.992,-405.31117198841525
5500,44.0,-487.0223681971012
5501,44.008,-562.9002624396817
5502,44.016,-628.2722694663582
5503,44.024,-682.5772580562422
5504,44.032,-726.2923682208666
5505,44.04,-756.999994309402
5506,44.048,-770.266558957603
5507,44.056,-763.6794444325427
5508,44.064,-738.3689903523152
5509,44.072,-696.4641880217082
5510,44.08,-638.0763543754887
5511,44.088,-562.3541890735826
5512,44.096,-471.50427317024173
5513,44.104,-372.00403312092647
5514,44.112,-271.0771326811616
5515,44.12,-173.01458452005812
5516,44.128,-79.91029861618415
5517,44.136,4.717920677729694
5518,44.144,74.86173514895671
5519,44.152,125.70818222262034
5520,44.16,157.5463745774698
5521,44.168,174.91957265929938
5522,44.176,182.41717358175333
5523,44.184,182.20660774924374
5524,44.192,176.10011734025022
5525,44.2,168.55047467950777
5526,44.208,165.2471604968618
5527,44.216,168.8409253566786
5528,44.224,177.36541833292978
5529,44.232,187.50007656459627
5530,44.24,198.52062012484464
5531,44.248,211.63328314504912
5532,44.256,226.2338491628936
5533,44.264,238.69207170026846
5534,44.272,245.61125802619466
5535,44.28,247.18506395146687
5536,44.288,246.0251156164527
5537,44.296,243.56986825848935
5538,44.304,238.76867331371045
5539,44.312,230.76753543192285
5540,44.32,222.19842858526158
5541,44.328,217.82990491911244
5542,44.336,220.14704526415915
5543,44.344,227.79630971115546
5544,44.352,238.45063953196797
5545,44.36,252.0605595940906
5546,44.368,270.16635535275725
5547,44.376,292.40469929722525
5548,44.384,314.9723878372604
5549,44.392,333.24768574877555
5550,44.4,345.2870685630742
5551,44.408,351.50170750781365
5552,44.416,351.2607974066542
5553,44.424,341.45886719154385
5554,44.432,319.5243994648238
5555,44.44,287.0282491204315
5556,44.448,248.61726325410467
5557,44.456,207.56989230385648
5558,44.464,163.73334662201876
5559,44.472,115.99652657121248
5560,44.48,65.50668903335543
5561,44.488,15.4215386288501
5562,44.496,-32.208108098487344
5563,44.504,-78.21670517812038
5564,44.512,-123.5488243626861
5565,44.52,-165.32481409798925
5566,44.528,-197.6645083520333
5567,44.536,-216.05360127632207
5568,44.544,-219.76325127366908
5569,44.552,-209.7277024194966
5570,44.56,-185.2183974552952
5571,44.568,-144.84759701996256
5572,44.576,-90.65759223702946
5573,44.584,-29.222113373852267
5574,44.592,32.196050981988606
5575,44.6,89.82356687253952
5576,44.608,142.71836020294973
5577,44.616,189.03724213821903
5578,44.624,225.02147906579853
5579,44.632,248.3359713623537
5580,44.64,261.2382974252399
5581,44.648,269.0604121380463
5582,44.656,275.7267713170303
5583,44.664,281.6003111567088
5584,44.672,286.16070544843774
5585,44.68,291.5885058854372
5586,44.688,301.7382418124939
5587,44.696,317.9832771503826
5588,44.704,337.65307704457086
5589,44.712,357.03656063084395
5590,44.72,374.984818268839
5591,44.728,392.27653985427446
5592,44.736,408.0513647520512
5593,44.744,418.51783128220546
5594,44.752,419.84058302499704
5595,44.76,411.50488181263955
5596,44.768,395.3724689994286
5597,44.776,371.3648346927815
5598,44.784,335.6030437108152
5599,44.792,283.83894854288053
5600,44.8,215.65040903036424
5601,44.808,134.00319622316482
5602,44.816,41.81109510001065
5603,44.824,-59.22062959849069
5604,44.832,-165.8040519939508
5605,44.84,-270.41561653701706
5606,44.848,-363.1866539260272
5607,44.856,-436.55541832680194
5608,44.864,-487.5083461052731
5609,44.872,-515.2945541642725
5610,44.88,-518.3284805534577
5611,44.888,-495.0959272968162
5612,44.896,-447.5085178827572
5613,44.904,-381.54749274023914
5614,44.912,-303.65886293036897
5615,44.92,-216.9316808973286
5616,44.928,-121.97053941378073
5617,44.936,-21.1649641439638
5618,44.944,79.61402254729262
5619,44.952,174.34703646060086
5620,44.96,260.5952998325141
5621,44.968,338.3950741695743
5622,44.976,406.32617099293265
5623,44.984,460.3872785681891
5624,44.992,497.1163717493458
5625,45.0,516.8912903241252
5626,45.008,523.1052803386208
5627,45.016,518.2188930031343
5628,45.024,501.65730755668466
5629,45.032,472.35811335740493
5630,45.04,432.2314332905361
5631,45.048,385.2952913102671
5632,45.056,333.75189655053026
5633,45.064,276.2025888553315
5634,45.072,210.4395640631064
5635,45.08,137.28810405998604
5636,45.088,60.13478940653391
5637,45.096,-18.787906342670084
5638,45.104,-99.72989345913581
5639,45.112,-182.42910608110688
5640,45.12,-263.07935198135647
5641,45.128,-335.7796640752697
5642,45.136,-396.5875692302582
5643,45.144,-445.2038888689742
5644,45.152,-482.57463243210645
5645,45.16,-507.6121062743661
5646,45.168,-517.5978648138805
5647,45.176,-511.84751785650917
5648,45.184,-493.5750587431976
5649,45.192,-467.0016460696016
5650,45.2,-433.2510881864732
5651,45.208,-390.90629891939074
5652,45.216,-340.50942496486954
5653,45.224,-286.37560853986224
5654,45.232,-232.98045145971764
5655,45.24,-180.8436305400972
5656,45.248,-127.41247606519016
5657,45.256,-71.4885511832573
5658,45.264,-15.097680612990132
5659,45.272,39.5730475282399
5660,45.28,93.6161342966717
5661,45.288,150.2586565227749
5662,45.296,210.61149259938645
5663,45.304,271.8101830357773
5664,45.312,329.9763305592757
5665,45.32,384.01891946704836
5666,45.328,435.23887953827784
5667,45.336,483.6999028295669
5668,45.344,526.4662378152916
5669,45.352,560.387077416838
5670,45.36,585.6817031965873
5671,45.368,604.9701761104154
5672,45.376,619.4046101548547
5673,45.384,627.5235852848019
5674,45.392,628.1083315780909
5675,45.4,623.1021633932611
5676,45.408,616.4485452431554
5677,45.416,609.9946458119781
5678,45.424,601.8124549388072
5679,45.432,589.3202995311144
5680,45.44,573.0052340286181
5681,45.448,555.5594527572392
5682,45.456,537.7030038105736
5683,45.464,516.5606323160215
5684,45.472,488.9938653494195
5685,45.48,455.57678303008413
5686,45.488,420.02184868754404
5687,45.496,385.03935469944946
5688,45.504,350.0649581682721
5689,45.512,313.45779501216435
5690,45.52,275.72135045668256
5691,45.528,239.21344612104468
5692,45.536,204.8951090144157
5693,45.544,170.77556038466918
5694,45.552,134.81947624644923
5695,45.56,98.5323489233275
5696,45.568,65.7303598449129
5697,45.576,37.9878900243051
5698,45.584,12.746482965624836
5699,45.592,-13.690474217530493
5700,45.6,-42.32909050388156
5701,45.608,-71.75463911561437
5702,45.616,-101.68833435324066
5703,45.624,-134.88838220520938
5704,45.632,-174.70680161798975
5705,45.64,-221.74553392969858
5706,45.648,-274.78317468291294
5707,45.656,-334.53764300469675
5708,45.664,-404.3954527030585
5709,45.672,-486.52090747030087
5710,45.68,-578.1368434058223
5711,45.688,-672.5519974545361
5712,45.696,-763.3042623855154
5713,45.704,-846.4542484529171
5714,45.712,-918.5811957408522
5715,45.72,-973.7710106517683
5716,45.728,-1005.0586198395501
5717,45.736,-1009.2330543865991
5718,45.744,-988.4917487311435
5719,45.752,-946.8771429269503
5720,45.76,-886.4057482469744
5721,45.768,-807.5500181188532
5722,45.776,-712.4582223630397
5723,45.784,-605.9445908277572
5724,45.792,-492.72710504774045
5725,45.8,-374.76415873238057
5726,45.808,-252.5063981622688
5727,45.816,-128.46442576082302
5728,45.824,-8.423688317257955
5729,45.832,101.56574104409576
5730,45.84,198.83833631673807
5731,45.848,283.5488348948822
5732,45.856,354.69899487188695
5733,45.864,408.3177746643948
5734,45.872,440.5652280668067
5735,45.88,451.79610201502425
5736,45.888,446.1574017639516
5737,45.896,427.3586352068584
5738,45.904,396.1206247190518
5739,45.912,352.4761769576884
5740,45.92,299.35328713024086
5741,45.928,241.64228871818312
5742,45.936,181.81544387905944
5743,45.944,118.4317724472028
5744,45.952,49.32069885595271
5745,45.96,-24.87455958873022
5746,45.968,-100.90321798576883
5747,45.976,-176.25896402636457
5748,45.984,-250.88479163644288
5749,45.992,-324.40595939780053
5750,46.0,-393.0678909470597
5751,46.008,-451.2452583279794
5752,46.016,-495.54718256063035
5753,46.024,-526.381148924655
5754,46.032,-545.1533086506872
5755,46.04,-550.8213863116018
5756,46.048,-540.6868458222702
5757,46.056,-514.1773294754612
5758,46.064,-474.37987157944883
5759,46.072,-425.5494363402749
5760,46.08,-369.84840112939264
5761,46.088,-307.62358166341437
5762,46.096,-240.7466364612813
5763,46.104,-173.82178381015518
5764,46.112,-111.05927328055483
5765,46.12,-52.890211775196605
5766,46.128,3.2570930142194356
5767,46.136,58.76917604744364
5768,46.144,111.1661974223893
5769,46.152,156.4442492081391
5770,46.16,193.51718357662944
5771,46.168,224.66566443994034
5772,46.176,251.64329775613507
5773,46.184,273.37247714064415
5774,46.192,288.51264026088836
5775,46.2,298.73440939473016
5776,46.208,307.40315206063315
5777,46.216,315.35744233709573
5778,46.224,319.81264792165325
5779,46.232,317.9032171234222
5780,46.24,310.22227428654935
5781,46.248,299.8593459647611
5782,46.256,288.27547895168993
5783,46.264,273.6250971254864
5784,46.272,253.70886542554734
5785,46.28,229.39267409067662
5786,46.288,204.06720979019815
5787,46.296,179.97231946119487
5788,46.304,156.31185164068546
5789,46.312,132.01041924754063
5790,46.32,109.21797327975113
5791,46.328,92.29388316282677
5792,46.336,83.7463744497792
5793,46.344,82.71275130739929
5794,46.352,87.73276285355699
5795,46.36,99.79019847310722
5796,46.368,121.28761602373507
5797,46.376,152.1534070343016
5798,46.384,188.3385460072808
5799,46.392,225.20435687163774
5800,46.4,261.6473870224172
5801,46.408,299.42607741409984
5802,46.416,338.8318876492778
5803,46.424,376.6849830259617
5804,46.432,409.0721383479812
5805,46.44,434.763378494665
5806,46.448,454.74006643470307
5807,46.456,468.9346997097155
5808,46.464,474.660673238261
5809,46.472,468.78122373493414
5810,46.48,450.67095836282385
5811,46.488,421.3936543772518
5812,46.496,379.8402068505168
5813,46.504,321.62738364753255
5814,46.512,243.08095208611036
5815,46.52,145.32660063679083
5816,46.528,33.20372174766271
5817,46.536,-89.1522995774568
5818,46.544,-220.07594998773897
5819,46.552,-357.45527153856017
5820,46.56,-495.4215172638007
5821,46.568,-625.5677165479206
5822,46.576,-741.444820052571
5823,46.584,-840.400373771305
5824,46.592,-920.6561642344317
5825,46.6,-978.5887317838442
5826,46.608,-1010.6408150645266
5827,46.616,-1017.1826845374085
5828,46.624,-1003.0644221544458
5829,46.632,-974.2551713662668
5830,46.64,-934.7157376020997
5831,46.648,-886.8764922772648
5832,46.656,-834.4929241074836
5833,46.664,-783.6315139728453
5834,46.672,-739.5702430928075
5835,46.68,-703.3874609543104
5836,46.688,-673.0969687901
5837,46.696,-647.5325509139752
5838,46.704,-627.5761249994147
5839,46.712,-613.3580167374274
5840,46.72,-601.6100683999676
5841,46.728,-587.1097888948748
5842,46.736,-566.5360247556139
5843,46.744,-540.1774841432876
5844,46.752,-509.3755340274914
5845,46.76,-472.9957665348362
5846,46.768,-428.2470871473628
5847,46.776,-374.9638575666657
5848,46.784,-317.0327449420048
5849,46.792,-258.6768753678021
5850,46.8,-200.9673048973603
5851,46.808,-143.22240170959503
5852,46.816,-86.44294789039463
5853,46.824,-33.98716032041824
5854,46.832,11.374815027856528
5855,46.84,50.412884929887696
5856,46.848,86.1220636582155
5857,46.856,119.82025820038803
5858,46.864,150.0519060197654
5859,46.872,175.41338954208499
5860,46.88,197.2070061498447
5861,46.888,218.35122758103574
5862,46.896,239.9343141192208
5863,46.904,259.96143629702004
5864,46.912,276.45835522104875
5865,46.92,291.0288054862029
5866,46.928,307.7958204944473
5867,46.936,329.2009269871986
5868,46.944,354.2057229529257
5869,46.952,380.89148311381064
5870,46.96,409.4282123527814
5871,46.968,441.008438944681
5872,46.976,474.4268669708313
5873,46.984,505.0863672734372
5874,46.992,528.077506945861
5875,47.0,541.8955234305479
5876,47.008,548.1071719679796
5877,47.016,547.8238255612139
5878,47.024,540.2378275818634
5879,47.032,525.2583738565514
5880,47.04,506.39917963143296
5881,47.048,489.32328337247725
5882,47.056,477.17950269720427
5883,47.064,468.46033600399363
5884,47.072,460.04839618819227
5885,47.08,451.2038942054552
5886,47.088,443.21366079390356
5887,47.096,435.80945693495687
5888,47.104,425.76160935028935
5889,47.112,409.8148074947881
5890,47.12,388.029635530202
5891,47.128,362.8460948057359
5892,47.136,335.1709788469324
5893,47.144,302.8955627860385
5894,47.152,263.7506253853408
5895,47.16,218.40139947205887
5896,47.168,169.70612724336212
5897,47.176,119.39446787417634
5898,47.184,66.6221937312979
5899,47.192,10.795359876872453
5900,47.2,-44.90439707855654
5901,47.208,-94.51571802292615
5902,47.216,-133.72499924431077
5903,47.224,-162.22412964788472
5904,47.232,-181.0763158849284
5905,47.24,-188.7411418943091
5906,47.248,-181.84668232005393
5907,47.256,-159.4746988820534
5908,47.264,-124.54807904230367
5909,47.272,-80.94692042689653
5910,47.28,-30.557125561259625
5911,47.288,25.99515837881691
5912,47.296,85.63938810941727
5913,47.304,140.97740042120608
5914,47.312,183.28332657949574
5915,47.32,206.86827749521038
5916,47.328,209.45552313092995
5917,47.336,189.16683312359595
5918,47.344,143.3652538669685
5919,47.352,71.7514968668286
5920,47.36,-20.137707883195645
5921,47.368,-122.04238656217925
5922,47.376,-223.811768680637
5923,47.384,-318.30238554365724
5924,47.392,-399.53731604905806
5925,47.4,-459.99979913703396
5926,47.408,-492.21041205087346
5927,47.416,-493.5291294628737
5928,47.424,-468.0189447514696
5929,47.432,-422.4032241629546
5930,47.44,-361.28032533151503
5931,47.448,-287.7303743904316
5932,47.456,-206.8919056392727
5933,47.464,-126.29014693616006
5934,47.472,-52.18628337433023
5935,47.48,13.861182313595918
5936,47.488,74.19303030047962
5937,47.496,130.68908773056395
5938,47.504,182.18273057953618
5939,47.512,226.4955208068585
5940,47.52,263.7445556480071
5941,47.528,296.1861347278433
5942,47.536,324.63238620176304
5943,47.544,346.71669620309905
5944,47.552,359.9943105988174
5945,47.56,365.5773380081772
5946,47.568,367.16290854206767
5947,47.576,366.75674037376365
5948,47.584,362.6900828465059
5949,47.592,352.44732870018765
5950,47.6,336.43373256716944
5951,47.608,317.5994576195383
5952,47.616,297.71501947973167
5953,47.624,275.7497296380014
5954,47.632,250.51864479825014
5955,47.64,223.48124888412008
5956,47.648,197.39799980836568
5957,47.656,172.56211216506247
5958,47.664,145.88924280803374
5959,47.672,114.3987596588394
5960,47.68,78.82413875521007
5961,47.688,42.81120379623623
5962,47.696,8.9153432262638
5963,47.704,-23.108518827372585
5964,47.712,-53.651093465016906
5965,47.72,-80.42548412076437
5966,47.728,-99.87035431893631
5967,47.736,-111.11578964212562
5968,47.744,-117.02965417146694
5969,47.752,-120.95766801678457
5970,47.76,-123.45019531510312
5971,47.768,-122.83274910994467
5972,47.776,-118.87404209995107
5973,47.784,-114.71071084090295
5974,47.792,-113.78472791752498
5975,47.8,-115.99677554248086
5976,47.808,-118.64961783734017
5977,47.816,-120.49224596373809
5978,47.824,-123.35561087102191
5979,47.832,-129.28421315664878
5980,47.84,-137.0535381090288
5981,47.848,-143.07625189759557
5982,47.856,-145.46180350746477
5983,47.864,-145.75504172498324
5984,47.872,-146.12110409656205
5985,47.88,-145.96770378163055
5986,47.888,-142.70033834228786
5987,47.896,-135.2490762447622
5988,47.904,-125.6307436395411
5989,47.912,-116.36717943749574
5990,47.92,-106.94438042686237
5991,47.928,-94.48784516313592
5992,47.936,-77.7425600486005
5993,47.944,-58.62757028199455
5994,47.952,-39.33721213053171
5995,47.96,-18.951922172432106
5996,47.968,5.56391415216271
5997,47.976,34.90088741435315
5998,47.984,65.58711108875848
5999,47.992,93.40041145942048
6000,48.0,117.11939444067667
6001,48.008,137.51535578893746
6002,48.016,153.67539590698004
6003,48.024,162.27405653666452
6004,48.032,160.8507176287639
6005,48.04,150.7374964025035
6006,48.048,135.82965137205977
6007,48.056,118.81408216411742
6008,48.064,99.8143516218851
6009,48.072,79.11406039076466
6010,48.08,60.07079169623478
6011,48.088,47.94316510622458
6012,48.096,45.79011853664056
6013,48.104,52.799911277850434
6014,48.112,67.14961277714369
6015,48.12,89.15930818299235
6016,48.128,120.31541406227372
6017,48.136,159.55012201295136
6018,48.144,201.97964963679738
6019,48.152,242.06554480088386
6020,48.16,276.914677528595
6021,48.168,305.478380892785
6022,48.176,325.2159819466482
6023,48.184,330.6978761689905
6024,48.192,316.39904018027994
6025,48.2,280.6626872323872
6026,48.208,225.52658123405632
6027,48.216,152.95217853841285
6028,48.224,63.479197897429714
6029,48.232,-40.45561072423118
6030,48.24,-151.49303910899488
6031,48.248,-259.54849798650633
6032,48.256,-356.89346157877617
6033,48.264,-440.09597849904225
6034,48.272,-507.38586920193575
6035,48.28,-555.7702273967624
6036,48.288,-582.1749622872001
6037,48.296,-587.0994226404501
6038,48.304,-575.1971227639613
6039,48.312,-551.2264051527173
6040,48.32,-516.2646200356336
6041,48.328,-468.79736149694895
6042,48.336,-409.0862165581494
6043,48.344,-341.0498852551527
6044,48.352,-269.44948761419283
6045,48.36,-196.6682598929687
6046,48.368,-123.28978101467948
6047,48.376,-51.33273419616509
6048,48.384,14.219289986105352
6049,48.392,68.22591590393938
6050,48.4,109.25441729825957
6051,48.408,139.02057184613585
6052,48.416,158.4487392392873
6053,48.424,166.28955743004093
6054,48.432,162.09764922578697
6055,48.44,149.2618934764605
6056,48.448,133.86024229154793
6057,48.456,120.4126307628149
6058,48.464,109.43836871027199
6059,48.472,99.68799031603928
6060,48.48,91.58920698671407
6061,48.488,86.68994341898957
6062,48.496,84.25507810810298
6063,48.504,80.46440235711351
6064,48.512,71.85279418734451
6065,48.52,58.83394060172387
6066,48.528,44.98296466623469
6067,48.536,33.18478225861639
6068,48.544,23.686561468238345
6069,48.552,16.614635540090347
6070,48.56,14.928390763514631
6071,48.568,22.77592407257638
6072,48.576,41.21931145248339
6073,48.584,66.9265507099655
6074,48.592,95.458483591798
6075,48.6,125.15894870338258
6076,48.608,156.68824227525437
6077,48.616,189.24307830501698
6078,48.624,219.30222442885832
6079,48.632,243.93957802203226
6080,48.64,264.05387153067187
6081,48.648,282.84189040967647
6082,48.656,301.45847366497793
6083,48.664,317.42020701660726
6084,48.672,327.44612253373106
6085,48.68,330.93907567531045
6086,48.688,329.6549047955944
6087,48.696,324.36559490365937
6088,48.704,313.70643772423773
6089,48.712,296.94347653268716
6090,48.72,276.65416935823436
6091,48.728,257.6276051527238
6092,48.736,243.02914887473548
6093,48.744,232.4406207789403
6094,48.752,224.2555893252181
6095,48.76,218.7200348615905
6096,48.768,217.01482799470773
6097,48.776,217.7685576345852
6098,48.784,216.16749963608996
6099,48.792,207.4472313235374
6100,48.8,190.40112554121487
6101,48.808,166.42546937089273
6102,48.816,135.8244270733783
6103,48.824,96.54026714760528
6104,48.832,47.446201784450636
6105,48.84,-7.981059000757341
6106,48.848,-63.11534100001242
6107,48.856,-113.01893203884148
6108,48.864,-156.46546174749042
6109,48.872,-193.345278964708
6110,48.88,-221.4080127283458
6111,48.888,-237.1573127425636
6112,48.896,-240.20260722521175
6113,48.904,-234.94419609171928
6114,48.912,-226.85676038575951
6115,48.92,-218.11347008622224
6116,48.928,-207.93573684345324
6117,48.936,-196.4711257386882
6118,48.944,-186.54105524962455
6119,48.952,-181.11227663910148
6120,48.96,-180.0422982233533
6121,48.968,-180.30070971059192
6122,48.976,-179.46822959216198
6123,48.984,-177.75200863798833
6124,48.992,-175.77696415628512
6125,49.0,-171.85898350246828
6126,49.008,-163.21400252065337
6127,49.016,-149.8680491798087
6128,49.024,-136.10782581757707
6129,49.032,-127.2271393877869
6130,49.04,-125.7610809223952
6131,49.048,-132.15044397793991
6132,49.056,-148.2662291806368
6133,49.064,-178.29320305495756
6134,49.072,-225.34672682037908
6135,49.08,-287.93800632656087
6136,49.088,-360.74976935637636
6137,49.096,-438.7448209928487
6138,49.104,-519.1325361512845
6139,49.112,-598.7646253267146
6140,49.12,-671.5925026382554
6141,49.128,-730.7436944846442
6142,49.136,-772.5596785162375
6143,49.144,-797.4542799034108
6144,49.152,-806.8998136726815
6145,49.16,-800.2633610603324
6146,49.168,-775.6034841878118
6147,49.176,-733.4248468911256
6148,49.184,-677.8538321978522
6149,49.192,-613.5728106800372
6150,49.2,-542.7879569493347
6151,49.208,-465.9840670290246
6152,49.216,-385.2107469753163
6153,49.224,-305.12268864961476
6154,49.232,-229.86122598595415
6155,49.24,-159.7584861331897
6156,49.248,-92.47184327864485
6157,49.256,-27.50602227314843
6158,49.264,31.737410228887484
6159,49.272,80.93446848446973
6160,49.28,118.53945872841962
6161,49.288,145.64159171326799
6162,49.296,162.66845829548078
6163,49.304,167.70799126465576
6164,49.312,159.2563456418541
6165,49.32,139.31661519826693
6166,49.328,111.88092084462144
6167,49.336,78.98249925658706
6168,49.344,39.73994615670631
6169,49.352,-6.365836467252677
6170,49.36,-56.047333004841676
6171,49.368,-103.12821876577686
6172,49.376,-142.77098225863048
6173,49.384,-173.6808510473765
6174,49.392,-195.85205608684004
6175,49.4,-207.51705199512892
6176,49.408,-206.01042960644
6177,49.416,-191.44152992732248
6178,49.424,-167.91597845040442
6179,49.432,-140.24213824119812
6180,49.44,-109.90874788816967
6181,49.448,-75.45246574923311
6182,49.456,-36.46650143028404
6183,49.464,4.828860835768978
6184,49.472,46.53152609397449
6185,49.48,90.03134086300867
6186,49.488,138.9599994337944
6187,49.496,195.31596264223157
6188,49.504,257.6328111735728
6189,49.512,323.5834270915284
6190,49.52,393.2188387691646
6191,49.528,467.76433313670844
6192,49.536,545.2729822956137
6193,49.544,619.4892860413089
6194,49.552,683.8779696283092
6195,49.56,735.6781384326579
6196,49.568,774.9221050888584
6197,49.576,800.3374516936383
6198,49.584,808.5640485173575
6199,49.592,797.6742084849188
6200,49.6,769.7969614767106
6201,49.608,729.5252133157674
6202,49.616,679.9375132621504
6203,49.624,621.2045026245073
6204,49.632,553.5138642135895
6205,49.64,480.0422595124476
6206,49.648,405.9757235125868
6207,49.656,334.84588842125146
6208,49.664,267.05677273457803
6209,49.672,202.66296730896744
6210,49.68,144.38578396750233
6211,49.688,96.48964343395323
6212,49.696,60.731444413084176
6213,49.704,34.773166426400905
6214,49.712,15.554306168029676
6215,49.72,3.0889208472881933
6216,49.728,-0.4743009433851739
6217,49.736,5.204829283124937
6218,49.744,17.327265466512102
6219,49.752,33.09746376545114
6220,49.76,53.14653894533649
6221,49.768,80.58246372733163
6222,49.776,117.15932640310243
6223,49.784,161.78547291960993
6224,49.792,212.98944954553212
6225,49.8,271.70703900739227
6226,49.808,340.2145798688381
6227,49.816,418.2140483840401
6228,49.824,501.3519232649042
6229,49.832,584.3203036417717
6230,49.84,664.7350769782349
6231,49.848,742.8512121155401
6232,49.856,817.4947738563995
6233,49.864,884.1925760950332
6234,49.872,937.9549541865508
6235,49.88,975.7343844015863
6236,49.888,994.9179845307139
6237,49.896,990.5542823828481
6238,49.904,955.4704761696981
6239,49.912,883.9356569785051
6240,49.92,775.3570811234888
6241,49.928,633.9095234025947
6242,49.936,464.80902653075543
6243,49.944,272.3658014858728
6244,49.952,62.20160179750934
6245,49.96,-156.10119888080004
6246,49.968,-370.49722482698087
6247,49.976,-571.1356584473125
6248,49.984,-752.7047388563553
6249,49.992,-911.9838440755241
6250,50.0,-1044.5077200741775
6251,50.008,-1145.4571632662028
6252,50.016,-1213.8689016337034
6253,50.024,-1254.001183185496
6254,50.032,-1271.7093187821358
6255,50.04,-1270.6073365376421
6256,50.048,-1252.4170890273615
6257,50.056,-1220.1580413161032
6258,50.064,-1179.0194846672205
6259,50.072,-1133.031854324201
6260,50.08,-1082.0269982640925
6261,50.088,-1023.2122693555414
6262,50.096,-955.539624606372
6263,50.104,-881.5528360452809
6264,50.112,-804.6614755422885
6265,50.12,-725.738401819385
6266,50.128,-643.772186520225
6267,50.136,-559.5706983832401
6268,50.144,-477.21924355086196
6269,50.152,-401.2062790473808
6270,50.16,-333.0917583255663
6271,50.168,-272.1405645075905
6272,50.176,-218.78591403946547
6273,50.184,-175.8310698010905
6274,50.192,-145.48600984656744
6275,50.2,-126.02112920251733
6276,50.208,-112.77409681871958
6277,50.216,-102.70208118949752
6278,50.224,-96.46213659016506
6279,50.232,-95.4936522564891
6280,50.24,-98.45995134336874
6281,50.248,-102.01275978893355
6282,50.256,-104.92721538968546
6283,50.264,-109.50898006201123
6284,50.272,-117.9332785404896
6285,50.28,-128.47815196796685
6286,50.288,-136.59005590758176
6287,50.296,-139.19895970840395
6288,50.304,-136.24604944221522
6289,50.312,-127.68178189385748
6290,50.32,-110.79433058599184
6291,50.328,-81.82673061309566
6292,50.336,-40.02539594741904
6293,50.344,10.893416631435343
6294,50.352,65.69680425302406
6295,50.36,121.58326830582351
6296,50.368,178.39016874339228
6297,50.376,235.01510612871385
6298,50.384,287.86371756620235
6299,50.392,333.9986294049853
6300,50.4,374.34237207208713
6301,50.408,412.55195943311134
6302,50.416,450.92920079769334
6303,50.424,488.74433466555325
6304,50.432,525.1685241233927
6305,50.44,562.1739699685963
6306,50.448,602.740946763118
6307,50.456,646.6538198459066
6308,50.464,689.7417337638976
6309,50.472,727.3515482752766
6310,50.48,757.4240173329854
6311,50.488,779.6534873672759
6312,50.496,792.1520622266723
6313,50.504,790.5151250628662
6314,50.512,770.9068711114655
6315,50.52,733.2467768749264
6316,50.528,680.6392500153809
6317,50.536,615.7705256322587
6318,50.544,539.0829276283026
6319,50.552,451.1300793135755
6320,50.56,355.33297233828387
6321,50.568,256.8765071570319
6322,50.576,159.089535246399
6323,50.584,62.31125550026505
6324,50.592,-33.34605979749708
6325,50.6,-125.18202086787232
6326,50.608,-209.01493912384166
6327,50.616,-283.16291026718056
6328,50.624,-349.57993419006175
6329,50.632,-410.3247221348788
6330,50.64,-464.2736001136249
6331,50.648,-507.9620584132047
6332,50.656,-539.1344494487403
6333,50.664,-558.4366120129554
6334,50.672,-566.9847209858789
6335,50.68,-563.2166205129122
6336,50.688,-543.7298839523796
6337,50.696,-507.11741229322104
6338,50.704,-455.30410556227037
6339,50.712,-390.90446441660396
6340,50.72,-314.50721610043183
6341,50.728,-225.68584465103567
6342,50.736,-127.00543608834926
6343,50.744,-25.460727609578697
6344,50.752,70.97639350377015
6345,50.76,157.08168278148244
6346,50.768,229.877669199718
6347,50.776,285.07370535816165
6348,50.784,316.00162756782686
6349,50.792,317.2711504742371
6350,50.8,288.8699480292375
6351,50.808,235.9808442488373
6352,50.816,164.9238511641517
6353,50.824,80.561915307285
6354,50.832,-11.938863139190744
6355,50.84,-104.59006308360503
6356,50.848,-187.99296853356793
6357,50.856,-255.86790326469833
6358,50.864,-306.6322293958529
6359,50.872,-340.06217097370484
6360,50.88,-354.1067760329769
6361,50.888,-345.9833540543538
6362,50.896,-316.07562155448795
6363,50.904,-269.31186965330295
6364,50.912,-211.86348305886014
6365,50.92,-147.38166037563911
6366,50.928,-77.1908224089438
6367,50.936,-3.6207463314686663
6368,50.944,68.4708689390939
6369,50.952,134.35530618425835
6370,50.96,192.53320245657403
6371,50.968,243.81681927098387
6372,50.976,287.6607796537276
6373,50.984,321.30257286398273
6374,50.992,343.22145416102285
6375,51.0,356.31880049340975
6376,51.008,366.6165620370444
6377,51.016,378.6629643183432
6378,51.024,392.98040401936925
6379,51.032,408.0632502538481
6380,51.04,423.6436884207626
6381,51.048,440.4618977195456
6382,51.056,456.4512800838729
6383,51.064,465.47965101515126
6384,51.072,461.66009115877154
6385,51.08,443.81663975934043
6386,51.088,414.57578155420305
6387,51.096,375.89540442112155
6388,51.104,327.3428921489013
6389,51.112,268.725012541071
6390,51.12,202.6517306671692
6391,51.128,133.304152884872
6392,51.136,62.590803975080405
6393,51.144,-10.93399588537659
6394,51.152,-88.50422793438577
6395,51.16,-167.65880506874046
6396,51.168,-243.26696950199914
6397,51.176,-311.6751351361216
6398,51.184,-372.31942451739826
6399,51.192,-424.9449109704627
6400,51.2,-466.6845829803334
6401,51.208,-493.1678557385674
6402,51.216,-502.7994667447699
6403,51.224,-498.46230226193177
6404,51.232,-484.133218004164
6405,51.24,-460.9837274528767
6406,51.248,-427.9168489440516
6407,51.256,-385.58569583752256
6408,51.264,-338.0909051305558
6409,51.272,-290.348671057611
6410,51.28,-244.82910659084206
6411,51.288,-201.57534049692373
6412,51.296,-161.63166024793657
6413,51.304,-128.44134255987396
6414,51.312,-104.435767920958
6415,51.32,-87.58894348449763
6416,51.328,-72.54455295938884
6417,51.336,-55.24124465636963
6418,51.344,-35.298921129090886
6419,51.352,-13.529461204986795
6420,51.36,11.230253489066811
6421,51.368,41.24651104179284
6422,51.376,75.95388222290441
6423,51.384,111.01080606445467
6424,51.392,142.05420715425197
6425,51.4,168.09164781854054
6426,51.408,190.57772421829193
6427,51.416,209.36618351555063
6428,51.424,221.08246446622377
6429,51.432,222.4287118859433
6430,51.44,213.7724824506868
6431,51.448,198.25562035034744
6432,51.456,177.94675022676557
6433,51.464,152.57342514719394
6434,51.472,121.97956074654448
6435,51.48,88.6385360571108
6436,51.488,57.14557848202827
6437,51.496,30.537784148914753
6438,51.504,8.182625377055388
6439,51.512,-11.502577921625402
6440,51.52,-27.502409163773706
6441,51.528,-36.635513369256586
6442,51.536,-37.31143480211381
6443,51.544,-31.425196931350314
6444,51.552,-21.676995858125593
6445,51.56,-7.689571858603244
6446,51.568,13.789341057685434
6447,51.576,44.0459469716554
6448,51.584,79.53313105959319
6449,51.592,114.99617803962892
6450,51.6,147.65720713950458
6451,51.608,176.7131467451975
6452,51.616,199.43435025884938
6453,51.624,210.14835018772808
6454,51.632,203.88876498900643
6455,51.64,179.87168968976565
6456,51.648,140.5294818650002
6457,51.656,87.46165919410595
6458,51.664,20.260817466817343
6459,51.672,-59.996620170645485
6460,51.68,-147.61164183248547
6461,51.688,-233.83112793697853
6462,51.696,-311.93882608586506
6463,51.704,-379.82085086477787
6464,51.712,-437.31271023890247
6465,51.72,-482.8964275870768
6466,51.728,-514.2538427081339
6467,51.736,-531.6070123766792
6468,51.744,-538.6599529826889
6469,51.752,-539.2466095292772
6470,51.76,-533.9450100435951
6471,51.768,-520.8395874927239
6472,51.776,-499.44928198253035
6473,51.784,-472.59524553396614
6474,51.792,-443.88043620059796
6475,51.8,-414.5824934854374
6476,51.808,-384.2174970909919
6477,51.816,-354.01862708931486
6478,51.824,-328.20950638527006
6479,51.832,-310.8207258299907
6480,51.84,-302.0431262488595
6481,51.848,-299.04881206917435
6482,51.856,-300.22718760230015
6483,51.864,-306.46247872855156
6484,51.872,-317.9068254567534
6485,51.88,-331.1375120446409
6486,51.888,-340.59762232365046
6487,51.896,-343.1630939359105
6488,51.904,-339.831823022763
6489,51.912,-332.36316110840346
6490,51.92,-320.01190630806605
6491,51.928,-300.67884664376874
6492,51.936,-274.7773108828537
6493,51.944,-246.09266276049567
6494,51.952,-218.28378469732792
6495,51.96,-191.59446404243334
6496,51.968,-163.54723243066658
6497,51.976,-132.88706379459296
6498,51.984,-101.07277132554987
6499,51.992,-68.9180475018519
6500,52.0,-33.709253061408845
6501,52.008,9.055991184290349
6502,52.016,61.47515292369741
6503,52.024,121.7159220832329
6504,52.032,186.67175218802504
6505,52.04,255.17601156854994
6506,52.048,327.65118749283397
6507,52.056,402.3893695154915
6508,52.064,474.21346796084777
6509,52.072,538.0816844184114
6510,52.08,592.4763900998273
6511,52.088,638.3721663252082
6512,52.096,675.7280438754414
6513,52.104,702.2903543761822
6514,52.112,716.2341030649698
6515,52.12,719.1193610872372
6516,52.128,714.8831277434053
6517,52.136,705.5183016008873
6518,52.144,689.4375482335737
6519,52.152,664.7507776329759
6520,52.16,632.625385190388
6521,52.168,596.4776399415914
6522,52.176,558.1028985128805
6523,52.184,515.9368406951834
6524,52.192,468.03363903737636
6525,52.2,415.82117541523604
6526,52.208,363.42983797670126
6527,52.216,313.35672104534956
6528,52.224,264.83577448509516
6529,52.232,217.06107866315602
6530,52.24,172.30961632507416
6531,52.248,134.78451234217422
6532,52.256,106.55581186711808
6533,52.264,85.85440375493397
6534,52.272,69.86254275950445
6535,52.28,58.16535172525876
6536,52.288,52.36796357584228
6537,52.296,52.330223750837135
6538,52.304,54.75638213937154
6539,52.312,56.660446453944154
6540,52.32,58.82984085360011
6541,52.328,64.6968120233113
6542,52.336,76.1366331935372
6543,52.344,91.63957642505073
6544,52.352,108.91945797898204
6545,52.36,127.87976091204865
6546,52.368,149.74841542677245
6547,52.376,173.71679433148267
6548,52.384,196.1363861951988
6549,52.392,213.68097220198408
6550,52.4,226.53417885186627
6551,52.408,237.60920060686925
6552,52.416,248.5587645127058
6553,52.424,257.95492907205903
6554,52.432,263.9516129354964
6555,52.44,267.40267882437155
6556,52.448,271.10815095437476
6557,52.456,275.96084390877326
6558,52.464,279.28365646049184
6559,52.472,277.4375570170738
6560,52.48,268.6611949968447
6561,52.488,252.17123873612474
6562,52.496,224.6947387153744
6563,52.504,179.9686447277552
6564,52.512,113.07537063040212
6565,52.52,24.538021805964377
6566,52.528,-80.70549316789146
6567,52.536,-197.78332306558636
6568,52.544,-323.402712758061
6569,52.552,-452.7979785072323
6570,52.56,-577.3862461808963
6571,52.568,-687.0126444679715
6572,52.576,-774.7872844083297
6573,52.584,-839.0557486135417
6574,52.592,-880.7722204461638
6575,52.6,-900.1433894939083
6576,52.608,-896.755852168106
6577,52.616,-872.9504361409045
6578,52.624,-834.9722544319756
6579,52.632,-789.3523803827279
6580,52.64,-739.0896883531917
6581,52.648,-684.2870510798393
6582,52.656,-625.9772817876642
6583,52.664,-567.3598518245835
6584,52.672,-510.9288514811577
6585,52.68,-455.9968722375705
6586,52.688,-399.86667589583953
6587,52.696,-341.37481943932914
6588,52.704,-282.153224735687
6589,52.712,-223.8095558410859
6590,52.72,-165.00333199762758
6591,52.728,-102.66581936036937
6592,52.736,-36.54320853354244
6593,52.744,28.92491921677646
6594,52.752,88.04103313593956
6595,52.76,137.87148561976272
6596,52.768,178.18103089509125
6597,52.776,208.3186601224712
6598,52.784,226.15552362065193
6599,52.792,230.94702166137523
6600,52.8,226.1489172080434
6601,52.808,217.8282628660761
6602,52.816,209.7788672753943
6603,52.824,201.72650173407706
6604,52.832,192.64242940371315
6605,52.84,184.05338944837982
6606,52.848,179.32799822706875
6607,52.856,180.1097084576369
6608,52.864,184.8633907583344
6609,52.872,191.86531419060253
6610,52.88,202.59358476727758
6611,52.888,220.58033369878302
6612,52.896,246.82882307955313
6613,52.904,278.2460988433113
6614,52.912,311.0038936150514
6615,52.92,344.01383629476703
6616,52.928,378.4721496562896
6617,52.936,414.1159844304121
6618,52.944,447.4595402891003
6619,52.952,474.8779493481843
6620,52.96,496.1823846335213
6621,52.968,513.7634763581516
6622,52.976,528.4493699098109
6623,52.984,537.8504132187661
6624,52.992,539.4868579852047
6625,53.0,534.4269770567071
6626,53.008,526.6211362159526
6627,53.016,518.8545353067174
6628,53.024,511.08088841363747
6629,53.032,502.94912629962676
6630,53.04,496.46457529471064
6631,53.048,494.9167063636522
6632,53.056,498.6779756135634
6633,53.064,503.61308691794017
6634,53.072,504.6922786568388
6635,53.08,499.9989244788734
6636,53.088,490.33380706393456
6637,53.096,475.40754093948385
6638,53.104,452.3471725536687
6639,53.112,418.78269266161095
6640,53.12,376.15120347310017
6641,53.128,328.7274663349294
6642,53.136,279.2959661632308
6643,53.144,227.37929002841435
6644,53.152,172.1920505581387
6645,53.16,115.68550706945092
6646,53.168,61.64391138580879
6647,53.176,11.961324167789826
6648,53.184,-34.72794079389013
6649,53.192,-80.10925792000648
6650,53.2,-123.15153873057864
6651,53.208,-161.1396182094809
6652,53.216,-193.57193585604648
6653,53.224,-223.18411546281197
6654,53.232,-252.48255428686912
6655,53.24,-280.684127619803
6656,53.248,-304.8514996136737
6657,53.256,-323.84649252914716
6658,53.264,-339.98433341957434
6659,53.272,-356.16862599358177
6660,53.28,-372.4025943655062
6661,53.288,-386.5371125255177
6662,53.296,-398.5647196319882
6663,53.304,-412.13195015201035
6664,53.312,-431.31364726756004
6665,53.32,-457.337739598386
6666,53.328,-488.91581053373176
6667,53.336,-525.417990955186
6668,53.344,-568.1559773331214
6669,53.352,-617.7043173468587
6670,53.36,-670.9822987144024
6671,53.368,-722.056522569144
6672,53.376,-766.2482162378687
6673,53.384,-802.208192279435
6674,53.392,-829.4365165122643
6675,53.4,-845.2248667388695
6676,53.408,-845.382616973573
6677,53.416,-828.2370057252652
6678,53.424,-796.1336731662857
6679,53.432,-752.08493248264
6680,53.44,-696.1590837637199
6681,53.448,-626.1785048595284
6682,53.456,-542.0511428696325
6683,53.464,-447.71025280979757
6684,53.472,-348.2685240141933
6685,53.48,-246.8476505342304
6686,53.488,-145.06501333343158
6687,53.496,-46.4571123602191
6688,53.504,42.47727845434203
6689,53.512,115.66515173791046
6690,53.52,170.92341291516146
6691,53.528,209.57605090005848
6692,53.536,232.7958086532187
6693,53.544,239.82307932087943
6694,53.552,230.522512670161
6695,53.56,208.36522490906518
6696,53.568,179.5074328417157
6697,53.576,148.3566446042238
6698,53.584,115.436586622746
6699,53.592,80.21653256278103
6700,53.6,44.566534257423584
6701,53.608,12.295987811354038
6702,53.616,-14.855688994245348
6703,53.624,-38.82011150179859
6704,53.632,-61.83355332789339
6705,53.64,-83.10206903071622
6706,53.648,-99.72147778974204
6707,53.656,-110.67879514232098
6708,53.664,-118.3994533961412
6709,53.672,-125.40807060147651
6710,53.68,-130.86552048569592
6711,53.688,-131.440583834809
6712,53.696,-125.16344306694488
6713,53.704,-113.20085228342091
6714,53.712,-97.44310223514442
6715,53.72,-77.35855432777173
6716,53.728,-50.434750307730184
6717,53.736,-15.860569254078356
6718,53.744,23.728769703270864
6719,53.752,64.73535474813087
6720,53.76,105.9645116534174
6721,53.768,148.73444355817057
6722,53.776,193.44582293715376
6723,53.784,237.7517989223641
6724,53.792,279.08923610503393
6725,53.8,317.7245997896039
6726,53.808,356.08801392020507
6727,53.816,394.83219279398463
6728,53.824,430.98447715196596
6729,53.832,460.9134015885883
6730,53.84,483.99064421367194
6731,53.848,502.10626675731345
6732,53.856,515.5929977371366
6733,53.864,521.4088372717868
6734,53.872,516.1229711834108
6735,53.88,499.6575712390222
6736,53.888,474.96319356143533
6737,53.896,443.4988816922989
6738,53.904,402.88898782833536
6739,53.912,350.28509354773337
6740,53.92,286.4260239113085
6741,53.928,215.08461295095378
6742,53.936,139.0406989345264
6743,53.944,58.499846131350836
6744,53.952,-26.13440192188841
6745,53.96,-111.34334528417719
6746,53.968,-191.4706225811779
6747,53.976,-263.1399349165269
6748,53.984,-327.33254427120323
6749,53.992,-386.2143341250666
6750,54.0,-439.3044461749694
6751,54.008,-484.20876626157707
6752,54.016,-521.0246730548763
6753,54.024,-553.8088389357233
6754,54.032,-587.1692996982388
6755,54.04,-623.0152676891605
6756,54.048,-661.260837610494
6757,54.056,-703.4697915458904
6758,54.064,-753.8018978534808
6759,54.072,-814.9226639332887
6760,54.08,-883.981161324122
6761,54.088,-953.7339752349739
6762,54.096,-1017.6363439223568
6763,54.104,-1072.1867894334205
6764,54.112,-1114.281168262121
6765,54.12,-1138.6653954774235
6766,54.128,-1139.5724102401243
6767,54.136,-1114.976136805225
6768,54.144,-1067.612581424313
6769,54.152,-1001.5150585923589
6770,54.16,-918.78325024081
6771,54.168,-819.8114144044814
6772,54.176,-706.4542271581013
6773,54.184,-583.4475600894116
6774,54.192,-455.58658383137015
6775,54.2,-324.5706277541218
6776,54.208,-189.69095331792278
6777,54.216,-51.83015650134746
6778,54.224,84.62505635766684
6779,54.232,214.50465593169474
6780,54.24,335.16512204625894
6781,54.248,446.0216938637441
6782,54.256,545.1728095122305
6783,54.264,628.631228726759
6784,54.272,693.4062770817518
6785,54.28,740.4293218464132
6786,54.288,774.0389273894044
6787,54.296,797.7431025297059
6788,54.304,811.7864158370085
6789,54.312,815.9562725305858
6790,54.32,812.8412639904302
6791,54.328,806.7132944933375
6792,54.336,799.1225884568436
6793,54.344,787.3814454004714
6794,54.352,768.2720434306711
6795,54.36,741.7653144717394
6796,54.368,710.2154986638412
6797,54.376,674.4555463700971
6798,54.384,632.6703170939633
6799,54.392,583.895675950108
6800,54.4,531.3190572680684
6801,54.408,481.29299520595157
6802,54.416,438.9704819069068
6803,54.424,405.7194603191692
6804,54.432,380.99930076511583
6805,54.44,365.35640182457325
6806,54.448,359.9044689201074
6807,54.456,362.509680085965
6808,54.464,366.8861909545836
6809,54.472,366.7602722127756
6810,54.48,359.848715649508
6811,54.488,347.32904398379037
6812,54.496,330.11199713017606
6813,54.504,307.5590718705793
6814,54.512,280.22820785221467
6815,54.52,252.3264662660315
6816,54.528,230.19254126642528
6817,54.536,217.57462835671595
6818,54.544,213.59303860430126
6819,54.552,215.62183547215966
6820,54.56,222.4336197076597
6821,54.568,233.7667634675989
6822,54.576,247.05084556952755
6823,54.584,256.68480973394935
6824,54.592,257.9299417827011
6825,54.6,250.59924100425076
6826,54.608,238.39649937019922
6827,54.616,224.69324152262033
6828,54.624,210.34127781418806
6829,54.632,196.14219660890564
6830,54.64,185.3908154378627
6831,54.648,182.11292933228285
6832,54.656,186.80657112384958
6833,54.664,195.71666239497796
6834,54.672,204.4552201165832
6835,54.68,211.23985650158434
6836,54.688,216.72192048222487
6837,54.696,220.8452820887099
6838,54.704,221.5284651211514
6839,54.712,217.60430637512516
6840,54.72,211.60290409769712
6841,54.728,208.25571613434727
6842,54.736,209.91367785916717
6843,54.744,214.66131051448139
6844,54.752,219.38974319437716
6845,54.76,223.01136663508413
6846,54.768,225.47976845226813
6847,54.776,223.89238410285773
6848,54.784,211.2915340854254
6849,54.792,180.52923473686812
6850,54.8,128.8093389200472
6851,54.808,57.719119300271416
6852,54.816,-30.579860023364773
6853,54.824,-134.92512641616577
6854,54.832,-252.5300967257534
6855,54.84,-376.13684587329186
6856,54.848,-495.1652054343721
6857,54.856,-600.941379149581
6858,54.864,-689.4225676261564
6859,54.872,-758.3905870314443
6860,54.88,-804.2974754719808
6861,54.888,-823.0081093932812
6862,54.896,-813.7928596135064
6863,54.904,-781.1871966324629
6864,54.912,-731.6948185174081
6865,54.92,-669.6998305444505
6866,54.928,-597.5953017482526
6867,54.936,-519.416800705928
6868,54.944,-442.0330791025019
6869,54.952,-371.7125315336194
6870,54.96,-310.7518963380847
6871,54.968,-258.36968582248875
6872,54.976,-214.6693032619425
6873,54.984,-181.95546280373298
6874,54.992,-161.65247488055562
6875,55.0,-151.30363801430266
6876,55.008,-145.6393473286836
6877,55.016,-140.8966254624618
6878,55.024,-136.5201670346615
6879,55.032,-132.24251256267692
6880,55.04,-125.31218883049911
6881,55.048,-111.61490069874841
6882,55.056,-89.62775520895724
6883,55.064,-61.781511673743864
6884,55.072,-31.062057493962385
6885,55.08,2.735821695357231
6886,55.088,42.33849877720391
6887,55.096,88.5749408105263
6888,55.104,138.69177933559752
6889,55.112,189.2133106692475
6890,55.12,238.70413207116482
6891,55.128,287.1484855341425
6892,55.136,332.5518575521032
6893,55.144,370.24181347845075
6894,55.152,396.63902665377617
6895,55.16,412.4997655441919
6896,55.168,421.99704181957554
6897,55.176,428.39133273877627
6898,55.184,431.89734642464884
6899,55.192,432.1618525336397
6900,55.2,431.1540046803762
6901,55.208,432.59156257315004
6902,55.216,437.82318381988
6903,55.224,444.1742568568974
6904,55.232,448.8248719572494
6905,55.24,452.4313891837433
6906,55.248,458.0101271767389
6907,55.256,466.8280110304597
6908,55.264,476.69580692860455
6909,55.272,484.70830161924033
6910,55.28,490.4222240210583
6911,55.288,495.267046931074
6912,55.296,498.80799393498177
6913,55.304,497.628322139459
6914,55.312,488.8734439981016
6915,55.32,473.58975450874516
6916,55.328,455.60140757439785
6917,55.336,437.20882230506174
6918,55.344,417.5862439336936
6919,55.352,395.4935382245615
6920,55.36,372.23647356161854
6921,55.368,351.1585481790452
6922,55.376,333.5472155162068
6923,55.384,316.95056927840454
6924,55.392,298.5888822088651
6925,55.4,278.643842617814
6926,55.408,259.5257983710718
6927,55.416,242.15266176996784
6928,55.424,224.4127328881592
6929,55.432,204.1011774422161
6930,55.44,182.035301082179
6931,55.448,160.97115207461889
6932,55.456,141.28908234407766
6933,55.464,119.72444922041075
6934,55.472,93.00302977283064
6935,55.48,61.305882549938474
6936,55.488,27.51061004349623
6937,55.496,-6.992811896289993
6938,55.504,-44.10897469033432
6939,55.512,-86.42494742976783
6940,55.52,-134.73428222618395
6941,55.528,-188.96743450444052
6942,55.536,-251.25952810610238
6943,55.544,-326.109797968621
6944,55.552,-416.65170065654934
6945,55.56,-521.4019172767197
6946,55.568,-634.6753147317561
6947,55.576,-750.6611094802494
6948,55.584,-865.8483012083299
6949,55.592,-976.6892988639931
6950,55.6,-1076.8227760259495
6951,55.608,-1158.2154988223058
6952,55.616,-1215.5327671907737
6953,55.624,-1247.9617378296855
6954,55.632,-1256.3670841055346
6955,55.64,-1240.1452251003584
6956,55.648,-1197.5429973747205
6957,55.656,-1129.2740752392533
6958,55.664,-1040.0575757206022
6959,55.672,-935.3411061154334
6960,55.68,-817.7233452259015
6961,55.688,-687.7038352171769
6962,55.696,-548.0695700336428
6963,55.704,-405.5727235360241
6964,55.712,-267.533634430896
6965,55.72,-138.08276564845835
6966,55.728,-18.203819971338078
6967,55.736,90.3701137715636
6968,55.744,183.22467634348476
6969,55.752,256.67215031208093
6970,55.76,311.38501675512225
6971,55.768,351.24772146995974
6972,55.776,378.78966466083244
6973,55.784,393.22839794146967
6974,55.792,393.25588089863123
6975,55.8,380.4201345391477
6976,55.808,358.8143578594619
6977,55.816,331.2528949345807
6978,55.824,297.5695138399022
6979,55.832,257.24362392716444
6980,55.84,212.20298811366428
6981,55.848,166.06990080305897
6982,55.856,120.25639778050783
6983,55.864,72.81853019784413
6984,55.872,22.176770192646117
6985,55.88,-29.81794001002433
6986,55.888,-79.12332606135791
6987,55.896,-123.47363254169227
6988,55.904,-163.8683480834941
6989,55.912,-201.47783010762737
6990,55.92,-234.29358257204498
6991,55.928,-258.1312948541881
6992,55.936,-270.94776570875763
6993,55.944,-274.10164831534206
6994,55.952,-269.1912202481098
6995,55.96,-255.36632491507333
6996,55.968,-230.3591337611312
6997,55.976,-194.4669379967863
6998,55.984,-151.98416709837835
6999,55.992,-107.86984660827534
7000,56.0,-64.23625432843008
7001,56.008,-20.64384804357836
7002,56.016,22.342007761620174
7003,56.024,61.97504811807569
7004,56.032,96.3795494298588
7005,56.04,126.81514170741625
7006,56.048,156.08837404232335
7007,56.056,184.78355035200977
7008,56.064,210.22917556441362
7009,56.072,229.66028367129968
7010,56.08,243.6445880954816
7011,56.088,255.8066112524118
7012,56.096,268.5909624166762
7013,56.104,281.14564194028503
7014,56.112,292.4166599872851
7015,56.12,304.3680990529155
7016,56.128,320.93863394035924
7017,56.136,343.8900402045364
7018,56.144,371.2651999168985
7019,56.152,400.341994105603
7020,56.16,430.6727957453797
7021,56.168,463.5612290816107
7022,56.176,498.5075779265327
7023,56.184,531.7787559612157
7024,56.192,559.2431120293207
7025,56.2,579.5960391268353
7026,56.208,594.15405667495
7027,56.216,602.9624949233731
7028,56.224,602.7116576173353
7029,56.232,589.4778729223041
7030,56.24,561.7302123201371
7031,56.248,519.4042589886525
7032,56.256,460.1955931709065
7033,56.264,378.91963808734613
7034,56.272,271.7543061956249
7035,56.28,140.2729994274693
7036,56.288,-8.950640517118984
7037,56.296,-168.543043551006
7038,56.304,-332.7975503090672
7039,56.312,-495.6298791506347
7040,56.32,-648.1826913374371
7041,56.328,-780.5552440777246
7042,56.336,-886.6742603600037
7043,56.344,-965.9530213609602
7044,56.352,-1019.883653725684
7045,56.36,-1048.6790412569358
7046,56.368,-1051.8039831296906
7047,56.376,-1031.4872764371219
7048,56.384,-993.8717739125011
7049,56.392,-945.5527397866201
7050,56.4,-889.6714550653693
7051,56.408,-826.0692704555653
7052,56.416,-755.3122454012162
7053,56.424,-680.4691276641788
7054,56.432,-604.2264288917803
7055,56.44,-526.0605521258125
7056,56.448,-443.33613006639166
7057,56.456,-355.5970324332076
7058,56.464,-266.42530635066254
7059,56.472,-180.44003925504188
7060,56.48,-99.7842002491933
7061,56.488,-24.394194228265178
7062,56.496,44.301402582909134
7063,56.504,102.13549069475553
7064,56.512,145.59867183756035
7065,56.52,175.1148366906228
7066,56.528,194.2413336788893
7067,56.536,205.33121355382727
7068,56.544,207.54354285314503
7069,56.552,199.87294475227844
7070,56.56,184.42118264637196
7071,56.568,165.48978930682486
7072,56.576,145.29968732881136
7073,56.584,122.60464534055171
7074,56.592,96.29773019822264
7075,56.6,68.49035455173066
7076,56.608,43.22570836708422
7077,56.616,22.553825057159713
7078,56.624,5.265312266708662
7079,56.632,-10.360730048146763
7080,56.64,-23.57909757109809
7081,56.648,-31.360357016430157
7082,56.656,-31.895074705505778
7083,56.664,-26.24479201011536
7084,56.672,-15.737899210310104
7085,56.68,0.7988709123512194
7086,56.688,26.09364087179651
7087,56.696,59.97020791071074
7088,56.704,97.51835678549651
7089,56.712,132.74511209747283
7090,56.72,162.761482025456
7091,56.728,187.83684554210845
7092,56.736,207.5671826505453
7093,56.744,219.35728143455478
7094,56.752,221.849818414425
7095,56.76,218.1681436503375
7096,56.768,214.66153380553695
7097,56.776,216.04684158079954
7098,56.784,223.14983103697335
7099,56.792,235.6468310035688
7100,56.8,254.89208372476546
7101,56.808,282.77404650455355
7102,56.816,317.554415910586
7103,56.824,352.7163766077379
7104,56.832,380.98520799074134
7105,56.84,398.64716149880417
7106,56.848,405.77562110746385
7107,56.856,402.5660888477422
7108,56.864,387.80219823076726
7109,56.872,361.903729831409
7110,56.88,329.57364496616793
7111,56.888,298.2231188201847
7112,56.896,273.1259912244604
7113,56.904,255.16997893670242
7114,56.912,243.54704582341037
7115,56.92,238.41106988627484
7116,56.928,239.89164867514205
7117,56.936,244.9113699897336
7118,56.944,246.7127268648842
7119,56.952,238.40171753027607
7120,56.96,216.3176462227043
7121,56.968,179.65590794528654
7122,56.976,127.01978481701306
7123,56.984,55.33273070089123
7124,56.992,-37.07414882348108
7125,57.0,-147.50885516213134
7126,57.008,-269.72240392531273
7127,57.016,-398.02912433697577
7128,57.024,-528.9928434960917
7129,57.032,-658.4488718692714
7130,57.04,-778.8998525351229
7131,57.048,-881.2116405644716
7132,57.056,-959.4651363542774
7133,57.064,-1012.8785781958458
7134,57.072,-1042.3634472604062
7135,57.08,-1046.8253641449637
7136,57.088,-1023.8556627265124
7137,57.096,-973.659043868322
7138,57.104,-900.1785096056221
7139,57.112,-808.0218252321686
7140,57.12,-699.6713339574894
7141,57.128,-576.2309109301706
7142,57.136,-441.41934098647164
7143,57.144,-303.0326142475757
7144,57.152,-169.15726150933278
7145,57.16,-44.29291902038625
7146,57.168,70.08938157134742
7147,57.176,171.5915190390777
7148,57.184,255.68015726277616
7149,57.192,319.115652188043
7150,57.2,363.16625615162354
7151,57.208,392.73189919760534
7152,57.216,411.60627138965646
7153,57.224,420.05252781937094
7154,57.232,418.0494688800655
7155,57.24,408.69402498688277
7156,57.248,396.8179400698354
7157,57.256,384.5741644164805
7158,57.264,370.037734677799
7159,57.272,350.3701860199762
7160,57.28,325.3457704067489
7161,57.288,297.4015170877823
7162,57.296,268.080911791314
7163,57.304,236.49428686859017
7164,57.312,202.33331611740886
7165,57.32,168.8147633874437
7166,57.328,141.73406087350992
7167,57.336,125.26217631723262
7168,57.344,119.7603288218487
7169,57.352,124.24215550338175
7170,57.36,139.76915970148013
7171,57.368,169.0077691428337
7172,57.376,211.6605859973351
7173,57.384,262.64129362200026
7174,57.392,315.85686830352677
7175,57.4,368.2588441234441
7176,57.408,419.7781584256211
7177,57.416,469.57973079979104
7178,57.424,514.6088982931483
7179,57.432,552.7591538174277
7180,57.44,585.5804227729831
7181,57.448,616.8493879969893
7182,57.456,648.3055788026263
7183,57.464,678.0563116173521
7184,57.472,703.3198528504224
7185,57.48,723.4853233025527
7186,57.488,739.8856436235333
7187,57.496,751.9409089108439
7188,57.504,755.5096978331143
7189,57.512,746.2744627879343
7190,57.52,723.3909296795601
7191,57.528,689.5235141762497
7192,57.536,647.3580041044487
7193,57.544,597.6061267960267
7194,57.552,541.167385029266
7195,57.56,481.8093965604662
7196,57.568,425.6454072579513
7197,57.576,376.9755371726411
7198,57.584,335.9257791880644
7199,57.592,301.06529768904653
7200,57.6,272.46147731419944
7201,57.608,251.04150020954006
7202,57.616,235.0456244955006
7203,57.624,219.19304754047832
7204,57.632,198.7959517892477
7205,57.64,173.57129535820212
7206,57.648,146.74273589159606
7207,57.656,120.82368288423999
7208,57.664,95.68943767455738
7209,57.672,70.9745082959347
7210,57.68,49.00034171853781
7211,57.688,33.97361934657846
7212,57.696,27.675835426614697
7213,57.704,27.98325892442628
7214,57.712,32.17216772163047
7215,57.72,39.88565617913383
7216,57.728,52.34639239577797
7217,57.736,68.56265013875881
7218,57.744,83.8755767781056
7219,57.752,93.31981384182438
7220,57.76,95.15525858294433
7221,57.768,90.09535050909199
7222,57.776,76.96391701921283
7223,57.784,51.11513548617961
7224,57.792,8.047606552696948
7225,57.8,-52.96266765399855
7226,57.808,-129.40051127866656
7227,57.816,-219.05179776490587
7228,57.824,-321.22291609506163
7229,57.832,-434.24398558842734
7230,57.84,-553.0179254123748
7231,57.848,-669.6235097215451
7232,57.856,-777.053518099812
7233,57.864,-871.149795977619
7234,57.872,-948.4414237006929
7235,57.88,-1003.8803673403154
7236,57.888,-1031.878855909708
7237,57.896,-1030.5089500908064
7238,57.904,-1003.259479360838
7239,57.912,-955.3367791014916
7240,57.92,-889.750331496215
7241,57.928,-807.8383633169171
7242,57.936,-712.8637853305501
7243,57.944,-611.1929617497859
7244,57.952,-509.2289453163269
7245,57.96,-409.9616006479281
7246,57.968,-313.41940420383105
7247,57.976,-220.96844820402623
7248,57.984,-136.90988701503107
7249,57.992,-64.87588108915634
7250,58.0,-4.411519691315959
7251,58.008,47.97840924678941
7252,58.016,94.43626425901942
7253,58.024,134.06686350365163
7254,58.032,165.54422666457862
7255,58.04,189.45615092148563
7256,58.048,207.49977585388623
7257,58.056,219.0420580869735
7258,58.064,220.27404953451946
7259,58.072,208.06843224739876
7260,58.08,183.39781395539822
7261,58.088,150.41196506047575
7262,58.096,112.38055555448813
7263,58.104,70.24838651217365
7264,58.112,25.72873551284674
7265,58.12,-15.970604170872704
7266,58.128,-47.85361585314779
7267,58.136,-66.24505563147022
7268,58.144,-72.7507530718672
7269,58.152,-70.68640290888521
7270,58.16,-61.51433923707853
7271,58.168,-45.53611811940705
7272,58.176,-25.383022851707466
7273,58.184,-6.512257673615224
7274,58.192,6.677323647553834
7275,58.2,14.320199768643533
7276,58.208,20.38871134010681
7277,58.216,28.27920213014785
7278,58.224,38.445545177562195
7279,58.232,50.71706336887206
7280,58.24,67.02568285182082
7281,58.248,90.24358930559657
7282,58.256,119.54643040256516
7283,58.264,149.00846374447596
7284,58.272,171.6908081652545
7285,58.28,183.51440077687414
7286,58.288,183.04223190391102
7287,58.296,168.21588202898113
7288,58.304,135.65532864799889
7289,58.312,84.35710062539385
7290,58.32,18.607529113486294
7291,58.328,-53.80416678019526
7292,58.336,-126.81940462964471
7293,58.344,-198.40456899798767
7294,58.352,-267.5307134118089
7295,58.36,-331.0676209593632
7296,58.368,-384.97234855737594
7297,58.376,-428.5886495075034
7298,58.384,-465.6206394808561
7299,58.392,-499.9552583370054
7300,58.4,-531.7866408466675
7301,58.408,-558.2417110212372
7302,58.416,-577.6067135603193
7303,58.424,-590.9304215902878
7304,58.432,-598.8142249676459
7305,58.44,-598.4333365149544
7306,58.448,-585.1043557066479
7307,58.456,-557.1558478521032
7308,58.464,-517.0728008030516
7309,58.472,-467.8563330678894
7310,58.48,-410.3638351795648
7311,58.488,-343.9886907320359
7312,58.496,-270.0237337080641
7313,58.504,-193.07293660087265
7314,58.512,-117.87305510556575
7315,58.52,-45.75753582000712
7316,58.528,25.172562560067973
7317,58.536,96.28569216090685
7318,58.544,166.4349200899834
7319,58.552,234.51977368921635
7320,58.56,302.40750778492577
7321,58.568,373.73371166659183
7322,58.576,449.0285360183787
7323,58.584,523.8641158145109
7324,58.592,592.3515258894852
7325,58.6,650.6504890026665
7326,58.608,696.5229193212496
7327,58.616,725.7383397496201
7328,58.624,731.1814929931664
7329,58.632,706.5959723474351
7330,58.64,650.3045028787901
7331,58.648,565.3102459834917
7332,58.656,455.71857617122953
7333,58.664,324.94517732663894
7334,58.672,178.39892121467966
7335,58.68,25.83815931061548
7336,58.688,-120.45875279979724
7337,58.696,-250.8311308150158
7338,58.704,-360.8138501668328
7339,58.712,-448.60788230254747
7340,58.72,-512.1014590466365
7341,58.728,-549.3523214465683
7342,58.736,-561.813245817222
7343,58.744,-555.1530027934705
7344,58.752,-535.7862780090607
7345,58.76,-507.1898268250087
7346,58.768,-469.844199572805
7347,58.776,-424.89428118773696
7348,58.784,-375.8092670575686
7349,58.792,-325.37065627096484
7350,58.8,-273.0325462157861
7351,58.808,-216.51371081444756
7352,58.816,-155.98283380392996
7353,58.824,-95.21226270176587
7354,58.832,-38.195801404643845
7355,58.84,14.214241157853564
7356,58.848,63.81281381186841
7357,58.856,111.03678328506217
7358,58.864,153.06421541023192
7359,58.872,186.6647294715375
7360,58.88,211.54719539722768
7361,58.888,229.77001774356842
7362,58.896,241.59936949037015
7363,58.904,244.01637947578902
7364,58.912,234.0125196475432
7365,58.92,211.9909410641711
7366,58.928,181.24781018400284
7367,58.936,143.67165023294694
7368,58.944,97.94874064986575
7369,58.952,42.81237448417767
7370,58.96,-19.81732077954571
7371,58.968,-85.48713348394762
7372,58.976,-150.91328130978377
7373,58.984,-215.31574946521147
7374,58.992,-277.42859760895584
7375,59.0,-332.9723462250885
7376,59.008,-376.0460047027564
7377,59.016,-403.5059045804713
7378,59.024,-416.8002870601278
7379,59.032,-418.93075255912885
7380,59.04,-410.81574235274286
7381,59.048,-391.3278802397559
7382,59.056,-361.1200233888889
7383,59.064,-324.02830808495077
7384,59.072,-283.3659038396818
7385,59.08,-238.6936061651112
7386,59.088,-187.13375622366584
7387,59.096,-127.64855128014858
7388,59.104,-62.72137798516724
7389,59.112,4.300642834077792
7390,59.12,72.31440008881526
7391,59.128,142.2828714479113
7392,59.136,213.49279004326985
7393,59.144,281.95749747220236
7394,59.152,343.58179483887176
7395,59.16,397.41959135946985
7396,59.168,444.97206339080066
7397,59.176,486.0767615957323
7398,59.184,517.5630238197098
7399,59.192,536.8286883159094
7400,59.2,545.0215199526344
7401,59.208,546.0754829059724
7402,59.216,542.4927317077711
7403,59.224,533.4773558276073
7404,59.232,517.8395200974321
7405,59.24,497.2238822625434
7406,59.248,475.3036593215269
7407,59.256,453.53277498323024
7408,59.264,430.00796838704093
7409,59.272,403.1086116219427
7410,59.28,374.38037251055704
7411,59.288,347.53017490897537
7412,59.296,324.46307721733535
7413,59.304,303.8002772613991
7414,59.312,284.14723287499237
7415,59.32,267.04647610170235
7416,59.328,255.68415980867036
7417,59.336,250.64191014960784
7418,59.344,248.6120817584109
7419,59.352,246.04349832490806
7420,59.36,242.7280247483625
7421,59.368,241.11448296369278
7422,59.376,242.2847953469714
7423,59.384,244.49497763568257
7424,59.392,245.92775359460367
7425,59.4,247.55077580818843
7426,59.408,252.67647646417203
7427,59.416,262.57776699931395
7428,59.424,273.9775151370902
7429,59.432,282.0646984947544
7430,59.44,284.380820394142
7431,59.448,280.8092938534023
7432,59.456,269.74695689822926
7433,59.464,246.52448159212577
7434,59.472,206.86519455616258
7435,59.48,150.5622875502258
7436,59.488,81.11139120508017
7437,59.496,1.8945882932535483
7438,59.504,-85.39010362499818
7439,59.512,-178.2428397684656
7440,59.52,-271.1512936545944
7441,59.528,-356.71710493693485
7442,59.536,-429.7590465029324
7443,59.544,-489.0824847113399
7444,59.552,-534.6255899811897
7445,59.56,-564.4744873305115
7446,59.568,-575.5359537424246
7447,59.576,-567.3795168377559
7448,59.584,-543.3156668897245
7449,59.592,-506.7800076531099
7450,59.6,-458.4721640877759
7451,59.608,-397.6340415673346
7452,59.616,-326.00713517228024
7453,59.624,-249.03496430334945
7454,59.632,-172.5669535589863
7455,59.64,-99.49270407230219
7456,59.648,-30.19457013364206
7457,59.656,33.560252698078045
7458,59.664,87.43954662367447
7459,59.672,128.06592348891866
7460,59.68,156.08305837217205
7461,59.688,175.4207955056697
7462,59.696,189.3069946153095
7463,59.704,198.10618953916745
7464,59.712,201.4262103932593
7465,59.72,200.64847851520125
7466,59.728,198.29314672166726
7467,59.736,194.378929796217
7468,59.744,185.23546852266975
7469,59.752,167.00791742901097
7470,59.76,139.4600900091948
7471,59.768,105.8987044916762
7472,59.776,68.8444490554862
7473,59.784,27.859997125264172
7474,59.792,-17.288971759361168
7475,59.8,-63.56565482176623
7476,59.808,-105.69796065861003
7477,59.816,-140.24515855575544
7478,59.824,-167.26031496244548
7479,59.832,-187.431424410472
7480,59.84,-199.2279457817754
7481,59.848,-199.85645931867265
7482,59.856,-189.20119147185045
7483,59.864,-170.9743599518469
7484,59.872,-149.17414548182384
7485,59.88,-125.0316113672061
7486,59.888,-98.1184131503201
7487,59.896,-70.12942492073478
7488,59.904,-45.730239229312815
7489,59.912,-28.85058452536302
7490,59.92,-19.114299804950065
7491,59.928,-12.591211863016035
7492,59.936,-6.476180717941396
7493,59.944,-1.5302576289531515
7494,59.952,0.5542437592663987
7495,59.96,0.8160869892399418
7496,59.968,3.1350966367704736
7497,59.976,10.031056214573375
7498,59.984,20.40939078896074
7499,59.992,32.436236848059124
7500,60.0,46.70364998010995
7501,60.008,65.45676525804632
7502,60.016,88.51665371144946
7503,60.024,112.11865883302374
7504,60.032,132.5242201317576
7505,60.04,149.0984484597192
7506,60.048,163.73633578534037
7507,60.056,177.46267890094313
7508,60.064,188.94010284261824
7509,60.072,196.9357576581143
7510,60.08,203.02505996185428
7511,60.088,211.0243442210913
7512,60.096,223.15980225760876
7513,60.104,238.39569976605333
7514,60.112,255.1081237451939
7515,60.12,273.8314048241142
7516,60.128,296.6751156723649
7517,60.136,323.57866736849843
7518,60.144,350.77480540472305
7519,60.152,373.7133091885949
7520,60.16,390.36836732083236
7521,60.168,401.47881903471307
7522,60.176,407.2655329932521
7523,60.184,405.9646658934278
7524,60.192,396.83743122411425
7525,60.2,382.79781494373793
7526,60.208,368.9920286853323
7527,60.216,358.39153168139643
7528,60.224,350.1771694620566
7529,60.232,342.7612291685939
7530,60.24,336.5933291908866
7531,60.248,333.41546904432226
7532,60.256,332.819455699436
7533,60.264,331.4122666196626
7534,60.272,326.29247240495846
7535,60.28,318.1557557035628
7536,60.288,310.25617772844635
7537,60.296,303.734823760769
7538,60.304,295.69513656186393
7539,60.312,282.52760171720297
7540,60.32,263.1604718083756
7541,60.328,238.31053231707227
7542,60.336,206.57042909380425
7543,60.344,163.11962462211875
7544,60.352,103.33364647399276
7545,60.36,26.440972924143352
7546,60.368,-64.88338968356078
7547,60.376,-168.39413811672603
7548,60.384,-283.79007673926424
7549,60.392,-409.5824291396381
7550,60.4,-539.7199268410996
7551,60.408,-664.3427985733047
7552,60.416,-774.8582910409539
7553,60.424,-866.7585418310106
7554,60.432,-937.3034944276437
7555,60.44,-982.8859160945086
7556,60.448,-999.7760497803802
7557,60.456,-987.9273336073849
7558,60.464,-952.1514068076622
7559,60.472,-898.4188473830726
7560,60.48,-830.2375267254772
7561,60.488,-748.9255671452679
7562,60.496,-657.3266104216383
7563,60.504,-561.3017084716308
7564,60.512,-466.86140325355325
7565,60.52,-377.2030032611816
7566,60.528,-292.9318631444761
7567,60.536,-215.8462313342086
7568,60.544,-150.8519782441602
7569,60.552,-102.82567651994657
7570,60.56,-73.18385327111793
7571,60.568,-60.27542386344925
7572,60.576,-62.838046529460826
7573,60.584,-81.15373305499685
7574,60.592,-114.27812404521751
7575,60.6,-157.58996902751375
7576,60.608,-203.77466092255906
7577,60.616,-247.2547158007288
7578,60.624,-286.7759306502883
7579,60.632,-322.9538859918081
7580,60.64,-354.7584178966539
7581,60.648,-379.38667846009724
7582,60.656,-395.8154414653485
7583,60.664,-406.4216757129446
7584,60.672,-414.128473934566
7585,60.68,-419.320299716982
7586,60.688,-420.2034807622863
7587,60.696,-416.3564828182885
7588,60.704,-410.04979334796883
7589,60.712,-403.2335423290987
7590,60.72,-394.48714882207827
7591,60.728,-379.71343106555094
7592,60.736,-356.42802177172445
7593,60.744,-325.6062805933229
7594,60.752,-289.0581024318546
7595,60.76,-246.91890397158596
7596,60.768,-198.07138879845667
7597,60.776,-143.62537410822358
7598,60.784,-88.2483532431024
7599,60.792,-36.26116975182151
7600,60.8,12.26091778169554
7601,60.808,60.60311260190079
7602,60.816,110.74834398529552
7603,60.824,161.30610944386805
7604,60.832,210.34166850816962
7605,60.84,258.3688046354606
7606,60.848,307.53026842916563
7607,60.856,357.49350432106775
7608,60.864,403.9231539360845
7609,60.872,441.6401733916854
7610,60.88,468.22338593843693
7611,60.888,484.33087623261144
7612,60.896,490.08127496489425
7613,60.904,483.2571780313401
7614,60.912,462.63534885087023
7615,60.92,431.4526787272465
7616,60.928,396.1454087644686
7617,60.936,361.2055256714363
7618,60.944,327.3670521327985
7619,60.952,295.0449013790576
7620,60.96,267.0641348715711
7621,60.968,247.37332767838694
7622,60.976,236.8485390248208
7623,60.984,231.8182596372806
7624,60.992,227.62481711943627
7625,61.0,222.27124278907667
7626,61.008,216.15015105870606
7627,61.016,208.58135239901867
7628,61.024,196.81590929999226
7629,61.032,179.40324552109456
7630,61.04,159.18898811338875
7631,61.048,142.19047909851088
7632,61.056,132.74857891668725
7633,61.064,130.92440551929369
7634,61.072,135.00997504268713
7635,61.08,144.80802701304873
7636,61.088,161.34767952265472
7637,61.096,183.05592354198333
7638,61.104,204.59260407715692
7639,61.112,220.64158743398076
7640,61.12,229.68429932404135
7641,61.128,234.0058495565683
7642,61.136,235.613930518065
7643,61.144,233.62571518479828
7644,61.152,226.8004083208563
7645,61.16,216.66193973511463
7646,61.168,206.48844012431334
7647,61.176,197.02801821707664
7648,61.184,185.0609795619945
7649,61.192,166.5083517382189
7650,61.2,139.35675249733805
7651,61.208,103.14006544204554
7652,61.216,55.7937452786671
7653,61.224,-6.8287810336163375
7654,61.232,-87.39735377508444
7655,61.24,-183.78488991467154
7656,61.248,-289.42964964136934
7657,61.256,-397.703931362446
7658,61.264,-504.138891964463
7659,61.272,-603.8127266270719
7660,61.28,-689.299015637202
7661,61.288,-752.670886689893
7662,61.296,-790.1599716077708
7663,61.304,-803.4010016305344
7664,61.312,-795.5362661793521
7665,61.32,-767.60962000955
7666,61.328,-719.0426333933675
7667,61.336,-651.5804339904765
7668,61.344,-570.6759360355226
7669,61.352,-481.8600464190283
7670,61.36,-387.4473264234442
7671,61.368,-287.63822102028934
7672,61.376,-184.74297549384858
7673,61.384,-84.31263818308611
7674,61.392,8.591248621825144
7675,61.4,92.89347581270275
7676,61.408,170.88300984857614
7677,61.416,243.912391943962
7678,61.424,310.40263053816295
7679,61.432,368.48767746207903
7680,61.44,418.90153490537045
7681,61.448,464.41265834807706
7682,61.456,505.6536555919471
7683,61.464,539.4417016344049
7684,61.472,562.3416944746623
7685,61.48,574.2684153755343
7686,61.488,577.9274346193937
7687,61.496,574.507043246675
7688,61.504,561.8206022235374
7689,61.512,537.4460731923331
7690,61.52,502.0574018588387
7691,61.528,458.9899130889951
7692,61.536,410.13953125895085
7693,61.544,354.41594520647544
7694,61.552,291.0760741919909
7695,61.56,222.31499218585543
7696,61.568,152.0071485585131
7697,61.576,82.02537685380636
7698,61.584,11.15529835333001
7699,61.592,-61.651484816216055
7700,61.6,-134.1229053754089
7701,61.608,-201.5308848319384
7702,61.616,-261.06627314753985
7703,61.624,-313.2536636384194
7704,61.632,-358.3143376172851
7705,61.64,-393.1527919670689
7706,61.648,-412.5753376633921
7707,61.656,-413.7206134019257
7708,61.664,-398.1961873341431
7709,61.672,-369.41406831981715
7710,61.68,-329.2196436366845
7711,61.688,-277.93501488457827
7712,61.696,-217.75394748395667
7713,61.704,-153.77074627217002
7714,61.712,-90.72751710861681
7715,61.72,-30.024987615578596
7716,61.728,29.574873022418814
7717,61.736,87.72942046607619
7718,61.744,140.8179434357387
7719,61.752,185.434993367593
7720,61.76,221.82481443493023
7721,61.768,253.0970818819799
7722,61.776,280.9425738425187
7723,61.784,303.80017417437284
7724,61.792,319.7936547361224
7725,61.8,330.01972146801614
7726,61.808,338.08397786606895
7727,61.816,345.7498609826907
7728,61.824,351.21232449592657
7729,61.832,352.5648775623521
7730,61.84,350.804971072556
7731,61.848,348.50947038422976
7732,61.856,345.6044508101258
7733,61.864,338.5398325274627
7734,61.872,324.09902096495085
7735,61.88,302.5333157984502
7736,61.888,277.0580181962769
7737,61.896,250.02271365069834
7738,61.904,221.14596001679502
7739,61.912,190.2528651281218
7740,61.92,159.89476392639548
7741,61.928,134.49221054015374
7742,61.936,116.4412168580956
7743,61.944,104.62226877621913
7744,61.952,97.48523633557042
7745,61.96,95.918984785237
7746,61.968,102.36106054673326
7747,61.976,116.6623080099414
7748,61.984,134.59283190369962
7749,61.992,151.65225010426383
7750,62.0,166.87748146657725
7751,62.008,182.17190153826226
7752,62.016,198.12846733543574
7753,62.024,212.4799665712182
7754,62.032,223.09179167558597
7755,62.04,230.76724499484473
7756,62.048,238.27948486002796
7757,62.056,245.86847016487346
7758,62.064,249.2886946425258
7759,62.072,243.44900993268254
7760,62.08,226.23345268492176
7761,62.088,197.94173492880793
7762,62.096,157.34912132577927
7763,62.104,100.29231857000264
7764,62.112,23.419559655996807
7765,62.12,-71.4202000807345
7766,62.128,-177.4292560977117
7767,62.136,-287.8014080915184
7768,62.144,-398.46096513436396
7769,62.152,-505.68255275830734
7770,62.16,-603.3258504692028
7771,62.168,-683.9876376872309
7772,62.176,-743.4952186688038
7773,62.184,-782.2511992233862
7774,62.192,-801.9386406276757
7775,62.2,-802.7960548298056
7776,62.208,-784.0331791965272
7777,62.216,-747.1490992634662
7778,62.224,-697.5116624693293
7779,62.232,-641.3067012602662
7780,62.24,-581.9844724583284
7781,62.248,-520.5335534395326
7782,62.256,-459.03705664099834
7783,62.264,-401.55574450481066
7784,62.272,-350.99025658021003
7785,62.28,-306.7076722506465
7786,62.288,-265.61959842375796
7787,62.296,-226.1818721269683
7788,62.304,-190.05109326937043
7789,62.312,-159.16485558799735
7790,62.32,-132.7288134616592
7791,62.328,-107.76125083817354
7792,62.336,-83.03528434486233
7793,62.344,-60.65974640749674
7794,62.352,-42.87496210525883
7795,62.36,-29.019323948374108
7796,62.368,-16.197176495096926
7797,62.376,-2.8408490006231943
7798,62.384,9.977199220430535
7799,62.392,21.27514372613014
7800,62.4,32.8613326281462
7801,62.408,48.4635634148597
7802,62.416,69.22402320927505
7803,62.424,91.7613134651781
7804,62.432,111.6638877072895
7805,62.44,127.192516900775
7806,62.448,139.05922648522585
7807,62.456,146.97935696827665
7808,62.464,148.76058023825289
7809,62.472,143.6038750191335
7810,62.48,134.56620924205293
7811,62.488,127.30967874964102
7812,62.496,126.18329441380297
7813,62.504,132.48879883166165
7814,62.512,146.7128552592169
7815,62.52,170.64557248342004
7816,62.528,206.18971607767418
7817,62.536,251.7663122974647
7818,62.544,301.7968214835938
7819,62.552,350.3560937297293
7820,62.56,394.3588982070155
7821,62.568,433.4195367263483
7822,62.576,466.43192677956654
7823,62.584,490.1966573122556
7824,62.592,502.72688413067266
7825,62.6,506.23792948826355
7826,62.608,505.6546046487093
7827,62.616,503.8851886828711
7828,62.624,500.3026496702542
7829,62.632,493.8889510614104
7830,62.64,485.83586067611
7831,62.648,478.5459068391971
7832,62.656,471.87089665453146
7833,62.664,462.1778788780791
7834,62.672,446.11856296181855
7835,62.68,424.107827917082
7836,62.688,399.5762440427707
7837,62.696,374.5313712360032
7838,62.704,348.08579320084596
7839,62.712,320.067595952494
7840,62.72,293.76317054208727
7841,62.728,274.1882680597405
7842,62.736,263.20953478008505
7843,62.744,257.68855150197686
7844,62.752,252.86584201048993
7845,62.76,245.9849608957278
7846,62.768,236.4455905403313
7847,62.776,222.94774664443287
7848,62.784,202.8176500302672
7849,62.792,175.07173447695584
7850,62.8,142.81520691516232
7851,62.808,111.88281272841084
7852,62.816,86.03002441705036
7853,62.824,64.73177008508839
7854,62.832,46.09754836161676
7855,62.84,29.642604202505254
7856,62.848,15.546740598670908
7857,62.856,1.4023183919921962
7858,62.864,-18.429292669587312
7859,62.872,-48.87426399020569
7860,62.88,-90.01526260213075
7861,62.888,-137.252939695927
7862,62.896,-185.87177876117153
7863,62.904,-233.40338592700402
7864,62.912,-277.2250764467801
7865,62.92,-312.10799560552186
7866,62.928,-331.3555687286794
7867,62.936,-331.7572496671395
7868,62.944,-316.0989641389714
7869,62.952,-289.99663880091646
7870,62.96,-258.34151148841056
7871,62.968,-225.5052158404127
7872,62.976,-198.67439399816737
7873,62.984,-188.54327620455115
7874,62.992,-204.86063633280605
7875,63.0,-251.39113544050474
7876,63.008,-325.0584143649828
7877,63.016,-420.09626636679457
7878,63.024,-530.8675970782349
7879,63.032,-649.948145832391
7880,63.04,-766.202832434295
7881,63.048,-866.9168286646313
7882,63.056,-943.0797384141048
7883,63.064,-991.3871732765646
7884,63.072,-1011.3498918352296
7885,63.08,-1002.5464307574854
7886,63.088,-965.0527942555877
7887,63.096,-902.8054655227622
7888,63.104,-824.228651666854
7889,63.112,-738.1436503270959
7890,63.12,-650.2905873964505
7891,63.128,-563.5581368255988
7892,63.136,-481.4746284294132
7893,63.144,-409.779088880906
7894,63.152,-353.2420339414275
7895,63.16,-312.20596406750894
7896,63.168,-283.03464023501283
7897,63.176,-262.17783336195345
7898,63.184,-248.05125134453868
7899,63.192,-238.45946593701848
7900,63.2,-228.24838317604667
7901,63.208,-210.86034777442933
7902,63.216,-182.89927502121887
7903,63.224,-145.7873312399092
7904,63.232,-103.06334572610592
7905,63.24,-57.65126439238412
7906,63.248,-11.727731545567408
7907,63.256,30.528410284671963
7908,63.264,62.397929030753076
7909,63.272,78.62427372825186
7910,63.28,78.79497998236434
7911,63.288,66.39213277165513
7912,63.296,44.6407797594503
7913,63.304,15.069727000731689
7914,63.312,-19.69206251378705
7915,63.32,-53.64489249035739
7916,63.328,-78.9197418778665
7917,63.336,-90.7721173196986
7918,63.344,-89.8524787753383
7919,63.352,-79.21827009499057
7920,63.36,-61.028398788667374
7921,63.368,-36.32986730729107
7922,63.376,-7.880133603953567
7923,63.384,19.070030961470096
7924,63.392,40.207387263743286
7925,63.4,55.48823870249431
7926,63.408,68.6448991702946
7927,63.416,82.53090074929801
7928,63.424,96.57309249263385
7929,63.432,109.35833704432737
7930,63.44,121.44210254000822
7931,63.448,134.68272462639675
7932,63.456,148.2479209563083
7933,63.464,157.24513037831568
7934,63.472,156.7397403367122
7935,63.48,145.67301129369895
7936,63.488,126.41696679228139
7937,63.496,100.67415395699425
7938,63.504,67.50038628769711
7939,63.512,25.936393017248307
7940,63.52,-21.74403882311188
7941,63.528,-70.21202824216874
7942,63.536,-115.39188816304181
7943,63.544,-156.7745698731065
7944,63.552,-194.49888966892797
7945,63.56,-226.08528486945525
7946,63.568,-247.31299869370324
7947,63.576,-256.7475463596229
7948,63.584,-257.10842571811406
7949,63.592,-251.49765784664115
7950,63.6,-240.10846005137716
7951,63.608,-220.8857477097087
7952,63.616,-193.55852477553796
7953,63.624,-161.06394019073647
7954,63.632,-126.30918249563348
7955,63.64,-89.45882904664887
7956,63.648,-48.576972018874386
7957,63.656,-3.142872828879149
7958,63.664,44.480702827179755
7959,63.672,92.19798839456382
7960,63.68,141.0499200551447
7961,63.688,193.85068594673004
7962,63.696,250.96926937205086
7963,63.704,308.9052133508707
7964,63.712,363.3018084402895
7965,63.72,412.36373438908794
7966,63.728,456.78458797921115
7967,63.736,495.53330557453836
7968,63.744,523.7366852955638
7969,63.752,535.8084520836326
7970,63.76,528.9702158524575
7971,63.768,503.01566797536736
7972,63.776,456.7273829414727
7973,63.784,387.1189215207555
7974,63.792,293.3814195961526
7975,63.8,180.0214521073674
7976,63.808,55.67524755419788
7977,63.816,-71.64714609339325
7978,63.824,-196.91113277617598
7979,63.832,-315.3829967154999
7980,63.84,-419.90743179189656
7981,63.848,-502.22681945655137
7982,63.856,-557.5622420255252
7983,63.864,-586.3715332972693
7984,63.872,-591.2242929940301
7985,63.88,-573.2855222631784
7986,63.888,-532.2932335716401
7987,63.896,-470.5021965609161
7988,63.904,-394.2190280446059
7989,63.912,-309.9191095815057
7990,63.92,-220.56982828737512
7991,63.928,-126.3915216674502
7992,63.936,-29.0968652811859
7993,63.944,66.70409566068645
7994,63.952,156.95785559833797
7995,63.96,241.09509508739916
7996,63.968,320.7233285730183
7997,63.976,395.08823032950045
7998,63.984,459.62890849924355
7999,63.992,509.7974791783281
8000,64.0,544.8562927051673
8001,64.008,567.4573248431354
8002,64.016,579.3754620614703
8003,64.024,579.6858994946481
8004,64.032,567.6263445302033
8005,64.04,545.3488084306564
8006,64.048,517.2177465765834
8007,64.056,485.7583916474234
8008,64.064,449.98520323655174
8009,64.072,408.64345541075807
8010,64.08,363.3449992332061
8011,64.088,317.75324780350127
8012,64.096,273.6780397785757
8013,64.104,229.95502607260312
8014,64.112,185.46403825418747
8015,64.12,142.05332458340135
8016,64.128,104.4220082656914
8017,64.136,75.92765099937142
8018,64.144,56.210506004925804
8019,64.152,44.119519646066095
8020,64.16,41.00573406342477
8021,64.168,50.24457654843684
8022,64.176,72.78500631999813
8023,64.184,105.15068307372306
8024,64.192,142.97823514323827
8025,64.2,184.39448011868484
8026,64.208,229.47436064759415
8027,64.216,276.83317242978944
8028,64.224,322.48848078705527
8029,64.232,362.6307614170544
8030,64.24,396.2990460457553
8031,64.248,424.94925153096324
8032,64.256,448.7550388505946
8033,64.264,465.05133041364775
8034,64.272,471.3911596484849
8035,64.28,468.6635921173372
8036,64.288,460.4852795073482
8037,64.296,448.95001664967197
8038,64.304,432.8139487036248
8039,64.312,410.4709604642905
8040,64.32,382.7379734791444
8041,64.328,352.0138786966929
8042,64.336,318.53980904191866
8043,64.344,279.57945031280826
8044,64.352,232.93021261807417
8045,64.36,179.92826101411669
8046,64.368,124.95747627084029
8047,64.376,71.20005578302593
8048,64.384,18.51349545379766
8049,64.392,-33.55227895436487
8050,64.4,-82.64767053017255
8051,64.408,-124.3938025286001
8052,64.416,-156.73418939091823
8053,64.424,-181.7199843404825
8054,64.432,-202.3862850168051
8055,64.44,-219.57488402130036
8056,64.448,-231.98369175271
8057,64.456,-239.51628885329094
8058,64.464,-244.39747712964063
8059,64.472,-247.68504169488048
8060,64.48,-246.66142090934838
8061,64.488,-236.7789702795654
8062,64.496,-216.69483844757676
8063,64.504,-189.79505109541174
8064,64.512,-160.44050816690128
8065,64.52,-130.660423328489
8066,64.528,-100.79572901396472
8067,64.536,-73.24758349887843
8068,64.544,-53.62906430273192
8069,64.552,-47.38800962355144
8070,64.56,-56.587247335639866
8071,64.568,-79.88440775559845
8072,64.576,-115.68802740163817
8073,64.584,-163.81837599949267
8074,64.592,-223.00587396570782
8075,64.6,-287.95436664859426
8076,64.608,-350.42659985420266
8077,64.616,-404.2927086413356
8078,64.624,-447.3508161572569
8079,64.632,-478.24897239010744
8080,64.64,-494.1372945307523
8081,64.648,-491.5223488794985
8082,64.656,-469.97323480540257
8083,64.664,-433.5761613102297
8084,64.672,-387.60325798290876
8085,64.68,-334.83828223479804
8086,64.688,-275.54687369500226
8087,64.696,-211.62710509057507
8088,64.704,-148.6202090433643
8089,64.712,-92.15889358349844
8090,64.72,-44.0581470590723
8091,64.728,-2.7306382301909053
8092,64.736,32.48588105177086
8093,64.744,59.796255674969814
8094,64.752,78.10932559120506
8095,64.76,89.69910782544383
8096,64.768,99.44998224249056
8097,64.776,110.52710610722961
8098,64.784,122.10117671423548
8099,64.792,132.56792988372177
8100,64.8,143.20271258343516
8101,64.808,157.344654482532
8102,64.816,175.6349935576275
8103,64.824,194.47381216434258
8104,64.832,209.9302753411196
8105,64.84,221.24117425163857
8106,64.848,230.2665726112098
8107,64.856,237.47459180268712
8108,64.864,240.08084754863867
8109,64.872,234.7547709634418
8110,64.88,220.8658587542167
8111,64.888,200.87507240167665
8112,64.896,176.9815068962503
8113,64.904,149.22872861240685
8114,64.912,118.13652867395308
8115,64.92,87.48921400926517
8116,64.928,63.30006654692531
8117,64.936,49.17364546060095
8118,64.944,44.287304443871605
8119,64.952,46.341191036608755
8120,64.96,54.82075303004789
8121,64.968,70.90071645901983
8122,64.976,93.8413512944684
8123,64.984,119.79909463622847
8124,64.992,144.8601213353987
8125,65.0,167.7067371268362
8126,65.008,189.46795275773403
8127,65.016,210.02558074575717
8128,65.024,226.0362211894416
8129,65.032,234.1696488882221
8130,65.04,234.61578906471107
8131,65.048,230.5666126647327
8132,65.056,224.04416884150402
8133,65.064,214.0887812087282
8134,65.072,199.67117283195134
8135,65.08,182.8176102923501
8136,65.088,168.12676919720198
8137,65.096,158.32212583154742
8138,65.104,152.18645218049795
8139,65.112,147.68118664205036
8140,65.12,145.42553413381427
8141,65.128,148.54425885250254
8142,65.136,158.19210925593484
8143,65.144,171.30529715153858
8144,65.152,183.92850138328822
8145,65.16,194.74181103462647
8146,65.168,204.75562563761073
8147,65.176,213.6063660418965
8148,65.184,218.4598061649692
8149,65.192,217.10289826200443
8150,65.2,210.44904724492932
8151,65.208,201.996986241696
8152,65.216,193.7827921500345
8153,65.224,184.2481194854434
8154,65.232,171.27248948410147
8155,65.24,155.38904625261893
8156,65.248,139.14941741506732
8157,65.256,122.98904673227298
8158,65.264,103.82029017959195
8159,65.272,78.80931760302815
8160,65.28,49.06881759583143
8161,65.288,19.116044754136908
8162,65.296,-7.807239238371267
8163,65.304,-32.08605578722745
8164,65.312,-55.085516292237685
8165,65.32,-76.28257595316614
8166,65.328,-93.71627610427691
8167,65.336,-107.99623028775267
8168,65.344,-123.87539192034302
8169,65.352,-146.88904049909172
8170,65.36,-180.16067549033835
8171,65.368,-224.39990501412115
8172,65.376,-280.8100037197081
8173,65.384,-351.9886534138449
8174,65.392,-438.74349751735537
8175,65.4,-537.1056808698404
8176,65.408,-639.2527650086338
8177,65.416,-738.6115228397523
8178,65.424,-832.4972404030639
8179,65.432,-919.3490257693659
8180,65.44,-995.6702518819366
8181,65.448,-1056.354491823613
8182,65.456,-1098.5832889070891
8183,65.464,-1123.4893239583903
8184,65.472,-1132.743943560591
8185,65.48,-1124.9194837906873
8186,65.488,-1096.0682531998295
8187,65.496,-1044.5964863140277
8188,65.504,-973.1337909276301
8189,65.512,-884.9311622796278
8190,65.52,-780.8801157733462
8191,65.528,-660.393450900737
8192,65.536,-525.464295157831
8193,65.544,-382.2000593483642
8194,65.552,-237.52095207683624
8195,65.56,-95.87799926625229
8196,65.568,40.35571878548839
8197,65.576,167.05654765976476
8198,65.584,277.58226009153447
8199,65.592,366.955537840818
8200,65.6,434.94850233086373
8201,65.608,485.01613895108954
8202,65.616,520.001227189312
8203,65.624,540.2379113748384
8204,65.632,546.167168168605
8205,65.64,540.8263328490563
8206,65.648,529.0205145615045
8207,65.656,513.1158620839246
8208,65.664,491.33380438496795
8209,65.672,461.38594831413855
8210,65.68,424.03367682683694
8211,65.688,382.38571717955057
8212,65.696,337.85625686850636
8213,65.704,288.95234498194606
8214,65.712,234.37057918509765
8215,65.72,175.7926639404754
8216,65.728,117.51273348068992
8217,65.736,62.48865343756188
8218,65.744,10.532314986148421
8219,65.752,-38.641962471525254
8220,65.76,-82.51636421734032
8221,65.768,-116.65518201630863
8222,65.776,-138.96018918537098
8223,65.784,-151.22481075560222
8224,65.792,-155.97430365253857
8225,65.8,-153.2323766929617
8226,65.808,-140.61009064544828
8227,65.816,-117.574211089487
8228,65.824,-87.65923827381718
8229,65.832,-55.196213755822086
8230,65.84,-21.590544050246223
8231,65.848,14.576771843594791
8232,65.856,53.105533294146085
8233,65.864,90.12994867086574
8234,65.872,121.72111308590397
8235,65.88,147.4986397175538
8236,65.888,170.17925837215353
8237,65.896,191.23964978335636
8238,65.904,208.82014965302184
8239,65.912,220.47865516449528
8240,65.92,226.06535189003017
8241,65.928,227.47299123513181
8242,65.936,225.12959370044285
8243,65.944,216.67792292570897
8244,65.952,200.32118674824545
8245,65.96,178.08829367282547
8246,65.968,154.83482820142046
8247,65.976,133.1769024026338
8248,65.984,111.88524069648682
8249,65.992,89.68772495216211
8250,66.0,68.13714542403766
8251,66.008,50.81078817318917
8252,66.016,39.35361995432511
8253,66.024,31.774284929147818
8254,66.032,25.6105587696143
8255,66.04,21.331030581962143
8256,66.048,22.028715917678667
8257,66.056,29.005371421766554
8258,66.064,39.845296210077365
8259,66.072,51.726707490102214
8260,66.08,64.36532781395242
8261,66.088,79.17875408838812
8262,66.096,95.13327122700701
8263,66.104,107.25662820901809
8264,66.112,110.35269163285939
8265,66.12,102.68861252701036
8266,66.128,85.49276911707724
8267,66.136,58.49974877073477
8268,66.144,18.482602780837922
8269,66.152,-36.85142633046866
8270,66.16,-105.377865440977
8271,66.168,-180.93131808474692
8272,66.176,-257.2499374308161
8273,66.184,-329.96336157560944
8274,66.192,-394.6093059970759
8275,66.2,-445.0361889545286
8276,66.208,-474.64660685571164
8277,66.216,-480.6460733710194
8278,66.224,-465.8472162217282
8279,66.232,-435.2427042953497
8280,66.24,-392.4907343211895
8281,66.248,-340.0073389457221
8282,66.256,-282.11766819535814
8283,66.264,-225.70781758512402
8284,66.272,-176.55847056371016
8285,66.28,-136.1215153775964
8286,66.288,-102.29894116798098
8287,66.296,-74.11213922378647
8288,66.304,-53.62872737474531
8289,66.312,-42.60323182945686
8290,66.32,-39.40715341813217
8291,66.328,-39.93024342926296
8292,66.336,-41.899575721961384
8293,66.344,-46.593680058249504
8294,66.352,-55.901725148650996
8295,66.36,-69.36197368811509
8296,66.368,-84.51035974305242
8297,66.376,-100.85513317225983
8298,66.384,-121.30879601398061
8299,66.392,-148.76354830490584
8300,66.4,-182.99234867889658
8301,66.408,-220.89577716071292
8302,66.416,-260.0794863962103
8303,66.424,-300.21901258506534
8304,66.432,-340.0963348653403
8305,66.44,-375.19221130811434
8306,66.448,-398.99050945087515
8307,66.456,-407.88569163506406
8308,66.464,-403.23920449909593
8309,66.472,-388.10795258488264
8310,66.48,-363.8977671811115
8311,66.488,-330.0341032793803
8312,66.496,-287.28158855301666
8313,66.504,-239.51339914670575
8314,66.512,-190.56320414347834
8315,66.52,-140.662076066177
8316,66.528,-86.94589971857044
8317,66.536,-28.312106654230888
8318,66.544,32.569528536495795
8319,66.552,92.83649833753077
8320,66.56,152.4434097956177
8321,66.568,213.09496096688866
8322,66.576,274.1348424355495
8323,66.584,331.34145240294936
8324,66.592,380.3672533964064
8325,66.6,419.74556619463266
8326,66.608,450.4665226994963
8327,66.616,472.336808971595
8328,66.624,482.70469687589707
8329,66.632,479.69582789320214
8330,66.64,465.2036628001774
8331,66.648,444.30711856000147
8332,66.656,421.0164107322297
8333,66.664,396.2445845577841
8334,66.672,370.383817177583
8335,66.68,345.8614096226698
8336,66.688,326.5227197877893
8337,66.696,313.6707587717486
8338,66.704,304.9339297662335
8339,66.712,298.1334866375546
8340,66.72,294.19134887149823
8341,66.728,295.87435662563837
8342,66.736,303.5018485177996
8343,66.744,313.75927378465354
8344,66.752,323.4049259573465
8345,66.76,332.70579493957257
8346,66.768,345.03838218203947
8347,66.776,362.3154083393305
8348,66.784,382.9143433131301
8349,66.792,404.9638177040035
8350,66.8,429.34253361325295
8351,66.808,459.1806704866082
8352,66.816,496.0784671833335
8353,66.824,538.1351992301716
8354,66.832,582.3568316908645
8355,66.84,627.6333322974217
8356,66.848,674.5542074601844
8357,66.856,721.1468791793767
8358,66.864,761.1302459641248
8359,66.872,787.4766086448013
8360,66.88,795.7859232649072
8361,66.888,784.1801973711804
8362,66.896,749.6077310452989
8363,66.904,686.4883972824982
8364,66.912,590.7120583348006
8365,66.92,463.4721300856362
8366,66.928,310.82726047417907
8367,66.936,139.41921507397052
8368,66.944,-45.69414455748324
8369,66.952,-238.74313737430552
8370,66.96,-430.80343874416735
8371,66.968,-610.7516409403725
8372,66.976,-770.3399159422602
8373,66.984,-906.9130042235689
8374,66.992,-1020.3858752577722
8375,67.0,-1109.661502266579
8376,67.008,-1172.5249502710783
8377,67.016,-1209.258054349738
8378,67.024,-1224.0808547000777
8379,67.032,-1221.703323497682
8380,67.04,-1203.7615369612686
8381,67.048,-1169.0789548373766
8382,67.056,-1118.0998306741521
8383,67.064,-1054.9312948093445
8384,67.072,-984.0397302978479
8385,67.08,-906.9216311155662
8386,67.088,-822.5617390989967
8387,67.096,-731.5765942852004
8388,67.104,-637.907271138007
8389,67.112,-545.531325807412
8390,67.12,-455.2272238668138
8391,67.128,-365.1837620956229
8392,67.136,-275.2920888272965
8393,67.144,-188.5661330221348
8394,67.152,-107.76527336681102
8395,67.16,-32.68816627472415
8396,67.168,38.984716771664694
8397,67.176,107.45231060370327
8398,67.184,169.31518359676562
8399,67.192,221.38701276265175
8400,67.2,263.79175539197445
8401,67.208,298.8498083325195
8402,67.216,326.8963869993456
8403,67.224,345.010821834694
8404,67.232,350.48741301456306
8405,67.24,344.047676637015
8406,67.248,329.31683783418805
8407,67.256,308.5973187646431
8408,67.264,281.5352367243364
8409,67.272,248.91230504075742
8410,67.28,215.23406337595412
8411,67.288,186.99530423546798
8412,67.296,168.07122089514166
8413,67.304,157.94776413522607
8414,67.312,154.77922779637527
8415,67.32,158.60602360874344
8416,67.328,171.15378274302668
8417,67.336,192.07119391028544
8418,67.344,217.4667416814283
8419,67.352,243.23241411505444
8420,67.36,268.49961854393945
8421,67.368,295.25390202892595
8422,67.376,323.6756230421206
8423,67.384,350.23447560336575
8424,67.392,371.58239511326315
8425,67.4,387.97337292330855
8426,67.408,401.9795407044158
8427,67.416,413.90633806707297
8428,67.424,420.74033859616264
8429,67.432,419.70422503720533
8430,67.44,410.9628061052446
8431,67.448,397.23126297404013
8432,67.456,380.07816760529187
8433,67.464,358.1282223581437
8434,67.472,330.318463460951
8435,67.48,299.4563705641546
8436,67.488,271.6557410179329
8437,67.496,251.3949463044358
8438,67.504,239.1123226911426
8439,67.512,234.3919607298325
8440,67.52,238.99827516242343
8441,67.528,255.92337438875745
8442,67.536,285.37100971785577
8443,67.544,323.5598347101838
8444,67.552,365.9645051410889
8445,67.56,410.6103193720341
8446,67.568,458.2968303718343
8447,67.576,508.8626144561968
8448,67.584,559.225881499272
8449,67.592,606.0947795465283
8450,67.6,648.9686925194443
8451,67.608,689.9258447736244
8452,67.616,729.4455462729145
8453,67.624,764.58756100832
8454,67.632,792.3131330699624
8455,67.64,812.599350379147
8456,67.648,828.0257938736562
8457,67.656,839.5143285851952
8458,67.664,844.0590982047466
8459,67.672,837.5723613738222
8460,67.68,818.0352681661092
8461,67.688,785.5663893386468
8462,67.696,739.4406345181966
8463,67.704,677.3682656065016
8464,67.712,598.9143146404498
8465,67.72,508.3649593814149
8466,67.728,413.87775270261704
8467,67.736,322.49115183154277
8468,67.744,237.06672820077893
8469,67.752,158.43939245126847
8470,67.76,88.03357710305391
8471,67.768,27.38823973022022
8472,67.776,-25.553151287067067
8473,67.784,-77.66684256351664
8474,67.792,-136.83609544055884
8475,67.8,-208.0898770302045
8476,67.808,-293.19563352996556
8477,67.816,-393.62809210868556
8478,67.824,-511.4555264703601
8479,67.832,-645.9454650929154
8480,67.84,-790.6757691312405
8481,67.848,-934.8059366173492
8482,67.856,-1068.3405658966312
8483,67.864,-1184.9288884506173
8484,67.872,-1279.6943775210668
8485,67.88,-1347.1500642400263
8486,67.888,-1382.4487900093593
8487,67.896,-1385.3834384900952
8488,67.904,-1361.1232850922677
8489,67.912,-1316.2486769282443
8490,67.92,-1255.4024849633079
8491,67.928,-1181.0732551247763
8492,67.936,-1096.5146729489636
8493,67.944,-1007.0473213527532
8494,67.952,-917.4524268221214
8495,67.96,-829.558989060666
8496,67.968,-743.0780230291448
8497,67.976,-659.747704374392
8498,67.984,-584.7023695115548
8499,67.992,-522.5907638769464
8500,68.0,-474.1353117433332
8501,68.008,-436.9005781584007
8502,68.016,-409.4190479003288
8503,68.024,-392.57918511830104
8504,68.032,-386.5331149767664
8505,68.04,-388.05861039110835
8506,68.048,-391.6272212953245
8507,68.056,-394.01103018802354
8508,68.064,-395.9203145043052
8509,68.072,-398.5783520880325
8510,68.08,-400.85574265755184
8511,68.088,-399.74136677199215
8512,68.096,-393.9364175188626
8513,68.104,-385.5272245562502
8514,68.112,-377.11351616908024
8515,68.12,-368.6002457770765
8516,68.128,-357.3987332257244
8517,68.136,-342.3833335901138
8518,68.144,-325.32724103634797
8519,68.152,-307.4917384685834
8520,68.16,-286.81161905566756
8521,68.168,-258.78755306515956
8522,68.176,-220.86484776523855
8523,68.184,-174.6918020469358
8524,68.192,-123.19518722563515
8525,68.2,-67.05348516487976
8526,68.208,-4.915986121026492
8527,68.216,62.49624750373823
8528,68.224,130.93933652702424
8529,68.232,196.22007912366786
8530,68.24,257.38065667663807
8531,68.248,315.89852194994506
8532,68.256,371.4084460317908
8533,68.264,420.2228988001226
8534,68.272,458.73821375213856
8535,68.28,486.71990576348657
8536,68.288,507.03787081794314
8537,68.296,521.480016837347
8538,68.304,528.969170536823
8539,68.312,529.0648089282549
8540,68.32,524.9777902072335
8541,68.328,522.2900239371924
8542,68.336,524.2469721020456
8543,68.344,529.9327720785325
8544,68.352,537.4066001966615
8545,68.36,546.7294067678976
8546,68.368,559.6299494913409
8547,68.376,575.8736582236329
8548,68.384,592.0502819102159
8549,68.392,604.9545532494395
8550,68.4,614.5396837731289
8551,68.408,623.173882181316
8552,68.416,631.3918741986743
8553,68.424,636.1118628640103
8554,68.432,633.736686136891
8555,68.44,623.2531709815071
8556,68.448,606.1267228067707
8557,68.456,582.7621711421548
8558,68.464,550.9663775085661
8559,68.472,509.16127513870856
8560,68.48,459.4352634406732
8561,68.488,406.7437616060623
8562,68.496,354.79281779224374
8563,68.504,304.4893540249328
8564,68.512,256.80191247723087
8565,68.52,215.04601208022063
8566,68.528,183.7262500711151
8567,68.536,164.51343995691295
8568,68.544,154.8020342789215
8569,68.552,150.93090615366538
8570,68.56,151.44230915094502
8571,68.568,156.87541283806786
8572,68.576,166.03283618234082
8573,68.584,174.65452800309902
8574,68.592,178.98752383561614
8575,68.6,178.95055876601293
8576,68.608,176.95973144572588
8577,68.616,173.29159992609559
8578,68.624,164.43669102287612
8579,68.632,146.16517886807247
8580,68.64,116.49534081258486
8581,68.648,75.51874777711197
8582,68.656,21.869385915042642
8583,68.664,-48.223798742717804
8584,68.672,-136.96555583770652
8585,68.68,-241.40907945937715
8586,68.688,-353.9641895471068
8587,68.696,-467.0408611940694
8588,68.704,-575.49572423821
8589,68.712,-674.2879183359291
8590,68.72,-756.3870123630899
8591,68.728,-814.1494874409694
8592,68.736,-843.912268415982
8593,68.744,-847.7784463441772
8594,68.752,-830.421878896781
8595,68.76,-795.6651504746648
8596,68.768,-745.8174579052262
8597,68.776,-684.6670247139148
8598,68.784,-618.8003274335373
8599,68.792,-554.1459996943252
8600,68.8,-492.67419452525417
8601,68.808,-433.1452752811615
8602,68.816,-375.6044551194401
8603,68.824,-323.0417355334097
8604,68.832,-277.9842631719306
8605,68.84,-239.55971042372317
8606,68.848,-204.1131147640694
8607,68.856,-169.26088831798967
8608,68.864,-136.0261112354006
8609,68.872,-106.22399970747588
8610,68.88,-79.53838148753701
8611,68.888,-53.95807878900142
8612,68.896,-29.471491513489752
8613,68.904,-9.228427205875334
8614,68.912,3.7407420879230955
8615,68.92,9.471157211855655
8616,68.928,10.574941456181989
8617,68.936,8.311372389223209
8618,68.944,1.0803533782651442
8619,68.952,-12.391365933277172
8620,68.96,-30.091928396721983
8621,68.968,-47.20160105938359
8622,68.976,-60.12599469380936
8623,68.984,-68.56020149316697
8624,68.992,-73.0822195526521
8625,69.0,-72.27456702472293
8626,69.008,-62.662319393914984
8627,69.016,-42.849032786149436
8628,69.024,-15.867514190721863
8629,69.032,14.050628791769412
8630,69.04,45.07527261483045
8631,69.048,77.7347520629028
8632,69.056,111.28665905589503
8633,69.064,142.1805634420383
8634,69.072,167.44642052728528
8635,69.08,188.08081024460478
8636,69.088,208.0439957171995
8637,69.096,229.20104833066014
8638,69.104,249.08595920546523
8639,69.112,264.2696038726663
8640,69.12,274.30054556960937
8641,69.128,281.7940364201772
8642,69.136,288.1437123656425
8643,69.144,291.51807379624955
8644,69.152,289.77607042017695
8645,69.16,283.10476717245797
8646,69.168,273.39498557243263
8647,69.176,260.6756712404019
8648,69.184,242.0283156981232
8649,69.192,214.89095682002397
8650,69.2,180.00950132463697
8651,69.208,140.99434361690788
8652,69.216,100.38276991062753
8653,69.224,57.95787755950022
8654,69.232,13.646719107649716
8655,69.24,-29.97946055493955
8656,69.248,-68.62621692776612
8657,69.256,-100.3317227291473
8658,69.264,-126.92737948781581
8659,69.272,-150.7264358533383
8660,69.28,-171.5392947781341
8661,69.288,-187.24431144376797
8662,69.296,-197.5458808636109
8663,69.304,-205.20968250197294
8664,69.312,-212.81755089894253
8665,69.32,-219.88263216665496
8666,69.328,-223.37259421975486
8667,69.336,-221.56883284596006
8668,69.344,-215.68710674517732
8669,69.352,-207.1929278879657
8670,69.36,-195.22402585258428
8671,69.368,-176.98049396955437
8672,69.376,-151.6426226522607
8673,69.384,-122.01570369678146
8674,69.392,-90.9122424353888
8675,69.4,-57.662122686431275
8676,69.408,-19.06709589367358
8677,69.416,25.51037174049165
8678,69.424,72.31006673747123
8679,69.432,117.27766950372421
8680,69.44,159.51383631820983
8681,69.448,200.4306998652528
8682,69.456,239.81406353320912
8683,69.464,274.2112663401899
8684,69.472,299.6661073140742
8685,69.48,314.66585698666586
8686,69.488,319.4838701975931
8687,69.496,311.7468603595968
8688,69.504,285.33818915008914
8689,69.512,234.96232571889612
8690,69.52,160.43826121160618
8691,69.528,66.94917971650608
8692,69.536,-39.188521254954054
8693,69.544,-153.16665617712832
8694,69.552,-269.47679046689814
8695,69.56,-379.71072348669827
8696,69.568,-473.9649738716595
8697,69.576,-545.5678739337884
8698,69.584,-593.141828967188
8699,69.592,-617.8403250405564
8700,69.6,-620.4542634383555
8701,69.608,-601.2331895200525
8702,69.616,-562.7136179465357
8703,69.624,-510.5769885058968
8704,69.632,-450.35146260008423
8705,69.64,-384.3472717324199
8706,69.648,-312.3039814150036
8707,69.656,-235.84535465245938
8708,69.664,-160.02445385493678
8709,69.672,-89.84458328181711
8710,69.68,-27.291498962248625
8711,69.688,28.38905028896727
8712,69.696,76.95220676833469
8713,69.704,115.41912135972115
8714,69.712,141.315735092495
8715,69.72,155.84972675817824
8716,69.728,163.24035922953044
8717,69.736,166.50195709098114
8718,69.744,165.70017811438106
8719,69.752,160.7546072073735
8720,69.76,154.04390001074717
8721,69.768,149.76789530180167
8722,69.776,149.84673211585175
8723,69.784,152.41863180638575
8724,69.792,155.36171753697886
8725,69.8,159.13548230536952
8726,69.808,165.68170847577113
8727,69.816,174.41041462574253
8728,69.824,181.2750613739139
8729,69.832,182.51601472032115
8730,69.84,177.7945900907082
8731,69.848,169.5872265149576
8732,69.856,159.12519586700665
8733,69.864,145.0441874473746
8734,69.872,126.84981656153877
8735,69.88,107.84008309221997
8736,69.888,94.0802170429169
8737,69.896,89.39949975394615
8738,69.904,93.02179902769694
8739,69.912,102.94360264096815
8740,69.92,119.45997779834113
8741,69.928,144.8190840573971
8742,69.936,179.11949356344974
8743,69.944,218.6046622383725
8744,69.952,259.0154612082516
8745,69.96,298.8952961262099
8746,69.968,339.0439621489455
8747,69.976,378.43794582125594
8748,69.984,412.8970196907057
8749,69.992,438.5127839485437
8750,70.0,454.91116856843627
8751,70.008,464.8960589500529
8752,70.016,470.26115002653626
8753,70.024,470.28984340497027
8754,70.032,464.7992398404267
8755,70.04,456.3494881279948
8756,70.048,449.34821910528564
8757,70.056,445.8891414932923
8758,70.064,443.90348030009164
8759,70.072,440.42417960343295
8760,70.08,434.7832467060581
8761,70.088,428.2471748154738
8762,70.096,420.30736573880534
8763,70.104,407.8674442249483
8764,70.112,389.11894901702794
8765,70.12,366.15077612854606
8766,70.128,343.6511450931532
8767,70.136,324.48418385988816
8768,70.144,307.7877204375542
8769,70.152,292.0350139537678
8770,70.16,278.13060642960835
8771,70.168,268.86549832710847
8772,70.176,264.84109817240846
8773,70.184,262.9889215879105
8774,70.192,259.8829428895997
8775,70.2,255.09165047041375
8776,70.208,251.15409897873647
8777,70.216,249.30383605704364
8778,70.224,247.32980064598388
8779,70.232,242.8309253708951
8780,70.24,236.2128314929377
8781,70.248,230.02910528835395
8782,70.256,225.1913317219485
8783,70.264,219.31292694076157
8784,70.272,209.5258776977129
8785,70.28,195.58031307394245
8786,70.288,179.53347137893064
8787,70.296,161.5864116740352
8788,70.304,138.48309673524454
8789,70.312,107.07380490947025
8790,70.32,67.7286894754659
8791,70.328,23.72291331019943
8792,70.336,-23.196347124562635
8793,70.344,-74.12197675868435
8794,70.352,-129.33652747595931
8795,70.36,-185.79063950143308
8796,70.368,-238.58229448185477
8797,70.376,-285.9676670117136
8798,70.384,-331.66435854285373
8799,70.392,-381.3888344791021
8800,70.4,-438.70805818693526
8801,70.408,-504.37811690213783
8802,70.416,-579.4479916916152
8803,70.424,-665.8608215355694
8804,70.432,-762.8702012805019
8805,70.44,-864.7306550620671
8806,70.448,-961.9092432182463
8807,70.456,-1045.8034249756397
8808,70.464,-1111.6447013575196
8809,70.472,-1156.45973315235
8810,70.48,-1176.5948637195618
8811,70.488,-1168.540244287869
8812,70.496,-1133.0003590552938
8813,70.504,-1075.8921861650283
8814,70.512,-1004.1845734970075
8815,70.52,-922.1554417767884
8816,70.528,-831.5325574823003
8817,70.536,-735.0321105122591
8818,70.544,-637.1437754245367
8819,70.552,-541.105611965459
8820,70.56,-447.2941679661167
8821,70.568,-354.2888798134162
8822,70.576,-262.3957762339705
8823,70.584,-175.2619410061355
8824,70.592,-97.25784042660763
8825,70.6,-30.59938092839451
8826,70.608,24.85730306430753
8827,70.616,68.4294013901856
8828,70.624,97.2861833363965
8829,70.632,109.67010740627163
8830,70.64,107.98119681055209
8831,70.648,98.08628956005003
8832,70.656,84.71983046900192
8833,70.664,69.18644190711368
8834,70.672,51.88152867179153
8835,70.68,34.93925311129337
8836,70.688,21.648091461690797
8837,70.696,12.397837147229438
8838,70.704,3.602080585383362
8839,70.712,-8.412247407914691
8840,70.72,-24.04973832979377
8841,70.728,-40.446299917052755
8842,70.736,-55.432547034263365
8843,70.744,-69.7364519484239
8844,70.752,-84.0184234341231
8845,70.76,-95.92381710693874
8846,70.768,-101.22441235632942
8847,70.776,-98.42207664213032
8848,70.784,-89.84192853944523
8849,70.792,-77.68634923870803
8850,70.8,-61.06392464477295
8851,70.808,-36.6616047604648
8852,70.816,-2.926251674267064
8853,70.824,37.89029678303859
8854,70.832,82.56880117132195
8855,70.84,129.97251512028913
8856,70.848,180.87189192041717
8857,70.856,234.15843484753862
8858,70.864,285.37334618679495
8859,70.872,329.95499964666874
8860,70.88,366.4558537214833
8861,70.888,396.58396958278723
8862,70.896,421.26670032028284
8863,70.904,438.718928267569
8864,70.912,447.6302056434052
8865,70.92,450.21554570233604
8866,70.928,451.26364581724283
8867,70.936,453.3465165388197
8868,70.944,454.9856822582728
8869,70.952,453.996136495139
8870,70.96,450.45575877751327
8871,70.968,446.4316618248007
8872,70.976,442.29672588783444
8873,70.984,435.3531680754167
8874,70.992,423.3731640224431
8875,71.0,407.7219292530772
8876,71.008,392.69807528424434
8877,71.016,381.2009884476951
8878,71.024,372.5772069736429
8879,71.032,365.1684922506283
8880,71.04,358.8257965464474
8881,71.048,354.5900164806546
8882,71.056,351.4767142652074
8883,71.064,345.48103294562816
8884,71.072,333.1116158112533
8885,71.08,314.6960818268882
8886,71.088,293.81256512416445
8887,71.096,272.84427254894746
8888,71.104,251.07492312502592
8889,71.112,228.01788946745086
8890,71.12,206.66161518081088
8891,71.128,192.53651564892226
8892,71.136,188.9159797627575
8893,71.144,194.99289115922826
8894,71.152,208.86641863108304
8895,71.16,230.0275014827411
8896,71.168,258.7915640705929
8897,71.176,292.6302596932734
8898,71.184,325.08915680099756
8899,71.192,349.5562587960585
8900,71.2,362.57359598217687
8901,71.208,363.5112623541833
8902,71.216,350.6911684996695
8903,71.224,319.7172066487576
8904,71.232,266.4545793363094
8905,71.24,190.20052108050584
8906,71.248,93.63458704183506
8907,71.256,-21.03610318253945
8908,71.264,-153.32133485601508
8909,71.272,-300.9923569749008
8910,71.28,-457.5724154812993
8911,71.288,-613.429944153531
8912,71.296,-760.4585047190492
8913,71.304,-894.3631933887443
8914,71.312,-1011.7485053421346
8915,71.32,-1107.3155704688793
8916,71.328,-1174.7106514489333
8917,71.336,-1211.0091224987411
8918,71.344,-1218.273899987098
8919,71.352,-1199.5800592623223
8920,71.36,-1155.5668359504625
8921,71.368,-1085.2513047149869
8922,71.376,-990.5773744630058
8923,71.384,-878.0504853775183
8924,71.392,-754.8635921306453
8925,71.4,-625.5128486599158
8926,71.408,-492.74874597174755
8927,71.416,-361.6541559213507
8928,71.424,-240.2056257270943
8929,71.432,-135.09267564135268
8930,71.44,-48.40260998846048
8931,71.448,21.985051378615424
8932,71.456,78.30432855024591
8933,71.464,121.07152191978173
8934,71.472,151.7876789461722
8935,71.48,175.0223908712853
8936,71.488,197.00201688275212
8937,71.496,221.0881117526262
8938,71.504,246.22807924873504
8939,71.512,270.2198094132026
8940,71.52,292.51519441245546
8941,71.528,313.87762700349737
8942,71.536,332.82299758715783
8943,71.544,344.5072296994568
8944,71.552,344.440421139954
8945,71.56,332.01694896794766
8946,71.568,310.46379363883096
8947,71.576,282.9483913797599
8948,71.584,251.11189161071826
8949,71.592,218.01630570769368
8950,71.6,189.8166282840714
8951,71.608,173.76546605007997
8952,71.616,173.2721461802607
8953,71.624,185.99075743584115
8954,71.632,207.2316809488564
8955,71.64,233.52183310156053
8956,71.648,263.1821233896986
8957,71.656,293.36820374635863
8958,71.664,318.8110406742288
8959,71.672,335.1757598887975
8960,71.68,342.4635949212547
8961,71.688,344.4278170988562
8962,71.696,343.82334799826515
8963,71.704,340.3914488110752
8964,71.712,333.8761907763185
8965,71.72,326.61019166483004
8966,71.728,322.68989525438394
8967,71.736,323.5827171708568
8968,71.744,326.1836247717893
8969,71.752,325.8730475420737
8970,71.76,319.5508437406729
8971,71.768,305.99928556084933
8972,71.776,283.13201789777486
8973,71.784,247.07715519333112
8974,71.792,195.91274749142877
8975,71.8,133.01665525919324
8976,71.808,65.98371475506923
8977,71.816,1.6355850169729536
8978,71.824,-56.287452280707484
8979,71.832,-104.89822640111089
8980,71.84,-140.41394842099882
8981,71.848,-159.32916073491867
8982,71.856,-162.24104549468703
8983,71.864,-154.66793650344883
8984,71.872,-142.80907763364704
8985,71.88,-129.59007281954442
8986,71.888,-114.85382025371365
8987,71.896,-99.60868291485176
8988,71.904,-87.43263905824814
8989,71.912,-81.07126669846764
8990,71.92,-79.67097921921251
8991,71.928,-79.08385193132193
8992,71.936,-75.85249433451325
8993,71.944,-69.58647558171742
8994,71.952,-60.486181181074926
8995,71.96,-46.792820895166386
8996,71.968,-25.663796250819374
8997,71.976,2.715846442308859
8998,71.984,33.97130769555103
8999,71.992,63.48497200072547
9000,72.0,89.74565475499422
9001,72.008,113.8778910570042
9002,72.016,135.79661505527142
9003,72.024,152.62000474795224
9004,72.032,161.74635304179353
9005,72.04,163.93239980135854
9006,72.048,162.52031934167468
9007,72.056,158.74164749409817
9008,72.064,149.96755302487216
9009,72.072,132.9330778193896
9010,72.08,106.21971859485026
9011,72.088,69.73750543549565
9012,72.096,21.765590309109257
9013,72.104,-41.49317254908179
9014,72.112,-121.88146049343585
9015,72.12,-215.78927993993685
9016,72.128,-315.0018742944458
9017,72.136,-411.8073638056343
9018,72.144,-501.6060806681977
9019,72.152,-580.4091463629416
9020,72.16,-642.435024145225
9021,72.168,-681.0859178487565
9022,72.176,-693.2480858326503
9023,72.184,-680.9189251774596
9024,72.192,-647.8508482529998
9025,72.2,-596.2596811329246
9026,72.208,-526.8184252944791
9027,72.216,-442.1796888206909
9028,72.224,-348.383703119305
9029,72.232,-251.7825703633364
9030,72.24,-156.13296603003738
9031,72.248,-62.90434961799687
9032,72.256,24.83515126993676
9033,72.264,100.92957563442587
9034,72.272,159.7537394656404
9035,72.28,199.54352806492912
9036,72.288,221.8823819862156
9037,72.296,227.67556903646062
9038,72.304,215.6801190920475
9039,72.312,185.7454099432855
9040,72.32,141.6892034233467
9041,72.328,90.56877798543209
9042,72.336,38.191751423826815
9043,72.344,-13.263140160662516
9044,72.352,-62.8595447170008
9045,72.36,-108.264693556743
9046,72.368,-146.08590595257394
9047,72.376,-175.6444833705079
9048,72.384,-200.30729226201052
9049,72.392,-223.8231561612047
9050,72.4,-246.70812024594971
9051,72.408,-266.3794517123946
9052,72.416,-281.54365509440896
9053,72.424,-294.2684180462377
9054,72.432,-306.54315537347816
9055,72.44,-316.7910018396365
9056,72.448,-320.5310251072288
9057,72.456,-315.2230670147794
9058,72.464,-302.1322173864392
9059,72.472,-282.63249106533067
9060,72.48,-255.39687935158065
9061,72.488,-217.70095157403966
9062,72.496,-169.57817880567214
9063,72.504,-114.95688376085258
9064,72.512,-58.108703096988734
9065,72.52,-0.4987982240403994
9066,72.528,58.905346465253274
9067,72.536,119.90602054819368
9068,72.544,179.54919978673414
9069,72.552,234.9439072426377
9070,72.56,285.8738518439425
9071,72.568,334.22957769123707
9072,72.576,379.9318315724384
9073,72.584,419.37506187949026
9074,72.592,448.93711069184855
9075,72.6,468.17712009770145
9076,72.608,479.3059201317501
9077,72.616,483.12164919105544
9078,72.624,477.5643149842102
9079,72.632,461.2653877902872
9080,72.64,436.58092028410704
9081,72.648,408.3885963567288
9082,72.656,379.25380675529857
9083,72.664,347.87288049141523
9084,72.672,312.70066361666073
9085,72.68,274.8942052870477
9086,72.688,237.68115692780776
9087,72.696,202.594898429931
9088,72.704,168.34031264625304
9089,72.712,134.2637511477365
9090,72.72,103.05609999454015
9091,72.728,79.47741671079021
9092,72.736,65.72751314438018
9093,72.744,60.004643289117254
9094,72.752,60.04514816916041
9095,72.76,65.99775443448522
9096,72.768,79.86436109519913
9097,72.776,101.50764903194376
9098,72.784,126.9223708412749
9099,72.792,151.6940549378008
9100,72.8,174.61606598790934
9101,72.808,197.51596335771652
9102,72.816,221.3361548216128
9103,72.824,244.62850431314408
9104,72.832,266.3110992593108
9105,72.84,287.8078084610476
9106,72.848,312.10078662453014
9107,72.856,339.65986608512225
9108,72.864,367.06756475174615
9109,72.872,390.60379211433644
9110,72.88,409.3802851461447
9111,72.888,424.8890485037734
9112,72.896,437.1241077583574
9113,72.904,443.14782755077977
9114,72.912,440.44578288655924
9115,72.92,429.80128912658574
9116,72.928,414.2917723416979
9117,72.936,394.85974737057677
9118,72.944,368.70005505707917
9119,72.952,332.25183886526463
9120,72.96,283.74112965764516
9121,72.968,222.7941287000928
9122,72.976,147.23329646949088
9123,72.984,52.75751080606756
9124,72.992,-62.66744188691379
9125,73.0,-195.36947051257886
9126,73.008,-336.7735239249606
9127,73.016,-478.37303002617534
9128,73.024,-614.3705365143529
9129,73.032,-739.0971552280486
9130,73.04,-844.7237939104625
9131,73.048,-922.7923739879978
9132,73.056,-969.090422699597
9133,73.064,-985.3526448091975
9134,73.072,-975.4433051256616
9135,73.08,-941.7886123826779
9136,73.088,-885.6487938060071
9137,73.096,-810.8385401373746
9138,73.104,-724.8123955472006
9139,73.112,-634.9946626094037
9140,73.12,-545.4255297156078
9141,73.128,-457.1230117669072
9142,73.136,-372.19568843371985
9143,73.144,-295.1409636814692
9144,73.152,-229.12840288677302
9145,73.16,-173.20580479675777
9146,73.168,-123.4891948948981
9147,73.176,-77.59434569297346
9148,73.184,-36.2021388246813
9149,73.192,0.13218775439744945
9150,73.2,33.46044596290778
9151,73.208,67.3926343816128
9152,73.216,102.96821264219555
9153,73.224,137.06697074952905
9154,73.232,165.6430376847107
9155,73.24,187.11092694186468
9156,73.248,202.15280700690113
9157,73.256,209.74738675031548
9158,73.264,206.34242419237194
9159,73.272,189.9587333858751
9160,73.28,163.02372702524312
9161,73.288,131.40883477711384
9162,73.296,99.97765690572285
9163,73.304,70.28054168879729
9164,73.312,43.208587770789194
9165,73.32,21.552396692139865
9166,73.328,9.03199281252055
9167,73.336,6.244645353423628
9168,73.344,9.44128928264908
9169,73.352,14.138467852317262
9170,73.36,18.911110081593918
9171,73.368,25.763189929478735
9172,73.376,36.00030893980883
9173,73.384,48.14476570047024
9174,73.392,60.99733238384157
9175,73.4,76.27782016211904
9176,73.408,97.49919202850592
9177,73.416,125.69731828692889
9178,73.424,158.25322727932405
9179,73.432,192.10710616991994
9180,73.44,225.8756406282439
9181,73.448,259.3764336332322
9182,73.456,290.6461027399486
9183,73.464,314.7202809033412
9184,73.472,326.8947253117163
9185,73.48,326.19165042417836
9186,73.488,315.3944849489617
9187,73.496,297.36632651912913
9188,73.504,273.11916732306383
9189,73.512,244.11110762580984
9190,73.52,214.67502411751673
9191,73.528,190.99860812872583
9192,73.536,176.14301638747844
9193,73.544,168.03614118869467
9194,73.552,163.29696527653866
9195,73.56,161.01392524477976
9196,73.568,162.49075261933802
9197,73.576,167.12609057546896
9198,73.584,170.9991791775084
9199,73.592,170.37828968752942
9200,73.6,164.71773636426542
9201,73.608,156.20090247538914
9202,73.616,145.96244025394302
9203,73.624,132.58544003416677
9204,73.632,115.00121572527817
9205,73.64,95.18543166427307
9206,73.648,77.61815958891157
9207,73.656,64.90655277821378
9208,73.664,55.72681880106393
9209,73.672,47.92521084602399
9210,73.68,41.47537589695244
9211,73.688,38.003011585258605
9212,73.696,36.92595436045298
9213,73.704,34.20058914031614
9214,73.712,26.152744527761087
9215,73.72,13.191843157789037
9216,73.728,-0.5170028766714267
9217,73.736,-11.863319968763022
9218,73.744,-21.075532381404912
9219,73.752,-28.48548894231942
9220,73.76,-31.791751141293105
9221,73.768,-27.344613213086717
9222,73.776,-14.589663485081871
9223,73.784,2.7170273442667394
9224,73.792,20.0398853215394
9225,73.8,34.67234338237071
9226,73.808,45.05961964384733
9227,73.816,47.25115101293153
9228,73.824,33.89713709304405
9229,73.832,-1.769610438000882
9230,73.84,-61.845881711855554
9231,73.848,-143.41115289302448
9232,73.856,-242.34614314563018
9233,73.864,-355.14078914112326
9234,73.872,-476.25970481440027
9235,73.88,-596.0960178665657
9236,73.888,-702.7065931534972
9237,73.896,-787.1760241832079
9238,73.904,-845.8955768795856
9239,73.912,-877.5288006464739
9240,73.92,-880.5039186244211
9241,73.928,-853.6030626014481
9242,73.936,-799.2543959136891
9243,73.944,-724.4028230853324
9244,73.952,-636.630266180353
9245,73.96,-540.3098594426972
9246,73.968,-436.5558976537302
9247,73.976,-327.3720779859681
9248,73.984,-217.80868476414418
9249,73.992,-113.15965775402958
9250,74.0,-15.8133092872161
9251,74.008,74.6392055935266
9252,74.016,157.38621710592068
9253,74.024,228.60276443074997
9254,74.032,284.77789932598546
9255,74.04,325.83453738501396
9256,74.048,354.4239555972866
9257,74.056,371.8271288993375
9258,74.064,376.59367666154185
9259,74.072,367.70679207596595
9260,74.08,347.1509808254031
9261,74.088,319.21745635389567
9262,74.096,286.74326347158717
9263,74.104,249.84439478910986
9264,74.112,208.99421256030638
9265,74.12,167.6253038299482
9266,74.128,131.68070706920403
9267,74.136,105.60429655825286
9268,74.144,89.91938503608597
9269,74.152,83.52578100334985
9270,74.16,86.57953156317993
9271,74.168,100.31149506940667
9272,74.176,123.37221285454049
9273,74.184,150.63902199590217
9274,74.192,176.76574297961713
9275,74.2,199.79126207909997
9276,74.208,221.20964788563532
9277,74.216,241.74468555625782
9278,74.224,259.43282636245
9279,74.232,272.53026669956444
9280,74.24,282.1185594038699
9281,74.248,291.69468933404596
9282,74.256,302.8736098494799
9283,74.264,313.00771598994874
9284,74.272,318.24579727385225
9285,74.28,316.86482981117103
9286,74.288,309.22899497421923
9287,74.296,294.39494118151316
9288,74.304,269.0672528014152
9289,74.312,230.99388860400728
9290,74.32,181.93470504402808
9291,74.328,127.09319593913042
9292,74.336,70.71952318223916
9293,74.344,14.17287203527053
9294,74.352,-40.98960189523689
9295,74.36,-90.62040051795506
9296,74.368,-129.47664489090414
9297,74.376,-155.70337337049574
9298,74.384,-172.11561783302867
9299,74.392,-182.65318441135238
9300,74.4,-189.13681065723782
9301,74.408,-191.14301843186706
9302,74.416,-189.62611251994582
9303,74.424,-188.4323579579832
9304,74.432,-190.59210693481816
9305,74.44,-194.81836793747155
9306,74.448,-196.22618813725512
9307,74.456,-191.04723165993505
9308,74.464,-178.7747925942337
9309,74.472,-159.48720181400594
9310,74.48,-131.58612590144622
9311,74.488,-92.66341237210975
9312,74.496,-43.465666584837095
9313,74.504,10.470835416642672
9314,74.512,62.3823754037837
9315,74.52,108.64519524290131
9316,74.528,149.35851707334365
9317,74.536,184.16473981129099
9318,74.544,210.5111355535577
9319,74.552,226.76992781956292
9320,74.56,234.72281765881107
9321,74.568,238.86357249800798
9322,74.576,242.05566932093467
9323,74.584,243.3930622712574
9324,74.592,241.37924185560166
9325,74.6,237.06277975952793
9326,74.608,233.49332102705566
9327,74.616,231.49632263010932
9328,74.624,228.0585712253242
9329,74.632,219.90848347319792
9330,74.64,206.86488269210898
9331,74.648,191.41353815670982
9332,74.656,174.20811832490176
9333,74.664,151.7377811668499
9334,74.672,119.44152396982304
9335,74.68,75.13723374161532
9336,74.688,18.948348312237954
9337,74.696,-49.99315960166041
9338,74.704,-134.11528186083677
9339,74.712,-233.6704304388669
9340,74.72,-343.7539134511278
9341,74.728,-455.33084959228586
9342,74.736,-560.4737347314206
9343,74.744,-654.949147971811
9344,74.752,-735.7056893719712
9345,74.76,-798.4425142168933
9346,74.768,-837.8754822707591
9347,74.776,-851.4339696133715
9348,74.784,-840.9333843895797
9349,74.792,-809.4483288247757
9350,74.8,-758.2409665411609
9351,74.808,-686.9511465256958
9352,74.816,-597.6620253288826
9353,74.824,-496.7305616344246
9354,74.832,-391.41297477792705
9355,74.84,-286.59485113953514
9356,74.848,-184.89048835684537
9357,74.856,-90.14807108575201
9358,74.864,-8.581198709232524
9359,74.872,54.7800606444721
9360,74.88,99.22439291364577
9361,74.888,127.97496439865515
9362,74.896,143.99285287498344
9363,74.904,147.77928086033666
9364,74.912,140.23079606083252
9365,74.92,125.74375372944957
9366,74.928,111.26266909075494
9367,74.936,100.81753904244265
9368,74.944,92.91930542801413
9369,74.952,83.93564163058018
9370,74.96,71.86390532698071
9371,74.968,56.55954018558738
9372,74.976,35.98382967512603
9373,74.984,5.154384893829921
9374,74.992,-39.77747184765874
9375,75.0,-98.14112406770637
9376,75.008,-165.03978677335672
9377,75.016,-235.448499780884
9378,75.024,-306.41043968108266
9379,75.032,-374.5931459455436
9380,75.04,-434.1406168812918
9381,75.048,-477.94493880526096
9382,75.056,-502.1588092376753
9383,75.064,-507.8222031712029
9384,75.072,-497.34559566895916
9385,75.08,-471.17806588716326
9386,75.088,-428.07564621292005
9387,75.096,-369.23856288786357
9388,75.104,-300.0141812403707
9389,75.112,-226.31519367854287
9390,75.12,-150.9825193335568
9391,75.128,-73.85298797554267
9392,75.136,4.091698795609517
9393,75.144,78.98514792848056
9394,75.152,147.4840981993756
9395,75.16,209.80320246660258
9396,75.168,268.85597251112983
9397,75.176,325.5726056244846
9398,75.184,376.935612020259
9399,75.192,419.39980726679465
9400,75.2,452.1887240798222
9401,75.208,477.1081085860651
9402,75.216,494.9701834130792
9403,75.224,504.34736616896276
9404,75.232,504.66390078545953
9405,75.24,498.68302707276905
9406,75.248,491.37235227694083
9407,75.256,485.25021281379935
9408,75.264,478.7194254008762
9409,75.272,469.5621168985866
9410,75.28,457.9733855353956
9411,75.288,446.06770413051134
9412,75.296,433.86070982851857
9413,75.304,417.93366716930973
9414,75.312,395.0989865249647
9415,75.32,365.40364950989994
9416,75.328,331.70420295950925
9417,75.336,296.15196789947686
9418,75.344,258.719708848459
9419,75.352,219.77105558360222
9420,75.36,182.31383290354486
9421,75.368,151.12534643432278
9422,75.376,128.61239026220247
9423,75.384,113.38263186099411
9424,75.392,103.53868964522054
9425,75.4,99.68481695274511
9426,75.408,104.63352682109472
9427,75.416,118.93601260392987
9428,75.424,138.6580524657093
9429,75.432,159.0547526464095
9430,75.44,178.31538112717104
9431,75.448,197.2272939943324
9432,75.456,215.21099432010035
9433,75.464,229.11432624769918
9434,75.472,236.84306820505435
9435,75.48,240.3345579374693
9436,75.488,244.47127313422249
9437,75.496,252.27325594218124
9438,75.504,262.88559169009636
9439,75.512,274.53271852344045
9440,75.52,287.3886996046032
9441,75.528,303.2588674274086
9442,75.536,321.38030973239535
9443,75.544,336.5916535995323
9444,75.552,342.7895018093764
9445,75.56,336.1590415058342
9446,75.568,314.88669822888903
9447,75.576,275.5197792807123
9448,75.584,212.12910655473826
9449,75.592,120.81279215193166
9450,75.6,3.919306716359017
9451,75.608,-130.2966469373432
9452,75.616,-272.7934288043805
9453,75.624,-416.5419821687965
9454,75.632,-554.4087801419496
9455,75.64,-677.6107861012399
9456,75.648,-777.1798180055214
9457,75.656,-848.1245484619162
9458,75.664,-891.0807060636355
9459,75.672,-909.2906579294884
9460,75.68,-905.2407944416049
9461,75.688,-880.0749505935096
9462,75.696,-836.8470411232545
9463,75.704,-781.8768015891958
9464,75.712,-721.4667066767859
9465,75.72,-658.8868241268747
9466,75.728,-594.5683175228357
9467,75.736,-529.7230271927289
9468,75.744,-467.75253774495354
9469,75.752,-411.3470830835114
9470,75.76,-360.26703980675
9471,75.768,-312.16891497110015
9472,75.776,-266.3383893779077
9473,75.784,-224.96604688230644
9474,75.792,-189.91287849727803
9475,75.8,-159.9980351760737
9476,75.808,-131.6421326362035
9477,75.816,-102.90291258766217
9478,75.824,-75.3977261874098
9479,75.832,-51.507663925136995
9480,75.84,-31.247401702145282
9481,75.848,-12.21487511269109
9482,75.856,6.600592195199937
9483,75.864,23.110557757208994
9484,75.872,35.26822516456082
9485,75.88,44.04605988253783
9486,75.888,52.80687528917193
9487,75.896,62.9664215309806
9488,75.904,72.25246020459602
9489,75.912,77.96168244830722
9490,75.92,80.17508670760614
9491,75.928,81.7432082057714
9492,75.936,84.4397639435415
9493,75.944,87.25439664698985
9494,75.952,89.44452454019356
9495,75.96,93.13924150926303
9496,75.968,102.47228995191409
9497,75.976,119.36352079054669
9498,75.984,141.98384098007884
9499,75.992,168.18357957472074
9500,76.0,198.41359600010458
9501,76.008,234.64173429423013
9502,76.016,275.7681470704714
9503,76.024,316.56123244033563
9504,76.032,351.9215035432296
9505,76.04,380.4066068498641
9506,76.048,403.9132190811413
9507,76.056,423.4379468313729
9508,76.064,437.2372400375795
9509,76.072,443.88407039547053
9510,76.08,445.0050492431847
9511,76.088,444.9073465637966
9512,76.096,446.4815075067898
9513,76.104,448.9418441981512
9514,76.112,450.518663308604
9515,76.12,451.4791872470087
9516,76.128,453.9693711177768
9517,76.136,457.9616309782433
9518,76.144,459.5730334539295
9519,76.152,454.5973989017347
9520,76.16,441.85268832620073
9521,76.168,423.2063399741211
9522,76.176,400.07435034600695
9523,76.184,371.8469201740917
9524,76.192,338.84008330884984
9525,76.2,304.9301759174798
9526,76.208,276.3123907430417
9527,76.216,256.6634883180485
9528,76.224,245.29311445271048
9529,76.232,239.979126232002
9530,76.24,239.54807605489
9531,76.248,243.9810175789244
9532,76.256,251.38654938938234
9533,76.264,257.2658928331879
9534,76.272,258.13751267687445
9535,76.28,254.14875238471012
9536,76.288,248.25011412891084
9537,76.296,241.96104782728682
9538,76.304,233.60979312523426
9539,76.312,221.834125800545
9540,76.32,208.61823540494063
9541,76.328,198.33745891629437
9542,76.336,193.3270412078079
9543,76.344,192.13256526528673
9544,76.352,192.8848946504481
9545,76.36,196.42938842642207
9546,76.368,205.36067974540825
9547,76.376,219.40981376809373
9548,76.384,234.01724236910138
9549,76.392,244.04921716612276
9550,76.4,247.31442121276757
9551,76.408,244.64158899800054
9552,76.416,235.568135253648
9553,76.424,215.88003510075822
9554,76.432,180.6837269504307
9555,76.44,127.90978186615365
9556,76.448,58.422017689494965
9557,76.456,-27.353061459985156
9558,76.464,-130.33444005906
9559,76.472,-249.32998161007419
9560,76.48,-378.4283949523321
9561,76.488,-508.16010991373037
9562,76.496,-630.4660592347927
9563,76.504,-741.274914480541
9564,76.512,-837.8913830760171
9565,76.52,-916.1361862037758
9566,76.528,-970.7896527928602
9567,76.536,-999.8738834856971
9568,76.544,-1006.3526125189152
9569,76.552,-994.437493755491
9570,76.56,-965.9405728043319
9571,76.568,-920.2869971477484
9572,76.576,-858.5605588266986
9573,76.584,-785.3634390429514
9574,76.592,-705.7770555399158
9575,76.6,-622.572744465183
9576,76.608,-536.7348361898834
9577,76.616,-451.24579667871376
9578,76.624,-372.05764748505726
9579,76.632,-304.14171794435384
9580,76.64,-248.5069468134057
9581,76.648,-203.13936736473596
9582,76.656,-166.91339407924946
9583,76.664,-140.77433453052043
9584,76.672,-124.80018750236866
9585,76.68,-116.05878072741669
9586,76.688,-109.89513585290915
9587,76.696,-104.44763051247685
9588,76.704,-101.95752357673139
9589,76.712,-104.96218929527508
9590,76.72,-113.14576466241463
9591,76.728,-123.64707040427443
9592,76.736,-134.8151707103018
9593,76.744,-147.8207083983044
9594,76.752,-163.75132202491193
9595,76.76,-180.73461928407062
9596,76.768,-194.22808885268813
9597,76.776,-201.38455979502814
9598,76.784,-203.07714354519243
9599,76.792,-200.5094381782673
9600,76.8,-192.26933846404398
9601,76.808,-175.23325839282032
9602,76.816,-148.88668293543293
9603,76.824,-116.81924620123448
9604,76.832,-83.0491562653873
9605,76.84,-48.80554623354956
9606,76.848,-12.982851205372796
9607,76.856,24.168954983513657
9608,76.864,59.832875183897784
9609,76.872,91.90450306318388
9610,76.88,121.85080478023531
9611,76.888,153.7614371453787
9612,76.896,189.4884347429129
9613,76.904,226.6067163145079
9614,76.912,261.80055362393847
9615,76.92,294.2173157743751
9616,76.928,325.23808152743663
9617,76.936,354.4441922700168
9618,76.944,378.1883877640428
9619,76.952,393.0835798892861
9620,76.96,399.1029830254234
9621,76.968,399.5440443219289
9622,76.976,397.3366393949147
9623,76.984,392.8689298639021
9624,76.992,386.0943261907554
9625,77.0,378.8649934568718
9626,77.008,374.642728064748
9627,77.016,374.9515541397361
9628,77.024,378.2145085045857
9629,77.032,383.05679921111863
9630,77.04,390.8475538166257
9631,77.048,404.65237613447744
9632,77.056,424.6881609695336
9633,77.064,446.655694909231
9634,77.072,465.41044785513515
9635,77.08,478.52391326707453
9636,77.088,486.5366733631508
9637,77.096,489.4028061749535
9638,77.104,485.0250338197125
9639,77.112,472.3695457413599
9640,77.12,453.6000319241007
9641,77.128,433.0229941868143
9642,77.136,413.4517040036406
9643,77.144,394.41249593303843
9644,77.152,374.72286849593
9645,77.16,355.72483091721017
9646,77.168,340.9533668224042
9647,77.176,331.50704446111985
9648,77.184,324.24003268300345
9649,77.192,315.24019528861953
9650,77.2,303.03173156556596
9651,77.208,288.3833486200819
9652,77.216,270.66961714740677
9653,77.224,246.67507567506442
9654,77.232,213.6418597813738
9655,77.24,171.5177817215913
9656,77.248,122.0864615276904
9657,77.256,64.82470593728249
9658,77.264,-4.450450895590848
9659,77.272,-89.41476711779086
9660,77.28,-189.34766925358707
9661,77.288,-299.15066088471184
9662,77.296,-413.3735684370945
9663,77.304,-528.5709938618038
9664,77.312,-641.1982950556185
9665,77.32,-745.1970943891241
9666,77.328,-832.635997656102
9667,77.336,-898.1010276574112
9668,77.344,-940.6747701260736
9669,77.352,-961.125405876784
9670,77.36,-959.0674811565684
9671,77.368,-932.9612703089982
9672,77.376,-883.7989628900588
9673,77.384,-816.3941822215936
9674,77.392,-735.7506319409664
9675,77.4,-644.1730644947545
9676,77.408,-541.8072235958824
9677,77.416,-430.58665196487175
9678,77.424,-316.09371521388266
9679,77.432,-204.5014601227026
9680,77.44,-99.38166269819232
9681,77.448,-2.110597886717926
9682,77.456,84.14814674335281
9683,77.464,153.6586630584446
9684,77.472,202.20119521848508
9685,77.48,230.1299200356668
9686,77.488,241.71799319540477
9687,77.496,240.60771065644667
9688,77.504,227.46967306624924
9689,77.512,202.8836678518361
9690,77.52,170.08262063039317
9691,77.528,134.0126732061784
9692,77.536,96.97469203733979
9693,77.544,57.32676845051094
9694,77.552,13.093632232880523
9695,77.56,-35.00260460594851
9696,77.568,-83.78019083333129
9697,77.576,-131.51930528493023
9698,77.584,-179.6806942905099
9699,77.592,-229.51272217798643
9700,77.6,-278.8430386736458
9701,77.608,-322.5716972544027
9702,77.616,-357.1336818200121
9703,77.624,-382.78034312227834
9704,77.632,-400.72187353808675
9705,77.64,-409.98318404542107
9706,77.648,-407.62837417045023
9707,77.656,-392.95910737705407
9708,77.664,-369.13557018728915
9709,77.672,-339.5375162380179
9710,77.68,-304.7496947982696
9711,77.688,-263.2738886408959
9712,77.696,-215.42321683428742
9713,77.704,-164.6653750488781
9714,77.712,-114.34258524090473
9715,77.72,-64.70539039544607
9716,77.728,-13.626121878108734
9717,77.736,38.983714385886344
9718,77.744,89.7165905605572
9719,77.752,135.08668691712535
9720,77.76,174.26280526556934
9721,77.768,208.96055080051542
9722,77.776,240.25850903066964
9723,77.784,266.89256025154316
9724,77.792,287.64282301415847
9725,77.8,304.17016614150833
9726,77.808,320.68883641131555
9727,77.816,339.1902076652834
9728,77.824,357.2641612626995
9729,77.832,371.5780439542473
9730,77.84,381.1328836485282
9731,77.848,387.1601424320846
9732,77.856,389.63507999297923
9733,77.864,386.1922319647181
9734,77.872,375.5305446359864
9735,77.88,359.9637951671172
9736,77.888,344.3459644293619
9737,77.896,331.4406634982433
9738,77.904,320.0793050035004
9739,77.912,308.78353251325376
9740,77.92,298.8330800926355
9741,77.928,293.28324396438865
9742,77.936,292.7163429249464
9743,77.944,294.14548936645264
9744,77.952,294.8952043593579
9745,77.96,295.5575011414962
9746,77.968,299.05973256984015
9747,77.976,306.55632903526526
9748,77.984,315.92493527037874
9749,77.992,324.7344749782381
9750,78.0,333.11734599505996
9751,78.008,343.5783634686493
9752,78.016,356.8436586162116
9753,78.024,369.8533854151667
9754,78.032,379.0897296093806
9755,78.04,383.9151758052903
9756,78.048,386.20181530244156
9757,78.056,386.3269169551448
9758,78.064,381.7785565192225
9759,78.072,370.5631869878776
9760,78.08,354.13313627189626
9761,78.088,336.5507226164613
9762,78.096,319.88148715331414
9763,78.104,302.29079070653705
9764,78.112,281.19005885301556
9765,78.12,256.17499178638
9766,78.128,228.71651780341222
9767,78.136,198.1828492320282
9768,78.144,160.25081973534773
9769,78.152,110.2530239128769
9770,78.16,46.207341861110706
9771,78.168,-31.067672500696688
9772,78.176,-120.97796613032153
9773,78.184,-224.34806647325672
9774,78.192,-340.2688815283308
9775,78.2,-463.43645078015004
9776,78.208,-585.5801667859622
9777,78.216,-700.4562009707246
9778,78.224,-805.5461915765429
9779,78.232,-898.7495739953491
9780,78.24,-975.593391763428
9781,78.248,-1029.7777348849027
9782,78.256,-1057.400626561674
9783,78.264,-1058.843831694599
9784,78.272,-1035.7333733132334
9785,78.28,-988.1983796053789
9786,78.288,-915.52799479527
9787,78.296,-820.313438968563
9788,78.304,-709.8437226358254
9789,78.312,-592.3634692526366
9790,78.32,-473.7826707142782
9791,78.328,-357.90489287598155
9792,78.336,-249.759332030047
9793,78.344,-156.1066054190382
9794,78.352,-81.73158341224641
9795,78.36,-26.91857792755465
9796,78.368,11.61359154561299
9797,78.376,36.46167244549308
9798,78.384,47.89950918470935
9799,78.392,47.05928925204233
9800,78.4,38.46641554829833
9801,78.408,28.983600163685978
9802,78.416,23.16811333833293
9803,78.424,21.275027795226123
9804,78.432,22.566338360414875
9805,78.44,28.082109921126587
9806,78.448,39.53822154399592
9807,78.456,55.45955126469913
9808,78.464,70.85563555357359
9809,78.472,81.52530347234223
9810,78.48,87.36817990970653
9811,78.488,92.11532243152726
9812,78.496,99.0787418195537
9813,78.504,108.53044511816444
9814,78.512,119.84413647677319
9815,78.52,134.13686090127692
9816,78.528,154.11509964942294
9817,78.536,180.26752782281417
9818,78.544,209.27013537650333
9819,78.552,237.2492540146823
9820,78.56,262.8420764566229
9821,78.568,287.0500277641721
9822,78.576,309.59966757351145
9823,78.584,327.5286641223382
9824,78.592,338.56209858857943
9825,78.6,344.06556282933974
9826,78.608,348.1802195989682
9827,78.616,353.32674229837505
9828,78.624,358.32248597357597
9829,78.632,361.4190623995219
9830,78.64,363.18276892161373
9831,78.648,366.0711353058145
9832,78.656,370.59993901883433
9833,78.664,374.0778135730045
9834,78.672,373.9775833034153
9835,78.68,370.94521830065855
9836,78.688,368.2955803615886
9837,78.696,367.4992269110321
9838,78.704,366.4132690630028
9839,78.712,362.9608699519717
9840,78.72,358.1562036615472
9841,78.728,355.17123640090665
9842,78.736,354.84819124065893
9843,78.744,353.96071487005634
9844,78.752,348.52744569909805
9845,78.76,337.0460138633256
9846,78.768,320.7360809812118
9847,78.776,299.9757064208419
9848,78.784,272.4882693216401
9849,78.792,236.52979616518246
9850,78.8,194.1214765751941
9851,78.808,150.52720987556177
9852,78.816,109.68327300234395
9853,78.824,71.74332568435625
9854,78.832,35.49060846230793
9855,78.84,0.9566256451901438
9856,78.848,-30.78395710837404
9857,78.856,-60.85817422256133
9858,78.864,-93.22368459084416
9859,78.872,-130.87346051343008
9860,78.88,-172.74466087777256
9861,78.888,-214.38943398461245
9862,78.896,-252.62483767444454
9863,78.904,-287.71892416890455
9864,78.912,-320.53501061234624
9865,78.92,-349.50430757582615
9866,78.928,-370.48523117321486
9867,78.936,-380.78510516537517
9868,78.944,-381.31732434102173
9869,78.952,-373.4084324677125
9870,78.96,-355.6836867191441
9871,78.968,-324.8258537136761
9872,78.976,-280.20886185152915
9873,78.984,-225.89078359490082
9874,78.992,-167.36197126635005
9875,79.0,-108.14796237408808
9876,79.008,-49.4548582260675
9877,79.016,6.254609921232884
9878,79.024,53.52276750528014
9879,79.032,86.97380204684089
9880,79.04,104.09951440668266
9881,79.048,104.76660211771019
9882,79.056,87.56387969678775
9883,79.064,48.61121225836308
9884,79.072,-14.721939175873104
9885,79.08,-100.11776021076622
9886,79.088,-200.4004092801292
9887,79.096,-308.15616500573844
9888,79.104,-418.7091352944649
9889,79.112,-528.0824241455483
9890,79.12,-630.3501191544008
9891,79.128,-718.2826413163114
9892,79.136,-787.8097523741445
9893,79.144,-839.3466679872045
9894,79.152,-873.8767077211517
9895,79.16,-889.859027901466
9896,79.168,-883.8509857556276
9897,79.176,-854.8472919682567
9898,79.184,-806.2028108286884
9899,79.192,-742.3002980357105
9900,79.2,-665.4197131904209
9901,79.208,-576.2446147170447
9902,79.216,-477.6317464925164
9903,79.224,-375.6195330816714
9904,79.232,-276.18498443362876
9905,79.24,-182.592394449094
9906,79.248,-95.26380516282313
9907,79.256,-15.042517759184676
9908,79.264,55.05319159523299
9909,79.272,112.6916033685232
9910,79.28,159.10195816619097
9911,79.288,198.62976227371027
9912,79.296,234.72241029273684
9913,79.304,267.7935814096013
9914,79.312,297.3441165324375
9915,79.32,324.3774164777455
9916,79.328,351.1231882017866
9917,79.336,376.97378293270623
9918,79.344,396.99994776013284
9919,79.352,406.16085017706945
9920,79.36,403.17986080276853
9921,79.368,390.14857670609496
9922,79.376,368.49841392110284
9923,79.384,337.8914282413766
9924,79.392,299.45264962008406
9925,79.4,257.58548218239207
9926,79.408,218.21815908339988
9927,79.416,184.3879432004557
9928,79.424,154.9928212232813
9929,79.432,128.23144850521035
9930,79.44,104.43957280253375
9931,79.448,85.63605021210518
9932,79.456,71.58271176709827
9933,79.464,58.57036064441826
9934,79.472,43.57466366209283
9935,79.48,27.751091069152523
9936,79.488,15.548433747137025
9937,79.496,9.910957117733489
9938,79.504,10.238111432564594
9939,79.512,15.618843218114137
9940,79.52,27.77909468864476
9941,79.528,50.296653597858466
9942,79.536,84.23197537773734
9943,79.544,126.43748984950275
9944,79.552,172.91589265541973
9945,79.56,221.9774875747949
9946,79.568,273.9471997832161
9947,79.576,327.3927608127464
9948,79.584,377.95761795799365
9949,79.592,421.8345406647312
9950,79.6,458.4749278932773
9951,79.608,489.7687451026938
9952,79.616,515.8922718109279
9953,79.624,533.7615413454299
9954,79.632,540.4688291371137
9955,79.64,536.332662531671
9956,79.648,524.1572251482796
9957,79.656,504.92172019626025
9958,79.664,476.2757615610674
9959,79.672,435.9890408190859
9960,79.68,384.8292927557154
9961,79.688,325.9626026483364
9962,79.696,261.18550687137105
9963,79.704,189.6731023623219
9964,79.712,111.12528660081932
9965,79.72,28.342646368157062
9966,79.728,-53.4143078931468
9967,79.736,-130.48482443018423
9968,79.744,-202.71629968662432
9969,79.752,-270.4486108208356
9970,79.76,-331.4064561279971
9971,79.768,-381.3122678462876
9972,79.776,-418.2649049298117
9973,79.784,-444.1291736137507
9974,79.792,-460.8977389041742
9975,79.8,-467.6971748723292
9976,79.808,-461.3310098629764
9977,79.816,-440.6121079429115
9978,79.824,-408.50713134605104
9979,79.832,-368.905886779683
9980,79.84,-323.32955417376564
9981,79.848,-271.46947705882883
9982,79.856,-215.311600884506
9983,79.864,-160.70551043577115
9984,79.872,-114.38435516948653
9985,79.88,-81.07226074738222
9986,79.888,-63.116220124266434
9987,79.896,-63.34652654678912
9988,79.904,-86.07194227540359
9989,79.912,-133.41802090539366
9990,79.92,-201.98115532607818
9991,79.928,-283.75822799075524
9992,79.936,-371.2781836674877
9993,79.944,-460.1159371956693
9994,79.952,-546.1958048149393
9995,79.96,-623.2335288846389
9996,79.968,-683.7335493194638
9997,79.976,-723.3686348905924
9998,79.984,-742.4852180632528
9999,79.992,-742.6983397153248
10000,80.0,-723.7456198206879
10001,80.008,-683.8662221843522
10002,80.016,-623.9037784039147
10003,80.024,-548.6628289524629
10004,80.032,-463.55444326612223
10005,80.04,-371.712396322445
10006,80.048,-274.01848365764
10007,80.056,-173.02963812844695
10008,80.064,-74.8888343521453
10009,80.072,14.431912432346508
10010,80.08,92.77557381367495
10011,80.088,161.2149621520893
10012,80.096,219.84145675483649
10013,80.104,266.5730418053004
10014,80.112,300.753236757159
10015,80.12,325.7567805421859
10016,80.128,347.79507983399077
10017,80.136,371.1012638240039
10018,80.144,395.5384350892225
10019,80.152,419.47607964760283
10020,80.16,442.7614376867054
10021,80.168,466.2181955502742
10022,80.176,487.95946821491845
10023,80.184,502.70895503403295
10024,80.192,505.82560917871564
10025,80.2,496.6948410753664
10026,80.208,478.3262766677085
10027,80.216,452.7480950913825
10028,80.224,418.9650953416246
10029,80.232,376.5371731523648
10030,80.24,328.6834627048895
10031,80.248,281.2623750508472
10032,80.256,238.1426712734238
10033,80.264,199.26842921501446
10034,80.272,164.01245036903163
10035,80.28,134.6184356701059
10036,80.288,115.70396972293406
10037,80.296,109.57987919900981
10038,80.304,114.27808844374334
10039,80.312,126.88803833319281
10040,80.32,146.79415710230262
10041,80.328,175.35688109357122
10042,80.336,211.69086434793465
10043,80.344,251.08077824379444
10044,80.352,288.53518904733323
10045,80.36,321.8932597149851
10046,80.368,351.6410471754883
10047,80.376,377.2731532608681
10048,80.384,395.6921873165803
10049,80.392,404.1691197769627
10050,80.4,402.9151350036466
10051,80.408,394.2389295761861
10052,80.416,378.54924764324454
10053,80.424,353.32993229259773
10054,80.432,317.0680742381176
10055,80.44,272.42592332468115
10056,80.448,225.30117000305717
10057,80.456,180.05847091000823
10058,80.464,137.57603979442536
10059,80.472,98.43048965921926
10060,80.48,65.44714210986058
10061,80.488,42.57821479623172
10062,80.496,30.511678319514587
10063,80.504,25.06024349830355
10064,80.512,20.778157870514903
10065,80.52,14.68631196690697
10066,80.528,6.730476969678904
10067,80.536,-3.4938614015032243
10068,80.544,-18.177037049390748
10069,80.552,-38.29492720727751
10070,80.56,-60.9244052151773
10071,80.568,-80.23388636420859
10072,80.576,-92.2347753281747
10073,80.584,-96.95669009016753
10074,80.592,-95.54217970532473
10075,80.6,-87.35008721145728
10076,80.608,-70.25261005620065
10077,80.616,-44.504197012114204
10078,80.624,-14.176678422363281
10079,80.632,16.552654889417397
10080,80.64,46.618254368305806
10081,80.648,77.28392032527161
10082,80.656,108.12135391314155
10083,80.664,135.63807630210658
10084,80.672,156.13593976532616
10085,80.68,168.28431087092562
10086,80.688,172.7899136784644
10087,80.696,168.3395849187835
10088,80.704,149.76721368770828
10089,80.712,111.93889353188226
10090,80.72,54.0860898145736
10091,80.728,-20.09797049058848
10092,80.736,-106.88989380802767
10093,80.744,-204.50085279663566
10094,80.752,-310.0794110254558
10095,80.76,-417.2317733393576
10096,80.768,-517.1517069178078
10097,80.776,-603.2170926461915
10098,80.784,-672.853939233944
10099,80.792,-724.4372297296085
10100,80.8,-754.535322493362
10101,80.808,-758.629926137128
10102,80.816,-735.3445646212062
10103,80.824,-687.9914115698496
10104,80.832,-621.2847270172616
10105,80.84,-538.3546066672229
10106,80.848,-440.8176834202983
10107,80.856,-332.51980941779755
10108,80.864,-221.03605165941832
10109,80.872,-113.84550894709048
10110,80.88,-14.754599230803052
10111,80.888,75.62318380365735
10112,80.896,155.6684269227065
10113,80.904,221.28929195521454
10114,80.912,269.4279481784988
10115,80.92,301.25315561561774
10116,80.928,321.53896266252696
10117,80.936,333.9736421869145
10118,80.944,339.0329696826948
10119,80.952,336.72045564116047
10120,80.96,328.7948047809637
10121,80.968,318.1653288605399
10122,80.976,305.33758902906135
10123,80.984,287.3826331382964
10124,80.992,261.7967701624066
10125,81.0,229.4767560808947
10126,81.008,193.78392031683254
10127,81.016,156.65173329454987
10128,81.024,117.34905060343496
10129,81.032,75.54242214953229
10130,81.04,33.82276657617261
10131,81.048,-3.0448226439677626
10132,81.056,-32.34064515862826
10133,81.064,-55.42704841314864
10134,81.072,-74.73094276328088
10135,81.08,-90.28868151550122
10136,81.088,-99.79838220223883
10137,81.096,-102.6882192850272
10138,81.104,-101.73200259650278
10139,81.112,-99.89329905031666
10140,81.12,-97.60070016740539
10141,81.128,-93.10338854422238
10142,81.136,-86.13315860813185
10143,81.144,-79.3567588019257
10144,81.152,-74.9526690897906
10145,81.16,-71.65483273586791
10146,81.168,-65.71242505332026
10147,81.176,-55.045900395607134
10148,81.184,-40.79850154678515
10149,81.192,-24.66409754386065
10150,81.2,-6.348360141165642
10151,81.208,16.126545496979375
10152,81.216,42.39274850603438
10153,81.224,68.0797291509483
10154,81.232,88.64661048529675
10155,81.24,103.03446873188427
10156,81.248,113.45650779186967
10157,81.256,121.44582251316865
10158,81.264,125.7060849881455
10159,81.272,124.56884656222483
10160,81.28,119.09299545013285
10161,81.288,112.94638687165374
10162,81.296,108.08351271422367
10163,81.304,102.90925289164943
10164,81.312,95.79004309936084
10165,81.32,88.3048990077875
10166,81.328,84.87548064820074
10167,81.336,88.49415050046588
10168,81.344,98.27647031380675
10169,81.352,112.24135584591325
10170,81.36,130.65885691867246
10171,81.368,155.71809420786536
10172,81.376,187.3739697260266
10173,81.384,221.78387386928887
10174,81.392,254.61434337190397
10175,81.4,284.4176365169885
10176,81.408,312.76333815112986
10177,81.416,340.2816910417433
10178,81.424,364.7273256784614
10179,81.432,384.2013589352984
10180,81.44,400.33269073661404
10181,81.448,417.47679174086346
10182,81.456,438.06534481550057
10183,81.464,460.74403704119277
10184,81.472,483.299018962113
10185,81.48,505.2642183430852
10186,81.488,527.3454809584096
10187,81.496,547.0687240219995
10188,81.504,557.0659448196585
10189,81.512,549.0427669639462
10190,81.52,517.7123258211278
10191,81.528,461.1995215965735
10192,81.536,377.894623610502
10193,81.544,265.6295989771588
10194,81.552,125.4250339163525
10195,81.56,-35.66309519720477
10196,81.568,-205.92070938741915
10197,81.576,-374.3544020803651
10198,81.584,-533.512592978333
10199,81.592,-677.0739509316982
10200,81.6,-797.6399781732254
10201,81.608,-887.8258359583299
10202,81.616,-944.4632284213014
10203,81.624,-970.2383311130476
10204,81.632,-970.1563275172263
10205,81.64,-947.6984516208116
10206,81.648,-904.6642590319772
10207,81.656,-845.1410728613315
10208,81.664,-776.8661375080115
10209,81.672,-707.1363032836384
10210,81.68,-639.1232770392861
10211,81.688,-572.5576141834787
10212,81.696,-508.28524182229216
10213,81.704,-450.05125931366774
10214,81.712,-401.1773267461199
10215,81.72,-361.20888964624294
10216,81.728,-326.30648899045286
10217,81.736,-293.9665389815101
10218,81.744,-265.00492388188627
10219,81.752,-240.08290864623393
10220,81.76,-216.9577220057401
10221,81.768,-191.55782832056062
10222,81.776,-162.32360126524955
10223,81.784,-131.85828977547044
10224,81.792,-103.58463941021597
10225,81.8,-78.64884345093088
10226,81.808,-56.14702433669986
10227,81.816,-36.61606008506844
10228,81.824,-23.16237059084723
10229,81.832,-17.82184411224634
10230,81.84,-18.319990021574284
10231,81.848,-18.962681471776662
10232,81.856,-15.331329000062794
10233,81.864,-6.127948767390734
10234,81.872,9.738864738931511
10235,81.88,35.25250217007023
10236,81.888,74.0356857114209
10237,81.896,126.15777590140105
10238,81.904,186.61176318949293
10239,81.912,248.8989380923636
10240,81.92,308.8050694707846
10241,81.928,364.77160760123064
10242,81.936,414.2702256840558
10243,81.944,452.147443506297
10244,81.952,474.24875646972566
10245,81.96,481.034490575287
10246,81.968,476.60140532660415
10247,81.976,463.63999507159053
10248,81.984,441.49400829883933
10249,81.992,409.37207518391426
10250,82.0,369.30053592162307
10251,82.008,325.62398789092174
10252,82.016,280.8930466509027
10253,82.024,234.24310237979392
10254,82.032,184.64110233122312
10255,82.04,133.73601729114492
10256,82.048,85.39669176818916
10257,82.056,42.06592110594488
10258,82.064,3.235646566052381
10259,82.072,-31.789034006790693
10260,82.08,-61.15412486482724
10261,82.088,-81.12735735361234
10262,82.096,-90.730083316659
10263,82.104,-93.47005174265077
10264,82.112,-93.57395342969455
10265,82.12,-92.52953650672787
10266,82.128,-89.01790536664588
10267,82.136,-82.60669499630892
10268,82.144,-75.70724727340871
10269,82.152,-70.51630132158704
10270,82.16,-65.70755642899039
10271,82.168,-57.0348817364669
10272,82.176,-41.91652887959226
10273,82.184,-21.367598722940052
10274,82.192,2.865255872126319
10275,82.2,30.94695923866425
10276,82.208,64.74472116055195
10277,82.216,104.05725439549872
10278,82.224,144.76854292890698
10279,82.232,182.15836248341654
10280,82.24,214.26656036097074
10281,82.248,241.35537416718316
10282,82.256,261.72535387704175
10283,82.264,270.2961228518918
10284,82.272,262.1385300290087
10285,82.28,235.7153651577782
10286,82.288,192.52586648432424
10287,82.296,133.16168012474668
10288,82.304,55.81215363198956
10289,82.312,-40.48990866410824
10290,82.32,-152.58705966786653
10291,82.328,-273.3706837771897
10292,82.336,-396.2193098257725
10293,82.344,-517.0957032718518
10294,82.352,-631.7092426893141
10295,82.36,-733.1488329796696
10296,82.368,-812.8149070430163
10297,82.376,-865.1595975358146
10298,82.384,-890.1555364909809
10299,82.392,-890.0957858836783
10300,82.4,-866.2006576499562
10301,82.408,-818.725060953818
10302,82.416,-750.3493358003337
10303,82.424,-667.0850371545581
10304,82.432,-574.684587654553
10305,82.44,-475.67035253651386
10306,82.448,-370.19982557184346
10307,82.456,-260.4709375789883
10308,82.464,-152.1231442200512
10309,82.472,-50.708090789708336
10310,82.48,41.23859190860421
10311,82.488,123.95890749203988
10312,82.496,197.012485421538
10313,82.504,257.9574163722053
10314,82.512,305.63519086370167
10315,82.52,343.06583633700006
10316,82.528,376.31983726697246
10317,82.536,409.304559835894
10318,82.544,441.2733652209259
10319,82.552,469.817738648097
10320,82.56,493.90603207522275
10321,82.568,513.8448599392989
10322,82.576,528.0630782618069
10323,82.584,532.0899638227477
10324,82.592,522.1412623037922
10325,82.6,498.646438826398
10326,82.608,466.09027098182594
10327,82.616,428.4553909606194
10328,82.624,386.7495918748474
10329,82.632,341.9067765385139
10330,82.64,297.5142945443421
10331,82.648,258.55642336887485
10332,82.656,227.1370377555017
10333,82.664,201.54750482480367
10334,82.672,179.79106705444593
10335,82.68,162.32438173953955
10336,82.688,151.32274637645992
10337,82.696,146.44671478159103
10338,82.704,143.73284531576303
10339,82.712,139.56563870835225
10340,82.72,133.61513353478557
10341,82.728,128.1766763396185
10342,82.736,124.2925269235765
10343,82.744,120.29708864604065
10344,82.752,114.89004121067883
10345,82.76,109.41841298791354
10346,82.768,106.69861154742281
10347,82.776,106.89140243835631
10348,82.784,106.23705209677868
10349,82.792,100.80864126273606
10350,82.8,90.07907474259264
10351,82.808,76.69496864288483
10352,82.816,62.17864814664442
10353,82.824,44.93149739215498
10354,82.832,23.04063668327435
10355,82.84,-3.0244730573493044
10356,82.848,-30.619157403632638
10357,82.856,-58.59262984359904
10358,82.864,-88.76191161417678
10359,82.872,-122.48209451919186
10360,82.88,-157.67060117389826
10361,82.888,-189.72915771586764
10362,82.896,-215.89731898708547
10363,82.904,-236.8579027164122
10364,82.912,-253.70513903773156
10365,82.92,-265.02185646111195
10366,82.928,-267.0033266042019
10367,82.936,-257.6480659343816
10368,82.944,-238.60060424191118
10369,82.952,-211.5514145313586
10370,82.96,-175.52902323854582
10371,82.968,-128.1188586686663
10372,82.976,-69.36745784506152
10373,82.984,-3.1677456248612117
10374,82.992,65.73637436360455
10375,83.0,135.00565786127217
10376,83.008,204.92331187408922
10377,83.016,274.6344120971537
10378,83.024,340.4767438923435
10379,83.032,399.1752304751635
10380,83.04,450.60572753056164
10381,83.048,497.0223200864271
10382,83.056,538.9628932782714
10383,83.064,573.5097606774584
10384,83.072,597.3741366393444
10385,83.08,609.9759324911506
10386,83.088,613.1752555904271
10387,83.096,607.2925936483135
10388,83.104,588.9064209974769
10389,83.112,553.3731559134445
10390,83.12,497.9849046569009
10391,83.128,422.44085536939633
10392,83.136,325.8413635794566
10393,83.144,205.4725338865333
10394,83.152,60.3403258888261
10395,83.16,-104.9665301290475
10396,83.168,-280.4633537560741
10397,83.176,-455.88960959580606
10398,83.184,-623.9687942709651
10399,83.192,-778.1162326247438
10400,83.2,-909.6592660735104
10401,83.208,-1009.0793268909829
10402,83.216,-1071.3185081952956
10403,83.224,-1097.9422725091515
10404,83.232,-1093.390874810714
10405,83.24,-1061.032846449801
10406,83.248,-1002.9068011980487
10407,83.256,-923.2226160364467
10408,83.264,-829.6172001068293
10409,83.272,-729.8152248179348
10410,83.28,-628.3870802672855
10411,83.288,-526.9456300781646
10412,83.296,-428.2166157851527
10413,83.304,-337.4438022049518
10414,83.312,-258.7244718453133
10415,83.32,-192.23808986229005
10416,83.328,-135.20872383304683
10417,83.336,-86.13032982593808
10418,83.344,-46.667806828001574
10419,83.352,-18.444269633987588
10420,83.36,0.13185066155639902
10421,83.368,12.993130740609232
10422,83.376,22.05587113803564
10423,83.384,25.64354334331577
10424,83.392,21.601454766969027
10425,83.4,10.509231010814034
10426,83.408,-4.227952953179852
10427,83.416,-20.301107377085543
10428,83.424,-38.463333938265066
10429,83.432,-59.53716471758594
10430,83.44,-81.35657201459475
10431,83.448,-99.40829110611065
10432,83.456,-111.47019152750059
10433,83.464,-119.29785239742415
10434,83.472,-124.6872698922316
10435,83.48,-126.30060582497362
10436,83.488,-120.61463673181544
10437,83.496,-106.01184788919397
10438,83.504,-84.15109485627926
10439,83.512,-56.774128751924025
10440,83.52,-23.144184103328
10441,83.528,19.15266775668374
10442,83.536,70.66419700226245
10443,83.544,128.96583665891518
10444,83.552,191.48706089817864
10445,83.56,257.7741817203545
10446,83.568,328.53883765486626
10447,83.576,401.55603647709825
10448,83.584,470.46377387775885
10449,83.592,528.7454958903743
10450,83.6,573.5316829118239
10451,83.608,605.7538128148009
10452,83.616,626.3404102317912
10453,83.624,634.2877250547931
10454,83.632,629.4174969358127
10455,83.64,614.7997163824132
10456,83.648,595.5171217726554
10457,83.656,574.3318495020892
10458,83.664,550.1281181035928
10459,83.672,521.1733395965529
10460,83.68,488.31898197792293
10461,83.688,454.5867150643887
10462,83.696,421.0605931178397
10463,83.704,385.38851084397413
10464,83.712,345.0203294307613
10465,83.72,300.243198004562
10466,83.728,254.06016645084776
10467,83.736,208.37239560054314
10468,83.744,162.34873974051172
10469,83.752,115.65997617885691
10470,83.76,71.27243864186144
10471,83.768,34.61894605609662
10472,83.776,9.035156545918696
10473,83.784,-6.842756984177214
10474,83.792,-16.24603417924177
10475,83.8,-20.519122571110458
10476,83.808,-19.0472126494505
10477,83.816,-13.273140477234524
10478,83.824,-7.893254291360542
10479,83.832,-6.792318521913444
10480,83.84,-9.491076936583752
10481,83.848,-11.800735535893672
10482,83.856,-10.6001330539806
10483,83.864,-6.253858624223831
10484,83.872,0.1246082346899442
10485,83.88,9.509077130719291
10486,83.888,24.335133254904108
10487,83.896,44.268828559828115
10488,83.904,64.73521852524446
10489,83.912,80.60939813268845
10490,83.92,89.31255689152225
10491,83.928,90.01109271228516
10492,83.936,79.78021012884098
10493,83.944,53.086814886540125
10494,83.952,6.1650055959761545
10495,83.96,-59.640177863927434
10496,83.968,-138.54922086990513
10497,83.976,-224.65764116704284
10498,83.984,-314.2428960648956
10499,83.992,-403.60096878536433
10500,84.0,-486.73057131860514
10501,84.008,-555.9548732650776
10502,84.016,-606.1343541054573
10503,84.024,-636.6705410355287
10504,84.032,-648.2922658062565
10505,84.04,-639.8684948181397
10506,84.048,-609.0428439820383
10507,84.056,-556.1552723417523
10508,84.064,-485.3674173595018
10509,84.072,-401.3282543510195
10510,84.08,-306.45441481489155
10511,84.088,-201.69545647464435
10512,84.096,-90.64688523130252
10513,84.104,19.056504809240977
10514,84.112,119.56210447700155
10515,84.12,206.63287853486617
10516,84.128,279.5819082074195
10517,84.136,337.18575874298926
10518,84.144,376.25177011636544
10519,84.152,395.13281209023455
10520,84.16,396.66309175919434
10521,84.168,387.33063056276774
10522,84.176,372.70489020670664
10523,84.184,355.19517346439477
10524,84.192,336.5130832676879
10525,84.2,320.02784847186314
10526,84.208,310.30506783427984
10527,84.216,309.09466701398844
10528,84.224,313.38787105860337
10529,84.232,318.9834288119066
10530,84.24,324.1219760964034
10531,84.248,329.0359933659711
10532,84.256,332.08239532934095
10533,84.264,328.7405664426079
10534,84.272,315.3644014882268
10535,84.28,292.44496374348324
10536,84.288,263.9908769073296
10537,84.296,233.12953960196592
10538,84.304,200.22038674674445
10539,84.312,165.70559327276317
10540,84.32,132.42555586438013
10541,84.328,104.61401187448098
10542,84.336,83.97090566708374
10543,84.344,68.20170261144312
10544,84.352,54.114407854801016
10545,84.36,40.93431696724363
10546,84.368,30.460522623958298
10547,84.376,23.10059532771669
10548,84.384,15.82409746157333
10549,84.392,5.173384736740047
10550,84.4,-9.458072576809172
10551,84.408,-26.04491014858283
10552,84.416,-44.06149012746377
10553,84.424,-66.07070456886385
10554,84.432,-94.33552177239892
10555,84.44,-127.79329375503164
10556,84.448,-162.4185466520383
10557,84.456,-195.37135413315656
10558,84.464,-227.0148793289435
10559,84.472,-257.6623169480499
10560,84.48,-284.5436772765579
10561,84.488,-302.8003218347111
10562,84.496,-309.8756654091417
10563,84.504,-307.1569666439051
10564,84.512,-296.82089925163814
10565,84.52,-278.79079170417606
10566,84.528,-251.1920781168817
10567,84.536,-214.5438022566372
10568,84.544,-173.04645656224372
10569,84.552,-130.5131349876448
10570,84.56,-87.23812122404627
10571,84.568,-41.02123582503816
10572,84.576,8.729570941312716
10573,84.584,59.449318347754826
10574,84.592,108.30602516649904
10575,84.6,155.05407111770242
10576,84.608,201.93643521009818
10577,84.616,249.97778254416605
10578,84.624,296.9681580625745
10579,84.632,340.3001223097127
10580,84.64,380.2828223341579
10581,84.648,419.81211414825987
10582,84.656,459.93641478801857
10583,84.664,497.72836790104867
10584,84.672,529.3669420772296
10585,84.68,553.404071278056
10586,84.688,569.9929847308025
10587,84.696,575.9618886423191
10588,84.704,563.0737350602116
10589,84.712,522.2291029745829
10590,84.72,447.85106167149513
10591,84.728,338.8894580336408
10592,84.736,195.9053895240043
10593,84.744,19.75739615501982
10594,84.752,-185.08959391898327
10595,84.76,-407.62651754167615
10596,84.768,-632.0193535672652
10597,84.776,-843.9707402860759
10598,84.784,-1034.4634387423707
10599,84.792,-1197.5788775154738
10600,84.8,-1327.6661358392394
10601,84.808,-1419.7981607312365
10602,84.816,-1473.576158919313
10603,84.824,-1494.0301142353912
10604,84.832,-1487.6240819729956
10605,84.84,-1458.9973047059168
10606,84.848,-1411.1720981311885
10607,84.856,-1348.673036187443
10608,84.864,-1278.4146615843183
10609,84.872,-1206.3432009860767
10610,84.88,-1134.1800686126467
10611,84.888,-1059.762120927778
10612,84.896,-981.5508993806905
10613,84.904,-900.9588823988893
10614,84.912,-819.8630827893616
10615,84.92,-738.309535467716
10616,84.928,-655.216642338488
10617,84.936,-572.1928007746968
10618,84.944,-494.7369916103263
10619,84.952,-428.1335616834832
10620,84.96,-373.7763232320558
10621,84.968,-329.7946937452286
10622,84.976,-295.1327860711261
10623,84.984,-271.1489931159037
10624,84.992,-258.76477785560934
10625,85.0,-255.50476552873107
10626,85.008,-256.0939187255979
10627,85.016,-257.1274094592943
10628,85.024,-258.86857979102814
10629,85.032,-261.95083609878236
10630,85.04,-264.59552449895426
10631,85.048,-263.12437175415454
10632,85.056,-255.893367557111
10633,85.064,-244.74913350814927
10634,85.072,-231.60159825010112
10635,85.08,-215.54573686766525
10636,85.088,-193.40137557061553
10637,85.096,-163.63370669175902
10638,85.104,-128.07999534732596
10639,85.112,-88.75028811680659
10640,85.12,-44.84606668303422
10641,85.128,6.550573427959193
10642,85.136,66.3669169912946
10643,85.144,131.69322607869503
10644,85.152,198.70516623576907
10645,85.16,265.86177960801626
10646,85.168,333.85994599247533
10647,85.176,401.8176380305508
10648,85.184,465.59066419192493
10649,85.192,521.0170148986963
10650,85.2,567.0408122340382
10651,85.208,605.1689554252241
10652,85.216,635.6294428714136
10653,85.224,656.04602779047
10654,85.232,664.4473343556851
10655,85.24,661.9222432664933
10656,85.248,652.1345009579078
10657,85.256,637.5640186099441
10658,85.264,617.9526606944851
10659,85.272,593.0004820171348
10660,85.28,564.6853108608988
10661,85.288,536.6605155091329
10662,85.296,510.39756626186613
10663,85.304,483.4672051114188
10664,85.312,453.00268294492116
10665,85.32,419.27164102338656
10666,85.328,385.37331306649935
10667,85.336,353.3647709677226
10668,85.344,322.55741068180714
10669,85.352,292.21609259069055
10670,85.36,264.41331714115495
10671,85.368,243.6433264071992
10672,85.376,232.81396563492422
10673,85.384,231.55174991797787
10674,85.392,238.77719302685045
10675,85.4,254.75528531971213
10676,85.408,280.49553096274894
10677,85.416,314.6354840590793
10678,85.424,352.5616146064251
10679,85.432,389.7479834553485
10680,85.44,424.99294134521006
10681,85.448,460.25769097649027
10682,85.456,496.57051539788506
10683,85.464,532.0954692284597
10684,85.472,564.9593230617294
10685,85.48,595.7405830665296
10686,85.488,626.5562232516052
10687,85.496,656.9695985367778
10688,85.504,682.4975537727211
10689,85.512,697.7672509021015
10690,85.52,699.4009721658396
10691,85.528,685.8540104782744
10692,85.536,654.1914011246633
10693,85.544,599.4212328724401
10694,85.552,518.6414363371854
10695,85.56,414.6208788802628
10696,85.568,295.31782408354553
10697,85.576,169.29482776101423
10698,85.584,42.83927311157845
10699,85.592,-78.23816067015207
10700,85.6,-186.4872231640664
10701,85.608,-273.78643181436394
10702,85.616,-335.6532074456817
10703,85.624,-372.93615245166353
10704,85.632,-388.10567173694596
10705,85.64,-381.52101538419896
10706,85.648,-351.8828298339221
10707,85.656,-300.41219664422385
10708,85.664,-232.26409131852023
10709,85.672,-153.1621941416276
10710,85.68,-66.2553717646216
10711,85.688,27.546818528976814
10712,85.696,125.61703529874399
10713,85.704,222.1720432253157
10714,85.712,311.6757083692712
10715,85.72,391.87435924576005
10716,85.728,463.3454947256583
10717,85.736,525.6119874274984
10718,85.744,575.5980560014805
10719,85.752,610.6887802531094
10720,85.76,631.4709361478401
10721,85.768,641.1121780151751
10722,85.776,641.1261337967719
10723,85.784,629.4207336411436
10724,85.792,603.7909946252475
10725,85.8,565.5631040812367
10726,85.808,519.0509735685948
10727,85.816,467.0434517080042
10728,85.824,408.90547448831495
10729,85.832,343.7780217763466
10730,85.84,273.6473405988874
10731,85.848,202.79497486533631
10732,85.856,133.78630165146734
10733,85.864,65.93597023133142
10734,85.872,-1.5354055910521538
10735,85.88,-66.61216888006865
10736,85.888,-125.07939889239506
10737,85.896,-174.73143774102095
10738,85.904,-217.21127054445972
10739,85.912,-254.62131676684385
10740,85.92,-286.1058215414316
10741,85.928,-308.00316699035545
10742,85.936,-317.4753059125336
10743,85.944,-314.4411526932124
10744,85.952,-299.416352288258
10745,85.96,-271.223186332209
10746,85.968,-227.59177474433392
10747,85.976,-168.8618585167306
10748,85.984,-99.62160513309345
10749,85.992,-25.9185299941727
10750,86.0,48.03636959782409
10751,86.008,120.28109009568328
10752,86.016,187.80833696452214
10753,86.024,245.22940628664634
10754,86.032,288.18330327544254
10755,86.04,316.73428985339353
10756,86.048,334.7216963101835
10757,86.056,344.9335377786787
10758,86.064,346.85909595342133
10759,86.072,339.5507967008516
10760,86.08,324.43991689213914
10761,86.088,304.82496470147544
10762,86.096,281.847863955932
10763,86.104,253.0885287440218
10764,86.112,216.3293433812396
10765,86.12,172.82645706492514
10766,86.128,126.58883710705385
10767,86.136,80.32342819428177
10768,86.144,33.93056514891484
10769,86.152,-12.606567532725421
10770,86.16,-56.61829567354019
10771,86.168,-93.35152144462836
10772,86.176,-120.172124214615
10773,86.184,-138.6331029797094
10774,86.192,-151.59523732343882
10775,86.2,-159.8055829311511
10776,86.208,-161.61741109891378
10777,86.216,-156.9905057831024
10778,86.224,-149.39162114644762
10779,86.232,-142.2621292022482
10780,86.24,-135.75056202794943
10781,86.248,-127.33696978843477
10782,86.256,-115.64590838415083
10783,86.264,-101.74508596873295
10784,86.272,-86.18798433587278
10785,86.28,-66.50929581921639
10786,86.288,-38.210046044357114
10787,86.296,0.5616661953501989
10788,86.304,46.906428813512036
10789,86.312,96.3376441996966
10790,86.32,145.86805189393323
10791,86.328,193.64978158228163
10792,86.336,235.52458340491435
10793,86.344,264.30971508567006
10794,86.352,273.44989105662603
10795,86.36,259.97366943058245
10796,86.368,224.22869370953794
10797,86.376,166.38378848960815
10798,86.384,85.26902025458696
10799,86.392,-18.072296197868695
10800,86.4,-137.5286955723838
10801,86.408,-263.2516514009119
10802,86.416,-386.73381119372175
10803,86.424,-503.4035032676361
10804,86.432,-610.0159339140666
10805,86.44,-701.7228888517117
10806,86.448,-772.825285509294
10807,86.456,-821.2232576109097
10808,86.464,-849.5578126512446
10809,86.472,-861.1230357926562
10810,86.48,-856.8570320638783
10811,86.488,-835.8640879314642
10812,86.496,-798.7601473082943
10813,86.504,-749.142922816847
10814,86.512,-690.7841683312113
10815,86.52,-624.7647560698884
10816,86.528,-550.3487676545258
10817,86.536,-469.18478895430474
10818,86.544,-386.28677384609114
10819,86.552,-306.67933379216385
10820,86.56,-232.96005670256608
10821,86.568,-165.7075998493346
10822,86.576,-106.75406790951908
10823,86.584,-60.11445723287457
10824,86.592,-28.28636115024709
10825,86.6,-9.21339121876349
10826,86.608,2.663377850697401
10827,86.616,11.759430260050138
10828,86.624,19.25807906338511
10829,86.632,25.66607199286787
10830,86.64,33.11608386383034
10831,86.648,44.59598128143401
10832,86.656,60.047986214038644
10833,86.664,75.08753950497068
10834,86.672,84.84029065177192
10835,86.68,87.72530700351616
10836,86.688,85.41330273855668
10837,86.696,78.66471881537439
10838,86.704,65.44865871532015
10839,86.712,44.43565578288121
10840,86.72,18.29261645948867
10841,86.728,-7.3540643822428535
10842,86.736,-28.69436960983117
10843,86.744,-45.62787696890754
10844,86.752,-58.660280689544095
10845,86.76,-66.15943017070953
10846,86.768,-65.1811334483225
10847,86.776,-55.43249389418855
10848,86.784,-40.38791011119278
10849,86.792,-23.707203266702635
10850,86.8,-6.089784237618659
10851,86.808,14.241434016439385
10852,86.816,37.49261108309395
10853,86.824,60.87619738877123
10854,86.832,81.74891208845142
10855,86.84,100.18574716951294
10856,86.848,118.62208336783787
10857,86.856,138.17101075793198
10858,86.864,156.69269388150107
10859,86.872,171.6977550374485
10860,86.88,183.41550851616358
10861,86.888,194.09852027056064
10862,86.896,203.74211728819392
10863,86.904,208.96146799900183
10864,86.912,207.1000928262039
10865,86.92,199.2764192092353
10866,86.928,189.1110473494067
10867,86.936,178.24181067991273
10868,86.944,164.73863984420342
10869,86.952,146.64443130465867
10870,86.96,125.26329120337576
10871,86.968,104.22935674172993
10872,86.976,84.91546554287265
10873,86.984,65.00494309799265
10874,86.992,42.34761428840616
10875,87.0,18.30852833619167
10876,87.008,-3.2020597807673425
10877,87.016,-20.404765831093158
10878,87.024,-35.145206461066664
10879,87.032,-49.27059628044836
10880,87.04,-61.59625693931733
10881,87.048,-68.5819539190795
10882,87.056,-68.5701734277618
10883,87.064,-63.66696762219078
10884,87.072,-56.768591343462674
10885,87.08,-48.42617522814106
10886,87.088,-36.970478343787875
10887,87.096,-22.639361377961364
10888,87.104,-9.359563347938888
10889,87.112,-1.2140064824044998
10890,87.12,0.38361863882133207
10891,87.128,-4.414101629705499
10892,87.136,-17.557949359040407
10893,87.144,-43.800585878917104
10894,87.152,-86.85634624783432
10895,87.16,-145.69790822085787
10896,87.168,-214.69253404761915
10897,87.176,-288.2762885409401
10898,87.184,-363.319638138215
10899,87.192,-436.12295616903003
10900,87.2,-500.16627275836794
10901,87.208,-547.9646219672472
10902,87.216,-575.454862475523
10903,87.224,-583.1105111070382
10904,87.232,-572.6590257492542
10905,87.24,-544.2865044540872
10906,87.248,-497.07694270656145
10907,87.256,-432.7883272193973
10908,87.264,-357.1426976714027
10909,87.272,-276.291812084767
10910,87.28,-193.63112523651864
10911,87.288,-109.97850055724479
10912,87.296,-27.141641037622378
10913,87.304,50.403202733574915
10914,87.312,118.49203562291929
10915,87.32,176.24353606358753
10916,87.328,225.220143378658
10917,87.336,265.2008721225191
10918,87.344,292.7677953712317
10919,87.352,304.7089019479225
10920,87.36,301.34920079267124
10921,87.368,286.3146208529195
10922,87.376,262.3221773635747
10923,87.384,229.1849393914303
10924,87.392,186.76601249499652
10925,87.4,137.91659114616118
10926,87.408,88.10457330136126
10927,87.416,41.332390032419426
10928,87.424,-2.0556719690337957
10929,87.432,-42.474115779506775
10930,87.44,-77.93761796931318
10931,87.448,-104.78116106769845
10932,87.456,-121.8960584610188
10933,87.464,-132.12590616350235
10934,87.472,-138.89034564960434
10935,87.48,-142.99060789462442
10936,87.488,-142.70015643615736
10937,87.496,-137.5786538176736
10938,87.504,-130.2093200648102
10939,87.512,-122.99478090837664
10940,87.52,-115.18908538823972
10941,87.528,-103.47033943143397
10942,87.536,-85.81620141127453
10943,87.544,-63.63720453542648
10944,87.552,-39.31159429576178
10945,87.56,-12.909363879725596
10946,87.568,17.700708188047017
10947,87.576,52.812182144173185
10948,87.584,89.21991094618069
10949,87.592,123.27047193572128
10950,87.6,153.76335491738814
10951,87.608,181.43933518687476
10952,87.616,205.14906863463847
10953,87.624,220.92116461452517
10954,87.632,225.81170778064086
10955,87.64,220.76420538642472
10956,87.648,209.45663283646175
10957,87.656,194.0120994616895
10958,87.664,173.53425945123726
10959,87.672,147.19336544905315
10960,87.68,116.91549124848456
10961,87.688,86.89524414087998
10962,87.696,59.65998748459356
10963,87.704,34.36046004110008
10964,87.712,9.964471099746824
10965,87.72,-11.951331612229197
10966,87.728,-27.943274745241688
10967,87.736,-36.440051981766146
10968,87.744,-39.430033387600716
10969,87.752,-39.782872691173395
10970,87.76,-38.22744770522576
10971,87.768,-33.58488654103451
10972,87.776,-26.470985809317845
10973,87.784,-20.394279931424236
10974,87.792,-18.276463373669664
10975,87.8,-19.433736724371006
10976,87.808,-20.178493486221562
10977,87.816,-18.173467423657303
10978,87.824,-14.467008132012214
10979,87.832,-10.481640294645473
10980,87.84,-4.968145532953116
10981,87.848,5.479936242159296
10982,87.856,22.188433203872666
10983,87.864,42.535956523776306
10984,87.872,63.35113489904437
10985,87.88,84.44341399035014
10986,87.888,107.88224756123057
10987,87.896,133.20370408768463
10988,87.904,155.7545435616137
10989,87.912,170.35103460533207
10990,87.92,174.70691221490722
10991,87.928,169.2881884675638
10992,87.936,153.16113153603396
10993,87.944,122.39469181755726
10994,87.952,74.0294927766941
10995,87.96,9.63807603979221
10996,87.968,-65.26262026092105
10997,87.976,-145.69358214387427
10998,87.984,-229.5298317019025
10999,87.992,-314.77089960300736
11000,88.0,-396.60548968632804
11001,88.008,-467.9100577270432
11002,88.016,-523.5212442880788
11003,88.024,-562.3375275894246
11004,88.032,-584.2679920176552
11005,88.04,-587.1524074390625
11006,88.048,-567.638352684308
11007,88.056,-525.6636473151128
11008,88.064,-466.08565761458806
11009,88.072,-394.9681706983911
11010,88.08,-315.7378614762884
11011,88.088,-229.45148015761993
11012,88.096,-139.19380945535488
11013,88.104,-51.355025765365724
11014,88.112,28.561400526942748
11015,88.12,99.2278771736253
11016,88.128,162.41153651425256
11017,88.136,218.42559083982744
11018,88.144,264.37781774252784
11019,88.152,297.419644513663
11020,88.16,318.0158122185704
11021,88.168,329.83774257988654
11022,88.176,335.72775144630344
11023,88.184,335.62759022477655
11024,88.192,329.44993161971547
11025,88.2,319.77453546841275
11026,88.208,310.78100600239634
11027,88.216,303.8778233089464
11028,88.224,296.2374471612345
11029,88.232,284.3460473747279
11030,88.24,267.09824789145716
11031,88.248,245.30144635312757
11032,88.256,218.39949551245462
11033,88.264,183.9115460323803
11034,88.272,140.84930400023248
11035,88.28,92.36426338108762
11036,88.288,44.89367590010542
11037,88.296,3.5045995243592927
11038,88.304,-30.63609007221632
11039,88.312,-57.52932057507205
11040,88.32,-75.18667214120318
11041,88.328,-79.97124182873026
11042,88.336,-70.5746048174311
11043,88.344,-49.40415094659612
11044,88.352,-19.18531276025594
11045,88.36,19.89550646414986
11046,88.368,69.48392550750069
11047,88.376,129.01472813747387
11048,88.384,194.11587701491723
11049,88.392,260.115008089857
11050,88.4,325.60081799270915
11051,88.408,392.01528579360547
11052,88.416,459.38770056389126
11053,88.424,524.5710961432208
11054,88.432,584.1382504343189
11055,88.44,637.1397510508432
11056,88.448,684.702891046152
11057,88.456,726.022823626108
11058,88.464,756.7283963332418
11059,88.472,772.3858257507619
11060,88.48,771.7986454905824
11061,88.488,756.6475546297492
11062,88.496,727.7010283567316
11063,88.504,683.4524086652008
11064,88.512,623.4327846456846
11065,88.52,551.0453882503963
11066,88.528,472.57317462113656
11067,88.536,392.52384452301646
11068,88.544,311.4844873490603
11069,88.552,229.29826251173
11070,88.56,148.33473034221618
11071,88.568,72.93289970591042
11072,88.576,5.272715265765328
11073,88.584,-56.093810395354694
11074,88.592,-112.77414716614277
11075,88.6,-163.39165846087798
11076,88.608,-204.4534774258238
11077,88.616,-234.7770225904368
11078,88.624,-256.9402502525112
11079,88.632,-273.83378689319596
11080,88.64,-285.6453766593123
11081,88.648,-290.295677399125
11082,88.656,-287.3007476680511
11083,88.664,-279.192990464029
11084,88.672,-268.25235882443855
11085,88.68,-253.74511008167894
11086,88.688,-232.5267721725354
11087,88.696,-202.9877295562598
11088,88.704,-167.1781309633664
11089,88.712,-128.27907484058017
11090,88.72,-87.5882540537624
11091,88.728,-44.71641270385862
11092,88.736,-1.4382276900442434
11093,88.744,36.730201718290175
11094,88.752,63.87962194186332
11095,88.76,77.19374058322973
11096,88.768,76.73914052003522
11097,88.776,61.254401563001124
11098,88.784,26.634120740028607
11099,88.792,-30.115896388367446
11100,88.8,-107.26952671195113
11101,88.808,-198.75507524715408
11102,88.816,-298.3467205733024
11103,88.824,-402.1220052429966
11104,88.832,-506.2679974730904
11105,88.84,-604.5757613906251
11106,88.848,-689.411271425447
11107,88.856,-756.0259664980576
11108,88.864,-804.0071410889826
11109,88.872,-834.0233455994552
11110,88.88,-845.0914051966275
11111,88.888,-835.2281815632205
11112,88.896,-805.0975703734033
11113,88.904,-759.0824790856955
11114,88.912,-701.7354826516797
11115,88.92,-634.6084319233371
11116,88.928,-556.9949556471249
11117,88.936,-470.32435674474607
11118,88.944,-379.84358878184787
11119,88.952,-291.3411441770569
11120,88.96,-207.94657066199062
11121,88.968,-130.3694284421772
11122,88.976,-60.52564650218528
11123,88.984,-2.246364902793829
11124,88.992,42.552451655536004
11125,89.0,76.2710755454445
11126,89.008,104.07807137658969
11127,89.016,129.2001791291155
11128,89.024,150.84737980231318
11129,89.032,167.27107825428067
11130,89.04,178.97112954999713
11131,89.048,188.5269299754883
11132,89.056,196.79226399371444
11133,89.064,201.32783357799073
11134,89.072,199.90321917751706
11135,89.08,193.6254827783665
11136,89.088,185.8800147703534
11137,89.096,177.98039039393186
11138,89.104,167.6117876627163
11139,89.112,152.07801044210524
11140,89.12,131.6875255661035
11141,89.128,109.72029601646398
11142,89.136,88.53244615832907
11143,89.144,67.78367815160306
11144,89.152,47.300916898817135
11145,89.16,29.69957903551291
11146,89.168,19.454774123679982
11147,89.176,18.49447808560737
11148,89.184,24.352463374164117
11149,89.192,33.278882200323096
11150,89.2,43.55808642015576
11151,89.208,55.864916415485695
11152,89.216,70.11944593769678
11153,89.224,84.14299601745918
11154,89.232,96.58230242605815
11155,89.24,109.42753710078398
11156,89.248,126.73844810133814
11157,89.256,149.77927480276804
11158,89.264,175.26782310742988
11159,89.272,199.0752752550347
11160,89.28,219.62253163337945
11161,89.288,237.77228569966024
11162,89.296,253.23015065131204
11163,89.304,263.0090397144407
11164,89.312,264.7901328076
11165,89.32,259.958722326209
11166,89.328,252.53780685717248
11167,89.336,244.68913772221168
11168,89.344,234.6770115518938
11169,89.352,219.77806655266068
11170,89.36,199.84826468992472
11171,89.368,177.49540867454272
11172,89.376,154.1376395672187
11173,89.384,128.4027636588956
11174,89.392,99.51324748980039
11175,89.4,70.0749363558557
11176,89.408,44.740613749662316
11177,89.416,25.567544175495044
11178,89.424,10.455387511095182
11179,89.432,-3.2787856076872686
11180,89.44,-15.535648963333443
11181,89.448,-23.73528074816528
11182,89.456,-26.66675826020912
11183,89.464,-25.833281597115842
11184,89.472,-22.069983545288608
11185,89.48,-13.145784990632762
11186,89.488,4.361633239664087
11187,89.496,30.461854617721258
11188,89.504,60.67740257405717
11189,89.512,89.71958440194084
11190,89.52,114.69244452198268
11191,89.528,134.60832897227078
11192,89.536,146.11850618723406
11193,89.544,142.1597037343056
11194,89.552,116.3776804523338
11195,89.56,67.31402164690212
11196,89.568,-1.759303152280438
11197,89.576,-86.96446695986208
11198,89.584,-185.66145899546507
11199,89.592,-293.7933845737758
11200,89.6,-403.76422268028364
11201,89.608,-505.85115789307594
11202,89.616,-592.7706981227591
11203,89.624,-661.5928743623108
11204,89.632,-710.998615514232
11205,89.64,-738.7317503188511
11206,89.648,-742.1465400575632
11207,89.656,-721.7757501277187
11208,89.664,-682.4054913841276
11209,89.672,-629.7464428005745
11210,89.68,-567.2469317363098
11211,89.688,-495.86449655642764
11212,89.696,-417.6040060696025
11213,89.704,-337.3040575049834
11214,89.712,-259.61822567614826
11215,89.72,-186.11434858797725
11216,89.728,-115.98740666151971
11217,89.736,-50.115548738538195
11218,89.744,7.492427343635185
11219,89.752,53.17781548740335
11220,89.76,87.13228010681948
11221,89.768,113.18478184320745
11222,89.776,134.4150052213028
11223,89.784,150.89563675563022
11224,89.792,162.5010711059005
11225,89.8,171.8599924126593
11226,89.808,183.65613564387397
11227,89.816,199.9089322497855
11228,89.824,217.86567104615332
11229,89.832,233.33647023289532
11230,89.84,243.9482975976073
11231,89.848,249.11086085166178
11232,89.856,247.05577844464327
11233,89.864,234.2743648681051
11234,89.872,209.00918035785438
11235,89.88,173.95518678478425
11236,89.888,135.31909279476395
11237,89.896,98.14132759117948
11238,89.904,63.83715672199895
11239,89.912,32.776112737766454
11240,89.92,6.933888233327821
11241,89.928,-10.629900279484488
11242,89.936,-19.420182912121845
11243,89.944,-22.743061592138545
11244,89.952,-24.03749647012816
11245,89.96,-23.365466022711473
11246,89.968,-18.06185140828333
11247,89.976,-7.351701363069267
11248,89.984,5.831611992762234
11249,89.992,18.411073785503312
11250,90.0,30.311204391275716
11251,90.008,43.51859338291599
11252,90.016,58.00615508080621
11253,90.024,70.61277245221532
11254,90.032,78.63656876054759
11255,90.04,83.01108567942168
11256,90.048,87.47390693550983
11257,90.056,93.84151891137877
11258,90.064,100.01954280140318
11259,90.072,103.32078607227432
11260,90.08,103.82198004229932
11261,90.088,103.94545217616161
11262,90.096,104.35392173595869
11263,90.104,102.88024564393808
11264,90.112,98.32816979300081
11265,90.12,93.13828260384449
11266,90.128,92.14499672448414
11267,90.136,97.94598058835905
11268,90.144,108.78460831098224
11269,90.152,121.52109239032822
11270,90.16,134.70542252920092
11271,90.168,148.5092172106524
11272,90.176,161.49431349305598
11273,90.184,169.7196475576296
11274,90.192,170.39825857367234
11275,90.2,164.9954712426314
11276,90.208,158.18393494493594
11277,90.216,152.8912740681072
11278,90.224,148.0690432443378
11279,90.232,141.87643650587452
11280,90.24,134.8674420112695
11281,90.248,129.629341976022
11282,90.256,127.10207835518779
11283,90.264,125.42274177620394
11284,90.272,123.32356757407244
11285,90.28,122.73617780556387
11286,90.288,127.48937384525533
11287,90.296,138.85125563323538
11288,90.304,153.80096922186942
11289,90.312,168.14584017698175
11290,90.32,179.83090926532194
11291,90.328,188.91975220982792
11292,90.336,193.73422478083495
11293,90.344,189.2774132211408
11294,90.352,170.75194937587224
11295,90.36,137.17435544119655
11296,90.368,91.2547318006244
11297,90.376,35.23234986503218
11298,90.384,-30.831853905107664
11299,90.392,-105.574788912244
11300,90.4,-183.37445998339828
11301,90.408,-255.59031338150464
11302,90.416,-315.3406676913461
11303,90.424,-359.44668639291774
11304,90.432,-385.47904623745904
11305,90.44,-389.29166535413435
11306,90.448,-366.29705044630873
11307,90.456,-316.1650354102969
11308,90.464,-244.5671559108689
11309,90.472,-159.26250070714332
11310,90.48,-66.0112503522522
11311,90.488,31.67958620617577
11312,90.496,129.11139022364256
11313,90.504,219.34095896424736
11314,90.512,296.4805729119046
11315,90.52,358.2883457364624
11316,90.528,405.28783398045204
11317,90.536,436.59866174728785
11318,90.544,448.2925582849672
11319,90.552,436.9398742752157
11320,90.56,403.27255471252715
11321,90.568,352.04557074505306
11322,90.576,287.80149350931293
11323,90.584,212.73378667386868
11324,90.592,129.3913638442247
11325,90.6,42.824451684502804
11326,90.608,-40.86415902988432
11327,90.616,-118.49722442796775
11328,90.624,-191.12201855517614
11329,90.632,-260.8435083978601
11330,90.64,-327.42978135763497
11331,90.648,-388.20249789104525
11332,90.656,-441.79420619893716
11333,90.664,-489.8125228798059
11334,90.672,-533.6985183766517
11335,90.68,-571.8408140421891
11336,90.688,-600.5524471851318
11337,90.696,-618.267578781907
11338,90.704,-626.9308305554505
11339,90.712,-629.0444505221077
11340,90.72,-624.8672522283364
11341,90.728,-612.2836593775795
11342,90.736,-590.3544274439273
11343,90.744,-561.4177853930773
11344,90.752,-528.2805412504193
11345,90.76,-490.9399057040157
11346,90.768,-446.89264223052635
11347,90.776,-395.27208809024734
11348,90.784,-338.57643751545044
11349,90.792,-279.4203448193575
11350,90.8,-217.67619191826498
11351,90.808,-151.5043150986839
11352,90.816,-81.44314579963785
11353,90.824,-11.435023517115894
11354,90.832,54.92134394356614
11355,90.84,117.56200414899158
11356,90.848,179.06591142965345
11357,90.856,240.07919506904608
11358,90.864,297.86693375086986
11359,90.872,350.0582836031699
11360,90.88,397.67636474983493
11361,90.888,444.38850011290714
11362,90.896,492.32028788184425
11363,90.904,540.053904247902
11364,90.912,585.5538867437317
11365,90.92,629.1140754190296
11366,90.928,672.3897125027116
11367,90.936,714.1270765877689
11368,90.944,749.2292942132334
11369,90.952,772.6367862543517
11370,90.96,782.3900823330209
11371,90.968,779.2559499781709
11372,90.976,763.1594559474877
11373,90.984,731.8778867837718
11374,90.992,684.2740096989696
11375,91.0,622.8123734811186
11376,91.008,552.3822595173809
11377,91.016,476.24123870996414
11378,91.024,394.4170389555966
11379,91.032,306.7941374074019
11380,91.04,216.37598317332572
11381,91.048,128.79057526091844
11382,91.056,47.96896850654946
11383,91.064,-25.461601949652163
11384,91.072,-90.74952624461525
11385,91.08,-144.25441268183727
11386,91.088,-180.82856272129698
11387,91.096,-198.62171878473146
11388,91.104,-201.21006462689633
11389,91.112,-194.3892780396003
11390,91.12,-182.33290423299377
11391,91.128,-167.25828630351486
11392,91.136,-152.93690730582887
11393,91.144,-145.91026425132833
11394,91.152,-152.0450993221595
11395,91.16,-173.320467813025
11396,91.168,-208.21559997805554
11397,91.176,-255.65352733524207
11398,91.184,-316.4582961614966
11399,91.192,-390.078885873939
11400,91.2,-471.63046206402197
11401,91.208,-552.6762344301561
11402,91.216,-626.0581661011738
11403,91.224,-688.4225014997363
11404,91.232,-737.3023193919611
11405,91.24,-768.5407403155119
11406,91.248,-777.7157496708453
11407,91.256,-764.238462405776
11408,91.264,-732.2700667062663
11409,91.272,-686.8946935811861
11410,91.28,-630.6678140791267
11411,91.288,-564.0253865268893
11412,91.296,-489.1509772654871
11413,91.304,-411.21979905659384
11414,91.312,-335.0837286978106
11415,91.32,-262.4422610933096
11416,91.328,-192.698770813806
11417,91.336,-127.10132693951863
11418,91.344,-69.94900682308094
11419,91.352,-24.76606276235937
11420,91.36,9.128764929761495
11421,91.368,35.928624393541966
11422,91.376,58.65498510978936
11423,91.384,77.04559176345484
11424,91.392,90.60373549316446
11425,91.4,101.51474902244783
11426,91.408,113.72318945410098
11427,91.416,128.35710513473978
11428,91.424,142.38224002614155
11429,91.432,152.7649111791617
11430,91.44,159.81409774313306
11431,91.448,166.4557289564815
11432,91.456,174.13866703464683
11433,91.464,181.04444815238284
11434,91.472,185.1307872338495
11435,91.48,186.9767201504279
11436,91.488,189.01772216599298
11437,91.496,191.74422181417097
11438,91.504,192.3180201758725
11439,91.512,187.96047407849875
11440,91.52,179.70652067689454
11441,91.528,172.04964268715236
11442,91.536,168.15676396462294
11443,91.544,167.8220990633109
11444,91.552,170.43539132740298
11445,91.56,177.47353838021837
11446,91.568,191.79836310772976
11447,91.576,213.71890343584514
11448,91.584,239.27405833648757
11449,91.592,263.83386105757825
11450,91.6,285.827830578864
11451,91.608,306.28906085348234
11452,91.616,324.76580044298976
11453,91.624,337.78077017635695
11454,91.632,341.9698261031932
11455,91.64,337.27142268709497
11456,91.648,326.6503460771844
11457,91.656,312.09327429845985
11458,91.664,292.86548208536476
11459,91.672,268.30325752473965
11460,91.68,240.38752907521075
11461,91.688,213.14811720351935
11462,91.696,188.71876435893208
11463,91.704,165.72948098214096
11464,91.712,142.61490734267213
11465,91.72,120.64799743265192
11466,91.728,103.05335290592208
11467,91.736,90.65656516097957
11468,91.744,80.42781393502753
11469,91.752,69.17398351144908
11470,91.76,56.82226166881668
11471,91.768,45.80556151321224
11472,91.776,37.130146630784026
11473,91.784,28.958820656615472
11474,91.792,19.58584667739251
11475,91.8,9.942329752090785
11476,91.808,2.948178673111471
11477,91.816,0.03164616626258976
11478,91.824,-0.16583093466911691
11479,91.832,1.017081736295495
11480,91.84,4.9234869280390114
11481,91.848,14.8527143536231
11482,91.856,31.764060315558027
11483,91.864,52.69438783525615
11484,91.872,74.0550550909314
11485,91.88,94.39289497597633
11486,91.888,113.9763136874852
11487,91.896,131.224091166363
11488,91.904,141.00359156583465
11489,91.912,138.0366336284103
11490,91.92,120.58395466703578
11491,91.928,89.8143949014275
11492,91.936,45.64090338725077
11493,91.944,-14.372624528759616
11494,91.952,-91.33396738458106
11495,91.96,-181.81826464287568
11496,91.968,-278.70879687052707
11497,91.976,-375.8517707483299
11498,91.984,-469.9963875715871
11499,91.992,-557.7912831056951
11500,92.0,-633.3011693877513
11501,92.008,-689.2116394254144
11502,92.016,-721.3359044814532
11503,92.024,-730.5098043473199
11504,92.032,-719.1555753485886
11505,92.04,-687.7605147888846
11506,92.048,-635.4396940025688
11507,92.056,-564.1080782568617
11508,92.064,-479.91952580179
11509,92.072,-389.77610098428056
11510,92.08,-297.78412869566614
11511,92.088,-205.37162880643683
11512,92.096,-115.38928882359272
11513,92.104,-33.693153433479864
11514,92.112,34.67045992423256
11515,92.12,88.99945444961159
11516,92.128,132.05411057986575
11517,92.136,165.43527809087055
11518,92.144,187.97954442211017
11519,92.152,199.1665161645293
11520,92.16,201.8594628315788
11521,92.168,201.0731659719115
11522,92.176,199.21685545574192
11523,92.184,194.3382839075983
11524,92.192,183.98222306338198
11525,92.2,168.3864812331419
11526,92.208,149.48415611350723
11527,92.216,127.25175187613661
11528,92.224,98.81911387948614
11529,92.232,61.98235302700881
11530,92.24,18.42470254049819
11531,92.248,-27.12249526058426
11532,92.256,-71.38063580471498
11533,92.264,-114.12313813308667
11534,92.272,-154.8636082054328
11535,92.28,-190.21757585010917
11536,92.288,-215.13883451836446
11537,92.296,-227.07287212918692
11538,92.304,-227.38019349131923
11539,92.312,-218.38716444650134
11540,92.32,-200.57041037191357
11541,92.328,-172.8004954806465
11542,92.336,-136.09481536798924
11543,92.344,-95.33237301467054
11544,92.352,-55.750746694477044
11545,92.36,-19.164963940951495
11546,92.368,15.80602714591997
11547,92.376,49.651838111653575
11548,92.384,80.07051964539292
11549,92.392,104.89276750741595
11550,92.4,124.99723175592335
11551,92.408,143.4011136067806
11552,92.416,160.9743614889897
11553,92.424,174.80566784376165
11554,92.432,181.46495592517343
11555,92.44,180.3912549929761
11556,92.448,173.6218559447159
11557,92.456,162.0179505220816
11558,92.464,144.20088315313626
11559,92.472,119.9437341281899
11560,92.48,92.44637082585118
11561,92.488,66.65996761794537
11562,92.496,44.619151017481144
11563,92.504,23.803314775891437
11564,92.512,1.06222478508041
11565,92.52,-23.41305350324197
11566,92.528,-46.42206656553499
11567,92.536,-65.96355922343892
11568,92.544,-83.26674259438153
11569,92.552,-99.93439890180653
11570,92.56,-114.670876929751
11571,92.568,-123.93538110635636
11572,92.576,-126.4960811086574
11573,92.584,-125.0464805837218
11574,92.592,-122.67113450940593
11575,92.6,-119.53036142106949
11576,92.608,-113.1302726027522
11577,92.616,-102.22757412525682
11578,92.624,-88.69242801827978
11579,92.632,-74.53697765804162
11580,92.64,-58.836823161857026
11581,92.648,-38.444087142993226
11582,92.656,-12.367068923240694
11583,92.664,16.371066129755036
11584,92.672,43.770420618163925
11585,92.68,67.92581958120617
11586,92.688,88.57125876932389
11587,92.696,103.04302893231296
11588,92.704,104.88507411599629
11589,92.712,87.76545286527669
11590,92.72,49.62642392090136
11591,92.728,-6.871778262964028
11592,92.736,-78.12754237548793
11593,92.744,-161.5589296829757
11594,92.752,-252.93967711221995
11595,92.76,-344.371506522961
11596,92.768,-426.1042630094904
11597,92.776,-491.5303587574195
11598,92.784,-539.4872194917443
11599,92.792,-570.7206296234272
11600,92.8,-583.7663140714911
11601,92.808,-575.498320572827
11602,92.816,-545.6697723846621
11603,92.824,-498.35478527562657
11604,92.832,-438.405622004631
11605,92.84,-368.1388323873804
11606,92.848,-287.83901156295684
11607,92.856,-200.04108043007767
11608,92.864,-110.96958539760607
11609,92.872,-26.65067161085807
11610,92.88,50.49495859624267
11611,92.888,121.03907277357166
11612,92.896,184.50056521371562
11613,92.904,237.7288069688995
11614,92.912,278.15392577079535
11615,92.92,306.789338113069
11616,92.928,327.2692178419555
11617,92.936,341.584481464176
11618,92.944,348.49607164504994
11619,92.952,346.7209406182546
11620,92.96,338.1378721107208
11621,92.968,327.1569158839875
11622,92.976,316.1405281056307
11623,92.984,303.6060943209637
11624,92.992,287.63580037038315
11625,93.0,268.6765749756318
11626,93.008,248.8349354247964
11627,93.016,228.71200613893336
11628,93.024,206.61575061775255
11629,93.032,181.5707589554537
11630,93.04,155.70496412837434
11631,93.048,133.20621749425862
11632,93.056,116.18729640276683
11633,93.064,103.08177907800234
11634,93.072,91.88818719349979
11635,93.08,83.44471819857034
11636,93.088,81.19225327822693
11637,93.096,87.31817050080502
11638,93.104,100.6111169257814
11639,93.112,118.87989530814616
11640,93.12,141.82609741084855
11641,93.128,170.5283972643074
11642,93.136,203.66050877373846
11643,93.144,236.4752788435086
11644,93.152,264.4880745486721
11645,93.16,286.81056462157136
11646,93.168,305.68256819255663
11647,93.176,322.36218755616227
11648,93.184,335.41537355929916
11649,93.192,343.7183571231264
11650,93.2,348.9152810128292
11651,93.208,354.1001684564684
11652,93.216,359.7342861841447
11653,93.224,362.65972238538035
11654,93.232,359.9319062124396
11655,93.24,352.26293473436544
11656,93.248,343.26866402629815
11657,93.256,334.7146955040982
11658,93.264,324.48539197655515
11659,93.272,310.0463169175493
11660,93.28,291.71902380162896
11661,93.288,271.88097801306805
11662,93.296,251.0248456767966
11663,93.304,226.80478357022082
11664,93.312,197.6211708502867
11665,93.32,165.4387072728822
11666,93.328,134.81732169111677
11667,93.336,108.6355161343788
11668,93.344,86.1429262435866
11669,93.352,65.8485646544677
11670,93.36,48.708059930166854
11671,93.368,37.63973838406967
11672,93.376,33.432121030833784
11673,93.384,33.63297627920997
11674,93.392,36.24575234952141
11675,93.4,42.410863285266714
11676,93.408,55.03640275154288
11677,93.416,74.25888321576521
11678,93.424,96.02260538322358
11679,93.432,115.95198245044301
11680,93.44,132.8019095612613
11681,93.448,148.0279567475094
11682,93.456,161.9246383626548
11683,93.464,171.77479097918427
11684,93.472,174.56864649738952
11685,93.48,169.9270907187052
11686,93.488,159.4616077786724
11687,93.496,142.5568012844639
11688,93.504,114.92156461560552
11689,93.512,72.49473275161998
11690,93.52,15.25281138072772
11691,93.528,-53.020307167616046
11692,93.536,-128.75522706531822
11693,93.544,-210.4571340377085
11694,93.552,-295.8570750306069
11695,93.56,-379.36152961871994
11696,93.568,-453.3313563986423
11697,93.576,-512.4352325961685
11698,93.584,-555.4219652441557
11699,93.592,-582.3083366158419
11700,93.6,-591.3936497493145
11701,93.608,-579.7312813275636
11702,93.616,-547.2687465818489
11703,93.624,-498.42455118897385
11704,93.632,-438.56324084244807
11705,93.64,-370.66938248703457
11706,93.648,-295.75627844455653
11707,93.656,-216.5806522458932
11708,93.664,-138.90701126200884
11709,93.672,-67.91297552540948
11710,93.68,-4.812877753140782
11711,93.688,52.407091458946724
11712,93.696,104.7978390675639
11713,93.704,150.84636683483882
11714,93.712,189.32744482329247
11715,93.72,221.8111785587341
11716,93.728,251.70017059065714
11717,93.736,280.17524915972126
11718,93.744,304.76721188409454
11719,93.752,322.3985868519767
11720,93.76,332.11043148158376
11721,93.768,334.7741381720066
11722,93.776,330.012459012063
11723,93.784,315.2043209995528
11724,93.792,288.5266756889495
11725,93.8,251.69029139318246
11726,93.808,209.0512056028818
11727,93.816,163.34922489518218
11728,93.824,114.20467367825222
11729,93.832,61.24222955049939
11730,93.84,6.798832055984505
11731,93.848,-44.565263903552164
11732,93.856,-89.77561507063741
11733,93.864,-129.00541122954797
11734,93.872,-162.92024308101367
11735,93.88,-189.74699984965764
11736,93.888,-205.782916149664
11737,93.896,-209.5712301008754
11738,93.904,-203.63132760805703
11739,93.912,-191.1975461206847
11740,93.92,-173.04469192379165
11741,93.928,-147.80656240380333
11742,93.936,-115.93383875261094
11743,93.944,-81.57233356222702
11744,93.952,-49.256603241316085
11745,93.96,-20.456723485496056
11746,93.968,5.987326665661293
11747,93.976,29.927191802701337
11748,93.984,48.24966233396532
11749,93.992,58.030039054596756
11750,94.0,59.643453981701875
11751,94.008,55.87593455369355
11752,94.016,47.761698142385754
11753,94.024,33.330082559800786
11754,94.032,11.08500537247236
11755,94.04,-16.781490974732883
11756,94.048,-45.01101109759837
11757,94.056,-69.79820540933852
11758,94.064,-91.07259805659353
11759,94.072,-109.51456757119428
11760,94.08,-123.46538561186755
11761,94.088,-129.73122840276113
11762,94.096,-127.71518464118681
11763,94.104,-121.07708704436597
11764,94.112,-114.58081162423842
11765,94.12,-110.7880870122838
11766,94.128,-110.14334399405436
11767,94.136,-113.98601121950655
11768,94.144,-124.91352437696582
11769,94.152,-142.7812075528956
11770,94.16,-161.9756341295987
11771,94.168,-173.75649083815262
11772,94.176,-172.2488521973003
11773,94.184,-157.37654365735727
11774,94.192,-131.88810563618566
11775,94.2,-97.5582478646318
11776,94.208,-55.808509378603986
11777,94.216,-12.141891504037432
11778,94.224,23.24243160989148
11779,94.232,40.31326891668148
11780,94.24,33.38184981858336
11781,94.248,1.2314294001354469
11782,94.256,-56.25760220798541
11783,94.264,-139.23140583713192
11784,94.272,-244.57955940718824
11785,94.28,-363.455622673089
11786,94.288,-482.746733767184
11787,94.296,-590.0583212169303
11788,94.304,-677.2653111780968
11789,94.312,-739.3948080372894
11790,94.32,-772.1269375394621
11791,94.328,-772.2705592182898
11792,94.336,-741.7828889065984
11793,94.344,-688.8201059699564
11794,94.352,-622.9635233765281
11795,94.36,-550.4103437301121
11796,94.368,-473.9070615270283
11797,94.376,-396.6518387578253
11798,94.384,-323.5479061413163
11799,94.392,-257.718011287304
11800,94.4,-197.51687826749418
11801,94.408,-137.85032960005498
11802,94.416,-75.1334620614657
11803,94.424,-9.575538590902397
11804,94.432,57.26650603693514
11805,94.44,125.0457211724738
11806,94.448,194.23741250012034
11807,94.456,262.79057023071005
11808,94.464,325.47989888586034
11809,94.472,377.94460687679816
11810,94.48,419.63084969861916
11811,94.488,452.44992841848426
11812,94.496,476.82718718187675
11813,94.504,490.88038948617
11814,94.512,493.98064384143254
11815,94.52,489.6062310351235
11816,94.528,484.0238322948331
11817,94.536,481.414406988908
11818,94.544,482.0633175600236
11819,94.552,485.47631278032867
11820,94.56,492.66377898832974
11821,94.568,505.0620684922344
11822,94.576,521.2599289074171
11823,94.584,536.3316786522983
11824,94.592,545.3191632873094
11825,94.6,546.2470302710547
11826,94.608,539.5619837586347
11827,94.616,524.4211711023011
11828,94.624,497.45397270766887
11829,94.632,456.43070856758857
11830,94.64,403.52368599596076
11831,94.648,344.1483960833371
11832,94.656,282.7275114146537
11833,94.664,221.31737132667564
11834,94.672,162.254750058816
11835,94.68,109.94527353560784
11836,94.688,69.19967339591761
11837,94.696,41.17624312300545
11838,94.704,22.154591296223757
11839,94.712,6.605826769309708
11840,94.72,-9.665491074984814
11841,94.728,-29.26979268469764
11842,94.736,-55.83204502947872
11843,94.744,-94.42119180386618
11844,94.752,-148.32304511705095
11845,94.76,-215.95946921834226
11846,94.768,-290.6885695022534
11847,94.776,-365.25427835364735
11848,94.784,-435.4663335930559
11849,94.792,-498.22501230261736
11850,94.8,-548.6948857383256
11851,94.808,-581.8572363345385
11852,94.816,-597.3988576262234
11853,94.824,-600.9602937118156
11854,94.832,-599.9867147106023
11855,94.84,-599.6596497440904
11856,94.848,-602.3074918164143
11857,94.856,-610.3020692790049
11858,94.864,-627.2460996003506
11859,94.872,-654.7423631738922
11860,94.88,-689.6163635501251
11861,94.888,-725.5243851975221
11862,94.896,-757.8597697987401
11863,94.904,-785.9884907991255
11864,94.912,-810.5557305201572
11865,94.92,-830.2814835528495
11866,94.928,-842.4562585825821
11867,94.936,-847.1446262207184
11868,94.944,-848.8398228379923
11869,94.952,-853.1145364557158
11870,94.96,-862.776153785629
11871,94.968,-877.3693289911837
11872,94.976,-896.601633147653
11873,94.984,-921.6171652031741
11874,94.992,-951.4675305647563
11875,95.0,-980.8169599704273
11876,95.008,-1002.5501388142611
11877,95.016,-1013.0296357518256
11878,95.024,-1013.7120077760106
11879,95.032,-1007.7711697558341
11880,95.04,-996.7412689299642
11881,95.048,-980.6863846920998
11882,95.056,-961.7190895541652
11883,95.064,-944.9555380139784
11884,95.072,-934.2779490986939
11885,95.08,-927.9417486588623
11886,95.088,-918.4025478203052
11887,95.096,-896.4367588969676
11888,95.104,-853.821845944299
11889,95.112,-781.9049910370263
11890,95.12,-670.1049985810632
11891,95.128,-508.2480290076546
11892,95.136,-292.6816170595348
11893,95.144,-29.00072152530697
11894,95.152,271.44038092760366
11895,95.16,595.5875005222454
11896,95.168,929.5813824741333
11897,95.176,1256.5526480681888
11898,95.184,1556.528306100338
11899,95.192,1810.9008106802605
11900,95.2,2006.5459276966753
11901,95.208,2135.6080838363723
11902,95.216,2191.857375656391
11903,95.224,2170.1210764801117
11904,95.232,2070.663315220227
11905,95.24,1902.7321977859838
11906,95.248,1683.2521509781377
11907,95.256,1431.1895363259111
11908,95.264,1163.9332104532625
11909,95.272,898.7286573295835
11910,95.28,654.3768130751048
11911,95.288,448.91708534960617
11912,95.296,293.89931443076034
11913,95.304,191.96576463391557
11914,95.312,140.039342108013
11915,95.32,132.92455048021202
11916,95.328,163.75035959029253
11917,95.336,221.51911363682325
11918,95.344,291.3597440896499
11919,95.352,359.5513215164485
11920,95.36,417.8641478622055
11921,95.368,463.34615692509055
11922,95.376,494.5252285664835
11923,95.384,509.88753061367095
11924,95.392,510.50085957694625
11925,95.4,502.57485389458077
11926,95.408,496.51168386521886
11927,95.416,501.641619195821
11928,95.424,522.70421153964
11929,95.432,562.0004628932759
11930,95.44,622.3328977186632
11931,95.448,705.842244096241
11932,95.456,809.4830882581581
11933,95.464,924.2595131673156
11934,95.472,1039.8549666335166
11935,95.48,1148.479234128788
11936,95.488,1244.8290896009562
11937,95.496,1323.1828412310049
11938,95.504,1376.9235829125244
11939,95.512,1402.238752704437
11940,95.52,1400.9210945764328
11941,95.528,1379.2015593153696
11942,95.536,1343.199284941269
11943,95.544,1295.8178212481312
11944,95.552,1238.4741868186802
11945,95.56,1174.5298543005022
11946,95.568,1109.172883265119
11947,95.576,1044.9235615555515
11948,95.584,979.9005441046065
11949,95.592,911.5979103642591
11950,95.6,840.4638369831608
11951,95.608,769.2021076035383
11952,95.616,698.6119673272481
11953,95.624,626.0506070663048
11954,95.632,548.4045573634601
11955,95.64,465.06634877017166
11956,95.648,378.09264348372733
11957,95.656,289.2645765976462
11958,95.664,198.56352503521714
11959,95.672,106.49561063763002
11960,95.68,16.49824664354935
11961,95.688,-65.8978870916616
11962,95.696,-137.1904531242789
11963,95.704,-197.84362446042832
11964,95.712,-249.69057516972057
11965,95.72,-292.935198632063
11966,95.728,-326.1221919413315
11967,95.736,-349.4644020268391
11968,95.744,-366.06683363160505
11969,95.752,-378.6682326239928
11970,95.76,-386.77736504073727
11971,95.768,-387.538402064615
11972,95.776,-379.887648447611
11973,95.784,-366.38714674228817
11974,95.792,-350.07235804937613
11975,95.8,-331.0634288260174
11976,95.808,-307.10741699899637
11977,95.816,-277.7151946236877
11978,95.824,-245.87015349271996
11979,95.832,-214.9147915460601
11980,95.84,-185.21846920846087
11981,95.848,-154.6363176393495
11982,95.856,-122.79559647866608
11983,95.864,-92.99396931466629
11984,95.872,-69.12135192332607
11985,95.88,-52.187465838132084
11986,95.888,-40.37132002837535
11987,95.896,-33.10080004035706
11988,95.904,-32.75172416946333
11989,95.912,-40.18030707050326
11990,95.92,-51.47769665426574
11991,95.928,-64.25750846917941
11992,95.936,-77.48822867235464
11993,95.944,-91.39838026827817
11994,95.952,-114.72142726662435
11995,95.96,-144.64816571977514
11996,95.968,-183.3543208495335
11997,95.976,-232.7441615432607
11998,95.984,-281.28583793999593
11999,95.992,-348.96689416947225
12000,96.0,-385.0718039914891
12001,96.008,-1072.688756372179
