sample_index,time_sec,ppg_filtered_ref
0,0.0,-19363.00141133776
1,0.008,-18204.468792987092
2,0.016,-17274.876256838896
3,0.024,-16742.054634701293
4,0.032,-16686.24060358218
5,0.04,-17079.375233572788
6,0.048,-17786.786117054515
7,0.056,-18590.827281281927
8,0.064,-19230.757668876842
9,0.072,-19449.86823257163
10,0.08,-19040.506029630997
11,0.088,-17879.544549856866
12,0.096,-15949.676845262196
13,0.104,-13344.434545498158
14,0.112,-10256.777944200587
15,0.12,-6952.954939830448
16,0.128,-3735.475300647926
17,0.136,-901.099432341606
18,0.144,1299.216719021494
19,0.152,2692.116462922915
20,0.16,3201.395630333897
21,0.168,2854.539569759715
22,0.176,1778.154193505296
23,0.184,185.3109679013421
24,0.192,-1642.5665916475018
25,0.2,-3377.7428619083357
26,0.208,-4671.635398434088
27,0.216,-5183.6793816058735
28,0.224,-4613.281288153845
29,0.232,-2733.549412398523
30,0.24,576.0795796298686
31,0.248,5303.017107226831
32,0.256,11286.567700794367
33,0.264,18220.855025751083
34,0.272,25679.604246345592
35,0.28,33162.92424479593
36,0.288,40161.170825212525
37,0.296,46225.5158318154
38,0.304,51030.32642789293
39,0.312,54411.44090805253
40,0.32,56370.52772103985
41,0.328,57048.12880080832
42,0.336,56678.29575767503
43,0.344,55539.24192764595
44,0.352,53909.91632723539
45,0.36,52037.52847150693
46,0.368,50117.63696396541
47,0.376,48286.08749262837
48,0.384,46620.6137302911
49,0.392,45149.21420232751
50,0.4,43862.34157417266
51,0.408,42726.25926451497
52,0.416,41695.467138025866
53,0.424,40722.82114194801
54,0.432,39766.75259546399
55,0.44,38795.601897921784
56,0.448,37789.394874888945
57,0.456,36739.52421591279
58,0.464,35646.926764602045
59,0.472,34519.45436335691
60,0.48,33369.07939830662
61,0.488,32209.344719417106
62,0.496,31053.231384517196
63,0.504,29911.5284862309
64,0.512,28791.810554248586
65,0.52,27698.102513768532
66,0.528,26631.17908413585
67,0.536,25589.31542949473
68,0.544,24569.299531182573
69,0.552,23567.580665353118
70,0.56,22581.40610794651
71,0.568,21609.68956570463
72,0.576,20653.347859281632
73,0.584,19715.040598579442
74,0.592,18798.502816583714
75,0.6,17907.750639237936
76,0.608,17046.329957835915
77,0.616,16216.63716340635
78,0.624,15419.336023285166
79,0.632,14652.989040587392
80,0.64,13914.031607479708
81,0.648,13197.085570533407
82,0.656,12495.49026723896
83,0.664,11801.95668631126
84,0.672,11109.340955067351
85,0.68,10411.519230050684
86,0.688,9704.223787825531
87,0.696,8985.629164500186
88,0.704,8256.560808199027
89,0.712,7520.350875438517
90,0.72,6782.428738922922
91,0.728,6049.684389743714
92,0.736,5329.6083092027375
93,0.744,4629.294578791433
94,0.752,3954.5290667297622
95,0.76,3309.2009934435273
96,0.768,2695.12046080616
97,0.776,2112.1451336894097
98,0.784,1558.4850012726715
99,0.792,1031.1387073248118
100,0.8,526.4490082392554
101,0.808,40.6879304944876
102,0.816,-429.48204577715074
103,0.824,-886.7595294201393
104,0.832,-1333.120455411138
105,0.84,-1769.7944456214059
106,0.848,-2197.268226182161
107,0.856,-2615.3707118147904
108,0.864,-3023.4733769771024
109,0.872,-3420.741754201469
110,0.88,-3806.3448425063643
111,0.888,-4179.615284541066
112,0.896,-4540.23370729703
113,0.904,-4888.466173840384
114,0.912,-5225.36636216026
115,0.92,-5552.8221697626595
116,0.928,-5873.429523516108
117,0.936,-6190.292555315698
118,0.944,-6506.841094158977
119,0.952,-6826.64739133513
120,0.96,-7153.171135511712
121,0.968,-7489.434635266733
122,0.976,-7837.714425185648
123,0.984,-8199.301794390041
124,0.992,-8574.277499192725
125,1.0,-8961.22360156157
126,1.008,-9356.905768379007
127,1.016,-9756.07536483472
128,1.024,-10151.524222000131
129,1.032,-10534.402351265406
130,1.04,-10894.735203765771
131,1.048,-11222.121490167909
132,1.056,-11506.64271647882
133,1.064,-11739.939489916653
134,1.072,-11916.254049687137
135,1.08,-12033.175997135024
136,1.088,-12091.92328491232
137,1.096,-12097.131863410672
138,1.104,-12056.197197000216
139,1.112,-11978.234261717744
140,1.12,-11872.79835479641
141,1.128,-11748.631427496219
142,1.136,-11612.739463168211
143,1.144,-11469.980034194261
144,1.152,-11323.130226451323
145,1.16,-11173.283248517173
146,1.168,-11020.438851130884
147,1.176,-10864.197418116635
148,1.184,-10704.437305124353
149,1.192,-10541.802374945177
150,1.2,-10377.872866789203
151,1.208,-10215.035693470109
152,1.216,-10056.180457685705
153,1.224,-9904.331055158258
154,1.232,-9762.232649863796
155,1.24,-9631.889528426502
156,1.248,-9514.13888672536
157,1.256,-9408.42666006998
158,1.264,-9312.884783296537
159,1.272,-9224.645215982051
160,1.28,-9140.247560245632
161,1.288,-9056.060285332638
162,1.296,-8968.709475284122
163,1.304,-8875.477726692547
164,1.312,-8774.554409069457
165,1.32,-8665.028347714806
166,1.328,-8546.648641126712
167,1.336,-8419.511979265248
168,1.344,-8283.82498429992
169,1.352,-8139.765353339246
170,1.36,-7987.389909647913
171,1.368,-7826.58535437667
172,1.376,-7657.127495745548
173,1.384,-7478.884574887941
174,1.392,-7292.092587529205
175,1.4,-7097.581002771702
176,1.408,-6896.893673349283
177,1.416,-6692.33209647315
178,1.424,-6486.932135149042
179,1.432,-6284.306303444228
180,1.44,-6088.284200077328
181,1.448,-5902.406425393746
182,1.456,-5729.437728246892
183,1.464,-5571.031824639204
184,1.472,-5427.560230025253
185,1.48,-5298.066382470896
186,1.488,-5180.361119540644
187,1.496,-5071.3217108051595
188,1.504,-4967.386982187102
189,1.512,-4865.107069362663
190,1.52,-4761.56651437622
191,1.528,-4654.605643146158
192,1.536,-4542.891900027865
193,1.544,-4425.904903858857
194,1.552,-4303.82423247553
195,1.56,-4177.28697721867
196,1.568,-4047.065305115527
197,1.576,-3913.7980727270547
198,1.584,-3777.8708322890407
199,1.592,-3639.4065308679737
200,1.6,-3498.2677701004086
201,1.608,-3354.051426901402
202,1.616,-3206.151359639688
203,1.624,-3053.927253641248
204,1.632,-2896.8954207443426
205,1.64,-2734.8284850260243
206,1.648,-2567.7638586353937
207,1.656,-2396.0307901922024
208,1.664,-2220.3651986243794
209,1.672,-2042.0428611818036
210,1.68,-1862.9150367161164
211,1.688,-1685.3171097864363
212,1.696,-1511.9052253588877
213,1.704,-1345.4731101989876
214,1.712,-1188.7377432844635
215,1.72,-1044.0580751315802
216,1.728,-913.1283198825455
217,1.736,-796.7601910627417
218,1.744,-694.815255708491
219,1.752,-606.2295292345227
220,1.76,-529.0434386228486
221,1.768,-460.45446712882045
222,1.776,-397.00353692948494
223,1.784,-334.94786219358184
224,1.792,-270.7182002617141
225,1.8,-201.29237633845617
226,1.808,-124.42097398715978
227,1.816,-38.76958429411286
228,1.824,55.97022083037257
229,1.832,159.05380113858178
230,1.84,268.82236212934794
231,1.848,382.9873868180864
232,1.856,498.9377427089347
233,1.864,613.9835233118072
234,1.872,725.5717155867724
235,1.88,831.5441654362639
236,1.888,930.4053373629541
237,1.896,1021.4686062078811
238,1.904,1104.7984598913704
239,1.912,1181.0056616306
240,1.92,1251.0127216536741
241,1.928,1315.8369232252646
242,1.936,1376.3634820136297
243,1.944,1433.1099676214315
244,1.952,1486.0623108079017
245,1.96,1534.6703593372665
246,1.968,1577.9930013537316
247,1.976,1614.8883477445052
248,1.984,1644.1704005855668
249,1.992,1664.757920634145
250,2.0,1675.8741283988875
251,2.008,1677.2676393703637
252,2.016,1669.3426621818162
253,2.024,1653.1323826190412
254,2.032,1630.1681280201417
255,2.04,1602.3377810261932
256,2.048,1571.7504412675103
257,2.056,1540.5510325004966
258,2.064,1510.6662979424525
259,2.072,1483.5685719627004
260,2.08,1460.1736205102761
261,2.088,1440.8860482155596
262,2.096,1425.6996206713027
263,2.104,1414.2848877109254
264,2.112,1406.100815105139
265,2.12,1400.5956364335693
266,2.128,1397.4635223417342
267,2.136,1396.8301693684527
268,2.144,1399.285303204785
269,2.152,1405.8086032731792
270,2.16,1417.6836477236598
271,2.168,1436.4025327061622
272,2.176,1463.4677571974626
273,2.184,1500.0503628099987
274,2.192,1546.615231528108
275,2.2,1602.6841121896427
276,2.208,1666.7968990256397
277,2.216,1736.600958256643
278,2.224,1809.0038737988364
279,2.232,1880.4196823349687
280,2.24,1947.1616535252758
281,2.248,2005.9313326790823
282,2.256,2054.252876194948
283,2.264,2090.734342312806
284,2.272,2115.1607707844696
285,2.28,2128.4903495536073
286,2.288,2132.7653361656326
287,2.296,2130.872480245895
288,2.304,2126.132688373425
289,2.312,2121.8240389089483
290,2.32,2120.783253041711
291,2.328,2125.13489977171
292,2.336,2136.096773890209
293,2.344,2153.833718161733
294,2.352,2177.4254185414056
295,2.36,2205.0221915294037
296,2.368,2234.1498115104177
297,2.376,2262.0275182900536
298,2.384,2285.808280333979
299,2.392,2302.779404308617
300,2.4,2310.6045953976613
301,2.408,2307.586408641135
302,2.416,2292.8271103453285
303,2.424,2266.214263565285
304,2.432,2228.2965422458656
305,2.44,2180.1720437380177
306,2.448,2123.425322484199
307,2.456,2060.0468196616007
308,2.464,1992.287380666403
309,2.472,1922.505539984522
310,2.48,1853.0984199538655
311,2.488,1786.5030464516788
312,2.496,1725.1490536036881
313,2.504,1671.2896197420794
314,2.512,1626.7825930630386
315,2.52,1592.9487392554965
316,2.528,1570.5318017250024
317,2.536,1559.6765532833113
318,2.544,1559.8751821826452
319,2.552,1569.9478611193122
320,2.56,1588.1491361521862
321,2.568,1612.383170674682
322,2.576,1640.411958805691
323,2.584,1669.9839360933079
324,2.592,1698.9348294784547
325,2.6,1725.34996813073
326,2.608,1747.776115659094
327,2.616,1765.370607331137
328,2.624,1777.913757655101
329,2.632,1785.7342099924504
330,2.64,1789.6407162176008
331,2.648,1790.8629964334013
332,2.656,1790.915794415486
333,2.664,1791.3471539343286
334,2.672,1793.4505986514384
335,2.68,1798.0482973732774
336,2.688,1805.3589846387245
337,2.696,1814.8944065811784
338,2.704,1825.3815002848253
339,2.712,1834.8028852226414
340,2.72,1840.6451693743666
341,2.728,1840.320651899151
342,2.736,1831.615863653585
343,2.744,1813.046634454192
344,2.752,1784.115696406132
345,2.76,1745.512483802362
346,2.768,1699.2096522519128
347,2.776,1648.3366235784447
348,2.784,1596.7829331001246
349,2.792,1548.6386973337794
350,2.8,1507.6391501059475
351,2.808,1476.6881717257236
352,2.816,1457.434996128455
353,2.824,1449.907248255299
354,2.832,1452.3045124015225
355,2.84,1461.0731085053817
356,2.848,1471.2713858140198
357,2.856,1477.118306127578
358,2.864,1472.6138187034192
359,2.872,1452.1867670193155
360,2.88,1411.3345721916821
361,2.888,1347.1348587958971
362,2.896,1258.462545500892
363,2.904,1145.8509961384946
364,2.912,1011.1158492226443
365,2.92,856.9388079839049
366,2.928,686.5277727907492
367,2.936,503.35643341132607
368,2.944,310.97457640753504
369,2.952,112.93268905429383
370,2.96,-87.15735042613977
371,2.968,-285.5230098143294
372,2.976,-478.2601246690392
373,2.984,-661.5708824106891
374,2.992,-832.1222813476999
375,3.0,-987.3480915842931
376,3.008,-1125.612744949896
377,3.016,-1246.310753337187
378,3.024,-1349.9693514743815
379,3.032,-1438.293578044184
380,3.04,-1514.0558358784208
381,3.048,-1580.829167086004
382,3.056,-1642.6537253489641
383,3.064,-1703.6955769981641
384,3.072,-1767.860687243936
385,3.08,-1838.318196484183
386,3.088,-1917.0050332616574
387,3.096,-2004.2867214784808
388,3.104,-2098.89305131581
389,3.112,-2198.0895981111235
390,3.12,-2297.9779458089833
391,3.128,-2393.8888125657736
392,3.136,-2480.8919154629325
393,3.144,-2554.375001613896
394,3.152,-2610.5238370450966
395,3.16,-2646.535030553345
396,3.168,-2660.5453065670345
397,3.176,-2651.413601551694
398,3.184,-2618.5003813556013
399,3.192,-2561.48843406514
400,3.2,-2480.232648309982
401,3.208,-2374.6674503676936
402,3.216,-2244.8424255228033
403,3.224,-2091.1053600930395
404,3.232,-1914.3696623673163
405,3.24,-1716.4048679912185
406,3.248,-1500.1328198079846
407,3.256,-1269.8980550435538
408,3.264,-1031.626199051231
409,3.272,-792.7474521683653
410,3.28,-561.7969907127598
411,3.288,-347.73394466024064
412,3.296,-159.13911406563142
413,3.304,-3.4469384888951256
414,3.312,113.71350210300422
415,3.32,189.06010115312182
416,3.328,222.09550588913675
417,3.336,215.41985641376473
418,3.344,174.82641810481962
419,3.352,109.0513570647523
420,3.36,29.0813516093174
421,3.368,-52.9986001347755
422,3.376,-125.50793102092959
423,3.384,-178.73935106740885
424,3.392,-206.19565745320367
425,3.4,-205.2015250611367
426,3.408,-176.89607763242378
427,3.416,-125.8340053286347
428,3.424,-59.368625983976045
429,3.432,13.193609570131827
430,3.44,81.72292918749922
431,3.448,136.59989806548933
432,3.456,170.0090950383874
433,3.464,176.90740072048828
434,3.472,155.49074490083237
435,3.48,107.13090651031337
436,3.488,35.829511281868896
437,3.496,-52.729087572715336
438,3.504,-152.37858419508112
439,3.512,-257.6963006661744
440,3.52,-365.01057449565127
441,3.528,-473.0332344065045
442,3.536,-583.0559747344685
443,3.544,-698.6825807932706
444,3.552,-825.1066539834865
445,3.56,-968.0520886346065
446,3.568,-1132.6129976645875
447,3.576,-1322.2446943480206
448,3.584,-1538.0310008127562
449,3.592,-1778.1958033948406
450,3.6,-2037.79344762142
451,3.608,-2308.6176338428304
452,3.616,-2579.4627196095744
453,3.624,-2836.8307795818823
454,3.632,-3066.0312391075913
455,3.64,-3252.508186207055
456,3.648,-3383.255364418221
457,3.656,-3448.2315798024697
458,3.664,-3441.6042804182784
459,3.672,-3362.5189222236163
460,3.68,-3215.1261120510403
461,3.688,-3007.812636679138
462,3.696,-2751.8366591377626
463,3.704,-2459.7049634339264
464,3.712,-2143.5890573519196
465,3.72,-1813.9964471153978
466,3.728,-1478.9216054618773
467,3.736,-1143.6733543678088
468,3.744,-811.3756745374423
469,3.752,-483.87817904861924
470,3.76,-162.7005231589815
471,3.768,150.26155205765917
472,3.776,452.36038020091945
473,3.784,740.1570174492824
474,3.792,1009.73570499392
475,3.8,1257.3603600395454
476,3.808,1480.3197829211833
477,3.816,1677.6671842787948
478,3.824,1850.5840811060548
479,3.832,2002.277578825667
480,3.84,2137.4744941374615
481,3.848,2261.5995540932
482,3.856,2379.717937011547
483,3.864,2495.412146276026
484,3.872,2609.886370394224
485,3.88,2721.576248577607
486,3.888,2826.3513955718363
487,3.896,2918.186626238923
488,3.904,2990.1160014873326
489,3.912,3035.366907588482
490,3.92,3048.605910809233
491,3.928,3027.0877339176177
492,3.936,2971.357020767628
493,3.944,2885.247148396292
494,3.952,2775.1930480733877
495,3.96,2649.080266067705
496,3.968,2514.8877450773716
497,3.976,2379.349339043528
498,3.984,2246.8678386204338
499,3.992,2118.9286414709622
500,4.0,1994.1659988049346
501,4.008,1869.0210003312586
502,4.016,1738.7385759403824
503,4.024,1598.4266306323345
504,4.032,1444.0212213839989
505,4.04,1273.1027448588409
506,4.048,1085.4895690210037
507,4.056,883.4853606559662
508,4.064,671.7078779492299
509,4.072,456.5621282845921
510,4.08,245.5049846168944
511,4.088,46.220989412738405
512,4.096,-134.22451053997355
513,4.104,-290.16700917360464
514,4.112,-417.90582663734637
515,4.12,-515.9198213921425
516,4.128,-584.7566401504828
517,4.136,-626.7428672118507
518,4.144,-645.6391559538315
519,4.152,-646.2500820102218
520,4.16,-633.9487480226951
521,4.168,-614.149449672826
522,4.176,-591.8426163754882
523,4.184,-571.2703668770913
524,4.192,-555.7109357987774
525,4.2,-547.3035050396447
526,4.208,-546.9325852489817
527,4.216,-554.2735021530343
528,4.224,-568.0463827695074
529,4.232,-586.3911388493405
530,4.24,-607.2267823188196
531,4.248,-628.5494538493663
532,4.256,-648.718633580455
533,4.264,-666.7466655944488
534,4.272,-682.4963703403141
535,4.28,-696.6652369934513
536,4.288,-710.5518047136453
537,4.296,-725.7294195708546
538,4.304,-743.7446358282846
539,4.312,-765.8517948839232
540,4.32,-792.7525252260301
541,4.328,-824.3832039625144
542,4.336,-859.8609599611882
543,4.344,-897.6371137094492
544,4.352,-935.7709446561184
545,4.36,-972.1864416959216
546,4.368,-1004.8607810226082
547,4.376,-1031.989344065822
548,4.384,-1052.157149821194
549,4.392,-1064.4618058812573
550,4.4,-1068.511319105634
551,4.408,-1064.3109465321202
552,4.416,-1052.1435839059232
553,4.424,-1032.5106114889325
554,4.432,-1006.0831004699087
555,4.44,-973.5815084484677
556,4.448,-935.6051295905246
557,4.456,-892.5281714973978
558,4.464,-844.5348592084289
559,4.472,-791.7363233228873
560,4.48,-734.2556300051483
561,4.488,-672.2468559944161
562,4.496,-605.9140236935291
563,4.504,-535.578444013377
564,4.512,-461.74426711671714
565,4.52,-385.08563791713215
566,4.528,-306.3742948329124
567,4.536,-226.44954566804378
568,4.544,-146.27774562845173
569,4.552,-67.0232727538325
570,4.56,9.975777279144767
571,4.568,83.32507956166079
572,4.576,151.68498748906086
573,4.584,213.82636519977825
574,4.592,268.7038640586616
575,4.6,315.6269998244775
576,4.608,354.4838376485879
577,4.616,385.87901423420254
578,4.624,411.10651976258083
579,4.632,432.01199655009356
580,4.64,450.8460246957745
581,4.648,470.1253145399124
582,4.656,492.43219239774515
583,4.664,520.1175838977748
584,4.672,554.9803848631263
585,4.68,598.0331092768303
586,4.688,649.387020294009
587,4.696,708.2102546734674
588,4.704,772.7366491972737
589,4.712,840.3850854921102
590,4.72,908.0529544915893
591,4.728,972.53507790835
592,4.736,1030.9182219563063
593,4.744,1080.837917718626
594,4.752,1120.6124741643077
595,4.76,1149.331934776742
596,4.768,1166.9142705194956
597,4.776,1174.0597245027611
598,4.784,1172.066374409449
599,4.792,1162.5772949535271
600,4.8,1147.36313101391
601,4.808,1128.158790315815
602,4.816,1106.4954608004518
603,4.824,1083.51821314169
604,4.832,1059.8951554120763
605,4.84,1035.938047858241
606,4.848,1011.9155076510405
607,4.856,988.3974964393444
608,4.864,966.4779111673395
609,4.872,947.8409082386846
610,4.88,934.7044838303249
611,4.888,929.6320507023925
612,4.896,935.1642178048799
613,4.904,953.3013963951203
614,4.912,984.9997397644303
615,4.92,1029.8663601554556
616,4.928,1086.1117209407512
617,4.936,1150.6782271583622
618,4.944,1219.454652355034
619,4.952,1287.566663037474
620,4.96,1349.7599706407598
621,4.968,1400.8238524175047
622,4.976,1435.9511020959872
623,4.984,1450.9900396032624
624,4.992,1442.651233679316
625,5.0,1408.7464898774795
626,5.008,1348.4330943996767
627,5.016,1262.3427064472392
628,5.024,1152.5109876678484
629,5.032,1022.1467132906055
630,5.04,875.3409185933621
631,5.048,716.7566111498184
632,5.056,551.2672543158639
633,5.064,383.55203076519155
634,5.072,217.7559018328238
635,5.08,57.32371594513204
636,5.088,-95.01046179106051
637,5.096,-237.2013411501242
638,5.104,-367.9110027124764
639,5.112,-486.5103959098126
640,5.12,-592.968097386862
641,5.128,-687.6315808452425
642,5.136,-771.0049482646584
643,5.144,-843.5931139090055
644,5.152,-905.7674010017109
645,5.16,-957.5745644526397
646,5.168,-998.5182265585765
647,5.176,-1027.450105058597
648,5.184,-1042.6716349730752
649,5.192,-1042.209823776829
650,5.2,-1024.158208324226
651,5.208,-987.0254501821112
652,5.216,-930.096346172183
653,5.224,-853.7696957236562
654,5.232,-759.7488730145119
655,5.24,-650.9743744775706
656,5.248,-531.3362939219144
657,5.256,-405.3290849490991
658,5.264,-277.76921576119935
659,5.272,-153.5589671866107
660,5.28,-37.42440174272427
661,5.288,66.3610358461858
662,5.296,154.16806104725447
663,5.304,223.0664877065741
664,5.312,270.8180864792025
665,5.32,295.9137011575193
666,5.328,297.65077233814
667,5.336,276.14350950382595
668,5.344,232.20002018193514
669,5.352,167.12971213470666
670,5.36,82.5934299096355
671,5.368,-19.475790354833283
672,5.376,-136.95375082259727
673,5.384,-267.6646294195171
674,5.392,-409.5246073399242
675,5.4,-560.5773199865093
676,5.408,-718.8931718631723
677,5.416,-882.4284358110564
678,5.424,-1048.9411439510036
679,5.432,-1215.953527963835
680,5.44,-1380.7052140250673
681,5.448,-1540.1220588139322
682,5.456,-1690.8999777124238
683,5.464,-1829.7491344511955
684,5.472,-1953.713871905361
685,5.48,-2060.4313728022375
686,5.488,-2148.2774016861636
687,5.496,-2216.4506181986353
688,5.504,-2265.0308112804382
689,5.512,-2294.9438198514986
690,5.52,-2307.7399568426604
691,5.528,-2305.215855840085
692,5.536,-2289.0389022126137
693,5.544,-2260.5093910840237
694,5.552,-2220.464912098184
695,5.56,-2169.2618080350867
696,5.568,-2106.8219355780325
697,5.576,-2032.791645369816
698,5.584,-1946.8070544332854
699,5.592,-1848.7534473896826
700,5.6,-1738.8951877915624
701,5.608,-1617.8688726478595
702,5.616,-1486.640166007654
703,5.624,-1346.5019257998274
704,5.632,-1199.0856937810825
705,5.64,-1046.3133121101066
706,5.648,-890.2905412624027
707,5.656,-733.2248013749611
708,5.664,-577.4017857162536
709,5.672,-425.1431114851823
710,5.68,-278.65890183698616
711,5.688,-139.83387447754154
712,5.696,-10.08496304760791
713,5.704,109.62586152358266
714,5.712,218.673789787689
715,5.72,316.64594938853077
716,5.728,403.2269813396475
717,5.736,478.0372646830305
718,5.744,540.4151999654704
719,5.752,589.2538165913903
720,5.76,623.0241989332352
721,5.768,639.9986365948599
722,5.776,638.5709573460875
723,5.784,617.5933851461226
724,5.792,576.7427355976657
725,5.8,516.9276968946152
726,5.808,440.62679707188954
727,5.816,351.9667318339265
728,5.824,256.44423073656975
729,5.832,160.37758216020367
730,5.84,70.2563567314717
731,5.848,-7.9138098752430155
732,5.856,-69.25826189342641
733,5.864,-110.62328570334566
734,5.872,-130.96580828707516
735,5.88,-131.40397070237543
736,5.888,-114.92426634900451
737,5.896,-85.86878064713152
738,5.904,-49.3262318573004
739,5.912,-10.470361740172986
740,5.92,26.131207609560622
741,5.928,57.1311491556301
742,5.936,80.76514605821488
743,5.944,96.86414002800441
744,5.952,106.58533537162927
745,5.96,112.01578031651833
746,5.968,115.74102781529703
747,5.976,120.39651648958926
748,5.984,128.25430532528733
749,5.992,140.97854646288894
750,6.0,159.65286191226306
751,6.008,185.0164829151294
752,6.016,217.70793849882935
753,6.024,258.35512397016026
754,6.032,307.5099400742071
755,6.04,365.52050302342326
756,6.048,432.3930876931937
757,6.056,507.63600863163634
758,6.064,590.1164625290312
759,6.072,678.0418153181988
760,6.08,769.1517437642634
761,6.088,861.05875840263
762,6.096,951.5606050608886
763,6.104,1038.8004883415751
764,6.112,1121.2985723765398
765,6.12,1197.94380273973
766,6.128,1267.9673906101373
767,6.136,1330.8481943480215
768,6.144,1386.1469999208446
769,6.152,1433.3766737926628
770,6.16,1472.0281839719948
771,6.168,1501.7380626380907
772,6.176,1522.4506947454654
773,6.184,1534.458412550607
774,6.192,1538.3439973461875
775,6.2,1534.917782734891
776,6.208,1525.1653708754786
777,6.216,1510.1325491738214
778,6.224,1490.7073825798075
779,6.232,1467.3697089055672
780,6.24,1440.0165559987022
781,6.248,1407.895463571367
782,6.256,1369.6047059530235
783,6.264,1323.1584380937763
784,6.272,1266.2005274318399
785,6.28,1196.4306368863422
786,6.288,1112.1619314918112
787,6.296,1012.8162975858718
788,6.304,899.2077477598853
789,6.312,773.6099998013307
790,6.32,639.6794810067444
791,6.328,502.23958455685835
792,6.336,366.8556726305336
793,6.344,239.19613391955804
794,6.352,124.33478379395092
795,6.36,26.20878970746528
796,6.368,-52.674783410500815
797,6.376,-111.34113083066202
798,6.384,-150.32761486375833
799,6.392,-171.52527866276714
800,6.4,-177.8502729308208
801,6.408,-172.8127068466086
802,6.416,-160.12783277295335
803,6.424,-143.45345851883772
804,6.432,-126.2086610823749
805,6.44,-111.38891089704234
806,6.448,-101.37661911764125
807,6.456,-97.8279056600014
808,6.464,-101.67841252267077
809,6.472,-113.20013058773104
810,6.48,-132.01047194830966
811,6.488,-157.03499711706274
812,6.496,-186.52561681619366
813,6.504,-218.20947013436898
814,6.512,-249.53811464679916
815,6.52,-277.96231472988813
816,6.528,-301.2174868432023
817,6.536,-317.66077151481767
818,6.544,-326.64219320694934
819,6.552,-328.7692546471855
820,6.56,-325.8995352731014
821,6.568,-320.83171450238444
822,6.576,-316.8191409063879
823,6.584,-317.0391542069018
824,6.592,-324.06092852623624
825,6.6,-339.3355285958422
826,6.608,-362.81964861361234
827,6.616,-392.8940306780713
828,6.624,-426.63960117781573
829,6.632,-460.3647067864995
830,6.64,-490.19975510097197
831,6.648,-512.6452199300419
832,6.656,-525.0538193798479
833,6.664,-526.0171045093325
834,6.672,-515.551697148563
835,6.68,-494.9906637551852
836,6.688,-466.62169906697164
837,6.696,-433.2344590514246
838,6.704,-397.7102452310004
839,6.712,-362.6686451509515
840,6.72,-330.14377162900394
841,6.728,-301.3375327864993
842,6.736,-276.5551068381766
843,6.744,-255.35711846768612
844,6.752,-236.82742975121292
845,6.76,-219.80728194436227
846,6.768,-203.03787581249588
847,6.776,-185.26782262906931
848,6.784,-165.38014224656246
849,6.792,-142.50176313909645
850,6.8,-116.0287312051042
851,6.808,-85.58686999885305
852,6.816,-51.026386483077104
853,6.824,-12.50018897609838
854,6.832,29.445335631049744
855,6.84,73.8743741883873
856,6.848,119.56992435232667
857,6.856,165.15427745724037
858,6.864,209.1534616863955
859,6.872,250.03881392109824
860,6.88,286.3141464356781
861,6.888,316.6422339295523
862,6.896,339.93152704360364
863,6.904,355.34308178134006
864,6.912,362.2786842647729
865,6.92,360.4294004874059
866,6.928,349.8643657467088
867,6.936,331.0580923381434
868,6.944,304.80796580909333
869,6.952,272.1125339480654
870,6.96,234.107434702457
871,6.968,192.05840109339923
872,6.976,147.3274355429329
873,6.984,101.2732181965101
874,6.992,55.15587268185882
875,7.0,10.138795041514083
876,7.008,-32.62188804394981
877,7.016,-71.90988423912049
878,7.024,-106.48194524311026
879,7.032,-135.15840902830593
880,7.04,-156.8771140984931
881,7.048,-170.70209977761274
882,7.056,-175.87086862427003
883,7.064,-171.9270570377849
884,7.072,-158.86928628385505
885,7.08,-137.20883849606014
886,7.088,-107.92012720553373
887,7.096,-72.36643926170392
888,7.104,-32.2562030881239
889,7.112,10.422031073248263
890,7.12,53.56012842464999
891,7.128,95.15453826327295
892,7.136,133.4699918023533
893,7.144,167.06632088760733
894,7.152,194.7439884386331
895,7.16,215.52134312888077
896,7.168,228.67888786216866
897,7.176,233.80888313589222
898,7.184,230.82083133188866
899,7.192,219.9378195006408
900,7.2,201.73729930912333
901,7.208,177.20381447112433
902,7.216,147.6912785492597
903,7.224,114.75170262983079
904,7.232,79.91670453697469
905,7.24,44.55714502052832
906,7.248,9.844826271544038
907,7.256,-23.26763800435628
908,7.264,-54.109402787638075
909,7.272,-82.34938153007481
910,7.28,-107.97113989402295
911,7.288,-131.1795071071427
912,7.296,-152.33517366343838
913,7.304,-171.95663558599585
914,7.312,-190.70581646768008
915,7.32,-209.25853641937647
916,7.328,-228.0885418209159
917,7.336,-247.3055170150058
918,7.344,-266.6404019390101
919,7.352,-285.52868312656153
920,7.36,-303.1856304293622
921,7.368,-318.65049154018743
922,7.376,-330.86071125223594
923,7.384,-338.77958309689495
924,7.392,-341.50536211450293
925,7.4,-338.2856591565113
926,7.408,-328.46949194963344
927,7.416,-311.51142161308394
928,7.424,-287.08887066394476
929,7.432,-255.2698461455507
930,7.44,-216.6234481021296
931,7.448,-172.24649766262752
932,7.456,-123.76741625135742
933,7.464,-73.3572022866947
934,7.472,-23.675178795725195
935,7.48,22.34084813376394
936,7.488,61.82350668754421
937,7.496,92.34405369387828
938,7.504,112.1981474795776
939,7.512,120.60248608326538
940,7.52,117.83027113649848
941,7.528,105.24840701389319
942,7.536,85.17283983754331
943,7.544,60.53165826932333
944,7.552,34.44823845458002
945,7.56,9.88099442302823
946,7.568,-10.646105991938743
947,7.576,-25.282513730014365
948,7.584,-33.08441519488256
949,7.592,-34.16102206061861
950,7.6,-29.634891076913696
951,7.608,-21.426793760306886
952,7.616,-11.975355494835124
953,7.624,-3.971941365265832
954,7.632,-0.08907305997838799
955,7.64,-2.654207802629027
956,7.648,-13.311985393420045
957,7.656,-32.80381427804961
958,7.664,-60.947398648949516
959,7.672,-96.76449114097636
960,7.68,-138.64452995110045
961,7.688,-184.50667527768013
962,7.696,-232.0045160950181
963,7.704,-278.77713300348364
964,7.712,-322.6533591762095
965,7.72,-361.7209351640208
966,7.728,-394.29177223664215
967,7.736,-418.877929884444
968,7.744,-434.23728056697854
969,7.752,-439.4318569725628
970,7.76,-433.81815056127465
971,7.768,-416.98863644608576
972,7.776,-388.77164866540073
973,7.784,-349.34367070290926
974,7.792,-299.3716224248824
975,7.8,-240.06112115836476
976,7.808,-173.0960713140348
977,7.816,-100.56149318053667
978,7.824,-24.901499668665522
979,7.832,51.15085235348632
980,7.84,124.74869395377223
981,7.848,193.1682453997619
982,7.856,253.97130823888438
983,7.864,305.0245493163768
984,7.872,344.45690395821595
985,7.88,370.68542506760946
986,7.888,382.537639624044
987,7.896,379.38594849215235
988,7.904,361.221386422627
989,7.912,328.687622617726
990,7.92,283.1264486998657
991,7.928,226.60394615328235
992,7.936,161.81277815918514
993,7.944,91.80781827589189
994,7.952,19.67263695227363
995,7.96,-51.74017664810047
996,7.968,-119.95419140310692
997,7.976,-182.97201562821584
998,7.984,-239.39506648197982
999,7.992,-288.5185697644384
1000,8.0,-330.31993857004414
1001,8.008,-365.3385069996491
1002,8.016,-394.5345749265839
1003,8.024,-419.1901443510928
1004,8.032,-440.8047342816512
1005,8.04,-460.89576113367224
1006,8.048,-480.7031537955542
1007,8.056,-500.9084609648393
1008,8.064,-521.4662740111535
1009,8.072,-541.5421106879957
1010,8.08,-559.5092658760211
1011,8.088,-573.027585913878
1012,8.096,-579.2896871059235
1013,8.104,-575.4588934476245
1014,8.112,-559.1866332890868
1015,8.12,-529.0390154500444
1016,8.128,-484.7449437543622
1017,8.136,-427.28473113476053
1018,8.144,-358.8370658365731
1019,8.152,-282.5379313376803
1020,8.16,-202.02724480589552
1021,8.168,-120.89212594414651
1022,8.176,-42.20644537166411
1023,8.184,31.708185355132787
1024,8.192,99.33715207438028
1025,8.2,159.9508072096309
1026,8.208,213.53399618470723
1027,8.216,260.6031354168496
1028,8.224,301.8866557101225
1029,8.232,337.9722328998545
1030,8.24,369.0671988948731
1031,8.248,394.91315991146917
1032,8.256,414.7803248014022
1033,8.264,427.48821248178405
1034,8.272,431.50560428115506
1035,8.28,425.2020497537937
1036,8.288,407.2067868314993
1037,8.296,376.72169044286966
1038,8.304,333.671234211653
1039,8.312,278.70657188955676
1040,8.32,213.15084675009587
1041,8.328,138.91331174792376
1042,8.336,58.322410820718964
1043,8.344,-26.137622785625894
1044,8.352,-112.091965468794
1045,8.36,-197.4144877256992
1046,8.368,-280.21485710243985
1047,8.376,-358.76125089783807
1048,8.384,-431.42196771789855
1049,8.392,-496.6238936108429
1050,8.4,-552.7981036700598
1051,8.408,-598.3506349148876
1052,8.416,-631.7445569123953
1053,8.424,-651.7075035683155
1054,8.432,-657.4516439342423
1055,8.44,-648.7656236293302
1056,8.448,-625.9505802479598
1057,8.456,-589.6898489663694
1058,8.464,-540.9373945631497
1059,8.472,-480.8248714790673
1060,8.48,-410.55276716115424
1061,8.488,-331.2932609546377
1062,8.496,-244.1943852017366
1063,8.504,-150.52266475157074
1064,8.512,-51.85214244529434
1065,8.52,49.835999162401606
1066,8.528,152.17671637203966
1067,8.536,252.49457236968902
1068,8.544,347.88176231343806
1069,8.552,435.3342979828575
1070,8.56,512.0147214522977
1071,8.568,575.6020920238535
1072,8.576,624.5869161188026
1073,8.584,658.3990576827556
1074,8.592,677.3828845125533
1075,8.6,682.6975055484165
1076,8.608,676.1575655920816
1077,8.616,659.965446576974
1078,8.624,636.3436865474384
1079,8.632,607.1936428283132
1080,8.64,573.9198116417882
1081,8.648,537.434286339464
1082,8.656,498.23885488859685
1083,8.664,456.5052140683662
1084,8.672,412.183678754326
1085,8.68,365.2030636017742
1086,8.688,315.72192807768613
1087,8.696,264.2933738550084
1088,8.704,211.8572064719761
1089,8.712,159.61450914493585
1090,8.72,108.89232808759641
1091,8.728,61.02396939220536
1092,8.736,17.192936864905498
1093,8.744,-21.766708223782764
1094,8.752,-55.518380881159295
1095,8.76,-84.21391086156339
1096,8.768,-108.33652095844924
1097,8.776,-128.50849151756393
1098,8.784,-145.34134731309416
1099,8.792,-159.2934005928017
1100,8.8,-170.47744400185306
1101,8.808,-178.46864866650972
1102,8.816,-182.2433747848041
1103,8.824,-180.3060177426908
1104,8.832,-170.91674192379685
1105,8.84,-152.2972213414987
1106,8.848,-122.79947088455417
1107,8.856,-81.11946438952695
1108,8.864,-26.589426299520767
1109,8.872,40.54636336867868
1110,8.88,119.00871765192677
1111,8.888,206.54631846278036
1112,8.896,300.098752186922
1113,8.904,395.98417207943413
1114,8.912,490.13115283720384
1115,8.92,578.3979360687343
1116,8.928,656.93003762688
1117,8.936,722.4330861698776
1118,8.944,772.3035516929211
1119,8.952,804.6978903200118
1120,8.96,818.6558284057031
1121,8.968,814.2729824955203
1122,8.976,792.7896093067865
1123,8.984,756.4863209488302
1124,8.992,708.4167628324834
1125,9.0,652.0823652944708
1126,9.008,591.0898327269083
1127,9.016,528.7574875226799
1128,9.024,467.6895955905962
1129,9.032,409.4587957240316
1130,9.04,354.5539642068035
1131,9.048,302.6138252626773
1132,9.056,252.81488896148974
1133,9.064,204.26790880727452
1134,9.072,156.37380335862477
1135,9.08,109.14015796673375
1136,9.088,63.39495752423702
1137,9.096,20.77466759027976
1138,9.104,-16.55764229749731
1139,9.112,-46.350867671256225
1140,9.12,-66.69410200713804
1141,9.128,-76.36552157762394
1142,9.136,-75.1256633826746
1143,9.144,-63.93644036336755
1144,9.152,-44.989700446022724
1145,9.16,-21.44639728593282
1146,9.168,3.059236994585679
1147,9.176,24.97236827595789
1148,9.184,41.28397008643429
1149,9.192,49.88729251099252
1150,9.2,49.844008746554465
1151,9.208,41.514054862939105
1152,9.216,26.456095779861712
1153,9.224,7.0839594671159185
1154,9.232,-13.793293267255706
1155,9.24,-33.370820710950966
1156,9.248,-49.1097000099301
1157,9.256,-58.9023832773213
1158,9.264,-61.1770663893486
1159,9.272,-54.892861673476794
1160,9.28,-39.381126620814
1161,9.288,-14.108032083063858
1162,9.296,21.48141268765083
1163,9.304,67.94143925003216
1164,9.312,125.66646092905695
1165,9.32,194.69057808934468
1166,9.328,274.4780968134218
1167,9.336,363.6754587615756
1168,9.344,459.83958475327535
1169,9.352,559.2545907723112
1170,9.36,656.9583226148761
1171,9.368,746.9925459910185
1172,9.376,822.8002331150132
1173,9.384,877.7308386010759
1174,9.392,905.6976762614033
1175,9.4,901.9960824801694
1176,9.408,864.1297189483126
1177,9.416,792.3830000770312
1178,9.424,689.9554269961152
1179,9.432,562.6625629833569
1180,9.44,418.32176908755247
1181,9.448,265.9128014753311
1182,9.456,114.55899291415551
1183,9.464,-27.565911325946548
1184,9.472,-154.19505484098846
1185,9.48,-261.5761861583805
1186,9.488,-348.6522000024386
1187,9.496,-416.88275256902466
1188,9.504,-469.7969056511506
1189,9.512,-512.3073022954741
1190,9.52,-549.8291898481563
1191,9.528,-587.3673383467911
1192,9.536,-628.8110337970265
1193,9.544,-676.5786066964357
1194,9.552,-731.5511165974597
1195,9.56,-793.1345610608943
1196,9.568,-859.3748614002476
1197,9.576,-927.1736779564413
1198,9.584,-992.6449265513423
1199,9.592,-1051.5411472734054
1200,9.6,-1099.6331663173805
1201,9.608,-1133.014978934762
1202,9.616,-1148.4026213231566
1203,9.624,-1143.4648005255765
1204,9.632,-1117.1138703811869
1205,9.64,-1069.651670735767
1206,9.648,-1002.7476743653625
1207,9.656,-919.3077581991262
1208,9.664,-823.2612058657068
1209,9.672,-719.2082884439817
1210,9.68,-611.8835619530648
1211,9.688,-505.53270237780936
1212,9.696,-403.4153817554452
1213,9.704,-307.5896989679507
1214,9.712,-218.96458541349097
1215,9.72,-137.50401619950114
1216,9.728,-62.50786677152796
1217,9.736,7.03068629627332
1218,9.744,72.01912457200841
1219,9.752,132.93763387333544
1220,9.76,189.72797602461193
1221,9.768,241.90595912500376
1222,9.776,288.76603201509323
1223,9.784,329.55022667909867
1224,9.792,363.5640948870972
1225,9.8,390.28301754746366
1226,9.808,409.4371742795714
1227,9.816,421.0006141736769
1228,9.824,425.058756841883
1229,9.832,421.64093351738484
1230,9.84,410.6313592336517
1231,9.848,391.77454281071044
1232,9.856,364.7003678146954
1233,9.864,328.9288279953928
1234,9.872,283.91631477460515
1235,9.88,229.21924205791862
1236,9.888,164.736189002068
1237,9.896,90.88687246172579
1238,9.904,8.634156254668579
1239,9.912,-80.59856312013754
1240,9.92,-174.99846001820097
1241,9.928,-272.39574674869976
1242,9.936,-370.33625954586336
1243,9.944,-466.247018192931
1244,9.952,-557.6320904562504
1245,9.96,-642.1942447603188
1246,9.968,-717.8703702930515
1247,9.976,-782.8681931105649
1248,9.984,-835.7576317091275
1249,9.992,-875.5498107653651
1250,10.0,-901.6637565643568
1251,10.008,-913.792829224725
1252,10.016,-911.7982659014439
1253,10.024,-895.727667192115
1254,10.032,-865.920977274423
1255,10.04,-823.0939133068676
1256,10.048,-768.3563205435343
1257,10.056,-703.2135570635141
1258,10.064,-629.572080940047
1259,10.072,-549.6727910416371
1260,10.08,-465.87603370062385
1261,10.088,-380.3590677981447
1262,10.096,-294.89622106166786
1263,10.104,-210.8321253817518
1264,10.112,-129.20055731594772
1265,10.12,-50.86778521697081
1266,10.128,23.34931129975958
1267,10.136,92.55248104754419
1268,10.144,155.6101173248475
1269,10.152,211.07519332600236
1270,10.16,257.2795573702231
1271,10.168,292.5933988120804
1272,10.176,315.7174127014487
1273,10.184,325.8876560437332
1274,10.192,322.9873718114251
1275,10.2,307.6238187536405
1276,10.208,281.16922519192656
1277,10.216,245.68923979004038
1278,10.224,203.72432086815732
1279,10.232,158.01375922934506
1280,10.24,111.29214209216921
1281,10.248,66.1809880297086
1282,10.256,25.08606993621802
1283,10.264,-9.958646213400748
1284,10.272,-37.441987469490044
1285,10.28,-56.42771251483814
1286,10.288,-66.50735159790173
1287,10.296,-67.74363187524011
1288,10.304,-60.65923659240789
1289,10.312,-46.2139748344354
1290,10.32,-25.679317713663856
1291,10.328,-0.4242885038167752
1292,10.336,28.25795133294409
1293,10.344,59.18849152408744
1294,10.352,91.25788777368679
1295,10.36,123.41641654136087
1296,10.368,154.73192370539513
1297,10.376,184.44663694076132
1298,10.384,211.9871817012085
1299,10.392,236.98448067468857
1300,10.4,259.3823004457958
1301,10.408,279.59914784388405
1302,10.416,298.5980977467084
1303,10.424,317.7660518264396
1304,10.432,338.65666902025873
1305,10.44,362.7210945449584
1306,10.448,391.0745993650274
1307,10.456,424.26678464394496
1308,10.464,462.06534173467344
1309,10.472,503.36399430085976
1310,10.48,546.322665331429
1311,10.488,588.7006095349851
1312,10.496,628.2078527817724
1313,10.504,662.7384114220897
1314,10.512,690.5036254407596
1315,10.52,710.1586775721776
1316,10.528,720.9392395729336
1317,10.536,722.733058443385
1318,10.544,716.0424307414993
1319,10.552,701.9017953381486
1320,10.56,681.8369080410972
1321,10.568,657.8398799450775
1322,10.576,632.2387192469164
1323,10.584,607.3998439239207
1324,10.592,585.3458056770154
1325,10.6,567.4232715815969
1326,10.608,554.0718319156315
1327,10.616,544.6539909639973
1328,10.624,537.3388222358826
1329,10.632,529.1370548222181
1330,10.64,516.1972621914339
1331,10.648,494.33524489895643
1332,10.656,459.63218377381986
1333,10.664,408.95697938597266
1334,10.672,340.39061820066013
1335,10.68,253.579633178647
1336,10.688,149.96687177414847
1337,10.696,32.77521028704446
1338,10.704,-93.31452682776198
1339,10.712,-222.69972224451453
1340,10.72,-349.44406020379006
1341,10.728,-467.82676191739847
1342,10.736,-572.8562539215188
1343,10.744,-660.7338865415134
1344,10.752,-729.1636766567286
1345,10.76,-777.3977475196217
1346,10.768,-806.0285093719623
1347,10.776,-816.6556837096804
1348,10.784,-811.5436487382337
1349,10.792,-793.2831038389061
1350,10.8,-764.4298342017264
1351,10.808,-727.1740134140827
1352,10.816,-683.1711853703131
1353,10.824,-633.5997626832989
1354,10.832,-579.3542545221502
1355,10.84,-521.2200371034639
1356,10.848,-459.97084182419894
1357,10.856,-396.44924600160016
1358,10.864,-331.6782024602624
1359,10.872,-266.94334108121353
1360,10.88,-203.75481517203613
1361,10.888,-143.7039116194332
1362,10.896,-88.3283448102153
1363,10.904,-39.05481528757851
1364,10.912,2.8354265097213407
1365,10.92,36.30680625618707
1366,10.928,60.72929344314563
1367,10.936,75.9951727053906
1368,10.944,82.51465402326694
1369,10.952,81.12115507861606
1370,10.96,72.96690194250769
1371,10.968,59.42124164242392
1372,10.976,41.91032064721067
1373,10.984,21.68093829404563
1374,10.992,-0.41759516279038045
1375,11.0,-24.014707719526708
1376,11.008,-49.144338736005935
1377,11.016,-76.09734633996102
1378,11.024,-105.26877414825809
1379,11.032,-136.98549706373424
1380,11.04,-171.28559719116976
1381,11.048,-207.7106206352218
1382,11.056,-245.2367718164985
1383,11.064,-282.39611198625835
1384,11.072,-317.49520408569725
1385,11.08,-348.7981242229902
1386,11.088,-374.6469071427554
1387,11.096,-393.59550057396507
1388,11.104,-404.5941956892577
1389,11.112,-407.1434837565207
1390,11.12,-401.31164915459897
1391,11.128,-387.6215428388824
1392,11.136,-366.91390964514187
1393,11.144,-340.25916107342874
1394,11.152,-308.87687615773206
1395,11.16,-273.99012114880816
1396,11.168,-236.63435448841886
1397,11.176,-197.5296730021688
1398,11.184,-157.08106763295402
1399,11.192,-115.44519192588461
1400,11.2,-72.5638983762686
1401,11.208,-28.166620496383036
1402,11.216,18.16232492881048
1403,11.224,66.80350689635235
1404,11.232,117.88606118314851
1405,11.24,171.15096725542963
1406,11.248,225.9185180402026
1407,11.256,281.09363330506403
1408,11.264,335.1748249964043
1409,11.272,386.3312744154372
1410,11.28,432.6242052601875
1411,11.288,472.33539571718336
1412,11.296,504.2614098859478
1413,11.304,527.8673178275136
1414,11.312,543.3208285102097
1415,11.32,551.4851196624069
1416,11.328,553.8750744300196
1417,11.336,552.5018780750386
1418,11.344,549.581893740612
1419,11.352,547.2145570519597
1420,11.36,547.1629637509051
1421,11.368,550.7519445189821
1422,11.376,558.7881614839571
1423,11.384,571.4400759079659
1424,11.392,588.1298081627331
1425,11.4,607.5276808794547
1426,11.408,627.6561334550348
1427,11.416,646.0225587234194
1428,11.424,659.7361738955684
1429,11.432,665.6744650809201
1430,11.44,660.7879042690228
1431,11.448,642.5170744969834
1432,11.456,609.1841402180684
1433,11.464,560.247699848786
1434,11.472,496.42612805950625
1435,11.48,419.74246630351286
1436,11.488,333.4734336644722
1437,11.496,241.92035586395758
1438,11.504,149.98244391280022
1439,11.512,62.642295746897325
1440,11.52,-15.491551555789481
1441,11.528,-80.5381205417758
1442,11.536,-129.64196444894569
1443,11.544,-161.23677363388
1444,11.552,-175.1993193072662
1445,11.56,-172.80133168881974
1446,11.568,-156.47200808087115
1447,11.576,-129.4816924416032
1448,11.584,-95.62403652276298
1449,11.592,-58.86781544227287
1450,11.6,-22.929072781581713
1451,11.608,9.179795946650751
1452,11.616,35.47560236609569
1453,11.624,55.11138813308252
1454,11.632,68.31138827413983
1455,11.64,76.23054652508019
1456,11.648,80.74770376413372
1457,11.656,84.11906710858389
1458,11.664,88.47975527483602
1459,11.672,95.33030237547024
1460,11.68,105.19551724310551
1461,11.688,117.5237955673028
1462,11.696,130.7524200270354
1463,11.704,142.45743140436105
1464,11.712,149.59954078535498
1465,11.72,148.91500991732107
1466,11.728,137.4168949549811
1467,11.736,112.87154824301956
1468,11.744,74.12991077848686
1469,11.752,21.300119283820624
1470,11.76,-44.198941205601244
1471,11.768,-119.7215475116162
1472,11.776,-201.68537147032396
1473,11.784,-286.0663204149347
1474,11.792,-368.96632473370823
1475,11.8,-447.0850009043552
1476,11.808,-518.0230301563272
1477,11.816,-580.4501488864931
1478,11.824,-634.1580108751776
1479,11.832,-679.9358515162745
1480,11.84,-719.2105253109348
1481,11.848,-753.5251969043939
1482,11.856,-784.0473757820305
1483,11.864,-811.2563578090686
1484,11.872,-834.8187150526226
1485,11.88,-853.5898365258087
1486,11.888,-865.7351889404886
1487,11.896,-869.020525060011
1488,11.904,-861.2587187746743
1489,11.912,-840.7814582013856
1490,11.92,-806.7753962437338
1491,11.928,-759.4259621488588
1492,11.936,-699.9265652251224
1493,11.944,-630.4084757283737
1494,11.952,-553.7607595229524
1495,11.96,-473.289726325244
1496,11.968,-392.2708537641686
1497,11.976,-313.5450981869311
1498,11.984,-239.26952977489486
1499,11.992,-170.80120091296263
1500,12.0,-108.63911076874605
1501,12.008,-52.42368296825258
1502,12.016,-1.0681701314000425
1503,12.024,46.95120668932
1504,12.032,93.23691350107325
1505,12.04,139.16739513246495
1506,12.048,185.6832460660472
1507,12.056,233.11436025811994
1508,12.064,281.0416774879203
1509,12.072,328.2871700564317
1510,12.08,373.1312520424116
1511,12.088,413.72349487805644
1512,12.096,448.51961897078127
1513,12.104,476.59480998242265
1514,12.112,497.80742608631465
1515,12.12,512.8526308601389
1516,12.128,523.1954339875931
1517,12.136,530.824374819368
1518,12.144,537.8330171352098
1519,12.152,545.9592397815874
1520,12.16,556.2405239878728
1521,12.168,568.8370650434266
1522,12.176,582.9652468794803
1523,12.184,596.8971909811723
1524,12.192,608.0700043840122
1525,12.2,613.365362035197
1526,12.208,609.525196295162
1527,12.216,593.5834171532719
1528,12.224,563.2273989909056
1529,12.232,517.1021160830879
1530,12.24,455.0919628382948
1531,12.248,378.5254874344374
1532,12.256,290.1773639521947
1533,12.264,194.01125801047664
1534,12.272,94.75491577759654
1535,12.28,-2.5440521369810156
1536,12.288,-92.91903825597333
1537,12.296,-171.8735699966581
1538,12.304,-235.7646110561071
1539,12.312,-282.0938575144016
1540,12.32,-309.6086284395761
1541,12.328,-318.2186824924174
1542,12.336,-308.8369864000224
1543,12.344,-283.23246588208394
1544,12.352,-243.87816845433542
1545,12.36,-193.73358762271258
1546,12.368,-135.976904078649
1547,12.376,-73.78787332099057
1548,12.384,-10.241506751872489
1549,12.392,51.74908361737202
1550,12.4,109.53980897110391
1551,12.408,160.91298403788656
1552,12.416,204.18767461650705
1553,12.424,238.22077036073784
1554,12.432,262.3510960181036
1555,12.44,276.37519190092684
1556,12.448,280.55107205920103
1557,12.456,275.5354829924258
1558,12.464,262.20552354777243
1559,12.472,241.44385502562093
1560,12.48,214.00660347143568
1561,12.488,180.4913985165836
1562,12.496,141.31983440811132
1563,12.504,96.67988863235114
1564,12.512,46.48929507452016
1565,12.52,-9.522658990420268
1566,12.528,-71.61967993126285
1567,12.536,-139.8628763147379
1568,12.544,-213.9988184903889
1569,12.552,-293.3945042680088
1570,12.56,-376.9418947201115
1571,12.568,-462.94921485247676
1572,12.576,-549.1283916288885
1573,12.584,-632.7422426019106
1574,12.592,-710.8456088422771
1575,12.6,-780.5061715568081
1576,12.608,-838.9775238020426
1577,12.616,-883.8916561946967
1578,12.624,-913.5058038723553
1579,12.632,-926.9251105610393
1580,12.64,-924.1889781813649
1581,12.648,-906.2062385924714
1582,12.656,-874.6252073801987
1583,12.664,-831.7069004490852
1584,12.672,-780.1740731611852
1585,12.68,-722.9732297161063
1586,12.688,-662.964757242785
1587,12.696,-602.6404939164704
1588,12.704,-543.9378598869441
1589,12.712,-488.1182268933819
1590,12.72,-435.6524272607216
1591,12.728,-386.14621142140703
1592,12.736,-338.4061424882383
1593,12.744,-290.6752160823365
1594,12.752,-240.9340008317285
1595,12.76,-187.13686513775687
1596,12.768,-127.36935405218932
1597,12.776,-60.01975717526556
1598,12.784,15.982293152915489
1599,12.792,100.93332198613284
1600,12.8,194.24347899325974
1601,12.808,294.46258649660274
1602,12.816,399.36535000500385
1603,12.824,506.0447659990195
1604,12.832,611.0632384350158
1605,12.84,710.7249725874262
1606,12.848,801.4245899496392
1607,12.856,879.9369960061663
1608,12.864,943.5622718745827
1609,12.872,990.1638709865293
1610,12.88,1018.183815179004
1611,12.888,1026.641966235424
1612,12.896,1015.0550533300577
1613,12.904,983.2658279808192
1614,12.912,931.2952333917209
1615,12.92,859.3575585699721
1616,12.928,768.057659017085
1617,12.936,658.652831334931
1618,12.944,533.2562093402628
1619,12.952,394.9584992422477
1620,12.96,247.89482934176337
1621,12.968,97.21320789985747
1622,12.976,-51.164229027154164
1623,12.984,-191.02057282477006
1624,12.992,-316.44600410445946
1625,13.0,-422.3916047115226
1626,13.008,-505.0972060171313
1627,13.016,-562.4158411452447
1628,13.024,-594.0362353278391
1629,13.032,-601.5110400291541
1630,13.04,-587.9910696836174
1631,13.048,-557.7006198926692
1632,13.056,-515.3277996246967
1633,13.064,-465.490839737506
1634,13.072,-412.3159724406845
1635,13.08,-359.0976771221315
1636,13.088,-308.0722048811224
1637,13.096,-260.394833316782
1638,13.104,-216.3441033289762
1639,13.112,-175.63922504832715
1640,13.12,-137.714858192848
1641,13.128,-101.90027522861914
1642,13.136,-67.56127718175074
1643,13.144,-34.24864872754214
1644,13.152,-1.802601917156706
1645,13.16,29.659146185511716
1646,13.168,59.846852138236635
1647,13.176,88.39186193879682
1648,13.184,114.86739117892063
1649,13.192,138.79131350466895
1650,13.2,159.6999883878224
1651,13.208,177.29660883505417
1652,13.216,191.58285513161022
1653,13.224,202.89657219453198
1654,13.232,211.88070141242545
1655,13.24,219.4621371894817
1656,13.248,226.84521078442683
1657,13.256,235.43263708464906
1658,13.264,246.6223181889478
1659,13.272,261.54996554439157
1660,13.28,280.8941634190464
1661,13.288,304.7830755428333
1662,13.296,332.75773551583006
1663,13.304,363.7684227697689
1664,13.312,396.2637571022564
1665,13.32,428.4357843166687
1666,13.328,458.56863195490706
1667,13.336,485.338972842806
1668,13.344,507.96252975957407
1669,13.352,526.2140256045553
1670,13.36,540.4037340602438
1671,13.368,551.3167338050405
1672,13.376,560.0381471370581
1673,13.384,567.6374883139424
1674,13.392,574.8204882664886
1675,13.4,581.6999020881821
1676,13.408,587.7287780586788
1677,13.416,591.7261869903984
1678,13.424,591.9425393791713
1679,13.432,586.2056976278202
1680,13.44,572.2091928548638
1681,13.448,547.9039196126737
1682,13.456,511.8580105679062
1683,13.464,463.4815518956584
1684,13.472,403.12694590235697
1685,13.48,332.122451159958
1686,13.488,252.7270444645626
1687,13.496,167.92945692542455
1688,13.504,81.07399193263957
1689,13.512,-4.572806116407609
1690,13.52,-86.16038083329705
1691,13.528,-161.44831539419215
1692,13.536,-228.91969708631854
1693,13.544,-287.8549564187098
1694,13.552,-338.3058444900659
1695,13.56,-380.89434301110276
1696,13.568,-416.47770785704887
1697,13.576,-445.8282358674484
1698,13.584,-469.43915805713414
1699,13.592,-487.4385240221136
1700,13.6,-499.54037425335827
1701,13.608,-505.0421961236543
1702,13.616,-502.95100046501193
1703,13.624,-492.25752583505295
1704,13.632,-472.2464797931259
1705,13.64,-442.698613020867
1706,13.648,-403.9525332627884
1707,13.656,-356.91173034029896
1708,13.664,-303.06528223373357
1709,13.672,-244.48169025219116
1710,13.68,-183.6937765924536
1711,13.688,-123.47573802525314
1712,13.696,-66.60356845877752
1713,13.704,-15.665715399682623
1714,13.712,27.10892172687142
1715,13.72,60.06873477677402
1716,13.728,82.37114125232425
1717,13.736,94.10340843233887
1718,13.744,96.21495630170354
1719,13.752,90.31986133641796
1720,13.76,78.4833107560249
1721,13.768,63.02414469967325
1722,13.776,46.27828554580033
1723,13.784,30.303749289087932
1724,13.792,16.61720025112976
1725,13.8,6.078867604452334
1726,13.808,-1.0653423865181892
1727,13.816,-5.0899179431183414
1728,13.824,-6.730668536828581
1729,13.832,-7.13557986893796
1730,13.84,-7.752980411184169
1731,13.848,-10.15886283805384
1732,13.856,-15.908289556887718
1733,13.864,-26.464349210545425
1734,13.872,-43.15057437695912
1735,13.88,-67.04135216994017
1736,13.888,-98.80656905470778
1737,13.896,-138.62694842805257
1738,13.904,-186.25012817588467
1739,13.912,-241.11742962395627
1740,13.92,-302.4375666484023
1741,13.928,-369.17875320051115
1742,13.936,-440.05742250506637
1743,13.944,-513.5800353983518
1744,13.952,-588.0930451574181
1745,13.96,-661.7700174481805
1746,13.968,-732.5558742369152
1747,13.976,-798.1699308998077
1748,13.984,-856.2240737881112
1749,13.992,-904.3913668127215
1750,14.0,-940.5206944453772
1751,14.008,-962.6896895872098
1752,14.016,-969.2863350870707
1753,14.024,-959.1697726693284
1754,14.032,-931.8375672977171
1755,14.04,-887.4883017849713
1756,14.048,-826.9691551285994
1757,14.056,-751.7065068353664
1758,14.064,-663.69258333915
1759,14.072,-565.4822344303691
1760,14.08,-460.10510038303477
1761,14.088,-350.88206163640086
1762,14.096,-241.22862063470575
1763,14.104,-134.50445902171248
1764,14.112,-33.86860973829575
1765,14.12,57.93032859297286
1766,14.128,138.8057648595785
1767,14.136,207.50788706597262
1768,14.144,263.64014837394507
1769,14.152,307.56188364888004
1770,14.16,340.27261324011107
1771,14.168,363.28756975435255
1772,14.176,378.42458047559757
1773,14.184,387.4780619868659
1774,14.192,391.89745701784585
1775,14.2,392.62122842437395
1776,14.208,390.08800319571543
1777,14.216,384.3157626058621
1778,14.224,374.9622085528566
1779,14.232,361.40208227612146
1780,14.24,342.90533036437773
1781,14.248,318.90714319657434
1782,14.256,289.25340520271965
1783,14.264,254.32447736358006
1784,14.272,215.0522013647854
1785,14.28,172.8963358787663
1786,14.288,129.7769268287694
1787,14.296,87.88930711243457
1788,14.304,49.38977152603744
1789,14.312,16.074119086376093
1790,14.32,-10.79958776473001
1791,14.328,-30.517889841685516
1792,14.336,-42.84738906523256
1793,14.344,-47.97681757625337
1794,14.352,-46.43219791031079
1795,14.36,-38.89969343886599
1796,14.368,-25.994333922713164
1797,14.376,-8.1158171254645
1798,14.384,14.511709042161552
1799,14.392,41.66717716514025
1800,14.4,72.951359773302
1801,14.408,107.64290571810182
1802,14.416,144.54356035429802
1803,14.424,181.80227194640742
1804,14.432,216.82705638216322
1805,14.44,246.42017864998277
1806,14.448,267.1454093897085
1807,14.456,275.7899040238749
1808,14.464,269.7755581847853
1809,14.472,247.48706153775169
1810,14.48,208.54914826252195
1811,14.488,154.01755468320164
1812,14.496,86.37057645270893
1813,14.504,9.249275305703947
1814,14.512,-72.95966184784574
1815,14.52,-155.5509112307078
1816,14.528,-233.87871478596927
1817,14.536,-303.72049509665294
1818,14.544,-361.63207516310916
1819,14.552,-405.20802095772274
1820,14.56,-433.15369006602975
1821,14.568,-445.18963779370273
1822,14.576,-441.9055485121755
1823,14.584,-424.63636505839844
1824,14.592,-395.3152698122287
1825,14.6,-356.23363108529844
1826,14.608,-309.74442251087663
1827,14.616,-258.03562928666156
1828,14.624,-203.047157575337
1829,14.632,-146.47456494255295
1830,14.64,-89.75744386184583
1831,14.648,-34.035186214245954
1832,14.656,19.85996842243682
1833,14.664,71.33655198284164
1834,14.672,119.97033582931542
1835,14.68,165.5087600842274
1836,14.688,207.9316603625705
1837,14.696,247.44990317379
1838,14.704,284.37559941396347
1839,14.712,318.9423736553115
1840,14.72,351.20830625107516
1841,14.728,381.0737307919754
1842,14.736,408.3288071916031
1843,14.744,432.6573340076919
1844,14.752,453.6255561575886
1845,14.76,470.72121477768985
1846,14.768,483.42494923876495
1847,14.776,491.2192795997912
1848,14.784,493.49437682124477
1849,14.792,489.4370059665455
1850,14.8,478.0217755557039
1851,14.808,458.1144690950372
1852,14.816,428.5956347371261
1853,14.824,388.45466257650264
1854,14.832,336.91744687112146
1855,14.84,273.6850992328987
1856,14.848,199.24503586155205
1857,14.856,115.11329573658013
1858,14.864,23.90731814280666
1859,14.872,-70.72346159357741
1860,14.88,-164.23144075585694
1861,14.888,-251.3702467110355
1862,14.896,-326.53285188623295
1863,14.904,-384.2378804696153
1864,14.912,-419.6409250109736
1865,14.92,-428.92072028753876
1866,14.928,-409.50979104563936
1867,14.936,-360.2478712870428
1868,14.944,-281.49786640711653
1869,14.952,-175.15191796440226
1870,14.96,-44.43912556150496
1871,14.968,106.43549879141291
1872,14.976,272.67795666973547
1873,14.984,449.2024916238644
1874,14.992,630.8497036899566
1875,15.0,812.5941485317927
1876,15.008,989.7337976147977
1877,15.016,1157.9775636927359
1878,15.024,1313.4088038645439
1879,15.032,1452.4322616623713
1880,15.04,1571.827273833756
1881,15.048,1668.8973097860478
1882,15.056,1741.5906274604367
1883,15.064,1788.5087130530785
1884,15.072,1808.8569423921015
1885,15.08,1802.452854612205
1886,15.088,1769.8191543102623
1887,15.096,1712.26686602399
1888,15.104,1631.8721848253383
1889,15.112,1531.356287676214
1890,15.12,1413.9364024821605
1891,15.128,1283.1551800515583
1892,15.136,1142.628101930301
1893,15.144,995.6997776681035
1894,15.152,845.1185212979552
1895,15.16,692.8722725923285
1896,15.168,540.2268670205953
1897,15.176,387.88914487471476
1898,15.184,236.2138630202882
1899,15.192,85.4522746669434
1900,15.2,-63.93946488810545
1901,15.208,-210.99840118452104
1902,15.216,-354.0967386681088
1903,15.224,-491.0031013082774
1904,15.232,-619.0953628824318
1905,15.24,-735.5968737066742
1906,15.248,-837.7871431197269
1907,15.256,-923.2279565155281
1908,15.264,-990.0204899247249
1909,15.272,-1037.0168966972687
1910,15.28,-1063.892222256715
1911,15.288,-1071.080130200656
1912,15.296,-1059.6699582547747
1913,15.304,-1031.332274323093
1914,15.312,-988.2332597055454
1915,15.32,-932.8670151870576
1916,15.328,-867.8247669162888
1917,15.336,-795.6063191102536
1918,15.344,-718.5396736940057
1919,15.352,-638.7572987259643
1920,15.36,-558.1392846211234
1921,15.368,-478.22689276266306
1922,15.376,-400.1981801050064
1923,15.384,-324.94894852838576
1924,15.392,-253.20421068259662
1925,15.4,-185.5646474867681
1926,15.408,-122.50125585037767
1927,15.416,-64.40316398664088
1928,15.424,-11.734094561893482
1929,15.432,34.77742067237766
1930,15.44,74.0355467648748
1931,15.448,104.58813823994413
1932,15.456,124.67260090034334
1933,15.464,132.25178549860334
1934,15.472,125.11410593223228
1935,15.48,101.13563853135533
1936,15.488,58.67709163817491
1937,15.496,-3.0317668916496143
1938,15.504,-83.6347472994067
1939,15.512,-181.50562531683403
1940,15.52,-293.662769362898
1941,15.528,-415.78176928382516
1942,15.536,-542.4266644831462
1943,15.544,-667.5468046078331
1944,15.552,-785.1268684625701
1945,15.56,-889.8115663948262
1946,15.568,-977.4087300990118
1947,15.576,-1045.2746381612396
1948,15.584,-1092.5738900584515
1949,15.592,-1120.3295991788657
1950,15.6,-1131.1906628656457
1951,15.608,-1128.976115578838
1952,15.616,-1118.164323862934
1953,15.624,-1103.4506572974956
1954,15.632,-1089.3655716203994
1955,15.64,-1079.8897493965737
1956,15.648,-1078.082388495163
1957,15.656,-1085.8290040896172
1958,15.664,-1103.7764847658113
1959,15.672,-1131.4007636172835
1960,15.68,-1167.1112929836545
1961,15.688,-1208.384603105171
1962,15.696,-1252.0032029977626
1963,15.704,-1294.429317894943
1964,15.712,-1332.2130996324902
1965,15.72,-1362.2859154058513
1966,15.728,-1382.0920417280724
1967,15.736,-1389.6351468145117
1968,15.744,-1383.50184688637
1969,15.752,-1362.8169288668032
1970,15.76,-1327.0618067213295
1971,15.768,-1275.805319781659
1972,15.776,-1208.5044151116106
1973,15.784,-1124.4817785948273
1974,15.792,-1023.0308458880315
1975,15.8,-903.5219021839183
1976,15.808,-765.4669972979376
1977,15.816,-608.6170467639643
1978,15.824,-433.1509778452185
1979,15.832,-239.90184430373498
1980,15.84,-30.518698183984146
1981,15.848,192.44652136602525
1982,15.856,425.4468901769832
1983,15.864,663.8099419119708
1984,15.872,901.6594097277742
1985,15.88,1132.014981046312
1986,15.888,1347.095742116274
1987,15.896,1538.745969661304
1988,15.904,1698.9152828592619
1989,15.912,1820.2152550748729
1990,15.92,1896.5861687800418
1991,15.928,1923.9921048888805
1992,15.936,1900.9589995260417
1993,15.944,1828.811721360598
1994,15.952,1711.599510776645
1995,15.96,1555.7742464816706
1996,15.968,1369.6546595338964
1997,15.976,1162.6766959302959
1998,15.984,944.4994165768617
1999,15.992,724.1507682091293
2000,16.0,509.40729619488224
2001,16.008,306.46855940213715
2002,16.016,119.85124534488843
2003,16.024,-47.57141830414802
2004,16.032,-194.37155115383302
2005,16.04,-320.1868727862789
2006,16.048,-425.247296172371
2007,16.056,-509.98040795794753
2008,16.064,-574.8024293112828
2009,16.072,-620.054670307736
2010,16.08,-645.9874463240644
2011,16.088,-652.7774352236556
2012,16.096,-640.6559870337688
2013,16.104,-610.1791564717968
2014,16.112,-562.5284455554824
2015,16.12,-499.6734709093203
2016,16.128,-424.33166268829825
2017,16.136,-339.7941516160752
2018,16.144,-249.69323200867132
2019,16.152,-157.70017517550716
2020,16.16,-67.12915305537449
2021,16.168,19.46764865878625
2022,16.176,100.54289809732751
2023,16.184,175.5324682549387
2024,16.192,244.62534447310233
2025,16.2,308.4626986291685
2026,16.208,367.84351072521315
2027,16.216,423.4234723573625
2028,16.224,475.4100395911188
2029,16.232,523.3516065122416
2030,16.24,566.1359626803994
2031,16.248,602.1929136735722
2032,16.256,629.7748257081167
2033,16.264,647.2099912372802
2034,16.272,653.1338931649316
2035,16.28,646.7358894368892
2036,16.288,627.9729881844147
2037,16.296,597.6392818351627
2038,16.304,557.2534401654907
2039,16.312,508.86107688380304
2040,16.32,454.88062070269893
2041,16.328,398.01119335742203
2042,16.336,341.1092203522802
2043,16.344,286.969399092453
2044,16.352,238.06747761857602
2045,16.36,196.36539233042114
2046,16.368,163.1920159725865
2047,16.376,139.132033043655
2048,16.384,123.9013684183305
2049,16.392,116.30111675515394
2050,16.4,114.36855811704383
2051,16.408,115.72758140314951
2052,16.416,118.00794071309922
2053,16.424,119.20665922502548
2054,16.432,117.97666604446879
2055,16.44,113.88021673179487
2056,16.448,107.57210143169503
2057,16.456,100.80633629725513
2058,16.464,96.21899184358574
2059,16.472,96.97355716575116
2060,16.48,106.39870752878231
2061,16.488,127.65243023060407
2062,16.496,163.35234224363896
2063,16.504,215.1565044571654
2064,16.512,283.4048788903704
2065,16.52,366.9711542458567
2066,16.528,463.3706779263227
2067,16.536,569.0419875640548
2068,16.544,679.7008938898662
2069,16.552,790.7357244493143
2070,16.56,897.6357818809807
2071,16.568,996.3737396596332
2072,16.576,1083.614798735943
2073,16.584,1156.7107495103674
2074,16.592,1213.5855381962572
2075,16.6,1252.6643930781227
2076,16.608,1272.8935830833457
2077,16.616,1273.7816293496853
2078,16.624,1255.4061868481892
2079,16.632,1218.4256229627144
2080,16.64,1164.1501390689523
2081,16.648,1094.6223305253848
2082,16.656,1012.5712375743487
2083,16.664,921.1644162803956
2084,16.672,823.6316592755221
2085,16.68,722.9064897739767
2086,16.688,621.3621038743047
2087,16.696,520.6216510549006
2088,16.704,421.431770366245
2089,16.712,323.6676525799376
2090,16.72,226.53985543752614
2091,16.728,128.95378688012116
2092,16.736,29.86668174176109
2093,16.744,-71.47229108899441
2094,16.752,-175.3775703572637
2095,16.76,-281.598026785579
2096,16.768,-389.20302082396364
2097,16.776,-496.5742744705118
2098,16.784,-601.5565065105935
2099,16.792,-701.6974212692651
2100,16.8,-794.4629911075737
2101,16.808,-877.4033611389249
2102,16.816,-948.3344698037532
2103,16.824,-1005.5595353220292
2104,16.832,-1048.045319631865
2105,16.84,-1075.4522173109642
2106,16.848,-1088.026958650545
2107,16.856,-1086.4616157654712
2108,16.864,-1071.7878185518232
2109,16.872,-1045.2745170289095
2110,16.88,-1008.2767511144532
2111,16.888,-962.0752557796964
2112,16.896,-907.8250618963813
2113,16.904,-846.6702069133345
2114,16.912,-779.9365848160934
2115,16.92,-709.262428721361
2116,16.928,-636.6271334136318
2117,16.936,-564.3523280087763
2118,16.944,-495.1213316338303
2119,16.952,-431.93758719371925
2120,16.96,-377.9056153680449
2121,16.968,-335.84331038370993
2122,16.976,-307.8702188088435
2123,16.984,-295.1029409619714
2124,16.992,-297.4760899887695
2125,17.0,-313.65876636786834
2126,17.008,-341.0992078005659
2127,17.016,-376.28259675305645
2128,17.024,-415.2157796322422
2129,17.032,-454.0136392941942
2130,17.04,-489.4107421897265
2131,17.048,-519.1133133548967
2132,17.056,-542.0180581810403
2133,17.064,-558.3180272862037
2134,17.072,-569.4279691418027
2135,17.08,-577.6542831468009
2136,17.088,-585.6648702879922
2137,17.096,-595.9389880031353
2138,17.104,-610.3474008930763
2139,17.112,-629.8763504463251
2140,17.12,-654.4393098400567
2141,17.128,-682.7881504163481
2142,17.136,-712.6139811503654
2143,17.144,-740.8745625376778
2144,17.152,-764.2482724282762
2145,17.16,-779.5648821770076
2146,17.168,-784.1513199912138
2147,17.176,-776.123191389014
2148,17.184,-754.6289632551528
2149,17.192,-719.9621997476806
2150,17.2,-673.4458494971741
2151,17.208,-617.112926178779
2152,17.216,-553.32742645853
2153,17.224,-484.46373449046814
2154,17.232,-412.6425837576812
2155,17.24,-339.48109294920505
2156,17.248,-265.90769269052663
2157,17.256,-192.17226992998692
2158,17.264,-118.10442628894837
2159,17.272,-43.508778865827395
2160,17.28,31.476981478309533
2161,17.288,106.14541911979465
2162,17.296,179.08161598523836
2163,17.304,248.1100101761718
2164,17.312,310.38914767853106
2165,17.32,362.71496058271185
2166,17.328,401.97418003715734
2167,17.336,425.59584004167243
2168,17.344,431.89565631345323
2169,17.352,420.32429201748687
2170,17.36,391.6645750206964
2171,17.368,348.13845021056505
2172,17.376,293.31087726364217
2173,17.384,231.74237603572993
2174,17.392,168.49193551104813
2175,17.4,108.63747619217597
2176,17.408,56.89552247743398
2177,17.416,17.30880213244354
2178,17.424,-7.026268504301985
2179,17.432,-14.13184865954689
2180,17.44,-3.1407804851967622
2181,17.448,25.867417095405735
2182,17.456,72.06483107376893
2183,17.464,134.02401403961377
2184,17.472,209.84987480148965
2185,17.48,297.3578666859269
2186,17.488,394.26452521869953
2187,17.496,498.2708113996294
2188,17.504,606.9801824680336
2189,17.512,717.7448439308192
2190,17.52,827.5924048136842
2191,17.528,933.2871816531559
2192,17.536,1031.4657461578865
2193,17.544,1118.7948909215982
2194,17.552,1192.1864988038499
2195,17.56,1249.1156544474231
2196,17.568,1287.9779060445705
2197,17.576,1308.3207066313407
2198,17.584,1310.8297021254182
2199,17.592,1297.0986171604666
2200,17.6,1269.2971236217963
2201,17.608,1229.8003931789658
2202,17.616,1180.7700093819421
2203,17.624,1123.7174269817538
2204,17.632,1059.1944520369652
2205,17.64,986.7675673076614
2206,17.648,905.2868168118812
2207,17.656,813.3046834412525
2208,17.664,709.4992300370061
2209,17.672,593.071115172672
2210,17.68,464.13408342280024
2211,17.688,324.03603674448505
2212,17.696,175.47682896752642
2213,17.704,22.36067222460058
2214,17.712,-130.53975365280095
2215,17.72,-277.988244949976
2216,17.728,-414.7257602181172
2217,17.736,-535.9883954019668
2218,17.744,-638.085578726289
2219,17.752,-718.8918162355595
2220,17.76,-778.0747647499912
2221,17.768,-817.0048974822961
2222,17.776,-838.429294029311
2223,17.784,-846.00082180386
2224,17.792,-843.6784122875449
2225,17.8,-835.0118676179555
2226,17.808,-822.4378071905489
2227,17.816,-806.802859208049
2228,17.824,-787.2641353338605
2229,17.832,-761.5470163892381
2230,17.84,-726.4361176152936
2231,17.848,-678.4098022227251
2232,17.856,-614.3861186984931
2233,17.864,-532.4996596629159
2234,17.872,-432.72634498559813
2235,17.88,-317.1747867875298
2236,17.888,-190.0050497647068
2237,17.896,-57.06928524021829
2238,17.904,74.63719664375716
2239,17.912,197.70423168254058
2240,17.92,305.19493574641996
2241,17.928,391.55257401989394
2242,17.936,453.2996747657459
2243,17.944,489.37445485461643
2244,17.952,501.112570963832
2245,17.96,491.96936027238985
2246,17.968,467.02823148073037
2247,17.976,432.2777829468494
2248,17.984,393.70186206257404
2249,17.992,356.3661115804528
2250,18.0,323.7228937042973
2251,18.008,297.23003102531646
2252,18.016,276.2371781032681
2253,18.024,258.0937792997644
2254,18.032,238.52377780906323
2255,18.04,212.31595504786736
2256,18.048,174.23973167846142
2257,18.056,119.96340787523894
2258,18.064,46.775591937883014
2259,18.072,-45.95357208158599
2260,18.08,-156.5556645876658
2261,18.088,-281.1193925485855
2262,18.096,-413.8861577492731
2263,18.104,-547.9655209543783
2264,18.112,-676.201477151611
2265,18.12,-791.9788417564008
2266,18.128,-889.8654884194992
2267,18.136,-966.0998035185743
2268,18.144,-1018.9178050902929
2269,18.152,-1048.6266760233686
2270,18.16,-1057.3376819620191
2271,18.168,-1048.4111729891363
2272,18.176,-1025.7930404915132
2273,18.184,-993.3991362775279
2274,18.192,-954.5823838388674
2275,18.2,-911.6677787461223
2276,18.208,-865.6249125720001
2277,18.216,-816.0224497231738
2278,18.224,-761.3273805691326
2279,18.232,-699.4378145062349
2280,18.24,-628.2587890484406
2281,18.248,-546.2084929215392
2282,18.256,-452.6434717884767
2283,18.264,-348.1810487899588
2284,18.272,-234.82312544320084
2285,18.28,-115.79782793882012
2286,18.288,4.828496537007297
2287,18.296,122.594562321165
2288,18.304,233.0012276864417
2289,18.312,331.785397106143
2290,18.32,415.187292949712
2291,18.328,480.20854535991975
2292,18.336,524.7654171139599
2293,18.344,547.6874687764698
2294,18.352,548.6396491624708
2295,18.36,528.0818161935757
2296,18.368,487.2802292202375
2297,18.376,428.28867715218536
2298,18.384,353.8488705664218
2299,18.392,267.2674170773849
2300,18.4,172.35408207640654
2301,18.408,73.40458379254835
2302,18.416,-24.888940546735867
2303,18.424,-117.67938349733546
2304,18.432,-200.3037813774098
2305,18.44,-268.60131346242883
2306,18.448,-319.16958817165147
2307,18.456,-349.6139217155554
2308,18.464,-358.80727308335713
2309,18.472,-347.05696090722375
2310,18.48,-316.046784696533
2311,18.488,-268.54202725628335
2312,18.496,-207.96426977160579
2313,18.504,-137.9320383425684
2314,18.512,-61.7792376024075
2315,18.52,17.943765207434545
2316,18.528,99.87763909297509
2317,18.536,183.9866482421291
2318,18.544,271.31877609106056
2319,18.552,363.4807062903494
2320,18.56,462.0177918918606
2321,18.568,567.8386802162473
2322,18.576,680.7367162730582
2323,18.584,799.0663538988979
2324,18.592,919.6943260063422
2325,18.6,1038.313317962258
2326,18.608,1150.0429974473232
2327,18.616,1250.1044744811777
2328,18.624,1334.3860300544848
2329,18.632,1399.8578074280401
2330,18.64,1444.8615139743883
2331,18.648,1469.2434398354414
2332,18.656,1474.2451301407875
2333,18.664,1462.1359756167071
2334,18.672,1435.7110051116185
2335,18.68,1397.8301018660961
2336,18.688,1351.0845161869677
2337,18.696,1297.5624588610458
2338,18.704,1238.685483327182
2339,18.712,1175.1678720688265
2340,18.72,1107.1598898296966
2341,18.728,1034.5216534738531
2342,18.736,957.0729273102942
2343,18.744,874.7140797017304
2344,18.752,787.4587520392189
2345,18.76,695.4813237215374
2346,18.768,599.1999731467102
2347,18.776,499.31952736278424
2348,18.784,396.7841774926304
2349,18.792,292.6993785020759
2350,18.8,188.31931985021703
2351,18.808,85.1015363871968
2352,18.816,-15.271158109932706
2353,18.824,-110.97087964181675
2354,18.832,-200.15803784890437
2355,18.84,-281.07628936096455
2356,18.848,-352.1080482775344
2357,18.856,-411.8811886427646
2358,18.864,-459.4764582729799
2359,18.872,-494.6631490018007
2360,18.88,-518.0446097586081
2361,18.888,-531.0723360089189
2362,18.896,-535.97307569305
2363,18.904,-535.6173843568937
2364,18.912,-533.281311227757
2365,18.92,-532.2511645610215
2366,18.928,-535.3350807213254
2367,18.936,-544.4401837100386
2368,18.944,-560.3246344026206
2369,18.952,-582.5075903588713
2370,18.96,-609.2778581025646
2371,18.968,-637.8172536317334
2372,18.976,-664.5180721359313
2373,18.984,-685.5110303452726
2374,18.992,-697.2811667531493
2375,19.0,-697.1933101704604
2376,19.008,-683.8431517498985
2377,19.016,-657.2677937717123
2378,19.024,-619.0408395022447
2379,19.032,-572.1857606952777
2380,19.04,-520.8361755665844
2381,19.048,-469.6960831657549
2382,19.056,-423.4605146922382
2383,19.064,-386.31889684372874
2384,19.072,-361.5400695095818
2385,19.08,-351.0930043430558
2386,19.088,-355.34407444470236
2387,19.096,-372.9565876780884
2388,19.104,-401.0650791413515
2389,19.112,-435.6607597727816
2390,19.12,-472.06934805856366
2391,19.128,-505.4735947952774
2392,19.136,-531.5008612184954
2393,19.144,-546.8442719946042
2394,19.152,-549.775028141078
2395,19.16,-540.3891750017495
2396,19.168,-520.553368219162
2397,19.176,-493.6338967795912
2398,19.184,-464.085565472655
2399,19.192,-436.8966031374496
2400,19.2,-416.8810068820212
2401,19.208,-407.91916099154497
2402,19.216,-412.34344144831795
2403,19.224,-430.61833798714684
2404,19.232,-461.31687967915593
2405,19.24,-501.30760015921743
2406,19.248,-546.1081765826822
2407,19.256,-590.4241558928104
2408,19.264,-628.8428787857747
2409,19.272,-656.5300928399661
2410,19.28,-669.7452316450235
2411,19.288,-666.114641274082
2412,19.296,-644.7370853205455
2413,19.304,-606.1899921352341
2414,19.312,-552.4038946670801
2415,19.32,-486.3456030749622
2416,19.328,-411.55677616805053
2417,19.336,-331.69761236163714
2418,19.344,-250.20622655884745
2419,19.352,-170.060296085807
2420,19.36,-93.5830898538784
2421,19.368,-22.31027446405075
2422,19.376,43.00303123691741
2423,19.384,102.21332758907629
2424,19.392,155.5534191594271
2425,19.4,203.45257291220597
2426,19.408,246.43352023588946
2427,19.416,285.0136314807034
2428,19.424,319.56825030372653
2429,19.432,350.2117068639272
2430,19.44,376.77129414014
2431,19.448,398.83791406999114
2432,19.456,415.80024617392854
2433,19.464,426.82316233821246
2434,19.472,430.8545375606329
2435,19.48,426.76984759444565
2436,19.488,413.6417688257705
2437,19.496,390.99823098584164
2438,19.504,358.9542627492478
2439,19.512,318.2303963561533
2440,19.52,270.14095962705886
2441,19.528,216.5720854489235
2442,19.536,159.87763724329085
2443,19.544,102.6437486514353
2444,19.552,47.38499073486155
2445,19.56,-3.7134642635933046
2446,19.568,-48.96408646043328
2447,19.576,-87.29841028945151
2448,19.584,-118.36639624853706
2449,19.592,-142.54815189588797
2450,19.6,-160.79404576246498
2451,19.608,-174.31812241453244
2452,19.616,-184.27869721823004
2453,19.624,-191.55228464240955
2454,19.632,-196.58873237172114
2455,19.64,-199.28866971174338
2456,19.648,-198.92483595224982
2457,19.656,-194.2078017457635
2458,19.664,-183.53983696821288
2459,19.672,-165.36023594206523
2460,19.68,-138.43432814251457
2461,19.688,-102.03626281937115
2462,19.696,-56.08565704049931
2463,19.704,-1.2783505124352401
2464,19.712,60.8557711109491
2465,19.72,128.0673141967361
2466,19.728,197.66511813894587
2467,19.736,266.82524369477244
2468,19.744,332.8160050585346
2469,19.752,393.1467036179629
2470,19.76,445.7036038323079
2471,19.768,488.8610204258699
2472,19.776,521.483252476876
2473,19.784,542.7924818072693
2474,19.792,552.2036663991925
2475,19.8,549.2572487788042
2476,19.808,533.6692012251605
2477,19.816,505.4029202616737
2478,19.824,464.69315662524036
2479,19.832,412.06852754860677
2480,19.84,348.44646624386087
2481,19.848,275.2640235649062
2482,19.856,194.51761366389064
2483,19.864,108.64516338142488
2484,19.872,20.318733156308962
2485,19.88,-67.73877858001329
2486,19.888,-152.8818067667141
2487,19.896,-232.6711833539191
2488,19.904,-305.03154754450657
2489,19.912,-368.36554185155427
2490,19.92,-421.5368676419909
2491,19.928,-463.74553577073556
2492,19.936,-494.41535246075244
2493,19.944,-513.1680415811203
2494,19.952,-519.8395149787791
2495,19.96,-514.4592312573691
2496,19.968,-497.1969433990058
2497,19.976,-468.3580805005016
2498,19.984,-428.4646920778951
2499,19.992,-378.345202103415
2500,20.0,-319.13265309950253
2501,20.008,-252.183370798782
2502,20.016,-179.02728140031033
2503,20.024,-101.40968338197862
2504,20.032,-21.34794785598112
2505,20.04,58.916629594290995
2506,20.048,137.08441409094027
2507,20.056,210.97623529234056
2508,20.064,278.64446315693635
2509,20.072,338.4512410474924
2510,20.08,389.18526293612723
2511,20.088,430.19442130251883
2512,20.096,461.42737048415523
2513,20.104,483.3323019930339
2514,20.112,496.69394828982155
2515,20.12,502.53053433663854
2516,20.128,502.0669572791965
2517,20.136,496.68482380673436
2518,20.144,487.7726960689661
2519,20.152,476.5265958370377
2520,20.16,463.81267795570517
2521,20.168,450.1264923658452
2522,20.176,435.5883608016209
2523,20.184,419.9401677716863
2524,20.192,402.61023718577275
2525,20.2,382.928586164526
2526,20.208,360.4549852254183
2527,20.216,335.2691341174956
2528,20.224,308.1070177431887
2529,20.232,280.3553881041426
2530,20.24,253.97165499978345
2531,20.248,231.3310969414549
2532,20.256,214.9436485286891
2533,20.264,207.04303413623518
2534,20.272,209.17168924684796
2535,20.28,221.91299570583135
2536,20.288,244.8148415077715
2537,20.296,276.435411717074
2538,20.304,314.45664410052126
2539,20.312,355.90496700929765
2540,20.32,397.52737644647743
2541,20.328,436.2465699918121
2542,20.336,469.51593819988483
2543,20.344,495.4624966582569
2544,20.352,512.8735826031207
2545,20.36,521.1500545355257
2546,20.368,520.255391912106
2547,20.376,510.5946526445362
2548,20.384,492.8003662912019
2549,20.392,467.51966381271257
2550,20.4,435.3238469911188
2551,20.408,396.750528710239
2552,20.416,352.37435807420394
2553,20.424,302.82589530335304
2554,20.432,248.7913972429201
2555,20.44,191.06613036963017
2556,20.448,130.6517403291314
2557,20.456,68.80695451013638
2558,20.464,6.998016289971698
2559,20.472,-53.19501705392484
2560,20.48,-110.12768032936927
2561,20.488,-162.1036038864309
2562,20.496,-207.4490454242883
2563,20.504,-244.70194091184925
2564,20.512,-272.83869885645834
2565,20.52,-291.41671694142883
2566,20.528,-300.6054072742062
2567,20.536,-301.18400933513794
2568,20.544,-294.5607881224011
2569,20.552,-282.75367847325015
2570,20.56,-268.22976411388146
2571,20.568,-253.6002768713937
2572,20.576,-241.28942403505027
2573,20.584,-233.29153224450297
2574,20.592,-231.0267154370898
2575,20.6,-235.251493730052
2576,20.608,-246.0338660633703
2577,20.616,-262.8524084113961
2578,20.624,-284.8246671045144
2579,20.632,-310.9641912550993
2580,20.64,-340.34103643148825
2581,20.648,-372.1182040653402
2582,20.656,-405.5400086361653
2583,20.664,-439.9324821029182
2584,20.672,-474.6826921811449
2585,20.68,-509.1422485676489
2586,20.688,-542.4897320902977
2587,20.696,-573.659083310217
2588,20.704,-601.3879493693903
2589,20.712,-624.3275120886528
2590,20.72,-641.1301196725836
2591,20.728,-650.5200485580152
2592,20.736,-651.4228125888137
2593,20.744,-643.1716740615327
2594,20.752,-625.6950218920472
2595,20.76,-599.5676966226446
2596,20.768,-565.9184720589425
2597,20.776,-526.2912513878725
2598,20.784,-482.5326875555747
2599,20.792,-436.674028202556
2600,20.8,-390.74321250427033
2601,20.808,-346.5295959220308
2602,20.816,-305.4027332185426
2603,20.824,-268.2409605861676
2604,20.832,-235.41242454887987
2605,20.84,-206.72603917517782
2606,20.848,-181.37235609949624
2607,20.856,-157.96234533867286
2608,20.864,-134.71578702370394
2609,20.872,-109.71885619132404
2610,20.88,-81.134170468386
2611,20.888,-47.34674142092593
2612,20.896,-7.121345024368762
2613,20.904,40.19829232324168
2614,20.912,94.53438541808401
2615,20.92,155.0692671618812
2616,20.928,220.376976244929
2617,20.936,288.570152715198
2618,20.944,357.37430714175605
2619,20.952,424.17507558806915
2620,20.96,486.14166064477035
2621,20.968,540.4372557708721
2622,20.976,584.4255891425346
2623,20.984,615.8194436590877
2624,20.992,632.828387879085
2625,21.0,634.3800378909868
2626,21.008,620.3770067696851
2627,21.016,591.8514151875747
2628,21.024,550.9159557258015
2629,21.032,500.5351489833595
2630,21.04,444.2068687498857
2631,21.048,385.59899530314556
2632,21.056,328.12568488550494
2633,21.064,274.48518838791944
2634,21.072,226.28652262992816
2635,21.08,183.91499076954193
2636,21.088,146.6590279407282
2637,21.096,112.97759784377725
2638,21.104,80.79258624449494
2639,21.112,47.80885718859225
2640,21.12,11.913701094148932
2641,21.128,-28.38397977850471
2642,21.136,-73.6121919890994
2643,21.144,-123.19542127802326
2644,21.152,-175.49695246853855
2645,21.16,-227.96813277341735
2646,21.168,-277.390938473622
2647,21.176,-320.26442743729666
2648,21.184,-353.32477597576315
2649,21.192,-374.05868015688964
2650,21.2,-381.04303784202625
2651,21.208,-374.0679926949779
2652,21.216,-354.12596906155386
2653,21.224,-323.3335876731376
2654,21.232,-284.74994141099796
2655,21.24,-242.02737239705178
2656,21.248,-198.93231960246314
2657,21.256,-158.88042452680273
2658,21.264,-124.60700059701614
2659,21.272,-97.97380468181831
2660,21.28,-79.85456087693127
2661,21.288,-70.10913710592665
2662,21.296,-67.72348486822199
2663,21.304,-71.13023560964014
2664,21.312,-78.58828168520898
2665,21.32,-88.45507371943172
2666,21.328,-99.2959699051401
2667,21.336,-109.90957394881835
2668,21.344,-119.34848505677624
2669,21.352,-126.91127879228173
2670,21.36,-132.04439924946448
2671,21.368,-134.18519723187106
2672,21.376,-132.66409745505592
2673,21.384,-126.73675786972855
2674,21.392,-115.69676331282007
2675,21.4,-98.97685666338846
2676,21.408,-76.22317126594747
2677,21.416,-47.404549238556974
2678,21.424,-12.978878157034838
2679,21.432,25.96970832430981
2680,21.44,67.72901767819344
2681,21.448,110.09245960789443
2682,21.456,150.5361286579897
2683,21.464,186.38391199167575
2684,21.472,215.00232946642026
2685,21.48,234.0802344006794
2686,21.488,241.94916024219555
2687,21.496,237.811373596843
2688,21.504,221.7870139300324
2689,21.512,194.82515431623693
2690,21.52,158.58155777825456
2691,21.528,115.28743573397561
2692,21.536,67.55002029067501
2693,21.544,18.06526739519462
2694,21.552,-30.666946816651198
2695,21.56,-76.50586741352902
2696,21.568,-117.69758889598965
2697,21.576,-152.86970050968696
2698,21.584,-181.07388541425067
2699,21.592,-201.83793916923815
2700,21.6,-215.1423856289752
2701,21.608,-221.32261047234013
2702,21.616,-220.98557592817207
2703,21.624,-214.99525808623918
2704,21.632,-204.47076933336902
2705,21.64,-190.70668772987412
2706,21.648,-175.01733724475147
2707,21.656,-158.60031132612755
2708,21.664,-142.4821418328642
2709,21.672,-127.50214086666416
2710,21.68,-114.26074214438717
2711,21.688,-103.04691168842
2712,21.696,-93.83966679809446
2713,21.704,-86.43006359971997
2714,21.712,-80.58453624411841
2715,21.72,-76.13090737273339
2716,21.728,-72.94754844349958
2717,21.736,-70.93989836664296
2718,21.744,-70.0645606007447
2719,21.752,-70.35791653343678
2720,21.76,-71.89505981852443
2721,21.768,-74.69350830362613
2722,21.776,-78.66037430369603
2723,21.784,-83.63447958103184
2724,21.792,-89.44981908326875
2725,21.8,-95.91085162152547
2726,21.808,-102.67629106884205
2727,21.816,-109.16015570304187
2728,21.824,-114.53553809781965
2729,21.832,-117.80932960769454
2730,21.84,-117.88614433746011
2731,21.848,-113.61455457470981
2732,21.856,-103.88668330330158
2733,21.864,-87.82318038569247
2734,21.872,-64.96721535095709
2735,21.88,-35.378280800274894
2736,21.888,0.390250795139646
2737,21.896,41.34702669014307
2738,21.904,86.09787583362129
2739,21.912,132.91559311282413
2740,21.92,179.92273948755047
2741,21.928,225.3533307899566
2742,21.936,267.75854416971254
2743,21.944,306.0697124316935
2744,21.952,339.57061950991044
2745,21.96,367.891077292129
2746,21.968,391.0490156704866
2747,21.976,409.45956709543725
2748,21.984,423.84345503439386
2749,21.992,435.07617742865665
2750,22.0,444.0702006655726
2751,22.008,451.7127867271273
2752,22.016,458.8002466114235
2753,22.024,465.9338085805662
2754,22.032,473.43692280906276
2755,22.04,481.37563540636125
2756,22.048,489.6601083368589
2757,22.056,498.10476450225434
2758,22.064,506.3687330536738
2759,22.072,513.838745032106
2760,22.08,519.5733344413138
2761,22.088,522.3370761209944
2762,22.096,520.6568429780776
2763,22.104,512.86373248674
2764,22.112,497.1865924851657
2765,22.12,471.9771598113248
2766,22.128,436.03273971554205
2767,22.136,388.8794215615676
2768,22.144,330.91669774928164
2769,22.152,263.4445373799885
2770,22.16,188.63761392818662
2771,22.168,109.45648358121896
2772,22.176,29.419205387856223
2773,22.184,-47.784605259264595
2774,22.192,-118.73007912919657
2775,22.2,-180.59827011120265
2776,22.208,-231.37025499896464
2777,22.216,-269.9257615629487
2778,22.224,-296.0874182587803
2779,22.232,-310.5659130889329
2780,22.24,-314.74746398095016
2781,22.248,-310.37127919092626
2782,22.256,-299.23895938871397
2783,22.264,-283.04976308884096
2784,22.272,-263.3229515866903
2785,22.28,-241.31693228566712
2786,22.288,-217.93958924676508
2787,22.296,-193.7392560827394
2788,22.304,-169.03372412342873
2789,22.312,-144.1116172981428
2790,22.32,-119.386337719588
2791,22.328,-95.4631190558704
2792,22.336,-73.17637424831761
2793,22.344,-53.635061236420775
2794,22.352,-38.21647032964484
2795,22.36,-28.425801413930873
2796,22.368,-25.643793375933743
2797,22.376,-30.890097544873832
2798,22.384,-44.69893837311614
2799,22.392,-67.0796903181698
2800,22.4,-97.48216514460515
2801,22.408,-134.76351478192538
2802,22.416,-177.23655173289953
2803,22.424,-222.84036196545028
2804,22.432,-269.35949431461125
2805,22.44,-314.58041424865877
2806,22.448,-356.366155275743
2807,22.456,-392.7312915267735
2808,22.464,-421.97690392631927
2809,22.472,-442.8366383387417
2810,22.48,-454.5477755152816
2811,22.488,-456.85139310068087
2812,22.496,-450.01038956422445
2813,22.504,-434.88180626687483
2814,22.512,-412.95209950489226
2815,22.52,-386.21398321866616
2816,22.528,-356.88183120774323
2817,22.536,-327.0656134802331
2818,22.544,-298.50978944394626
2819,22.552,-272.3988266072761
2820,22.56,-249.1873811902506
2821,22.568,-228.48311782946948
2822,22.576,-209.07903811871194
2823,22.584,-189.17840436670068
2824,22.592,-166.72654566901292
2825,22.6,-139.71831760058794
2826,22.608,-106.440297477336
2827,22.616,-65.704526576765
2828,22.624,-17.102440466399585
2829,22.632,38.80201396159473
2830,22.64,100.44930875434783
2831,22.648,165.4319700073517
2832,22.656,230.70687091258597
2833,22.664,292.7980956488962
2834,22.672,348.0299301554594
2835,22.68,392.85938151763105
2836,22.688,424.2735082739744
2837,22.696,440.1147539810811
2838,22.704,439.2378663051567
2839,22.712,421.53648692756485
2840,22.72,387.9347100020334
2841,22.728,340.3550333482895
2842,22.736,281.5803490143686
2843,22.744,214.9711787967156
2844,22.752,144.1348934186443
2845,22.76,72.68440277290055
2846,22.768,4.102150320375927
2847,22.776,-58.3980542831224
2848,22.784,-112.08220004336809
2849,22.792,-154.9150403849464
2850,22.8,-185.6670305271772
2851,22.808,-203.87794981926504
2852,22.816,-209.75472795587575
2853,22.824,-204.0709724539721
2854,22.832,-188.03677819440028
2855,22.84,-163.07411250987346
2856,22.848,-130.5268195614316
2857,22.856,-91.43391550294263
2858,22.864,-46.46707069163406
2859,22.872,3.9857574275811496
2860,22.88,59.67004657468854
2861,22.888,120.27525883165207
2862,22.896,185.17862656478712
2863,22.904,253.1470560679772
2864,22.912,322.1259696972641
2865,22.92,389.2476910835989
2866,22.928,451.05853057511064
2867,22.936,503.8383752351809
2868,22.944,543.9088592123674
2869,22.952,567.9428162441644
2870,22.96,573.3289865852967
2871,22.968,558.5519885883728
2872,22.976,523.4511771311736
2873,22.984,469.2669897999184
2874,22.992,398.5186674175087
2875,23.0,314.80863171348403
2876,23.008,222.56747152612178
2877,23.016,126.68011150169535
2878,23.024,31.99158729757225
2879,23.032,-57.18286023455141
2880,23.04,-137.3864815181219
2881,23.048,-206.14474143586122
2882,23.056,-261.9634866736641
2883,23.064,-304.27185546556274
2884,23.072,-333.2860471298034
2885,23.08,-349.75289298986115
2886,23.088,-354.6366885135844
2887,23.096,-348.90207775870664
2888,23.104,-333.48565356761986
2889,23.112,-309.3909702972142
2890,23.12,-277.76848159779405
2891,23.128,-239.9289154489719
2892,23.136,-197.3466487118433
2893,23.144,-151.6894577667997
2894,23.152,-104.81406841658982
2895,23.16,-58.65333424886834
2896,23.168,-15.027921092327473
2897,23.176,24.495254867469896
2898,23.184,58.62684747063265
2899,23.192,86.3205202954492
2900,23.2,106.78451438312253
2901,23.208,119.54987601395972
2902,23.216,124.50396419611141
2903,23.224,121.83169833547957
2904,23.232,111.93063745871149
2905,23.24,95.40260229598182
2906,23.248,73.11637116189632
2907,23.256,46.22998839263143
2908,23.264,16.100362194267323
2909,23.272,-15.864031773105415
2910,23.28,-48.30414635702481
2911,23.288,-79.94989564183192
2912,23.296,-109.6745751539359
2913,23.304,-136.60301144427723
2914,23.312,-160.20097367982055
2915,23.32,-180.25218653039155
2916,23.328,-196.73723277524206
2917,23.336,-209.72137260686608
2918,23.344,-219.3129777176345
2919,23.352,-225.63821595811135
2920,23.36,-228.74942741366425
2921,23.368,-228.48190894780268
2922,23.376,-224.36526534264837
2923,23.384,-215.65921073855338
2924,23.392,-201.46809067500257
2925,23.4,-180.84235474819926
2926,23.408,-152.85293483498538
2927,23.416,-116.71344865847375
2928,23.424,-71.99606027054317
2929,23.432,-18.870737940418753
2930,23.44,41.75354311634217
2931,23.448,108.2278526211018
2932,23.456,178.24575156112255
2933,23.464,248.96086500891187
2934,23.472,317.1763954905983
2935,23.48,379.66003438567685
2936,23.488,433.5300515432604
2937,23.496,476.5593219589512
2938,23.504,507.299155421317
2939,23.512,525.0758984955542
2940,23.52,529.971724984148
2941,23.528,522.8055377654559
2942,23.536,505.02959059493674
2943,23.544,478.4991717157334
2944,23.552,445.196108740743
2945,23.56,407.019422838082
2946,23.568,365.6574020905447
2947,23.576,322.4684921841873
2948,23.584,278.3467213036679
2949,23.592,233.66044658994244
2950,23.6,188.36517984730563
2951,23.608,142.26621134563402
2952,23.616,95.28988327871464
2953,23.624,47.65009361636554
2954,23.632,-0.07870755594739082
2955,23.64,-46.91368374166297
2956,23.648,-91.44452726942714
2957,23.656,-131.92325310675903
2958,23.664,-166.4951980056051
2959,23.672,-193.48320362827326
2960,23.68,-211.6001501545247
2961,23.688,-220.05548947274886
2962,23.696,-218.61506282529052
2963,23.704,-207.65316519633402
2964,23.712,-188.14424941633413
2965,23.72,-161.51976086870351
2966,23.728,-129.41661166933622
2967,23.736,-93.4488744839461
2968,23.744,-55.10577388949097
2969,23.752,-15.753892372580715
2970,23.76,23.339995965685443
2971,23.768,60.9850103214865
2972,23.776,95.98873745888262
2973,23.784,127.01668295867606
2974,23.792,152.48800760452156
2975,23.8,170.62623707924303
2976,23.808,179.66202782813355
2977,23.816,178.06180649019308
2978,23.824,164.68062348129163
2979,23.832,138.8617378750978
2980,23.84,100.55395004382846
2981,23.848,50.43228072459518
2982,23.856,-10.079048079698396
2983,23.864,-78.93828392647261
2984,23.872,-153.70366254133845
2985,23.88,-231.720002214395
2986,23.888,-310.24342909198475
2987,23.896,-386.5710613012058
2988,23.904,-458.220401057837
2989,23.912,-523.0966843594143
2990,23.92,-579.5493264413205
2991,23.928,-626.3148601419435
2992,23.936,-662.4494774897113
2993,23.944,-687.3291583522104
2994,23.952,-700.6829746931422
2995,23.96,-702.582506925889
2996,23.968,-693.3878506686652
2997,23.976,-673.731036918155
2998,23.984,-644.5814741668386
2999,23.992,-607.3281983918353
3000,24.0,-563.7806803179905
3001,24.008,-516.0821776183253
3002,24.016,-466.6151117042505
3003,24.024,-417.93474560128175
3004,24.032,-372.6631558306443
3005,24.04,-333.26637710195666
3006,24.048,-301.7510664048831
3007,24.056,-279.41526401390854
3008,24.064,-266.74948176852996
3009,24.072,-263.4592561976835
3010,24.08,-268.52316128458415
3011,24.088,-280.2720539866767
3012,24.096,-296.55824771211473
3013,24.104,-315.0411145556595
3014,24.112,-333.4927552772601
3015,24.12,-349.99366937912504
3016,24.128,-362.99804109518635
3017,24.136,-371.36028960188304
3018,24.144,-374.3903637594783
3019,24.152,-371.8908847265645
3020,24.16,-364.0860812117166
3021,24.168,-351.445038616205
3022,24.176,-334.50595016892765
3023,24.184,-313.7798544243039
3024,24.192,-289.6931852911875
3025,24.2,-262.4876599844018
3026,24.208,-232.0926332484982
3027,24.216,-198.0800124729466
3028,24.224,-159.76348605331276
3029,24.232,-116.37087426243555
3030,24.24,-67.17759148244174
3031,24.248,-11.589006253241612
3032,24.256,50.74520587128603
3033,24.264,119.74393195704914
3034,24.272,194.71521544052004
3035,24.28,274.29935578814906
3036,24.288,356.5470392478168
3037,24.296,439.0449749566083
3038,24.304,519.0371919552582
3039,24.312,593.6001782835777
3040,24.32,659.9447292400961
3041,24.328,715.7922275198046
3042,24.336,759.6593084859752
3043,24.344,790.9334237121809
3044,24.352,809.7770873397949
3045,24.36,816.9709475992399
3046,24.368,813.7292598720815
3047,24.376,801.4393347079916
3048,24.384,781.3263021972881
3049,24.392,754.1611111764327
3050,24.4,720.1477828768762
3051,24.408,679.0078563030567
3052,24.416,630.1643350408194
3053,24.424,572.9430897240431
3054,24.432,506.80496940957545
3055,24.44,431.64299687943804
3056,24.448,348.0839959192919
3057,24.456,257.6517855106037
3058,24.464,162.70519035051632
3059,24.472,66.20807670064903
3060,24.48,-28.54657897290149
3061,24.488,-118.21325470413872
3062,24.496,-199.7148678876373
3063,24.504,-270.6173599902521
3064,24.512,-329.4537963505929
3065,24.52,-375.86081202058193
3066,24.528,-410.4969904862797
3067,24.536,-434.83492338692866
3068,24.544,-450.9128877912793
3069,24.552,-461.03660746210403
3070,24.56,-467.3980303092465
3071,24.568,-471.6740950261152
3072,24.576,-474.74969742582647
3073,24.584,-476.6549550089207
3074,24.592,-476.6746096536973
3075,24.6,-473.5292103347537
3076,24.608,-465.5934211203094
3077,24.616,-451.1899027094303
3078,24.624,-428.95489705311746
3079,24.632,-398.1628611862698
3080,24.64,-358.8822980313804
3081,24.648,-311.9541418142903
3082,24.656,-258.89107341952547
3083,24.664,-201.7673117593052
3084,24.672,-143.07049388640155
3085,24.68,-85.46787876536547
3086,24.688,-31.527386579589614
3087,24.696,16.49389453828998
3088,24.704,56.73567421597041
3089,24.712,87.7614569493542
3090,24.72,108.63211872148992
3091,24.728,119.0358818121714
3092,24.736,119.3825071921006
3093,24.744,110.79336750581388
3094,24.752,95.02441399417512
3095,24.76,74.39509829853802
3096,24.768,51.71553410746483
3097,24.776,30.123917604598805
3098,24.784,12.790577442676863
3099,24.792,2.574489920866484
3100,24.8,1.7660364116609604
3101,24.808,11.947872803151892
3102,24.816,33.8958851336869
3103,24.824,67.4734486299898
3104,24.832,111.58634210098361
3105,24.84,164.29134971302676
3106,24.848,223.04379491154577
3107,24.856,284.9688197175653
3108,24.864,347.0826506076228
3109,24.872,406.51511109732184
3110,24.88,460.8163314990227
3111,24.888,508.31323403628636
3112,24.896,548.3639035786416
3113,24.904,581.3918665326901
3114,24.912,608.7197620362283
3115,24.92,632.2956709999922
3116,24.928,654.355506686898
3117,24.936,677.0053053681601
3118,24.944,701.7537805555766
3119,24.952,729.1284892302011
3120,24.96,758.5205266222969
3121,24.968,788.2820473097124
3122,24.976,815.9803558382617
3123,24.984,838.7216418134187
3124,24.992,853.5479655350306
3125,25.0,857.925364242297
3126,25.008,850.2307872079638
3127,25.016,830.0516490698287
3128,25.024,798.1821940254968
3129,25.032,756.3794666922332
3130,25.04,707.0318338487318
3131,25.048,652.8228500788549
3132,25.056,596.3819644983068
3133,25.064,539.9383427730487
3134,25.072,485.0844060024449
3135,25.08,432.7561406138135
3136,25.088,383.4069946930655
3137,25.096,337.23309244224504
3138,25.104,294.33267931281455
3139,25.112,254.8012623414893
3140,25.12,218.8218763794796
3141,25.128,186.74837760039654
3142,25.136,159.10520283326323
3143,25.144,136.4646313991607
3144,25.152,119.27629350649221
3145,25.16,107.76039671699708
3146,25.168,101.88164767893898
3147,25.176,101.32651643974043
3148,25.184,105.44550562510943
3149,25.192,113.23382748354894
3150,25.2,123.4381024192237
3151,25.208,134.7597681452031
3152,25.216,146.03273525073254
3153,25.224,156.3051225715694
3154,25.232,164.8777955740466
3155,25.24,171.38365314721355
3156,25.248,175.89089869035703
3157,25.256,178.91593087265076
3158,25.264,181.27310102827659
3159,25.272,183.82609452374504
3160,25.28,187.27089149140514
3161,25.288,192.00117465999426
3162,25.296,198.00776329404727
3163,25.304,204.7851897302285
3164,25.312,211.31420095152902
3165,25.32,216.20021919858561
3166,25.328,217.93507988169188
3167,25.336,215.1494811726386
3168,25.344,206.76349549158644
3169,25.352,192.0684302606623
3170,25.36,170.82038265983712
3171,25.368,143.3391840401988
3172,25.376,110.51872180169896
3173,25.384,73.69559047171354
3174,25.392,34.43986011600159
3175,25.4,-5.630070467409829
3176,25.408,-44.9936816340898
3177,25.416,-82.40553049668017
3178,25.424,-117.12857103377897
3179,25.432,-149.1289820940571
3180,25.44,-179.11023078412106
3181,25.448,-208.38071679666646
3182,25.456,-238.66446223609242
3183,25.464,-271.93197895045654
3184,25.472,-310.20972662957047
3185,25.48,-355.29692692553374
3186,25.488,-408.42413891731763
3187,25.496,-469.990134881528
3188,25.504,-539.4740673561491
3189,25.512,-615.4829201241367
3190,25.52,-695.8349803296223
3191,25.528,-777.6684446982895
3192,25.536,-857.6574381894796
3193,25.544,-932.3658640027132
3194,25.552,-998.6370342431461
3195,25.56,-1053.884139323321
3196,25.568,-1096.2532400994382
3197,25.576,-1124.7308101199521
3198,25.584,-1139.2376714879695
3199,25.592,-1140.6463034431786
3200,25.6,-1130.632280370236
3201,25.608,-1111.3747954167852
3202,25.616,-1085.2316658180453
3203,25.624,-1054.4897960957692
3204,25.632,-1021.1722944933929
3205,25.64,-986.8416330034611
3206,25.648,-952.4307708057892
3207,25.656,-918.2115281922148
3208,25.664,-883.9446245231962
3209,25.672,-849.126115600095
3210,25.68,-813.2099854305687
3211,25.688,-775.7804623418087
3212,25.696,-736.7393839893742
3213,25.704,-696.532471696232
3214,25.712,-656.3126546976383
3215,25.72,-617.9045450708594
3216,25.728,-583.5550096994854
3217,25.736,-555.5879066741973
3218,25.744,-536.0764703016409
3219,25.752,-526.5467910506015
3220,25.76,-527.6909800543106
3221,25.768,-539.1508228689923
3222,25.776,-559.5000440195313
3223,25.784,-586.4754511894024
3224,25.792,-617.3461778593856
3225,25.8,-649.247892803473
3226,25.808,-679.409178482237
3227,25.816,-705.3216923443268
3228,25.824,-724.9029129575287
3229,25.832,-736.6027170774753
3230,25.84,-739.3722416358149
3231,25.848,-732.5116534690316
3232,25.856,-715.5180100365399
3233,25.864,-688.0236166379322
3234,25.872,-649.7920307227682
3235,25.88,-600.6880369799322
3236,25.888,-540.6203103016629
3237,25.896,-469.5458243943907
3238,25.904,-387.58778136859826
3239,25.912,-295.19901686432615
3240,25.92,-193.26291509729796
3241,25.928,-83.11562765940513
3242,25.936,33.43643497684766
3243,25.944,154.06771186258715
3244,25.952,275.92595932227584
3245,25.96,395.7623680803234
3246,25.968,510.18906734875526
3247,25.976,615.9479038690213
3248,25.984,710.1027004813243
3249,25.992,790.183116258462
3250,26.0,854.3480576399356
3251,26.008,901.5470895500063
3252,26.016,931.5752125567387
3253,26.024,944.9698027404702
3254,26.032,942.8263611317639
3255,26.04,926.6465766010231
3256,26.048,898.2364928526594
3257,26.056,859.5801656108847
3258,26.064,812.6482818613204
3259,26.072,759.211445768135
3260,26.08,700.7646328277209
3261,26.088,638.5766664970184
3262,26.096,573.773774034714
3263,26.104,507.38795239248645
3264,26.112,440.4099598617523
3265,26.12,373.91546433542334
3266,26.128,309.22901199715346
3267,26.136,247.9981732773441
3268,26.144,192.1000089141917
3269,26.152,143.43265453973135
3270,26.16,103.6967090861256
3271,26.168,74.19397787859295
3272,26.176,55.591128459074945
3273,26.184,47.64666717673217
3274,26.192,49.02518051521555
3275,26.2,57.34390175673471
3276,26.208,69.46433656102806
3277,26.216,81.90841732802345
3278,26.224,91.28621699808667
3279,26.232,94.72095031583937
3280,26.24,90.28615094888983
3281,26.248,77.37773065587322
3282,26.256,56.865385882208756
3283,26.264,30.937150439706475
3284,26.272,2.709226445149474
3285,26.28,-24.251353324451046
3286,26.288,-46.41066962221593
3287,26.296,-60.759384224455914
3288,26.304,-65.2779611890202
3289,26.312,-59.24464931066906
3290,26.32,-43.25510119255743
3291,26.328,-18.962187538928564
3292,26.336,11.317613609274602
3293,26.344,44.99163901096707
3294,26.352,79.53975216730166
3295,26.36,112.83658424307656
3296,26.368,143.39091686608265
3297,26.376,170.39564550924894
3298,26.384,193.56591886695816
3299,26.392,212.88643949940064
3300,26.4,228.42546100200113
3301,26.408,240.26413439532942
3302,26.416,248.47496214827865
3303,26.424,253.09720510011854
3304,26.432,254.1540461305693
3305,26.44,251.77654139160433
3306,26.448,246.39325046184257
3307,26.456,238.84876135992434
3308,26.464,230.3612876538616
3309,26.472,222.36218420176814
3310,26.48,216.31665128124274
3311,26.488,213.55571320985723
3312,26.496,215.0770786097619
3313,26.504,221.31465899962757
3314,26.512,231.97804770560876
3315,26.52,246.07195332991435
3316,26.528,262.08528743792783
3317,26.536,278.2250552073195
3318,26.544,292.5913090407106
3319,26.552,303.3079096084908
3320,26.56,308.6838654835549
3321,26.568,307.4098210970874
3322,26.576,298.7068344851194
3323,26.584,282.3744936999541
3324,26.592,258.79368845605893
3325,26.6,228.97062084134873
3326,26.608,194.60675539295272
3327,26.616,158.07686038079248
3328,26.624,122.24071101387496
3329,26.632,90.15367967225382
3330,26.64,64.79868989306893
3331,26.648,48.876286169165255
3332,26.656,44.593328442050826
3333,26.664,53.41957016451595
3334,26.672,75.89034678346837
3335,26.68,111.56285981539025
3336,26.688,159.1281096957298
3337,26.696,216.5727735620382
3338,26.704,281.31318681566484
3339,26.712,350.3363993744456
3340,26.72,420.41700068698236
3341,26.728,488.38824878993785
3342,26.736,551.3652944782427
3343,26.744,606.8662111760693
3344,26.752,652.8922530144204
3345,26.76,688.0507863528367
3346,26.768,711.693054605117
3347,26.776,723.9462647690726
3348,26.784,725.578520067588
3349,26.792,717.7722965362319
3350,26.8,701.9250959277856
3351,26.808,679.5009191146167
3352,26.816,651.86026253471
3353,26.824,620.0367166717791
3354,26.832,584.5550476774501
3355,26.84,545.4186456678665
3356,26.848,502.2705778925667
3357,26.856,454.6073509104864
3358,26.864,401.95273168328214
3359,26.872,344.0182109968491
3360,26.88,280.9092768567449
3361,26.888,213.33848089851472
3362,26.896,142.7223861857516
3363,26.904,71.10021374272657
3364,26.912,0.9475484264045009
3365,26.92,-65.00614795587414
3366,26.928,-123.94878772696478
3367,26.936,-173.22593946485546
3368,26.944,-210.68188105563652
3369,26.952,-235.01632995588304
3370,26.96,-246.03930923001874
3371,26.968,-244.7917011111927
3372,26.976,-233.57903929569892
3373,26.984,-215.93242641276285
3374,26.992,-196.4169359135746
3375,27.0,-180.20259198362302
3376,27.008,-172.43930101995417
3377,27.016,-177.5993819982521
3378,27.024,-198.9289042375551
3379,27.032,-238.0306295075102
3380,27.04,-294.55770897247606
3381,27.048,-366.0797412537682
3382,27.056,-448.2486065241713
3383,27.064,-535.3067921732999
3384,27.072,-620.8103147476918
3385,27.08,-698.36528563234
3386,27.088,-762.2672298080735
3387,27.096,-808.0449366684275
3388,27.104,-832.8953199589834
3389,27.112,-835.9022893424225
3390,27.12,-817.9324952613989
3391,27.128,-781.2441089595767
3392,27.136,-728.9858411388974
3393,27.144,-664.748223905603
3394,27.152,-592.1959893739732
3395,27.16,-514.7369034953297
3396,27.168,-435.24460628479983
3397,27.176,-355.9264085802506
3398,27.184,-278.376225997918
3399,27.192,-203.72522393272004
3400,27.2,-132.76098137353947
3401,27.208,-65.98742212112906
3402,27.216,-3.708706879957349
3403,27.224,53.8045183812977
3404,27.232,106.1277159830056
3405,27.24,152.58588198987428
3406,27.248,192.2750935275871
3407,27.256,224.12455339901723
3408,27.264,246.9359100567202
3409,27.272,259.44274877571183
3410,27.28,260.47339711254733
3411,27.288,249.20596924970764
3412,27.296,225.39763723825044
3413,27.304,189.49119576621857
3414,27.312,142.6122855725991
3415,27.32,86.51642885111971
3416,27.328,23.479358939982408
3417,27.336,-43.93283066798315
3418,27.344,-113.21462634025934
3419,27.352,-182.2692383601939
3420,27.36,-249.60127950015004
3421,27.368,-314.318846234245
3422,27.376,-376.03367359652856
3423,27.384,-434.7346016470086
3424,27.392,-490.6118109170821
3425,27.4,-543.791501698654
3426,27.408,-594.0427834704442
3427,27.416,-640.6017907794693
3428,27.424,-682.1981998567718
3429,27.432,-717.2261295615737
3430,27.44,-743.9433040083811
3431,27.448,-760.6656023578577
3432,27.456,-766.0112820634074
3433,27.464,-759.2017577421003
3434,27.472,-740.3063755255439
3435,27.48,-710.3000265719733
3436,27.488,-670.9240077864907
3437,27.496,-624.4570526208686
3438,27.504,-573.4837870982188
3439,27.512,-520.641863924674
3440,27.52,-468.2936526188087
3441,27.528,-418.15859693233347
3442,27.536,-371.0349441260371
3443,27.544,-326.7056450000239
3444,27.552,-284.00871232708135
3445,27.56,-241.00622845388204
3446,27.568,-195.25022935156818
3447,27.576,-144.19847268105508
3448,27.584,-85.76962252360774
3449,27.592,-18.8990882537392
3450,27.6,56.08426068102809
3451,27.608,137.3384248414569
3452,27.616,221.60187852513172
3453,27.624,304.451164232443
3454,27.632,380.7450419491864
3455,27.64,445.2770821469472
3456,27.648,493.5410366679297
3457,27.656,522.4126438151076
3458,27.664,530.5985837922915
3459,27.672,518.8392107784429
3460,27.68,489.9090310802206
3461,27.688,448.39560618184595
3462,27.696,400.1911560958142
3463,27.704,351.7190084205937
3464,27.712,309.0689966821773
3465,27.72,277.25902044874294
3466,27.728,259.72114790064796
3467,27.736,257.97578655249305
3468,27.744,271.4607545373777
3469,27.752,297.57880426078776
3470,27.76,332.04299606965816
3471,27.768,369.4755617560462
3472,27.776,404.0933305791485
3473,27.784,430.3352864343637
3474,27.792,443.4085998848915
3475,27.8,439.7823074357791
3476,27.808,417.58122101538277
3477,27.816,376.7564324817119
3478,27.824,318.97055299097343
3479,27.832,247.27797909818887
3480,27.84,165.73226883988835
3481,27.848,78.97041501485774
3482,27.856,-8.255199571276865
3483,27.864,-91.58242598991183
3484,27.872,-167.46501793654875
3485,27.88,-233.39322030665687
3486,27.888,-287.9031003298486
3487,27.896,-330.4776809144496
3488,27.904,-361.4195049652706
3489,27.912,-381.67234789888937
3490,27.92,-392.54683017578
3491,27.928,-395.4036498970296
3492,27.936,-391.43078075862854
3493,27.944,-381.58878846455696
3494,27.952,-366.6573136462034
3495,27.96,-347.2719561414117
3496,27.968,-323.93800304450826
3497,27.976,-297.0945489157631
3498,27.984,-267.25448193141796
3499,27.992,-235.13656767486805
3500,28.0,-201.69053356132585
3501,28.008,-168.0187209512777
3502,28.016,-135.28480488915054
3503,28.024,-104.66115468055943
3504,28.032,-77.2631207801504
3505,28.04,-54.001762495033994
3506,28.048,-35.392846488365294
3507,28.056,-21.45128600376798
3508,28.064,-11.74418725209959
3509,28.072,-5.533190204198187
3510,28.08,-1.8874104606264541
3511,28.088,0.2549330401484351
3512,28.096,2.0008935831331343
3513,28.104,4.355759901343987
3514,28.112,8.090344915497802
3515,28.12,13.721809088399931
3516,28.128,21.600881146316176
3517,28.136,32.00287179685865
3518,28.144,45.15523092610654
3519,28.152,61.23985543283154
3520,28.16,80.43796572719347
3521,28.168,102.99919055387393
3522,28.176,129.2347079961847
3523,28.184,159.38292690435972
3524,28.192,193.4295409279135
3525,28.2,231.01233996029242
3526,28.208,271.44061903139436
3527,28.216,313.74722061666705
3528,28.224,356.7148112464439
3529,28.232,398.9288120594392
3530,28.24,438.94149500083006
3531,28.248,475.52895260486025
3532,28.256,507.9153232405768
3533,28.264,535.8689941796832
3534,28.272,559.6996348136162
3535,28.28,580.2326233519094
3536,28.288,598.7546122594472
3537,28.296,616.8494108544712
3538,28.304,636.1036317150875
3539,28.312,657.7917182509483
3540,28.32,682.6835413145403
3541,28.328,711.0056553319396
3542,28.336,742.4682085290286
3543,28.344,776.2879304818489
3544,28.352,811.2450385390565
3545,28.36,845.8374940060887
3546,28.368,878.4920199716178
3547,28.376,907.7018225639425
3548,28.384,932.0155087162667
3549,28.392,949.9400634675776
3550,28.4,959.8789928547321
3551,28.408,960.1461738614786
3552,28.416,948.9990490154214
3553,28.424,924.6614346479638
3554,28.432,885.4137644629886
3555,28.44,829.8458070863843
3556,28.448,757.2400160861337
3557,28.456,667.9317641445307
3558,28.464,563.5218160783994
3559,28.472,446.94359389419174
3560,28.48,322.43947123853695
3561,28.488,195.41701855387547
3562,28.496,72.07760054413221
3563,28.504,-41.2220312419122
3564,28.512,-138.75926309521878
3565,28.52,-216.20259042671688
3566,28.528,-271.2266669444685
3567,28.536,-303.9651795741487
3568,28.544,-317.25518578064083
3569,28.552,-316.53468621502174
3570,28.56,-309.26684724638665
3571,28.568,-303.934554287221
3572,28.576,-308.8283162360631
3573,28.584,-330.87985902100405
3574,28.592,-374.7045664290993
3575,28.6,-441.9558846195277
3576,28.608,-531.112075713023
3577,28.616,-637.8017034316439
3578,28.624,-755.6309364741518
3579,28.632,-877.2792348743185
3580,28.64,-995.5616562795971
3581,28.648,-1104.270151961972
3582,28.656,-1198.7519569637523
3583,28.664,-1276.2122363125175
3584,28.672,-1335.6841099474602
3585,28.68,-1377.641246279586
3586,28.688,-1403.3719936570408
3587,28.696,-1414.347818279771
3588,28.704,-1411.7717341444186
3589,28.712,-1396.3441094130067
3590,28.72,-1368.1986705984414
3591,28.728,-1326.998191248988
3592,28.736,-1272.227102884719
3593,28.744,-1203.6559502502723
3594,28.752,-1121.8227670046458
3595,28.76,-1028.3443902369863
3596,28.768,-925.9957801424439
3597,28.776,-818.6292346155432
3598,28.784,-710.9953576103075
3599,28.792,-608.4281182071111
3600,28.8,-516.340517751406
3601,28.808,-439.59509343140917
3602,28.816,-381.9232688662678
3603,28.824,-345.52850194500803
3604,28.832,-330.87057507471866
3605,28.84,-336.566785232474
3606,28.848,-359.42208661033794
3607,28.856,-394.6756377634784
3608,28.864,-436.48802697173716
3609,28.872,-478.55389013432364
3610,28.88,-514.6789425382569
3611,28.888,-539.2574053782297
3612,28.896,-547.6911857300278
3613,28.904,-536.7670668655614
3614,28.912,-504.89819992071
3615,28.92,-452.11338869818985
3616,28.928,-379.80141853453455
3617,28.936,-290.3467262080474
3618,28.944,-186.78068013736197
3619,28.952,-72.4633691791957
3620,28.96,49.23360467485154
3621,28.968,175.19978622588349
3622,28.976,302.70933715276027
3623,28.984,429.3596042432982
3624,28.992,552.9223615492095
3625,29.0,671.2443477962614
3626,29.008,782.2377009626779
3627,29.016,883.9001083361563
3628,29.024,974.3225232738871
3629,29.032,1051.7329696552486
3630,29.04,1114.643751082265
3631,29.048,1162.0687606597312
3632,29.056,1193.6807090051764
3633,29.064,1209.8214674136946
3634,29.072,1211.4149731345947
3635,29.08,1199.883203390085
3636,29.088,1177.0730687631985
3637,29.096,1145.1100703969614
3638,29.104,1106.1394528953247
3639,29.112,1062.0414037945618
3640,29.12,1014.2505958327856
3641,29.128,963.7165221145207
3642,29.136,910.9366651800957
3643,29.144,856.0133444627158
3644,29.152,798.7784242189543
3645,29.16,739.041510259937
3646,29.168,676.9067212177689
3647,29.176,613.0078760190391
3648,29.184,548.5602613991938
3649,29.192,485.2637360787246
3650,29.2,425.1547631226907
3651,29.208,370.4390297484305
3652,29.216,323.26000091253303
3653,29.224,285.39474324490124
3654,29.232,257.9713122460516
3655,29.24,241.32252882376852
3656,29.248,234.98733069299405
3657,29.256,237.7724628858269
3658,29.264,247.81331670222994
3659,29.272,262.6707394336294
3660,29.28,279.5258178630841
3661,29.288,295.4459988827753
3662,29.296,307.612481796376
3663,29.304,313.43954991568523
3664,29.312,310.63874236659484
3665,29.32,297.3312183159153
3666,29.328,272.2228301501282
3667,29.336,234.74449137511638
3668,29.344,185.07588942238385
3669,29.352,124.0878084519815
3670,29.36,53.28987385805652
3671,29.368,-25.21142133044522
3672,29.376,-108.82535183273254
3673,29.384,-194.69813896889923
3674,29.392,-279.96367175293665
3675,29.4,-361.91634775852685
3676,29.408,-438.1033801855822
3677,29.416,-506.4302652287627
3678,29.424,-565.3261888923162
3679,29.432,-613.8885914983723
3680,29.44,-651.8931833085514
3681,29.448,-679.666198884504
3682,29.456,-697.9236670896996
3683,29.464,-707.6495162210382
3684,29.472,-709.9697969346422
3685,29.48,-705.9510554293644
3686,29.488,-696.3481545491065
3687,29.496,-681.4172737464354
3688,29.504,-660.8744398417595
3689,29.512,-633.9657287072297
3690,29.52,-599.5684300623763
3691,29.528,-556.3179247778412
3692,29.536,-502.8321334858551
3693,29.544,-438.05379586855594
3694,29.552,-361.60442690782304
3695,29.56,-274.0104637076161
3696,29.568,-176.77131900991577
3697,29.576,-72.34746336715087
3698,29.584,35.88366814608507
3699,29.592,143.76439410080437
3700,29.6,246.66581602633985
3701,29.608,339.9378368743056
3702,29.616,419.3626985796772
3703,29.624,481.500599431212
3704,29.632,523.9287277521905
3705,29.64,545.4211136923199
3706,29.648,546.0412769914286
3707,29.656,527.0506406320962
3708,29.664,490.60841225361565
3709,29.672,439.38915471399775
3710,29.68,376.2849275440148
3711,29.688,304.24117441567853
3712,29.696,226.15481341156527
3713,29.704,144.7776146322953
3714,29.712,62.66469083122569
3715,29.72,-17.771289162494412
3716,29.728,-94.1437769210924
3717,29.736,-164.05061681961416
3718,29.744,-225.19077950789313
3719,29.752,-275.5858770090572
3720,29.76,-313.79975449468014
3721,29.768,-339.12685128843754
3722,29.776,-351.79500600027035
3723,29.784,-353.17744672268026
3724,29.792,-345.894606004374
3725,29.8,-333.6763742058721
3726,29.808,-320.98720044923954
3727,29.816,-312.5395911211682
3728,29.824,-312.8027315236497
3729,29.832,-325.51040786748496
3730,29.84,-353.14764015338767
3731,29.848,-396.49383107021276
3732,29.856,-454.38285944865737
3733,29.864,-523.7716326655873
3734,29.872,-600.0496065805871
3735,29.88,-677.454352933887
3736,29.888,-749.542230095797
3737,29.896,-809.7577930907872
3738,29.904,-852.1056368523767
3739,29.912,-871.8036130894787
3740,29.92,-865.7554538439898
3741,29.928,-832.7778607758539
3742,29.936,-773.6259951740803
3743,29.944,-690.856873374191
3744,29.952,-588.4946214150256
3745,29.96,-471.4609895256383
3746,29.968,-344.8555103051217
3747,29.976,-213.2806907309663
3748,29.984,-80.371183427513
3749,29.992,51.4528578176742
3750,30.0,181.06228879966622
3751,30.008,308.52422179551246
3752,30.016,434.7751172851359
3753,30.024,561.0707827598785
3754,30.032,688.3652382185668
3755,30.04,816.811643765131
3756,30.048,945.466796093542
3757,30.056,1072.1579344086751
3758,30.064,1193.4742120954104
3759,30.072,1304.9276965911527
3760,30.08,1401.3374799748524
3761,30.088,1477.3805323625645
3762,30.096,1528.1503613833227
3763,30.104,1549.5978201828361
3764,30.112,1538.8540593567684
3765,30.12,1494.492769957982
3766,30.128,1416.7157800568673
3767,30.136,1307.3687731055413
3768,30.144,1169.7462646891413
3769,30.152,1008.274356629355
3770,30.16,828.1997781209649
3771,30.168,635.3148922025149
3772,30.176,435.6496868132523
3773,30.184,235.10027206697083
3774,30.192,39.08325907409072
3775,30.2,-147.66679619016745
3776,30.208,-321.15501291065175
3777,30.216,-478.1489652043875
3778,30.224,-616.2426329479819
3779,30.232,-733.9109334789473
3780,30.24,-830.4586319183969
3781,30.248,-905.8637142211322
3782,30.256,-960.6192287799806
3783,30.264,-995.6480376425696
3784,30.272,-1012.248844629058
3785,30.28,-1011.9922072225595
3786,30.288,-996.5729243596963
3787,30.296,-967.7104359704889
3788,30.304,-927.1500062854097
3789,30.312,-876.7076038471167
3790,30.32,-818.2658918551504
3791,30.328,-753.7139789767213
3792,30.336,-684.9145934179535
3793,30.344,-613.7505516017934
3794,30.352,-542.1864870449192
3795,30.36,-472.2431717246286
3796,30.368,-405.8788712587769
3797,30.376,-344.87343133358223
3798,30.384,-290.77941481987096
3799,30.392,-244.88701918596217
3800,30.4,-208.1093405157292
3801,30.408,-180.7945892969761
3802,30.416,-162.58551146843163
3803,30.424,-152.42253684648733
3804,30.432,-148.65624419467517
3805,30.44,-149.1689163037056
3806,30.448,-151.48214021442206
3807,30.456,-152.92348443534166
3808,30.464,-150.89449058045722
3809,30.472,-143.16464865991688
3810,30.48,-128.07668602042753
3811,30.488,-104.64146632581118
3812,30.496,-72.59521570956369
3813,30.504,-32.46369963635034
3814,30.512,14.423619869981334
3815,30.52,66.05494632090648
3816,30.528,119.98108009467188
3817,30.536,173.56630979850323
3818,30.544,224.15154480186737
3819,30.552,269.1558620634815
3820,30.56,306.20072617666807
3821,30.568,333.27315256302643
3822,30.576,348.86144679934677
3823,30.584,352.0250768455092
3824,30.592,342.4563208740372
3825,30.6,320.59901136366153
3826,30.608,287.77373463115947
3827,30.616,246.17619971956643
3828,30.624,198.68394838834868
3829,30.632,148.54103115993632
3830,30.64,99.03791421834974
3831,30.648,53.23441132218469
3832,30.656,13.699631171616428
3833,30.664,-17.728261839037547
3834,30.672,-40.072022799111906
3835,30.68,-53.13968873815159
3836,30.688,-57.26868388111036
3837,30.696,-53.02813017316414
3838,30.704,-40.98972780961831
3839,30.712,-21.564184633369692
3840,30.72,5.13431462742809
3841,30.728,39.349747816639784
3842,30.736,81.56463927502446
3843,30.744,132.17304982216766
3844,30.752,191.07401106259044
3845,30.76,257.36366771642827
3846,30.768,329.1974630932669
3847,30.776,403.7709471051568
3848,30.784,477.3737115571995
3849,30.792,545.5618049521977
3850,30.8,603.5129100301236
3851,30.808,646.52585987547
3852,30.816,670.5247452038577
3853,30.824,672.4545390424386
3854,30.832,650.5675471104396
3855,30.84,604.6432041631094
3856,30.848,536.1043317201229
3857,30.856,447.9210582541278
3858,30.864,344.2621778724442
3859,30.872,230.00626847185117
3860,30.88,110.28504454824606
3861,30.888,-9.864002833128481
3862,30.896,-125.77631156818468
3863,30.904,-233.40423252550826
3864,30.912,-329.468807975357
3865,30.92,-411.4491688437027
3866,30.928,-477.45329858342916
3867,30.936,-526.1110764481025
3868,30.944,-556.5786483329224
3869,30.952,-568.6043218307997
3870,30.96,-562.5538338567609
3871,30.968,-539.3827451881135
3872,30.976,-500.6352331200974
3873,30.984,-448.5017865369541
3874,30.992,-385.8425080467914
3875,31.0,-316.0507341870494
3876,31.008,-242.7465295252632
3877,31.016,-169.41813838381336
3878,31.024,-99.13162956034355
3879,31.032,-34.33262586214092
3880,31.04,23.289453643168553
3881,31.048,72.85512609853114
3882,31.056,114.19898569635872
3883,31.064,147.62188097211484
3884,31.072,173.6113174977731
3885,31.08,192.67310577512717
3886,31.088,205.298407281332
3887,31.096,211.96897280738156
3888,31.104,213.11880522205783
3889,31.112,209.07853255192694
3890,31.12,200.07019361118307
3891,31.128,186.24366386093047
3892,31.136,167.67618536015996
3893,31.144,144.30920940435897
3894,31.152,115.90926186858458
3895,31.16,82.15603443524621
3896,31.168,42.84695523803121
3897,31.176,-1.9003539875461413
3898,31.184,-51.54141982057074
3899,31.192,-105.07448141646577
3900,31.2,-161.01691526110884
3901,31.208,-217.3919204665038
3902,31.216,-271.80785357914965
3903,31.224,-321.6692989172065
3904,31.232,-364.43966966235274
3905,31.24,-397.84197841921804
3906,31.248,-419.99007625826897
3907,31.256,-429.54462919720805
3908,31.264,-425.9410942207644
3909,31.272,-409.5990971253802
3910,31.28,-381.9735669528797
3911,31.288,-345.4071620137731
3912,31.296,-302.8624146019214
3913,31.304,-257.6113195108244
3914,31.312,-212.8693097833189
3915,31.32,-171.33704384448376
3916,31.328,-134.72391673558317
3917,31.336,-103.43496124235058
3918,31.344,-76.54943258883769
3919,31.352,-52.05102902472976
3920,31.36,-27.174939895166077
3921,31.368,1.2055201980233299
3922,31.376,36.14324896300141
3923,31.384,80.14685417540973
3924,31.392,134.78662559479443
3925,31.4,200.50701961612344
3926,31.408,276.66262982418635
3927,31.416,361.6736449413737
3928,31.424,453.20137892304604
3929,31.432,548.3367873444945
3930,31.44,643.8288366035335
3931,31.448,736.3095364279158
3932,31.456,822.4144849695427
3933,31.464,898.7609553327828
3934,31.472,961.8756555922962
3935,31.48,1008.2104064860362
3936,31.488,1034.290396930161
3937,31.496,1036.921807113351
3938,31.504,1013.3860439311088
3939,31.512,961.6480493046495
3940,31.52,880.6460919076245
3941,31.528,770.6321274219946
3942,31.536,633.4229604293382
3943,31.544,472.45591118013687
3944,31.552,292.6747536450094
3945,31.56,100.32863643517057
3946,31.568,-97.3110422769373
3947,31.576,-292.3884434665855
3948,31.584,-477.0701307472578
3949,31.592,-644.1969252230537
3950,31.6,-787.8089185616565
3951,31.608,-903.4724969419002
3952,31.616,-988.4577829813488
3953,31.624,-1041.8116101621688
3954,31.632,-1064.2848701458502
3955,31.64,-1058.064146395444
3956,31.648,-1026.36749512688
3957,31.656,-973.0491853631445
3958,31.664,-902.2991765041004
3959,31.672,-818.39286758012
3960,31.68,-725.4106406067317
3961,31.688,-626.9473072122324
3962,31.696,-525.925738928109
3963,31.704,-424.5805390986443
3964,31.712,-324.5482081808589
3965,31.72,-226.96076788447985
3966,31.728,-132.53513219000118
3967,31.736,-41.739526851018184
3968,31.744,44.934844635535185
3969,31.752,126.70767547349044
3970,31.76,202.4021999186844
3971,31.768,270.5298255683167
3972,31.776,329.46632837795534
3973,31.784,377.6284250114436
3974,31.792,413.66120866814447
3975,31.8,436.6747129742376
3976,31.808,446.4777182011039
3977,31.816,443.68207375959446
3978,31.824,429.6150180948731
3979,31.832,406.1179867013107
3980,31.84,375.3557377382166
3981,31.848,339.66293186304455
3982,31.856,301.3637077539265
3983,31.864,262.54138259296286
3984,31.872,224.84010191688793
3985,31.88,189.39070018775848
3986,31.888,156.84543874791265
3987,31.896,127.41849485646192
3988,31.904,100.87436846041885
3989,31.912,76.52712210497081
3990,31.92,53.35397369546741
3991,31.928,30.23083328481299
3992,31.936,6.185593850229611
3993,31.944,-19.42426844358727
3994,31.952,-46.80093877951045
3995,31.96,-75.61242621745929
3996,31.968,-104.94199109975925
3997,31.976,-133.37525467455336
3998,31.984,-159.25511746119366
3999,31.992,-180.9996613777708
4000,32.0,-197.33862727393137
4001,32.008,-207.42847396589298
4002,32.016,-210.9186404606556
4003,32.024,-208.02196387715423
4004,32.032,-199.53540450231054
4005,32.04,-186.72912501055026
4006,32.048,-171.1247881558867
4007,32.056,-154.2826025775243
4008,32.064,-137.68090880466528
4009,32.072,-122.65167124100466
4010,32.08,-110.28676993172813
4011,32.088,-101.3097992567661
4012,32.096,-95.99609557821884
4013,32.104,-94.19074939636492
4014,32.112,-95.36604806495822
4015,32.12,-98.63339684137689
4016,32.128,-102.72713987509113
4017,32.136,-106.06905284760846
4018,32.144,-106.96875393274524
4019,32.152,-103.88320176329127
4020,32.16,-95.62132563498625
4021,32.168,-81.47614731263647
4022,32.176,-61.3526542104664
4023,32.184,-35.913979058099194
4024,32.192,-6.656746705333903
4025,32.2,24.189732852167847
4026,32.208,53.92531667889815
4027,32.216,79.67273211247092
4028,32.224,98.60680779096012
4029,32.232,108.15134568412525
4030,32.24,106.22804546302972
4031,32.248,91.55305550368999
4032,32.256,63.86784332011256
4033,32.264,24.00701181797429
4034,32.272,-26.174796895864542
4035,32.28,-83.93256759218032
4036,32.288,-145.8018698748605
4037,32.296,-207.86783144407187
4038,32.304,-266.13274252845576
4039,32.312,-316.87103114165967
4040,32.32,-356.85613083442615
4041,32.328,-383.46639272373363
4042,32.336,-394.776444347789
4043,32.344,-389.694969176906
4044,32.352,-368.0848910329695
4045,32.36,-330.7635785324692
4046,32.368,-279.37715544645056
4047,32.376,-216.24152259286024
4048,32.384,-144.2135949999509
4049,32.392,-66.54841459069517
4050,32.4,13.330738170809134
4051,32.408,92.12421691821103
4052,32.416,166.8954119108827
4053,32.424,235.1879338772973
4054,32.432,295.0730953746494
4055,32.44,345.22134830956315
4056,32.448,384.99818744370316
4057,32.456,414.48648763376667
4058,32.464,434.37292371049205
4059,32.472,445.7602279800607
4060,32.48,450.01244474062406
4061,32.488,448.64883656579093
4062,32.496,443.20535519676923
4063,32.504,435.02096622128283
4064,32.512,425.03196706150146
4065,32.52,413.6985346439118
4066,32.528,401.0845198169107
4067,32.536,386.99846490046104
4068,32.544,371.1177075616447
4069,32.552,353.11369313581463
4070,32.56,332.8237347336662
4071,32.568,310.42570476563185
4072,32.576,286.4957603262561
4073,32.584,261.893377013148
4074,32.592,237.56178843592693
4075,32.6,214.3753983209082
4076,32.608,193.05435239248487
4077,32.616,174.05422514277535
4078,32.624,157.38041007795013
4079,32.632,142.4168450179819
4080,32.64,127.90609555847368
4081,32.648,112.10360031573903
4082,32.656,93.003436098671
4083,32.664,68.55370885913827
4084,32.672,36.89355331423603
4085,32.68,-3.325835835223864
4086,32.688,-52.58189594955351
4087,32.696,-110.2365636055332
4088,32.704,-174.5215141880993
4089,32.712,-242.7225415845422
4090,32.72,-311.4555247624645
4091,32.728,-376.9889881582969
4092,32.736,-435.6502413098667
4093,32.744,-484.31303536005095
4094,32.752,-520.8429058579717
4095,32.76,-544.3396743166071
4096,32.768,-555.1296463101974
4097,32.776,-554.5855341754574
4098,32.784,-544.8463841739854
4099,32.792,-528.4280067393942
4100,32.8,-507.71713130906795
4101,32.808,-484.4606318501463
4102,32.816,-459.45080549204044
4103,32.824,-432.538363044047
4104,32.832,-402.9286656425275
4105,32.84,-369.6080497424076
4106,32.848,-331.78591087573045
4107,32.856,-289.3167245338619
4108,32.864,-243.0521104370047
4109,32.872,-194.99570277165986
4110,32.88,-148.13922360534121
4111,32.888,-106.00328335657177
4112,32.896,-72.05719241865195
4113,32.904,-49.19119163948006
4114,32.912,-39.29621137766248
4115,32.92,-42.94208486768421
4116,32.928,-59.2030987687275
4117,32.936,-85.73486871575267
4118,32.944,-119.12752535045236
4119,32.952,-155.4103460841559
4120,32.96,-190.53915730751953
4121,32.968,-220.80010557786156
4122,32.976,-243.16090651881595
4123,32.984,-255.56892467905433
4124,32.992,-257.1018885388886
4125,33.0,-247.88000028986016
4126,33.008,-228.78144008141084
4127,33.016,-201.12018197602657
4128,33.024,-166.40785909968497
4129,33.032,-126.1882956711347
4130,33.04,-81.87867052395825
4131,33.048,-34.63015931728072
4132,33.056,14.698726980200355
4133,33.064,65.41275629727423
4134,33.072,116.7842134939247
4135,33.08,167.93193220689358
4136,33.088,217.81942294724237
4137,33.096,265.29630176969084
4138,33.104,309.11407286992767
4139,33.112,347.9536098152695
4140,33.12,380.5432489353366
4141,33.128,405.8489239051501
4142,33.136,423.2097432227523
4143,33.144,432.33208592460323
4144,33.152,433.20140094719375
4145,33.16,426.0327385410224
4146,33.168,411.2843163813161
4147,33.176,389.64963203728007
4148,33.184,361.97627293134445
4149,33.192,329.1782183292468
4150,33.2,292.2379213403352
4151,33.208,252.28593209205061
4152,33.216,210.64269226831894
4153,33.224,168.75059914284864
4154,33.232,128.06119165644856
4155,33.24,89.9905197184898
4156,33.248,55.94929354349344
4157,33.256,27.34037465181208
4158,33.264,5.451277495812034
4159,33.272,-8.697105725087228
4160,33.28,-14.4311290248394
4161,33.288,-11.409105460150274
4162,33.296,0.4134440879756839
4163,33.304,20.784721958186154
4164,33.312,49.17662332889792
4165,33.32,84.90387671328301
4166,33.328,127.31298548757057
4167,33.336,175.90412218329575
4168,33.344,230.29463180884088
4169,33.352,290.07927896622766
4170,33.36,354.70473690242335
4171,33.368,423.39238827564884
4172,33.376,495.05183045080184
4173,33.384,568.1605322637251
4174,33.392,640.6896276138667
4175,33.4,710.1740162788021
4176,33.408,773.9158136339134
4177,33.416,829.2108086712713
4178,33.424,873.5196457244178
4179,33.432,904.6103547164358
4180,33.44,920.7291115070198
4181,33.448,920.77226695513
4182,33.456,904.3567317733192
4183,33.464,871.7413839409054
4184,33.472,823.6869653640669
4185,33.48,761.3850032709769
4186,33.488,686.4793520626251
4187,33.496,601.084702554981
4188,33.504,507.72221709787124
4189,33.512,409.2069641460848
4190,33.52,308.5673852020125
4191,33.528,208.98327274586225
4192,33.536,113.63073412236992
4193,33.544,25.373925256317126
4194,33.552,-53.606400449583404
4195,33.56,-122.09161815109923
4196,33.568,-179.94088653786778
4197,33.576,-228.08380971946266
4198,33.584,-268.4300270388579
4199,33.592,-303.65953433860113
4200,33.6,-336.8506914134588
4201,33.608,-371.010919808473
4202,33.616,-408.6660962008773
4203,33.624,-451.6113337060577
4204,33.632,-500.78877066584874
4205,33.64,-556.2056913130881
4206,33.648,-616.8909262171917
4207,33.656,-680.9735358610303
4208,33.664,-745.9210143709918
4209,33.672,-808.8502501487704
4210,33.68,-866.788047696468
4211,33.688,-916.8576409096945
4212,33.696,-956.4680116883934
4213,33.704,-983.5473873837475
4214,33.712,-996.7436005340048
4215,33.72,-995.4828559193945
4216,33.728,-979.8859488655064
4217,33.736,-950.6470959329506
4218,33.744,-908.9508645774454
4219,33.752,-856.3897500137012
4220,33.76,-794.8099588872182
4221,33.768,-726.1063298401942
4222,33.776,-652.0766929249276
4223,33.784,-574.3977767228849
4224,33.792,-494.6564858893578
4225,33.8,-414.33586319259314
4226,33.808,-334.76037263205774
4227,33.816,-257.1008272286841
4228,33.824,-182.48844941937725
4229,33.832,-112.1515634317946
4230,33.84,-47.44656208973424
4231,33.848,10.233314773812697
4232,33.856,59.5702194696936
4233,33.864,99.38000795442645
4234,33.872,128.65610663036227
4235,33.88,146.67319106271157
4236,33.888,153.1337772918807
4237,33.896,148.25682799720323
4238,33.904,132.75773151726816
4239,33.912,107.79224474691884
4240,33.92,74.96160131256524
4241,33.928,36.361779288382685
4242,33.936,-5.439345368558547
4243,33.944,-47.565520476682195
4244,33.952,-87.07533332900555
4245,33.96,-121.17526447394705
4246,33.968,-147.37509010832426
4247,33.976,-163.65217716272954
4248,33.984,-168.66316317183743
4249,33.992,-161.9252190184856
4250,34.0,-143.85043003561714
4251,34.008,-115.62257996134086
4252,34.016,-79.01696545382735
4253,34.024,-36.23562295680344
4254,34.032,10.280820644786505
4255,34.04,58.1289566713781
4256,34.048,105.26521654145498
4257,34.056,150.2355181626773
4258,34.064,192.21379761988962
4259,34.072,230.88889534222466
4260,34.08,266.3091846578769
4261,34.088,298.73107165451813
4262,34.096,328.43907054606683
4263,34.104,355.537326903196
4264,34.112,379.80833811763443
4265,34.12,400.74432995556975
4266,34.128,417.73432811930724
4267,34.136,430.2666443181825
4268,34.144,438.02621397273833
4269,34.152,440.89619883751163
4270,34.16,438.95009123475575
4271,34.168,432.4640864014745
4272,34.176,421.8924436001705
4273,34.184,407.7686846165481
4274,34.192,390.59747066713356
4275,34.2,370.8318046043388
4276,34.208,348.93183811090756
4277,34.216,325.40635712511784
4278,34.224,300.7769737541865
4279,34.232,275.52108711826605
4280,34.24,250.07813162099797
4281,34.248,224.90436752474116
4282,34.256,200.4772033498428
4283,34.264,177.20318984104662
4284,34.272,155.30905509760177
4285,34.28,134.83068104410162
4286,34.288,115.71288236937012
4287,34.296,97.92490958415509
4288,34.304,81.51887603003682
4289,34.312,66.6642696937271
4290,34.32,53.720525474515256
4291,34.328,43.315353876092125
4292,34.336,36.31564804877816
4293,34.344,33.635940294102966
4294,34.352,35.96657400088567
4295,34.36,43.555680506491406
4296,34.368,56.091717173205275
4297,34.376,72.63284546030144
4298,34.384,91.54912762836835
4299,34.392,110.54302426109321
4300,34.4,126.83648731860559
4301,34.408,137.50194925297012
4302,34.416,139.8036136595646
4303,34.424,131.44957476453493
4304,34.432,110.77957376143418
4305,34.44,76.95179414636361
4306,34.448,30.099965882615933
4307,34.456,-28.647644641403648
4308,34.464,-97.33616083877511
4309,34.472,-173.45012064470353
4310,34.48,-254.14335732135066
4311,34.488,-336.3980381381617
4312,34.496,-417.18031204063783
4313,34.504,-493.62960269799476
4314,34.512,-563.2156077092183
4315,34.52,-623.7776811079317
4316,34.528,-673.4653434684813
4317,34.536,-710.6993739182452
4318,34.544,-734.2365698971481
4319,34.552,-743.2890009792939
4320,34.56,-737.5919880284272
4321,34.568,-717.3988189919147
4322,34.576,-683.4706396595171
4323,34.584,-637.0946314349544
4324,34.592,-580.0594073674212
4325,34.6,-514.5008059700903
4326,34.608,-442.6433673162371
4327,34.616,-366.5688847103499
4328,34.624,-288.111947734461
4329,34.632,-208.85747776456157
4330,34.64,-130.15652619500312
4331,34.648,-53.14506830061777
4332,34.656,21.172182413315856
4333,34.664,91.75371672731413
4334,34.672,157.36644471875036
4335,34.68,216.5679201766828
4336,34.688,267.83307768992995
4337,34.696,309.7186597071765
4338,34.704,340.9846628947217
4339,34.712,360.70027676214295
4340,34.72,368.3895497832599
4341,34.728,364.1809396221426
4342,34.736,348.85139038405345
4343,34.744,323.7162881634083
4344,34.752,290.4455212049202
4345,34.76,250.92489253167767
4346,34.768,207.186016601386
4347,34.776,161.32501096715305
4348,34.784,115.35781426872957
4349,34.792,71.07442346790435
4350,34.8,29.988542894701673
4351,34.808,-6.619611589319872
4352,34.816,-37.665003107103516
4353,34.824,-62.286033556121694
4354,34.832,-79.88782139106
4355,34.84,-90.11449483661201
4356,34.848,-92.76204066957935
4357,34.856,-87.73958007789413
4358,34.864,-75.14273553942014
4359,34.872,-55.37405418121732
4360,34.88,-29.200676003045047
4361,34.888,2.275506713632348
4362,34.896,37.67170064787063
4363,34.904,75.36564314825644
4364,34.912,113.58373059610584
4365,34.92,150.60943419326435
4366,34.928,185.07125680865653
4367,34.936,216.16258791361514
4368,34.944,243.68785744794994
4369,34.952,267.9691689313892
4370,34.96,289.712356603996
4371,34.968,309.8607182875498
4372,34.976,329.38582616466635
4373,34.984,349.00970074419735
4374,34.992,368.9677914308169
4375,35.0,388.9397046507179
4376,35.008,408.1513366885141
4377,35.016,425.53703069889303
4378,35.024,439.8772628946336
4379,35.032,449.93648378152403
4380,35.04,454.65406350852146
4381,35.048,453.34403871420864
4382,35.056,445.7768240658704
4383,35.064,432.0823038060801
4384,35.072,412.5629085941478
4385,35.08,387.5575058082843
4386,35.088,357.4001262806593
4387,35.096,322.40796395044896
4388,35.104,282.8457503283106
4389,35.112,238.9116247236094
4390,35.12,190.8196430764624
4391,35.128,138.95440066546203
4392,35.136,83.97514678242868
4393,35.144,26.796243192874563
4394,35.152,-31.49046817181006
4395,35.16,-89.643901361094
4396,35.168,-146.2511119210768
4397,35.176,-199.75320857564557
4398,35.184,-248.57651344480132
4399,35.192,-291.3014712063542
4400,35.2,-326.7638403292607
4401,35.208,-354.0818613469009
4402,35.216,-372.7048776428574
4403,35.224,-382.542918559386
4404,35.232,-384.1121679383535
4405,35.24,-378.5882858082072
4406,35.248,-367.7523412707592
4407,35.256,-353.90958149851883
4408,35.264,-339.82687805472614
4409,35.272,-328.61777157078325
4410,35.28,-323.47027848531917
4411,35.288,-327.22646400977936
4412,35.296,-341.9506456721325
4413,35.304,-368.6122495124512
4414,35.312,-406.8988683077967
4415,35.32,-455.12753984623293
4416,35.328,-510.28597797036423
4417,35.336,-568.283675538911
4418,35.344,-624.4149068482672
4419,35.352,-673.8984878947957
4420,35.36,-712.3253572881257
4421,35.368,-735.9621313020003
4422,35.376,-741.9836794356659
4423,35.384,-728.6897902526166
4424,35.392,-695.6475427366045
4425,35.4,-643.6660775113538
4426,35.408,-574.6105087977435
4427,35.416,-491.16222175969665
4428,35.424,-396.6008403825649
4429,35.432,-294.571910462291
4430,35.44,-188.77616874254332
4431,35.448,-82.61843498243714
4432,35.456,21.049606548121876
4433,35.464,120.00639808847667
4434,35.472,212.6124945987769
4435,35.48,297.75282306433553
4436,35.488,374.80067752796447
4437,35.496,443.53816219571917
4438,35.504,503.99352544464693
4439,35.512,556.2597956430683
4440,35.52,600.3878127421626
4441,35.528,636.3549899543403
4442,35.536,664.0271597047664
4443,35.544,683.0745582454406
4444,35.552,692.9175066443257
4445,35.56,692.8035855717274
4446,35.568,682.0072995505375
4447,35.576,660.032112000724
4448,35.584,626.724034554586
4449,35.592,582.3249814629295
4450,35.6,527.5380755198768
4451,35.608,463.5972917637371
4452,35.616,392.2540246898196
4453,35.624,315.63357920079824
4454,35.632,236.03120104794215
4455,35.64,155.75869255266608
4456,35.648,77.06307285073682
4457,35.656,2.041719897413987
4458,35.664,-67.4934971761613
4459,35.672,-130.14326255860138
4460,35.68,-184.94990327283654
4461,35.688,-231.33548620481312
4462,35.696,-269.04786833169874
4463,35.704,-298.17724614075746
4464,35.712,-319.19141808884115
4465,35.72,-332.89793006504146
4466,35.728,-340.3257810019042
4467,35.736,-342.60748846880836
4468,35.744,-340.9089373544267
4469,35.752,-336.35031153789396
4470,35.76,-329.8448128652296
4471,35.768,-321.8958695194769
4472,35.776,-312.49561693564016
4473,35.784,-301.2150063029391
4474,35.792,-287.42329920298147
4475,35.8,-270.5064350672499
4476,35.808,-250.03510311396874
4477,35.816,-225.92660156907988
4478,35.824,-198.61346826453342
4479,35.832,-169.13104822306144
4480,35.84,-139.02389788788406
4481,35.848,-110.0877397672041
4482,35.856,-84.07502346075805
4483,35.864,-62.46757932489072
4484,35.872,-46.30578334937783
4485,35.88,-36.01770715675638
4486,35.888,-31.26946047878232
4487,35.896,-30.936652724431305
4488,35.904,-33.247222981951104
4489,35.912,-36.01753721311617
4490,35.92,-36.86348933746533
4491,35.928,-33.36821136187027
4492,35.936,-23.28518264686684
4493,35.944,-4.8131184013006125
4494,35.952,23.14278439367525
4495,35.96,60.84169681580741
4496,35.968,107.72676410644125
4497,35.976,162.50873432070568
4498,35.984,223.25726567979882
4499,35.992,287.5497011716469
4500,36.0,352.74961771398966
4501,36.008,416.375705654094
4502,36.016,476.4120785223533
4503,36.024,531.4459171988942
4504,36.032,580.6531774289948
4505,36.04,623.7218512150267
4506,36.048,660.7381637448004
4507,36.056,691.9815173535028
4508,36.064,717.6172703125004
4509,36.072,737.4025173212542
4510,36.08,750.5549135835644
4511,36.088,755.8166439092304
4512,36.096,751.6223793821092
4513,36.104,736.2971946455267
4514,36.112,708.3104988156259
4515,36.12,666.6282323465371
4516,36.128,611.0948354703029
4517,36.136,542.680409763256
4518,36.144,463.48468401450566
4519,36.152,376.5429680549308
4520,36.16,285.55128273963044
4521,36.168,194.55528172513706
4522,36.176,107.56711581059467
4523,36.184,28.119261008809946
4524,36.192,-41.12661874991612
4525,36.2,-98.5830482578439
4526,36.208,-143.73376968467886
4527,36.216,-177.0169565407749
4528,36.224,-199.6735194043373
4529,36.232,-213.54672694548844
4530,36.24,-220.79585195868538
4531,36.248,-223.57539957493321
4532,36.256,-223.80352444762937
4533,36.264,-223.08278618255696
4534,36.272,-222.70790312598226
4535,36.28,-223.65497458122968
4536,36.288,-226.53746640003544
4537,36.296,-231.6072891383767
4538,36.304,-238.8453991726304
4539,36.312,-248.07608115320747
4540,36.32,-259.0145004832822
4541,36.328,-271.2614126695945
4542,36.336,-284.34893419031
4543,36.344,-297.8890188377453
4544,36.352,-311.7467466483192
4545,36.36,-326.1185026756214
4546,36.368,-341.4876730910795
4547,36.376,-358.5312907859585
4548,36.384,-378.03356390503694
4549,36.392,-400.768424965743
4550,36.4,-427.2920207518972
4551,36.408,-457.6870996167821
4552,36.416,-491.39608056844395
4553,36.424,-527.2313651014512
4554,36.432,-563.5122537416869
4555,36.44,-598.2237285098834
4556,36.448,-629.1786935420405
4557,36.456,-654.2509143697728
4558,36.464,-671.6943689127868
4559,36.472,-680.4357944380704
4560,36.48,-680.1976288176226
4561,36.488,-671.4314311634281
4562,36.496,-655.1686044905223
4563,36.504,-632.8742147680259
4564,36.512,-606.2706978466766
4565,36.52,-577.0620959634798
4566,36.528,-546.5959074027456
4567,36.536,-515.6009797721873
4568,36.544,-484.09464273628754
4569,36.552,-451.42231162757435
4570,36.56,-416.34555612126195
4571,36.568,-377.17651323655787
4572,36.576,-332.03510002209737
4573,36.584,-279.24772131753645
4574,36.592,-217.76805685747968
4575,36.6,-147.46070111121233
4576,36.608,-69.19990714471014
4577,36.616,15.147465807512472
4578,36.624,102.80062838807638
4579,36.632,190.2487237156175
4580,36.64,273.607393902821
4581,36.648,349.1095248083482
4582,36.656,413.5803983655155
4583,36.664,464.7749403292632
4584,36.672,501.58376298721015
4585,36.68,524.171553688438
4586,36.688,534.0277782818969
4587,36.696,533.823795981993
4588,36.704,527.0270015320402
4589,36.712,517.3676453662046
4590,36.72,508.31634410642215
4591,36.728,502.65180042067266
4592,36.736,502.1029668481715
4593,36.744,507.06892618406823
4594,36.752,516.5131278844167
4595,36.76,528.1409900871294
4596,36.768,538.8434062661219
4597,36.776,545.254314667621
4598,36.784,544.2770402601369
4599,36.792,533.5443308281809
4600,36.8,511.82424886502355
4601,36.808,479.3112445020632
4602,36.816,437.6826068005562
4603,36.824,389.8781130232895
4604,36.832,339.7024936477396
4605,36.84,291.3889854987457
4606,36.848,249.16388490794108
4607,36.856,216.7616634376262
4608,36.864,196.88858375246917
4609,36.872,190.76152964541893
4610,36.88,197.88313697923138
4611,36.888,216.09290695492285
4612,36.896,241.80039905695617
4613,36.904,270.3178522388131
4614,36.912,296.31690190275236
4615,36.92,314.45338886693736
4616,36.928,320.0787770614118
4617,36.936,309.84384091419423
4618,36.944,282.0544217864654
4619,36.952,236.7954859183967
4620,36.96,175.90586443115842
4621,36.968,102.80707247122184
4622,36.976,22.115885057918774
4623,36.984,-60.96137012946663
4624,36.992,-141.3083810503349
4625,37.0,-214.46040960975267
4626,37.008,-276.96535347091213
4627,37.016,-326.586445376816
4628,37.024,-362.38380254772665
4629,37.032,-384.6292849368978
4630,37.04,-394.5092374403614
4631,37.048,-393.6892219835731
4632,37.056,-383.9134729046618
4633,37.064,-366.76179663801327
4634,37.072,-343.54429542533614
4635,37.08,-315.2496024826688
4636,37.088,-282.5356338797499
4637,37.096,-245.83107241587985
4638,37.104,-205.56551200378107
4639,37.112,-162.42118362135923
4640,37.12,-117.46551408813768
4641,37.128,-72.12876958815131
4642,37.136,-28.099064849295136
4643,37.144,12.80559082172795
4644,37.152,48.80735542042908
4645,37.16,78.4075863062827
4646,37.168,100.62983262736465
4647,37.176,115.13296267884702
4648,37.184,122.13320555573895
4649,37.192,122.22777182157843
4650,37.2,116.26542006411637
4651,37.208,105.30053932157828
4652,37.216,90.5449151757645
4653,37.224,73.24512698720834
4654,37.232,54.522993709547656
4655,37.24,35.26587667557321
4656,37.248,16.084341629752117
4657,37.256,-2.720568331692511
4658,37.264,-21.200182339355514
4659,37.272,-39.73302650130023
4660,37.28,-58.851718159003866
4661,37.288,-78.96958278589794
4662,37.296,-100.16010165600746
4663,37.304,-122.09121006998467
4664,37.312,-144.076116819899
4665,37.32,-165.14618699747388
4666,37.328,-184.12411457075976
4667,37.336,-199.7461605991428
4668,37.344,-210.83872380557816
4669,37.352,-216.45943134804534
4670,37.36,-215.91454115343382
4671,37.368,-208.68636427756417
4672,37.376,-194.3972859203006
4673,37.384,-172.87848702113848
4674,37.392,-144.27506868852524
4675,37.4,-109.07587625817945
4676,37.408,-68.05537808115278
4677,37.416,-22.22209342630397
4678,37.424,27.158473148052746
4679,37.432,78.51583129710635
4680,37.44,129.99210971161557
4681,37.448,179.5262723839655
4682,37.456,224.92230107879593
4683,37.464,263.8699777707044
4684,37.472,294.0053842498201
4685,37.48,313.1134376783486
4686,37.488,319.44657353729883
4687,37.496,312.0106902348648
4688,37.504,290.7003190900563
4689,37.512,256.3035422678538
4690,37.52,210.4605451572887
4691,37.528,155.57770404088248
4692,37.536,94.61383017989954
4693,37.544,30.71382170098467
4694,37.552,-33.194808132302796
4695,37.56,-94.68883280700015
4696,37.568,-151.9783344290926
4697,37.576,-203.9511969664751
4698,37.584,-250.1875338867872
4699,37.592,-290.8992691963232
4700,37.6,-326.7291252736102
4701,37.608,-358.4473009382225
4702,37.616,-386.67996774446397
4703,37.624,-411.7603867098909
4704,37.632,-433.66319268550455
4705,37.64,-451.9313981391651
4706,37.648,-465.5960884476072
4707,37.656,-473.1916806123052
4708,37.664,-472.934997286429
4709,37.672,-463.0031203250903
4710,37.68,-441.7879291273563
4711,37.688,-408.08738204733794
4712,37.696,-361.2827655044587
4713,37.704,-301.5194598106458
4714,37.712,-229.81190980984474
4715,37.72,-147.9844569186981
4716,37.728,-58.473882731766125
4717,37.736,35.87979337024758
4718,37.744,131.96732674823312
4719,37.752,226.50989180291168
4720,37.76,316.21453236308497
4721,37.768,397.980989015157
4722,37.776,469.05007581756627
4723,37.784,527.019879396687
4724,37.792,569.788841084828
4725,37.8,595.5404088475032
4726,37.808,602.8016255598832
4727,37.816,590.5142343224012
4728,37.824,558.0795467822483
4729,37.832,505.42996530703005
4730,37.84,433.19320194648463
4731,37.848,342.90981965254605
4732,37.856,237.16728993447683
4733,37.864,119.55242089851288
4734,37.872,-5.543775859859679
4735,37.88,-133.17047924684067
4736,37.888,-258.0821060644299
4737,37.896,-375.0779512222379
4738,37.904,-479.4279943160933
4739,37.912,-567.2735162914291
4740,37.92,-635.8587016848953
4741,37.928,-683.5672982992063
4742,37.936,-709.8666757712804
4743,37.944,-715.2521177130112
4744,37.952,-701.1750371719991
4745,37.96,-669.8897809024668
4746,37.968,-624.2283263324144
4747,37.976,-567.3951447784693
4748,37.984,-502.83802614940225
4749,37.992,-434.13642949704354
4750,38.0,-364.8120743685074
4751,38.008,-298.06274598697934
4752,38.016,-236.5226847816819
4753,38.024,-182.12787451305007
4754,38.032,-136.05837777108886
4755,38.04,-98.69313576983247
4756,38.048,-69.58995120539042
4757,38.056,-47.57867192789283
4758,38.064,-31.011766770091278
4759,38.072,-18.09764305673989
4760,38.08,-7.198755687332814
4761,38.088,2.9442963141267846
4762,38.096,13.024362271351192
4763,38.104,23.014892739642285
4764,38.112,32.14702627489572
4765,38.12,39.11042811725663
4766,38.128,42.43759741561579
4767,38.136,40.90638167665061
4768,38.144,33.82434255181581
4769,38.152,21.19409252110319
4770,38.16,3.823042347846682
4771,38.168,-16.63604744228957
4772,38.176,-37.80916948155222
4773,38.184,-56.92417896381622
4774,38.192,-71.22330614224897
4775,38.2,-78.30928770336138
4776,38.208,-76.367044872252
4777,38.216,-64.30390630044538
4778,38.224,-41.83226413079104
4779,38.232,-9.435784792756204
4780,38.24,31.835208322197644
4781,38.248,80.66980761859335
4782,38.256,135.73870162081664
4783,38.264,195.77051121245304
4784,38.272,259.51527482307296
4785,38.28,325.7148364965303
4786,38.288,393.1174598693984
4787,38.296,460.47228736488324
4788,38.304,526.4619699488215
4789,38.312,589.6416502309013
4790,38.32,648.48346113275
4791,38.328,701.5175777985619
4792,38.336,747.4524042010315
4793,38.344,785.1937814675472
4794,38.352,813.8137545397392
4795,38.36,832.5659666058564
4796,38.368,840.9514492929501
4797,38.376,838.7459502493551
4798,38.384,825.9395907413437
4799,38.392,802.6530664414726
4800,38.4,769.1252641022021
4801,38.408,725.7722219908484
4802,38.416,673.2222899582314
4803,38.424,612.2666631220145
4804,38.432,543.7871962343924
4805,38.44,468.76970217732793
4806,38.448,388.4121426143846
4807,38.456,304.2213973106034
4808,38.464,218.01061208472137
4809,38.472,131.8271426488772
4810,38.48,47.89074438715776
4811,38.488,-31.460731571534986
4812,38.496,-103.90013446231389
4813,38.504,-167.33576188970025
4814,38.512,-220.1217105074521
4815,38.52,-261.12249306327277
4816,38.528,-289.6303497643097
4817,38.536,-305.25295715586856
4818,38.544,-307.8560570559299
4819,38.552,-297.52667297628045
4820,38.56,-274.492800178727
4821,38.568,-239.03524230590634
4822,38.576,-191.5088769513689
4823,38.584,-132.52511034843604
4824,38.592,-63.20321297727532
4825,38.6,14.652106044389331
4826,38.608,98.4979756318889
4827,38.616,185.07238718205036
4828,38.624,270.44267158213466
4829,38.632,350.1322355591452
4830,38.64,419.3990411620025
4831,38.648,473.638595776436
4832,38.656,508.7854089192205
4833,38.664,521.6262784179387
4834,38.672,510.05795433068386
4835,38.68,473.3524833397092
4836,38.688,412.39065843258055
4837,38.696,329.7245313035873
4838,38.704,229.37606512193437
4839,38.712,116.43233023547604
4840,38.72,-3.4179288613683605
4841,38.728,-124.3292585460683
4842,38.736,-240.74512394967505
4843,38.744,-347.84165699639675
4844,38.752,-441.8720638048871
4845,38.76,-520.30548410087
4846,38.768,-581.7708934984067
4847,38.776,-625.9222096332259
4848,38.784,-653.3104979507041
4849,38.792,-665.2372045422943
4850,38.8,-663.5259556204691
4851,38.808,-650.239174082046
4852,38.816,-627.45304874254
4853,38.824,-597.1617659352626
4854,38.832,-561.2561359187996
4855,38.84,-521.4715936028424
4856,38.848,-479.28728365013967
4857,38.856,-435.859938000145
4858,38.864,-392.04935162288086
4859,38.872,-348.4769709104777
4860,38.88,-305.5295488551553
4861,38.888,-263.32539592739715
4862,38.896,-221.74959741795183
4863,38.904,-180.6080216151798
4864,38.912,-139.82025997193074
4865,38.92,-99.53592511808525
4866,38.928,-60.158920518020594
4867,38.936,-22.36388300282717
4868,38.944,12.845220712070981
4869,38.952,44.104826397008104
4870,38.96,69.79862508944704
4871,38.968,88.30069011908381
4872,38.976,98.23385129378175
4873,38.984,98.64640929995268
4874,38.992,89.13074364824143
4875,39.0,69.94822465385853
4876,39.008,42.13362407750751
4877,39.016,7.467210974973622
4878,39.024,-31.742969594452152
4879,39.032,-72.9840598757665
4880,39.04,-113.82054733456303
4881,39.048,-152.0758434557803
4882,39.056,-185.96364357584108
4883,39.064,-214.2078525321006
4884,39.072,-236.09368775195378
4885,39.08,-251.37697594114644
4886,39.088,-260.0945688608709
4887,39.096,-262.4212524680811
4888,39.104,-258.66764225071955
4889,39.112,-249.3646447902866
4890,39.12,-235.31023032302608
4891,39.128,-217.53535974821762
4892,39.136,-197.2504169664863
4893,39.144,-175.81247495460667
4894,39.152,-154.65286956857673
4895,39.16,-135.0981329716251
4896,39.168,-118.1422187600422
4897,39.176,-104.31541248807254
4898,39.184,-93.71831506756317
4899,39.192,-86.1428178818889
4900,39.2,-81.16394906428395
4901,39.208,-78.1877998719598
4902,39.216,-76.53493285561727
4903,39.224,-75.59659337240872
4904,39.232,-74.98186927378545
4905,39.24,-74.54459322701919
4906,39.248,-74.28957142118767
4907,39.256,-74.27072270163815
4908,39.264,-74.56569518850142
4909,39.272,-75.28670306704362
4910,39.28,-76.53760119706938
4911,39.288,-78.31625261241923
4912,39.296,-80.4542899080672
4913,39.304,-82.64775370734603
4914,39.312,-84.51682341880286
4915,39.32,-85.59872740500745
4916,39.328,-85.27421497639116
4917,39.336,-82.73313856150676
4918,39.344,-77.05917824907782
4919,39.352,-67.38879802782141
4920,39.36,-53.04173003770388
4921,39.368,-33.5948943515824
4922,39.376,-8.952497171061962
4923,39.384,20.57051604601683
4924,39.392,54.23149545064604
4925,39.4,90.99525342196387
4926,39.408,129.782797754105
4927,39.416,169.6884127338922
4928,39.424,210.06840165489479
4929,39.432,250.53867166686143
4930,39.44,290.96224087754496
4931,39.448,331.42113194928305
4932,39.456,372.0876023330317
4933,39.464,412.96194536422934
4934,39.472,453.5750634154774
4935,39.48,492.8003212995869
4936,39.488,528.8212750110645
4937,39.496,559.1906812100991
4938,39.504,580.9350806033785
4939,39.512,590.7606769359604
4940,39.52,585.4310296716267
4941,39.528,562.2674388300961
4942,39.536,519.610929756507
4943,39.544,457.11560341129046
4944,39.552,375.87123491367043
4945,39.56,278.4193514891744
4946,39.568,168.66649950323594
4947,39.576,51.62800964959641
4948,39.584,-67.01623969138531
4949,39.592,-181.45401820272042
4950,39.6,-286.2225409381169
4951,39.608,-376.58961193525124
4952,39.616,-448.88110172148885
4953,39.624,-500.7800783224013
4954,39.632,-531.517926806191
4955,39.64,-541.851004226983
4956,39.648,-533.8286422189748
4957,39.656,-510.4679390345804
4958,39.664,-475.4170712479718
4959,39.672,-432.5808580651148
4960,39.68,-385.67029910981444
4961,39.688,-337.7463046150865
4962,39.696,-290.9095255606094
4963,39.704,-246.22943725590213
4964,39.712,-203.86820579386813
4965,39.72,-163.29100093821086
4966,39.728,-123.51868653480591
4967,39.736,-83.45665105518158
4968,39.744,-42.29572768354941
4969,39.752,0.13306440810247522
4970,39.76,43.197774722132955
4971,39.768,85.52794602534401
4972,39.776,125.19540767138082
4973,39.784,159.91527623861086
4974,39.792,187.282941195624
4975,39.8,205.11113451164778
4976,39.808,211.83855083665273
4977,39.816,206.86979222059549
4978,39.824,190.72395563876796
4979,39.832,164.99064905563682
4980,39.84,132.16342064999887
4981,39.848,95.37586079045025
4982,39.856,58.01336132238587
4983,39.864,23.229803869164627
4984,39.872,-6.486239295722126
4985,39.88,-29.53199775287927
4986,39.888,-45.16468236317581
4987,39.896,-53.34199653940769
4988,39.904,-54.54289243548974
4989,39.912,-49.56964204517806
4990,39.92,-39.28508856955726
4991,39.928,-24.33293653178759
4992,39.936,-4.9830520917688785
4993,39.944,18.81645695521094
4994,39.952,47.256380589365754
4995,39.96,80.49302733401753
4996,39.968,118.52876343986948
4997,39.976,161.08021691196177
4998,39.984,207.3977343989069
4999,39.992,256.121997959881
5000,40.0,305.29809367523933
5001,40.008,352.5545876963545
5002,40.016,395.33724636310063
5003,40.024,431.1069875354006
5004,40.032,457.5237981399061
5005,40.04,472.6771185534056
5006,40.048,475.3331024972261
5007,40.056,465.0882031761522
5008,40.064,442.375074588972
5009,40.072,408.38931675421173
5010,40.08,365.03048533241974
5011,40.088,314.84744057195235
5012,40.096,260.88683199330205
5013,40.104,206.39265156376433
5014,40.112,154.44126101308848
5015,40.12,107.64915172850539
5016,40.128,67.99721857271871
5017,40.136,36.710008900484695
5018,40.144,14.153110183744682
5019,40.152,-0.18445408311442435
5020,40.16,-7.539190356352403
5021,40.168,-9.58543247328155
5022,40.176,-8.148244280256732
5023,40.184,-5.012320944191729
5024,40.192,-1.7905682296333287
5025,40.2,0.23133362696654047
5026,40.208,0.2661300362068897
5027,40.216,-1.8901959998745985
5028,40.224,-5.920950163201403
5029,40.232,-11.13399664143848
5030,40.24,-16.58234553169931
5031,40.248,-21.14640124151697
5032,40.256,-23.655817793117706
5033,40.264,-23.081662372288918
5034,40.272,-18.704903050254355
5035,40.28,-10.141470199336208
5036,40.288,2.7711785902854604
5037,40.296,20.093800576410842
5038,40.304,41.801795680875436
5039,40.312,67.717027474104
5040,40.32,97.4355334681337
5041,40.328,130.26451002245415
5042,40.336,165.11449321542167
5043,40.344,200.3502879717749
5044,40.352,233.71983744699446
5045,40.36,262.48447004389317
5046,40.368,283.7315981683304
5047,40.376,294.71828548702916
5048,40.384,293.1190776730099
5049,40.392,277.18612640119113
5050,40.4,245.89973374521944
5051,40.408,199.11936049775863
5052,40.416,137.6548602804153
5053,40.424,63.204206858048515
5054,40.432,-21.786030603515286
5055,40.44,-114.24603995745866
5056,40.448,-210.59522946374796
5057,40.456,-306.9282666907839
5058,40.464,-399.31111919260877
5059,40.472,-484.09855962555554
5060,40.48,-558.1489771546169
5061,40.488,-618.9165330061197
5062,40.496,-664.5099054441739
5063,40.504,-693.7827744832656
5064,40.512,-706.4094586326288
5065,40.52,-702.8590722821864
5066,40.528,-684.2693394222204
5067,40.536,-652.313600436052
5068,40.544,-609.1183696177582
5069,40.552,-557.1728859439605
5070,40.56,-499.1452043289798
5071,40.568,-437.62968913459747
5072,40.576,-374.95106254962934
5073,40.584,-313.1045035634771
5074,40.592,-253.7799351601621
5075,40.6,-198.3699908407472
5076,40.608,-147.94856760954622
5077,40.616,-103.29922580658767
5078,40.624,-65.03544622859705
5079,40.632,-33.73756915549572
5080,40.64,-9.997811528970363
5081,40.648,5.635160953939812
5082,40.656,12.722453453645585
5083,40.664,10.95727924396827
5084,40.672,0.20092236747723713
5085,40.68,-19.387349643613454
5086,40.688,-47.16145244038334
5087,40.696,-81.88164320937686
5088,40.704,-121.77995964983845
5089,40.712,-164.7421722420735
5090,40.72,-208.48999345368804
5091,40.728,-250.72550158074074
5092,40.736,-289.28626051787944
5093,40.744,-322.3319896883504
5094,40.752,-348.4920220702102
5095,40.76,-366.8940484277009
5096,40.768,-377.0998249990428
5097,40.776,-379.0530524824577
5098,40.784,-373.08550809885725
5099,40.792,-359.9067071709179
5100,40.8,-340.4825619128475
5101,40.808,-315.82140732452655
5102,40.816,-286.7888198255949
5103,40.824,-254.03615888988404
5104,40.832,-218.00528473606988
5105,40.84,-178.92686415993003
5106,40.848,-136.81575063651044
5107,40.856,-91.5524205407897
5108,40.864,-43.08923925907347
5109,40.872,8.312893704739077
5110,40.88,61.955356068513474
5111,40.888,116.71167212785402
5112,40.896,171.09132088596036
5113,40.904,223.29360740542768
5114,40.912,271.29898302507456
5115,40.92,313.0742886466166
5116,40.928,346.8624988113764
5117,40.936,371.42823452418315
5118,40.944,386.1750080586268
5119,40.952,391.1787116991881
5120,40.96,387.2210149570165
5121,40.968,375.8094426754826
5122,40.976,359.0807314948642
5123,40.984,339.5359886062458
5124,40.992,319.6929842341495
5125,41.0,301.7880895123401
5126,41.008,287.5652243202561
5127,41.016,278.0945317639994
5128,41.024,273.59927140167616
5129,41.032,273.3734266287491
5130,41.04,275.8915896853203
5131,41.048,279.10713602398704
5132,41.056,280.82178202876673
5133,41.064,279.0152125654936
5134,41.072,272.12210633523443
5135,41.08,259.2895617296818
5136,41.088,240.57674162301086
5137,41.096,216.9885957220158
5138,41.104,190.2982166866048
5139,41.112,162.75380686978377
5140,41.12,136.8118156580087
5141,41.128,114.93301832091473
5142,41.136,99.36791051811927
5143,41.144,91.88620073804118
5144,41.152,93.52381294017323
5145,41.16,104.4636005035439
5146,41.168,124.07553160740618
5147,41.176,151.0434002127136
5148,41.184,183.52400552423978
5149,41.192,219.3702613329027
5150,41.2,256.4516386535629
5151,41.208,292.9915322019554
5152,41.216,327.7556942776142
5153,41.224,359.998634593243
5154,41.232,389.2415616723169
5155,41.24,415.0338172337465
5156,41.248,436.7688901176375
5157,41.256,453.51870979364736
5158,41.264,463.87258509025094
5159,41.272,465.8778491885674
5160,41.28,457.1958152896222
5161,41.288,435.4544760932139
5162,41.296,398.6548176521576
5163,41.304,345.51214534416135
5164,41.312,275.7257993122376
5165,41.32,190.20753444318947
5166,41.328,91.21826426429097
5167,41.336,-17.702330555714106
5168,41.344,-132.0532495526263
5169,41.352,-246.82412858063972
5170,41.36,-356.91846910820686
5171,41.368,-457.4912434127054
5172,41.376,-544.2595534550586
5173,41.384,-613.8212219557955
5174,41.392,-663.9065590560399
5175,41.4,-693.4640863345672
5176,41.408,-702.5876976583587
5177,41.416,-692.3890685350636
5178,41.424,-664.8771916448627
5179,41.432,-622.7927494501007
5180,41.44,-569.3259723162461
5181,41.448,-507.75915766474856
5182,41.456,-441.1724294839239
5183,41.464,-372.3017536117308
5184,41.472,-303.49946941398946
5185,41.48,-236.69244440857287
5186,41.488,-173.3246380794819
5187,41.496,-114.37235383408171
5188,41.504,-60.481709350672354
5189,41.512,-12.151537598922282
5190,41.52,30.15310275840197
5191,41.528,65.9765685498729
5192,41.536,94.86824371809762
5193,41.544,116.36349866795813
5194,41.552,130.01365148421988
5195,41.56,135.54078762625642
5196,41.568,133.07841729522707
5197,41.576,123.35049244929469
5198,41.584,107.67836214412858
5199,41.592,87.84304259852973
5200,41.6,65.8999274674856
5201,41.608,43.980277402691065
5202,41.616,24.038461643799103
5203,41.624,7.543504260699093
5204,41.632,-4.777051130483564
5205,41.64,-13.009499852849201
5206,41.648,-17.926256631925153
5207,41.656,-20.7623439017776
5208,41.664,-22.983168107825428
5209,41.672,-26.023352664724555
5210,41.68,-30.95305074247421
5211,41.688,-38.139540809563584
5212,41.696,-47.06296165031815
5213,41.704,-56.37352895771752
5214,41.712,-64.11997126495385
5215,41.72,-68.02331594206885
5216,41.728,-65.76179324162428
5217,41.736,-55.322656117134954
5218,41.744,-35.427458814426174
5219,41.752,-5.905795704064066
5220,41.76,32.144836413344905
5221,41.768,76.45874390147789
5222,41.776,123.87464168914977
5223,41.784,170.69081119703324
5224,41.792,213.0967349550564
5225,41.8,247.6921425065362
5226,41.808,272.00471515981496
5227,41.816,284.8310869848764
5228,41.824,286.28677712229023
5229,41.832,277.6120592484327
5230,41.84,260.8690553386101
5231,41.848,238.6079251689303
5232,41.856,213.49869901266607
5233,41.864,187.95189543614376
5234,41.872,163.8347669976828
5235,41.88,142.38341185898028
5236,41.888,124.28874169002182
5237,41.896,109.83150751525875
5238,41.904,98.97372272866286
5239,41.912,91.42567131880575
5240,41.92,86.74883805359259
5241,41.928,84.48181434544102
5242,41.936,84.20812649611642
5243,41.944,85.53303192809678
5244,41.952,88.04544883282568
5245,41.96,91.36283901620584
5246,41.968,95.25057507416739
5247,41.976,99.70522306416406
5248,41.984,104.92671267723772
5249,41.992,111.22954661868438
5250,42.0,118.99049978807743
5251,42.008,128.6433405507727
5252,42.016,140.64397166301694
5253,42.024,155.37078579128772
5254,42.032,173.0354023715573
5255,42.04,193.69769299761708
5256,42.048,217.36514032590378
5257,42.056,244.0515464766665
5258,42.064,273.7136124270887
5259,42.072,306.1208373473544
5260,42.08,340.76507784308717
5261,42.088,376.8238349499262
5262,42.096,413.09846731197877
5263,42.104,447.89244791769556
5264,42.112,478.9167098000095
5265,42.12,503.3376266137873
5266,42.128,517.9727993261436
5267,42.136,519.5379945759446
5268,42.144,504.8856739403633
5269,42.152,471.2865696097681
5270,42.16,416.82529614454603
5271,42.168,340.8610873174172
5272,42.176,244.3877334319287
5273,42.184,130.16104532892317
5274,42.192,2.597047688967992
5275,42.2,-132.48915609549465
5276,42.208,-268.288615954401
5277,42.216,-397.5895833072517
5278,42.224,-513.5313310658107
5279,42.232,-610.3572945959127
5280,42.24,-683.96013256488
5281,42.248,-732.1329271085092
5282,42.256,-754.5896880382957
5283,42.264,-752.836029673648
5284,42.272,-729.8906671822384
5285,42.28,-689.839383403214
5286,42.288,-637.2956630280804
5287,42.296,-576.9184621134797
5288,42.304,-513.0777411859353
5289,42.312,-449.6247661887178
5290,42.32,-389.6809852181673
5291,42.328,-335.4529418174004
5292,42.336,-288.1768889786329
5293,42.344,-248.25456609498718
5294,42.352,-215.50077649435025
5295,42.36,-189.3633560561218
5296,42.368,-169.07449491068746
5297,42.376,-153.807337051896
5298,42.384,-142.88338346516136
5299,42.392,-135.95285249313574
5300,42.4,-133.03308188793613
5301,42.408,-134.39924770998667
5302,42.416,-140.43402969297514
5303,42.424,-151.51676126608288
5304,42.432,-167.9214758408435
5305,42.44,-189.65890535544997
5306,42.448,-216.28888745055445
5307,42.456,-246.81939086663863
5308,42.464,-279.76420480728564
5309,42.472,-313.30040698739367
5310,42.48,-345.4163117377628
5311,42.488,-374.02974387843443
5312,42.496,-397.15290829593357
5313,42.504,-413.14196397267824
5314,42.512,-420.9429050857735
5315,42.52,-420.20441490800437
5316,42.528,-411.2342451748323
5317,42.536,-394.89060753268245
5318,42.544,-372.48079919776757
5319,42.552,-345.6304263619402
5320,42.56,-316.0534855577264
5321,42.568,-285.25636745344445
5322,42.576,-254.31353983719353
5323,42.584,-223.81336960507585
5324,42.592,-193.93541506728496
5325,42.6,-164.55568984161553
5326,42.608,-135.3466438754087
5327,42.616,-105.92234646086204
5328,42.624,-76.04483627776399
5329,42.632,-45.80076452911563
5330,42.64,-15.638342019488928
5331,42.648,13.73250474757636
5332,42.656,41.466632127375284
5333,42.664,66.6540188275239
5334,42.672,88.36305735927338
5335,42.68,105.72779337534557
5336,42.688,118.0698060432409
5337,42.696,124.96402254046762
5338,42.704,126.20175020465781
5339,42.712,121.7241717877698
5340,42.72,111.63228559370434
5341,42.728,96.27394139242755
5342,42.736,76.3039268692506
5343,42.744,52.64756892375891
5344,42.752,26.420075140110853
5345,42.76,-1.1059937870317296
5346,42.768,-28.486481885591566
5347,42.776,-54.136581558092175
5348,42.784,-76.45621995827743
5349,42.792,-93.98210589670539
5350,42.8,-105.46861886925781
5351,42.808,-109.89693599408439
5352,42.816,-106.4990756932417
5353,42.824,-94.84073596963563
5354,42.832,-74.89796794350147
5355,42.84,-47.04036466530373
5356,42.848,-11.93253182667316
5357,42.856,29.5424932692909
5358,42.864,76.27425184991417
5359,42.872,126.88918024484724
5360,42.88,179.78820518860022
5361,42.888,233.2637315564887
5362,42.896,285.60822877842037
5363,42.904,335.165650975315
5364,42.912,380.39321000679655
5365,42.92,420.02647800729096
5366,42.928,453.3245746760921
5367,42.936,480.2561379130616
5368,42.944,501.5156472182418
5369,42.952,518.3885471353741
5370,42.96,532.5474750170448
5371,42.968,545.801046248266
5372,42.976,559.7517615603261
5373,42.984,575.3712510261163
5374,42.992,592.614638015298
5375,43.0,610.2220082898798
5376,43.008,625.7548934366475
5377,43.016,635.80744453934
5378,43.024,636.3308335834382
5379,43.032,623.0811008114881
5380,43.04,592.2115014402293
5381,43.048,540.9309334647849
5382,43.056,468.05694209334416
5383,43.064,374.3311635968926
5384,43.072,262.4899589814622
5385,43.08,137.13921508282448
5386,43.088,4.423483664822739
5387,43.096,-128.5673117996211
5388,43.104,-254.62098620431004
5389,43.112,-367.26173453065536
5390,43.12,-461.40246077737277
5391,43.128,-533.6812490291484
5392,43.136,-582.5381038141135
5393,43.144,-608.1190900175608
5394,43.152,-612.0173208751056
5395,43.16,-596.841324683621
5396,43.168,-565.701291056684
5397,43.176,-521.7854095001329
5398,43.184,-468.13108800054215
5399,43.192,-407.54341206522713
5400,43.2,-342.5476961306662
5401,43.208,-275.3415681295376
5402,43.216,-207.8062748129078
5403,43.224,-141.60764896691813
5404,43.232,-78.307737587913
5405,43.24,-19.38218629499452
5406,43.248,33.855442147668526
5407,43.256,80.3218341655031
5408,43.264,119.15876790122478
5409,43.272,149.69960857638583
5410,43.28,171.48536579449208
5411,43.288,184.32283577331995
5412,43.296,188.29730184200818
5413,43.304,183.6975586209897
5414,43.312,170.92981991512505
5415,43.32,150.5243769758784
5416,43.328,123.22493420023906
5417,43.336,90.04607221376519
5418,43.344,52.2301790268614
5419,43.352,11.161847282165837
5420,43.36,-31.668368389651405
5421,43.368,-74.65541651104223
5422,43.376,-116.11607609445593
5423,43.384,-154.41008950608855
5424,43.392,-188.06932888378697
5425,43.4,-215.84198666361374
5426,43.408,-236.6734958356319
5427,43.416,-249.7365542742845
5428,43.424,-254.5623504130905
5429,43.432,-251.18568918728172
5430,43.44,-240.17448252755483
5431,43.448,-222.52327847338032
5432,43.456,-199.50695147929005
5433,43.464,-172.56587164460365
5434,43.472,-143.18461539790502
5435,43.48,-112.70561522103277
5436,43.488,-82.12403179750966
5437,43.496,-51.99396309629702
5438,43.504,-22.51207325458263
5439,43.512,6.303725893182856
5440,43.52,34.47678075743287
5441,43.528,62.013051268366084
5442,43.536,88.8544756440356
5443,43.544,114.80360872230298
5444,43.552,139.4740937280427
5445,43.56,162.33698908839162
5446,43.568,182.8402724286813
5447,43.576,200.5011598624891
5448,43.584,214.91896754459705
5449,43.592,225.7737954733604
5450,43.6,232.9031923626136
5451,43.608,236.43922535148374
5452,43.616,236.88590904628683
5453,43.624,235.060634812291
5454,43.632,231.95334414597346
5455,43.64,228.6039275183235
5456,43.648,226.0157499856888
5457,43.656,225.040511557869
5458,43.664,226.20803844813574
5459,43.672,229.58423653159946
5460,43.68,234.76287472560475
5461,43.688,240.98314865220794
5462,43.696,247.2616747329135
5463,43.704,252.47270205553545
5464,43.712,255.43194901645523
5465,43.72,255.0670073869701
5466,43.728,250.65633277774762
5467,43.736,242.02177466695667
5468,43.744,229.58968859986692
5469,43.752,214.35203824395447
5470,43.76,197.8056418015936
5471,43.768,181.8664513095355
5472,43.776,168.67784137934322
5473,43.784,160.28953313753746
5474,43.792,158.31500378719457
5475,43.8,163.71063742770897
5476,43.808,176.71091331331667
5477,43.816,196.83644393841453
5478,43.824,222.90761434482908
5479,43.832,253.103735852034
5480,43.84,285.13926402824114
5481,43.848,316.529051664511
5482,43.856,344.81824414914126
5483,43.864,367.69364239167345
5484,43.872,383.0221703727148
5485,43.88,388.91418428547325
5486,43.888,383.82605021919613
5487,43.896,366.6239274755381
5488,43.904,336.56607198062517
5489,43.912,293.2779865277081
5490,43.92,236.82415243446673
5491,43.928,167.86624417097755
5492,43.936,87.78328873946523
5493,43.944,-1.3383226652368074
5494,43.952,-96.80828515492746
5495,43.96,-195.44237214641677
5496,43.968,-293.67257960987
5497,43.976,-387.7241632579249
5498,43.984,-473.87415221721426
5499,43.992,-548.701369046755
5500,44.0,-609.2348076375081
5501,44.008,-653.0251495224097
5502,44.016,-678.2565446683735
5503,44.024,-683.9576642897676
5504,44.032,-670.2264418032777
5505,44.04,-638.3297051841357
5506,44.048,-590.6375146021722
5507,44.056,-530.4637261340805
5508,44.064,-461.86780123064636
5509,44.072,-389.37857308428465
5510,44.08,-317.58582443395983
5511,44.088,-250.65211292586247
5512,44.096,-191.89275746895038
5513,44.104,-143.526902468064
5514,44.112,-106.57431321287027
5515,44.12,-80.82925411719901
5516,44.128,-64.92719828353664
5517,44.136,-56.59086640417092
5518,44.144,-53.071413157370024
5519,44.152,-51.6537146401756
5520,44.16,-50.04947650326333
5521,44.168,-46.612454172435534
5522,44.176,-40.436371233012345
5523,44.184,-31.39388308087882
5524,44.192,-20.08157156875612
5525,44.2,-7.611348119191371
5526,44.208,4.70902309987765
5527,44.216,15.666598969555663
5528,44.224,24.31139488428968
5529,44.232,30.042111802429424
5530,44.24,32.69781417326544
5531,44.248,32.65214033791486
5532,44.256,30.81394679672097
5533,44.264,28.482021876872597
5534,44.272,27.125345190308984
5535,44.28,28.197589811012968
5536,44.288,33.002990978578524
5537,44.296,42.54645582358833
5538,44.304,57.34238043283679
5539,44.312,77.26493319116123
5540,44.32,101.543075737802
5541,44.328,128.8928811506999
5542,44.336,157.6747689788484
5543,44.344,185.99931431798288
5544,44.352,211.8245161662571
5545,44.36,233.12366476833174
5546,44.368,248.1104338242396
5547,44.376,255.41415331082462
5548,44.384,254.12945131099906
5549,44.392,243.780556800283
5550,44.4,224.2918332315958
5551,44.408,195.984301254563
5552,44.416,159.53573758054918
5553,44.424,115.87638670756618
5554,44.432,66.10151282007286
5555,44.44,11.50512429719653
5556,44.448,-46.27892729928584
5557,44.456,-105.16305776388285
5558,44.464,-162.63000634776373
5559,44.472,-215.87981293680127
5560,44.48,-262.0204109473706
5561,44.488,-298.280236195398
5562,44.496,-322.2912332827967
5563,44.504,-332.4494309369399
5564,44.512,-328.23971687818977
5565,44.52,-310.3699594371613
5566,44.528,-280.6699705007447
5567,44.536,-241.8455031391832
5568,44.544,-197.1823621184265
5569,44.552,-150.2017373581918
5570,44.56,-104.2368052069026
5571,44.568,-61.99417286672538
5572,44.576,-25.250292743018917
5573,44.584,5.227822064970487
5574,44.592,29.59687919857823
5575,44.6,48.8013288663768
5576,44.608,64.41360133288374
5577,44.616,78.39097607675387
5578,44.624,92.73885760033231
5579,44.632,109.18821890992697
5580,44.64,129.01134755343878
5581,44.648,152.9786126697485
5582,44.656,181.34750435143295
5583,44.664,213.80853005679532
5584,44.672,249.43657699830797
5585,44.68,286.7394885746054
5586,44.688,323.79851815121043
5587,44.696,358.3955261365114
5588,44.704,388.06162493468565
5589,44.712,410.1091590390685
5590,44.72,421.7539131207927
5591,44.728,420.34330192188185
5592,44.736,403.60798825629956
5593,44.744,369.87802275763164
5594,44.752,318.3016519905271
5595,44.76,249.12001876257236
5596,44.768,163.9390919058777
5597,44.776,65.83886116750946
5598,44.784,-40.786860832955306
5599,44.792,-150.60750548788195
5600,44.8,-257.81567469130226
5601,44.808,-356.6009149834984
5602,44.816,-441.64786045512034
5603,44.824,-508.63238886655284
5604,44.832,-554.5931022157679
5605,44.84,-578.0564616434123
5606,44.848,-578.9255046152851
5607,44.856,-558.262438394235
5608,44.864,-518.0746677012226
5609,44.872,-461.1029139051727
5610,44.88,-390.56668742823825
5611,44.888,-309.89610941674766
5612,44.896,-222.54518175477787
5613,44.904,-131.92217530653494
5614,44.912,-41.35078785692882
5615,44.92,46.04696907080784
5616,44.928,127.53878232401881
5617,44.936,200.92329554177707
5618,44.944,264.5452451561599
5619,44.952,317.23632960302166
5620,44.96,358.2780981402128
5621,44.968,387.38810588866687
5622,44.976,404.6423639470785
5623,44.984,410.29838040840724
5624,44.992,404.60789022989513
5625,45.0,387.74028960824995
5626,45.008,359.83374169614103
5627,45.016,321.08217018555047
5628,45.024,271.7856876342377
5629,45.032,212.40054567024788
5630,45.04,143.6620471090826
5631,45.048,66.75841462197273
5632,45.056,-16.56624838488366
5633,45.064,-104.06564293898302
5634,45.072,-193.15660507583283
5635,45.08,-281.0907338077197
5636,45.088,-365.10222874348295
5637,45.096,-442.5891852336186
5638,45.104,-511.34976877123546
5639,45.112,-569.7858493219715
5640,45.12,-616.9671988768862
5641,45.128,-652.5597411558326
5642,45.136,-676.7230682671812
5643,45.144,-690.0506140417898
5644,45.152,-693.513295983306
5645,45.16,-688.3271024381573
5646,45.168,-675.7507276075565
5647,45.176,-656.9154909607724
5648,45.184,-632.7617903083667
5649,45.192,-604.0360263081785
5650,45.2,-571.2544362274376
5651,45.208,-534.6369822814837
5652,45.216,-494.1196483623058
5653,45.224,-449.5075948436725
5654,45.232,-400.68497189587833
5655,45.24,-347.7452250948822
5656,45.248,-291.013733699878
5657,45.256,-231.05046554483647
5658,45.264,-168.69072079870713
5659,45.272,-105.06169325367459
5660,45.28,-41.48132301896959
5661,45.288,20.743133716750577
5662,45.296,80.49102480875267
5663,45.304,136.88969125849053
5664,45.312,189.30402213184078
5665,45.32,237.35156157748025
5666,45.328,280.95516386999225
5667,45.336,320.34649679752994
5668,45.344,355.9616494776768
5669,45.352,388.2873830093078
5670,45.36,417.76127189743903
5671,45.368,444.74131391967745
5672,45.376,469.4704526610637
5673,45.384,491.99870264818867
5674,45.392,512.1313445653791
5675,45.4,529.4888854540498
5676,45.408,543.6583358373905
5677,45.416,554.3200365528426
5678,45.424,561.2763678540788
5679,45.432,564.4347521485491
5680,45.44,563.83829725592
5681,45.448,559.738665238563
5682,45.456,552.6081451122507
5683,45.464,543.0351410366236
5684,45.472,531.5845563844784
5685,45.48,518.7504650668728
5686,45.488,505.01996441609305
5687,45.496,490.94210349379904
5688,45.504,477.1061161307883
5689,45.512,464.0481027797336
5690,45.52,452.166246500825
5691,45.528,441.66369801530954
5692,45.536,432.461780661422
5693,45.544,424.0594003579149
5694,45.552,415.42177312574705
5695,45.56,405.0064882339784
5696,45.568,390.9215506084928
5697,45.576,371.0986361016396
5698,45.584,343.40254384273504
5699,45.592,305.7316946422782
5700,45.6,256.2157694248769
5701,45.608,193.52062123292325
5702,45.616,117.15372769923295
5703,45.624,27.667887559039528
5704,45.632,-73.24094359396096
5705,45.64,-182.7042171938648
5706,45.648,-296.75368017196865
5707,45.656,-410.58858636589815
5708,45.664,-519.048457311941
5709,45.672,-617.1537985261974
5710,45.68,-700.5385265643329
5711,45.688,-765.7116947628359
5712,45.696,-810.2076566706942
5713,45.704,-832.6774047373109
5714,45.712,-832.882750042528
5715,45.72,-811.5358817236088
5716,45.728,-770.0351935723502
5717,45.736,-710.2477093501691
5718,45.744,-634.4326259059952
5719,45.752,-545.2489286936916
5720,45.76,-445.7290737696152
5721,45.768,-339.18473682574864
5722,45.776,-229.10295744953316
5723,45.784,-119.06707504756226
5724,45.792,-12.64929077719888
5725,45.8,86.78675457891072
5726,45.808,176.33554232855278
5727,45.816,253.73303964438867
5728,45.824,317.4042931152081
5729,45.832,366.4270215340726
5730,45.84,400.50294621222656
5731,45.848,419.93785183356806
5732,45.856,425.53870082779923
5733,45.864,418.38139925381637
5734,45.872,399.5418869396287
5735,45.88,369.9385246883175
5736,45.888,330.3316961760351
5737,45.896,281.39726332258385
5738,45.904,223.79135908662218
5739,45.912,158.2291923462504
5740,45.92,85.64151088537675
5741,45.928,7.376349087797296
5742,45.936,-74.68627938588375
5743,45.944,-158.19320863419574
5744,45.952,-240.49680190002442
5745,45.96,-318.8396643307738
5746,45.968,-390.50695934586264
5747,45.976,-452.9971189075528
5748,45.984,-504.2373693926129
5749,45.992,-542.770212431558
5750,46.0,-567.8147966974066
5751,46.008,-579.2115420186833
5752,46.016,-577.3535295763998
5753,46.024,-563.1668132928057
5754,46.032,-538.0826784208557
5755,46.04,-503.90998718003743
5756,46.048,-462.6144024225763
5757,46.056,-416.1139869599899
5758,46.064,-366.17485875092336
5759,46.072,-314.3783235423255
5760,46.08,-262.0824621216418
5761,46.088,-210.37038054946163
5762,46.096,-160.0535136265121
5763,46.104,-111.75975581535954
5764,46.112,-66.0266827924015
5765,46.12,-23.296435707446737
5766,46.128,16.179124079887064
5767,46.136,52.398379123105016
5768,46.144,85.53642071228212
5769,46.152,115.78158895026004
5770,46.16,143.21210308173517
5771,46.168,167.772757523163
5772,46.176,189.29241731824084
5773,46.184,207.4800239185387
5774,46.192,221.9354912461565
5775,46.2,232.24531959729651
5776,46.208,238.13706152672665
5777,46.216,239.57988493853276
5778,46.224,236.7748517941045
5779,46.232,230.10930127700036
5780,46.24,220.17961136809564
5781,46.248,207.87609818584926
5782,46.256,194.4195732014947
5783,46.264,181.27735121969724
5784,46.272,170.01381515752146
5785,46.28,162.17926134147825
5786,46.288,159.25523289288705
5787,46.296,162.5799580730596
5788,46.304,173.20669587024412
5789,46.312,191.76217775309223
5790,46.32,218.41056154882648
5791,46.328,252.93005793744047
5792,46.336,294.8062740879122
5793,46.344,343.27452404525883
5794,46.352,397.35088158991175
5795,46.36,455.9193323201885
5796,46.368,517.848356014979
5797,46.376,582.0272103089204
5798,46.384,647.2673990536064
5799,46.392,712.1532325282958
5800,46.4,774.9722888121797
5801,46.408,833.7504539043184
5802,46.416,886.298908857114
5803,46.424,930.2056584252132
5804,46.432,962.8283904533879
5805,46.44,981.3962345009144
5806,46.448,983.2423579199877
5807,46.456,966.085962871161
5808,46.464,928.2873022688354
5809,46.472,869.0809063858895
5810,46.48,788.8152806842933
5811,46.488,689.1447790925802
5812,46.496,573.0494094710967
5813,46.504,444.6269215766385
5814,46.512,308.74880179073386
5815,46.52,170.7163237778065
5816,46.528,35.94490371363685
5817,46.536,-90.3990305949067
5818,46.544,-203.83940295610745
5819,46.552,-301.00925674339095
5820,46.56,-379.90688974965394
5821,46.568,-439.95550150822925
5822,46.576,-481.94386167124907
5823,46.584,-507.90364778739576
5824,46.592,-520.880652388296
5825,46.6,-524.5493969891838
5826,46.608,-522.7343799416021
5827,46.616,-518.9845174833571
5828,46.624,-516.2877013823244
5829,46.632,-516.8902449419015
5830,46.64,-522.153442980796
5831,46.648,-532.4590577111406
5832,46.656,-547.243738715446
5833,46.664,-565.194412837072
5834,46.672,-584.523344302694
5835,46.68,-603.209607964204
5836,46.688,-619.1865189473692
5837,46.696,-630.5412953393829
5838,46.704,-635.7521993698439
5839,46.712,-633.8824328265915
5840,46.72,-624.63439628927
5841,46.728,-608.2728923192664
5842,46.736,-585.5189469915016
5843,46.744,-557.4812390027529
5844,46.752,-525.5812127571573
5845,46.76,-491.39436635827263
5846,46.768,-456.42778302041086
5847,46.776,-421.95138971919135
5848,46.784,-388.9547471977985
5849,46.792,-358.1694709617784
5850,46.8,-330.0604500640568
5851,46.808,-304.78641770966755
5852,46.816,-282.21076781013824
5853,46.824,-261.99310650124403
5854,46.832,-243.68593402428934
5855,46.84,-226.74752244060255
5856,46.848,-210.48602548069678
5857,46.856,-194.037608102436
5858,46.864,-176.43870946375196
5859,46.872,-156.74299713555027
5860,46.88,-134.10653725906533
5861,46.888,-107.8477446486636
5862,46.896,-77.55626746800667
5863,46.904,-43.27016843300453
5864,46.912,-5.621486687201436
5865,46.92,34.17621847085707
5866,46.928,74.51040289298243
5867,46.936,113.61565242645342
5868,46.944,149.79224011363567
5869,46.952,181.60712824325614
5870,46.96,208.11645020643354
5871,46.968,229.0628449637876
5872,46.976,244.9296861646915
5873,46.984,256.7939848118253
5874,46.992,266.05407882827143
5875,47.0,274.1626234935104
5876,47.008,282.41828506735544
5877,47.016,291.77927135612657
5878,47.024,302.6846818750455
5879,47.032,314.9613648158361
5880,47.04,327.90112927546795
5881,47.048,340.4728481864344
5882,47.056,351.5246789814128
5883,47.064,359.87354498215035
5884,47.072,364.32195772945244
5885,47.08,363.70688728954894
5886,47.088,357.00374417592445
5887,47.096,343.41115848210745
5888,47.104,322.369441539462
5889,47.112,293.57315128121724
5890,47.12,257.0658347194223
5891,47.128,213.4033349584618
5892,47.136,163.77273074732344
5893,47.144,109.98763277054563
5894,47.152,54.3965618982383
5895,47.16,-0.21751822252761643
5896,47.168,-50.746450314482274
5897,47.176,-93.95021265410003
5898,47.184,-126.76552287718414
5899,47.192,-146.64441640139518
5900,47.2,-151.802986312768
5901,47.208,-141.36298426138458
5902,47.216,-115.47692886776967
5903,47.224,-75.4942335199404
5904,47.232,-24.0921254579971
5905,47.24,34.761202175718125
5906,47.248,96.04704945466648
5907,47.256,154.0603479617615
5908,47.264,202.8320973132641
5909,47.272,236.6377694545625
5910,47.28,250.62720725851244
5911,47.288,241.49588029408224
5912,47.296,208.01056922596248
5913,47.304,151.2375059996957
5914,47.312,74.46473837119964
5915,47.32,-17.098629143341945
5916,47.328,-116.80354311925936
5917,47.336,-217.23956399310143
5918,47.344,-311.0730679715233
5919,47.352,-391.8790438284382
5920,47.36,-454.7644354318391
5921,47.368,-496.6979634849587
5922,47.376,-516.5996407675256
5923,47.384,-515.2544456024557
5924,47.392,-495.03339372794113
5925,47.4,-459.3953232770309
5926,47.408,-412.2609482637452
5927,47.416,-357.45592388816414
5928,47.424,-298.36168671263385
5929,47.432,-237.74844692472885
5930,47.44,-177.69165474892546
5931,47.448,-119.55576422460398
5932,47.456,-64.10936186918543
5933,47.464,-11.773212428619505
5934,47.472,37.1242046451771
5935,47.48,82.22740867148985
5936,47.488,123.18937575549023
5937,47.496,159.75104328128532
5938,47.504,191.76210864809218
5939,47.512,219.15502320236052
5940,47.52,241.94628668581453
5941,47.528,260.2739739547683
5942,47.536,274.3949271547199
5943,47.544,284.5962157921979
5944,47.552,291.0910113140889
5945,47.56,294.0037931970916
5946,47.568,293.443504234115
5947,47.576,289.55462054034086
5948,47.584,282.47109233346555
5949,47.592,272.23046132111074
5950,47.6,258.7619640669195
5951,47.608,241.97539079752073
5952,47.616,221.87077966665962
5953,47.624,198.60189469858756
5954,47.632,172.52031255983024
5955,47.64,144.2495907933556
5956,47.648,114.75056668456934
5957,47.656,85.27188535653926
5958,47.664,57.14941336144535
5959,47.672,31.554594045953152
5960,47.68,9.329052124373897
5961,47.688,-9.061189915416984
5962,47.696,-23.52647483801778
5963,47.704,-34.363357760293134
5964,47.712,-42.228450064974666
5965,47.72,-48.011053792622974
5966,47.728,-52.63852927389912
5967,47.736,-56.93073610627834
5968,47.744,-61.565725265462525
5969,47.752,-67.09459625475571
5970,47.76,-73.90986857477291
5971,47.768,-82.16725348546191
5972,47.776,-91.75575932291794
5973,47.784,-102.3763053090491
5974,47.792,-113.6650925439244
5975,47.8,-125.25232204653857
5976,47.808,-136.74400409969607
5977,47.816,-147.71742143391174
5978,47.824,-157.78673020496004
5979,47.832,-166.67619756768724
5980,47.84,-174.20282417878144
5981,47.848,-180.17108198715889
5982,47.856,-184.2864934070687
5983,47.864,-186.16371800917824
5984,47.872,-185.3854696208154
5985,47.88,-181.52476735717374
5986,47.888,-174.12845763816614
5987,47.896,-162.7487449234216
5988,47.904,-147.07428772518827
5989,47.912,-127.09606600573531
5990,47.92,-103.19918541925928
5991,47.928,-76.15867770391904
5992,47.936,-47.113399627897
5993,47.944,-17.5616895226936
5994,47.952,10.687332855682724
5995,47.96,35.69650766374538
5996,47.968,55.69361599074407
5997,47.976,69.34001865065174
5998,47.984,75.87741404583059
5999,47.992,75.18778776428728
6000,48.0,67.84887158621815
6001,48.008,55.17655620419082
6002,48.016,39.1631297875695
6003,48.024,22.273329658958655
6004,48.032,7.17823129807203
6005,48.04,-3.469258961908978
6006,48.048,-7.210505684974632
6007,48.056,-1.984225407579245
6008,48.064,13.612951307710775
6009,48.072,40.089317489875405
6010,48.08,76.95054390438331
6011,48.088,122.72804043329192
6012,48.096,175.0542809854239
6013,48.104,230.73085242705227
6014,48.112,285.8469064777309
6015,48.12,336.03420752107365
6016,48.128,376.8447148887034
6017,48.136,404.13998717293657
6018,48.144,414.4139165328055
6019,48.152,405.07710525015574
6020,48.16,374.75596715500313
6021,48.168,323.56284748686636
6022,48.176,253.2067567551438
6023,48.184,166.8605946154845
6024,48.192,68.83515025516341
6025,48.2,-35.82110248637587
6026,48.208,-141.7397484083344
6027,48.216,-243.6893567457236
6028,48.224,-337.05223727739025
6029,48.232,-418.1938098420858
6030,48.24,-484.5964963765961
6031,48.248,-534.7736933821343
6032,48.256,-568.1048023929513
6033,48.264,-584.7008552969556
6034,48.272,-585.2911461599949
6035,48.28,-571.0829434522468
6036,48.288,-543.6252514072802
6037,48.296,-504.7670065377504
6038,48.304,-456.7249079349188
6039,48.312,-402.14240233737945
6040,48.32,-344.0029659941045
6041,48.328,-285.3924194812172
6042,48.336,-229.23086230351745
6043,48.344,-178.07287621115282
6044,48.352,-133.95864052633704
6045,48.36,-98.25562332424154
6046,48.368,-71.51192732646537
6047,48.376,-53.424520747284824
6048,48.384,-42.98451364966982
6049,48.392,-38.73638672794512
6050,48.4,-39.03235570226686
6051,48.408,-42.2410011349984
6052,48.416,-46.95834757236352
6053,48.424,-52.232925891663186
6054,48.432,-57.70681846711251
6055,48.44,-63.55905776713551
6056,48.448,-70.26054696264923
6057,48.456,-78.2751304193617
6058,48.464,-87.83189523351433
6059,48.472,-98.78238355968399
6060,48.48,-110.49927972381083
6061,48.488,-121.83576362618905
6062,48.496,-131.2288290210509
6063,48.504,-136.9685380450066
6064,48.512,-137.5244004604617
6065,48.52,-131.7825855182254
6066,48.528,-119.14836507011404
6067,48.536,-99.57666264028494
6068,48.544,-73.5801231129904
6069,48.552,-42.17192829423156
6070,48.56,-6.68580017901938
6071,48.568,31.476414823834926
6072,48.576,71.02969093050338
6073,48.584,110.84270992629202
6074,48.592,149.88842782436726
6075,48.6,187.22298155586446
6076,48.608,222.01971425128113
6077,48.616,253.59049715766906
6078,48.624,281.36021965528926
6079,48.632,304.867006793042
6080,48.64,323.87198340427966
6081,48.648,338.54015741407136
6082,48.656,349.54944237725766
6083,48.664,358.0314740442011
6084,48.672,365.38527294933397
6085,48.68,373.067351602944
6086,48.688,382.3960157775916
6087,48.696,394.3317470535856
6088,48.704,409.23079042258826
6089,48.712,426.66797550264795
6090,48.72,445.43967683445
6091,48.728,463.7505804499396
6092,48.736,479.4816857325307
6093,48.744,490.45140780675405
6094,48.752,494.67687754944376
6095,48.76,490.67251372256203
6096,48.768,477.73913586295293
6097,48.776,456.1227155466019
6098,48.784,426.97764833481216
6099,48.792,392.1965099592887
6100,48.8,354.20712134360997
6101,48.808,315.7505599439457
6102,48.816,279.5781752308331
6103,48.824,248.0638280168384
6104,48.832,222.8549809391022
6105,48.84,204.7108006090117
6106,48.848,193.54833567858063
6107,48.856,188.59022857178354
6108,48.864,188.52749844042708
6109,48.872,191.72229549876144
6110,48.88,196.50501210192346
6111,48.888,201.5162978749814
6112,48.896,205.94631182935765
6113,48.904,209.57657548502507
6114,48.912,212.6823124230485
6115,48.92,215.9167663285662
6116,48.928,220.20633682928892
6117,48.936,226.57890745482004
6118,48.944,235.8774984681191
6119,48.952,248.43599552076162
6120,48.96,263.8505372773119
6121,48.968,280.9044824549364
6122,48.976,297.6035467157344
6123,48.984,311.27887271697807
6124,48.992,318.79420934899144
6125,49.0,316.9064250527223
6126,49.008,302.7261294257832
6127,49.016,274.13146617457795
6128,49.024,230.0296289086825
6129,49.032,170.48623019763872
6130,49.04,96.7895893352058
6131,49.048,11.436122487176963
6132,49.056,-82.05030637426955
6133,49.064,-179.4903672160946
6134,49.072,-276.50313607625435
6135,49.08,-368.8913477653268
6136,49.088,-452.9067489327883
6137,49.096,-525.4515962117397
6138,49.104,-584.2549899237889
6139,49.112,-627.9683191636484
6140,49.12,-656.1123311600956
6141,49.128,-668.9148527939583
6142,49.136,-667.158237760485
6143,49.144,-652.0974839901731
6144,49.152,-625.3915939574802
6145,49.16,-588.9660852570167
6146,49.168,-544.8225474122131
6147,49.176,-494.90056642016873
6148,49.184,-441.0566991074427
6149,49.192,-385.10870108616245
6150,49.2,-328.85567854877144
6151,49.208,-274.0645031706364
6152,49.216,-222.48547418426335
6153,49.224,-175.9156368289191
6154,49.232,-136.22330775377534
6155,49.24,-105.23537512780317
6156,49.248,-84.51028101012731
6157,49.256,-75.13376349576748
6158,49.264,-77.63890114613191
6159,49.272,-92.01502069087314
6160,49.28,-117.7067679651925
6161,49.288,-153.5811523557944
6162,49.296,-197.93606957645278
6163,49.304,-248.60493616306684
6164,49.312,-303.11226824153897
6165,49.32,-358.8058148517697
6166,49.328,-412.97910880965526
6167,49.336,-463.0682679470642
6168,49.344,-506.9390101831929
6169,49.352,-543.1482228021536
6170,49.36,-571.036815440938
6171,49.368,-590.6278771288102
6172,49.376,-602.4293194403268
6173,49.384,-607.2349536917337
6174,49.392,-605.9202972898462
6175,49.4,-599.1950241398692
6176,49.408,-587.3577125502339
6177,49.416,-570.1767377147183
6178,49.424,-546.9659189432462
6179,49.432,-516.785648681738
6180,49.44,-478.6455697151912
6181,49.448,-431.67206718668643
6182,49.456,-375.3020694717613
6183,49.464,-309.5318845247628
6184,49.472,-235.13428094938484
6185,49.48,-153.72629905681015
6186,49.488,-67.67188729701608
6187,49.496,20.093082846311205
6188,49.504,106.24568290525909
6189,49.512,187.3004045662875
6190,49.52,259.92377383023415
6191,49.528,321.28589301114965
6192,49.536,369.3071347079461
6193,49.544,402.7225695020814
6194,49.552,421.03520806339816
6195,49.56,424.4740125322328
6196,49.568,413.969150428331
6197,49.576,391.06323560104454
6198,49.584,357.72742442949686
6199,49.592,316.166564361874
6200,49.6,268.7084750462636
6201,49.608,217.76110812703388
6202,49.616,165.7358507920226
6203,49.624,114.88643284002111
6204,49.632,67.13316479860556
6205,49.64,23.975440642600113
6206,49.648,-13.496514937547362
6207,49.656,-44.56883818787267
6208,49.664,-68.89650153940987
6209,49.672,-86.46603363931438
6210,49.68,-97.45397250702598
6211,49.688,-102.01017839770346
6212,49.696,-100.088789685598
6213,49.704,-91.40369286650818
6214,49.712,-75.45506211482854
6215,49.72,-51.5313115808404
6216,49.728,-18.68880514605629
6217,49.736,24.194023462654297
6218,49.744,78.23761689629619
6219,49.752,144.33358506552497
6220,49.76,222.98326379075084
6221,49.768,314.22100461427556
6222,49.776,417.54295878835165
6223,49.784,531.7900263221472
6224,49.792,655.0363189177313
6225,49.8,784.5622819526848
6226,49.808,916.9039672882119
6227,49.816,1047.8914372430531
6228,49.824,1172.6417223866542
6229,49.832,1285.6020656466521
6230,49.84,1380.7800297310562
6231,49.848,1452.1863835772226
6232,49.856,1494.382711294325
6233,49.864,1503.0165362762827
6234,49.872,1475.3079375123014
6235,49.88,1410.4695152037873
6236,49.888,1309.966332956225
6237,49.896,1177.4884425005655
6238,49.904,1018.6049181127603
6239,49.912,840.2123686096311
6240,49.92,649.9365213023525
6241,49.928,455.56088053891534
6242,49.936,264.46373458245915
6243,49.944,83.06772748963796
6244,49.952,-83.59603368418863
6245,49.96,-232.088743884877
6246,49.968,-360.52174897869315
6247,49.976,-468.37974354750713
6248,49.984,-556.3006263878258
6249,49.992,-625.7966323454265
6250,50.0,-678.8698755108752
6251,50.008,-717.5766674141321
6252,50.016,-743.6926281145951
6253,50.024,-758.5804153932627
6254,50.032,-763.2173842334403
6255,50.04,-758.2783718551291
6256,50.048,-744.2412929505082
6257,50.056,-721.5577399036688
6258,50.064,-690.8858266729478
6259,50.072,-653.2778173656316
6260,50.08,-610.2085596976883
6261,50.088,-563.4548013470683
6262,50.096,-514.9445687988218
6263,50.104,-466.66108793319387
6264,50.112,-420.56511685081034
6265,50.12,-378.45773904219936
6266,50.128,-341.79554095409696
6267,50.136,-311.56409734084923
6268,50.144,-288.28128613314743
6269,50.152,-272.0834189645921
6270,50.16,-262.80106292773104
6271,50.168,-260.00847943126104
6272,50.176,-263.1088925996669
6273,50.184,-271.4766637088672
6274,50.192,-284.5687962487339
6275,50.2,-301.89888726672666
6276,50.208,-322.88369817431186
6277,50.216,-346.68951120674944
6278,50.224,-372.1780203127013
6279,50.232,-397.9257005895321
6280,50.24,-422.24132218571015
6281,50.248,-443.1929725462005
6282,50.256,-458.7404650540648
6283,50.264,-467.01015298062356
6284,50.272,-466.6062639756907
6285,50.28,-456.8097401029298
6286,50.288,-437.624400083192
6287,50.296,-409.7415126559095
6288,50.304,-374.46905774459645
6289,50.312,-333.5742034892403
6290,50.32,-288.9834863373209
6291,50.328,-242.40418968982735
6292,50.336,-195.02531402126803
6293,50.344,-147.4047091367003
6294,50.352,-99.50917179387042
6295,50.36,-50.808109072436025
6296,50.368,-0.3903398891564279
6297,50.376,52.8384323891438
6298,50.384,109.85285272448355
6299,50.392,171.1922277613437
6300,50.4,236.75902879093672
6301,50.408,305.75834526961745
6302,50.416,376.70478401964135
6303,50.424,447.4517943500529
6304,50.432,515.2989206953831
6305,50.44,577.2426710499957
6306,50.448,630.3222688527846
6307,50.456,671.9228510377536
6308,50.464,699.9566587328254
6309,50.472,712.9672644509271
6310,50.48,710.2301964373515
6311,50.488,691.8326597871682
6312,50.496,658.641583425808
6313,50.504,612.122730816261
6314,50.512,554.0939503436782
6315,50.52,486.53211107566597
6316,50.528,411.4637507969042
6317,50.536,330.8734952245403
6318,50.544,246.5838361854318
6319,50.552,160.15720488496595
6320,50.56,72.90074952042085
6321,50.568,-14.03210725766263
6322,50.576,-99.53213287690757
6323,50.584,-182.4710147582487
6324,50.592,-261.6412260254365
6325,50.6,-335.6404156400491
6326,50.608,-402.7394438845174
6327,50.616,-460.8528560302098
6328,50.624,-507.67237718590866
6329,50.632,-540.8917325536985
6330,50.64,-558.4119549364273
6331,50.648,-558.5092246600934
6332,50.656,-540.0369567375087
6333,50.664,-502.6988946125092
6334,50.672,-447.3166118231459
6335,50.68,-375.972854490197
6336,50.688,-291.9962340630078
6337,50.696,-199.8452533219433
6338,50.704,-104.92660595867402
6339,50.712,-13.293810629612912
6340,50.72,68.83330232314421
6341,50.728,135.67466744967734
6342,50.736,182.46654667031152
6343,50.744,205.8897424804153
6344,50.752,204.35329823445383
6345,50.76,178.18116169205143
6346,50.768,129.66606377748727
6347,50.776,62.88310493175418
6348,50.784,-16.77283269786689
6349,50.792,-103.20546817316898
6350,50.8,-190.207095193362
6351,50.808,-271.92904030525045
6352,50.816,-343.2644382275841
6353,50.824,-400.1807572939614
6354,50.832,-439.9522322278212
6355,50.84,-461.21563933789236
6356,50.848,-463.8670992800618
6357,50.856,-448.90897375122546
6358,50.864,-418.31258212202573
6359,50.872,-374.84298444727114
6360,50.88,-321.7681701709967
6361,50.888,-262.48499146757655
6362,50.896,-200.1914745194052
6363,50.904,-137.69014898599642
6364,50.912,-77.27728990523173
6365,50.92,-20.624705117881973
6366,50.928,31.351906083642977
6367,50.936,78.54588120084475
6368,50.944,121.56452688326077
6369,50.952,161.5244818803817
6370,50.96,199.82006464522638
6371,50.968,237.87815309431699
6372,50.976,276.85275835520724
6373,50.984,317.2759569771542
6374,50.992,358.80082200358015
6375,51.0,400.1800696924227
6376,51.008,439.4858517152475
6377,51.016,474.43752272049113
6378,51.024,502.7067235825667
6379,51.032,522.1762282230331
6380,51.04,531.1836733103903
6381,51.048,528.7166392558734
6382,51.056,514.4568624931104
6383,51.064,488.6383085516764
6384,51.072,451.8360458752028
6385,51.08,404.84776855063393
6386,51.088,348.70609728038914
6387,51.096,284.7283245854058
6388,51.104,214.52475294718207
6389,51.112,139.98957036485828
6390,51.12,63.324071875858486
6391,51.128,-12.945166487676548
6392,51.136,-86.05792369969451
6393,51.144,-153.2594011220538
6394,51.152,-212.08936093288108
6395,51.16,-260.5888955641495
6396,51.168,-297.3980567984533
6397,51.176,-321.8206905295567
6398,51.184,-333.9019220743569
6399,51.192,-334.4560129899128
6400,51.2,-324.9600036587306
6401,51.208,-307.333985549406
6402,51.216,-283.72592402858555
6403,51.224,-256.3745780976745
6404,51.232,-227.49265304787946
6405,51.24,-199.0710394375842
6406,51.248,-172.61269401840894
6407,51.256,-148.92079047196978
6408,51.264,-128.0430967863389
6409,51.272,-109.35355850046962
6410,51.28,-91.69159286367099
6411,51.288,-73.53876657048662
6412,51.296,-53.28131500952826
6413,51.304,-29.559907664530225
6414,51.312,-1.5881804684212621
6415,51.32,30.703460694727017
6416,51.328,66.71863236881988
6417,51.336,105.33149029699612
6418,51.344,145.01329938356113
6419,51.352,183.96512266439802
6420,51.36,220.31496132606148
6421,51.368,252.35269283993568
6422,51.376,278.6954928931595
6423,51.384,298.3309086846308
6424,51.392,310.6107642255775
6425,51.4,315.2953325924002
6426,51.408,312.63801303872594
6427,51.416,303.40312385062333
6428,51.424,288.75538113304043
6429,51.432,270.09171528481545
6430,51.44,248.930786974883
6431,51.448,226.87966366218703
6432,51.456,205.59837487663265
6433,51.464,186.71090294395063
6434,51.472,171.71125578083584
6435,51.48,161.9390069993108
6436,51.488,158.6117981012102
6437,51.496,162.81394377778577
6438,51.504,175.37164750105904
6439,51.512,196.66737302367568
6440,51.52,226.50229143488855
6441,51.528,264.0371834325942
6442,51.536,307.7479565889236
6443,51.544,355.36089399087507
6444,51.552,403.8493408821567
6445,51.56,449.61199106555665
6446,51.568,488.83771734473197
6447,51.576,517.9201101988755
6448,51.584,533.7903765089472
6449,51.592,534.1689676239506
6450,51.6,517.801245428122
6451,51.608,484.6571231461644
6452,51.616,435.9821405236292
6453,51.624,374.1386441266007
6454,51.632,302.3111359487018
6455,51.64,224.19345191330967
6456,51.648,143.68567647921572
6457,51.656,64.54942361320725
6458,51.664,-9.973520602370566
6459,51.672,-77.45453693047868
6460,51.68,-136.35222000249522
6461,51.688,-185.8789635774777
6462,51.696,-225.80710671990673
6463,51.704,-256.3394706819538
6464,51.712,-278.0389545605137
6465,51.72,-291.7500514186039
6466,51.728,-298.5129318716265
6467,51.736,-299.54187956539636
6468,51.744,-296.2900879143084
6469,51.752,-290.5067425571915
6470,51.76,-284.1683038395104
6471,51.768,-279.27705272139247
6472,51.776,-277.63372933492957
6473,51.784,-280.6750743209771
6474,51.792,-289.361979401108
6475,51.8,-304.0630852371331
6476,51.808,-324.4553310632722
6477,51.816,-349.5387610857892
6478,51.824,-377.8140185477667
6479,51.832,-407.5443919388935
6480,51.84,-436.98064267871564
6481,51.848,-464.5189951592521
6482,51.856,-488.8556074022533
6483,51.864,-509.15986920730086
6484,51.872,-525.1774169374193
6485,51.88,-537.1628654171922
6486,51.888,-545.6651491392939
6487,51.896,-551.295803601826
6488,51.904,-554.5708438285989
6489,51.912,-555.793737123183
6490,51.92,-554.914593365208
6491,51.928,-551.3987726048084
6492,51.936,-544.2181774557203
6493,51.944,-532.0160223510843
6494,51.952,-513.3621686921874
6495,51.96,-486.9770271797508
6496,51.968,-451.89422612491956
6497,51.976,-407.620936756631
6498,51.984,-354.3149761242072
6499,51.992,-292.88843375141005
6500,52.0,-224.9372533247774
6501,52.008,-152.51939222898338
6502,52.016,-77.9092501011096
6503,52.024,-3.4191645697278696
6504,52.032,68.73729408729058
6505,52.04,136.60570613127038
6506,52.048,198.65862178213257
6507,52.056,253.87185947538322
6508,52.064,301.6563926602825
6509,52.072,341.71974339345996
6510,52.08,373.9694331694509
6511,52.088,398.4765442923902
6512,52.096,415.4290224176024
6513,52.104,425.0401169156591
6514,52.112,427.4783463058102
6515,52.12,422.90376072147467
6516,52.128,411.5919335517011
6517,52.136,394.03083617319254
6518,52.144,370.91788499498085
6519,52.152,343.1111305585305
6520,52.16,311.62762380502625
6521,52.168,277.68489291669005
6522,52.176,242.68631014565915
6523,52.184,208.09141608092938
6524,52.192,175.24001428768062
6525,52.2,145.2462245251297
6526,52.208,118.98325044848978
6527,52.216,97.07527545738911
6528,52.224,79.84551151175683
6529,52.232,67.28603138999574
6530,52.24,59.14030145429618
6531,52.248,55.07890653304744
6532,52.256,54.846133127530756
6533,52.264,58.29134309384115
6534,52.272,65.3233821916362
6535,52.28,75.87785094663731
6536,52.288,89.9098449885179
6537,52.296,107.3413638688563
6538,52.304,127.93588367428971
6539,52.312,151.19281847404707
6540,52.32,176.37975121738495
6541,52.328,202.70152085079266
6542,52.336,229.4876264612598
6543,52.344,256.300553739437
6544,52.352,282.9774921843177
6545,52.36,309.65885514345246
6546,52.368,336.78384313440904
6547,52.376,364.9698819082505
6548,52.384,394.7518467761097
6549,52.392,426.27853277551833
6550,52.4,459.09573909244665
6551,52.408,492.0490656731348
6552,52.416,523.242368988239
6553,52.424,550.0162275798365
6554,52.432,569.0186943085796
6555,52.44,576.4683502707834
6556,52.448,568.6031224615352
6557,52.456,542.1921412886908
6558,52.464,494.9937249506676
6559,52.472,426.13175599391354
6560,52.48,336.3895252492974
6561,52.488,228.34629908876897
6562,52.496,106.2352385337543
6563,52.504,-24.504682885429286
6564,52.512,-157.84924243600005
6565,52.52,-287.79943528089086
6566,52.528,-408.9039304563746
6567,52.536,-516.7186062917169
6568,52.544,-608.192751157536
6569,52.552,-681.8709536427915
6570,52.56,-737.8091901491957
6571,52.568,-777.2474134663236
6572,52.576,-802.1999502923506
6573,52.584,-815.0912688205434
6574,52.592,-818.4411042481285
6575,52.6,-814.5521647948106
6576,52.608,-805.2273629415173
6577,52.616,-791.6212780502489
6578,52.624,-774.2822202936204
6579,52.632,-753.3109235185929
6580,52.64,-728.5160134004516
6581,52.648,-699.5385511293317
6582,52.656,-666.0117623229693
6583,52.664,-627.7864823554881
6584,52.672,-585.145174318745
6585,52.68,-538.9030218143993
6586,52.688,-490.3852278339664
6587,52.696,-441.3501244218615
6588,52.704,-393.8935904096841
6589,52.712,-350.27900944853656
6590,52.72,-312.634704886799
6591,52.728,-282.58182311335776
6592,52.736,-260.9601170182825
6593,52.744,-247.76733363955165
6594,52.752,-242.2721381827154
6595,52.76,-243.1821224699172
6596,52.768,-248.81326948890847
6597,52.776,-257.2894364368078
6598,52.784,-266.77283283128247
6599,52.792,-275.63730307829263
6600,52.8,-282.49538665262236
6601,52.808,-286.1130651803527
6602,52.816,-285.3500165217425
6603,52.824,-279.2125798989279
6604,52.832,-266.96581394951374
6605,52.84,-248.2003049691874
6606,52.848,-222.83632618776377
6607,52.856,-191.13622942387215
6608,52.864,-153.76036715826757
6609,52.872,-111.79363952907411
6610,52.88,-66.64823948229198
6611,52.888,-19.86148802925216
6612,52.896,27.08634850280415
6613,52.904,72.85329317369073
6614,52.912,116.26858351763994
6615,52.92,156.41421460889413
6616,52.928,192.75662309966137
6617,52.936,225.229863590388
6618,52.944,254.20215383942224
6619,52.952,280.3765391821548
6620,52.96,304.7176702779478
6621,52.968,328.40225243689235
6622,52.976,352.69726335826493
6623,52.984,378.7180412168343
6624,52.992,407.1547727325972
6625,53.0,438.1056969513563
6626,53.008,471.0589921839233
6627,53.016,504.955041939937
6628,53.024,538.2739726168514
6629,53.032,569.1842022259849
6630,53.04,595.8017677133932
6631,53.048,616.506895758981
6632,53.056,630.1751238374719
6633,53.064,636.2351648653354
6634,53.072,634.6106445545854
6635,53.08,625.6600785550761
6636,53.088,610.1398122103308
6637,53.096,589.1168403404117
6638,53.104,563.7931911606514
6639,53.112,535.320726005401
6640,53.12,504.7166113463041
6641,53.128,472.8843203542684
6642,53.136,440.63982026950407
6643,53.144,408.675011539212
6644,53.152,377.5084038165154
6645,53.16,347.50903804680564
6646,53.168,318.9869663008576
6647,53.176,292.2540031007111
6648,53.184,267.5951483985398
6649,53.192,245.20153880739667
6650,53.2,225.1460213537027
6651,53.208,207.39264464865752
6652,53.216,191.75403399895143
6653,53.224,177.76591761935867
6654,53.232,164.56927277694072
6655,53.24,150.91247934996971
6656,53.248,135.27599026190165
6657,53.256,116.02184782219831
6658,53.264,91.50374778710795
6659,53.272,60.18592958676369
6660,53.28,20.84944347013757
6661,53.288,-27.140452453105887
6662,53.296,-83.63658684403431
6663,53.304,-147.67370420611945
6664,53.312,-217.55386518239678
6665,53.32,-290.95900467137983
6666,53.328,-365.06902665239716
6667,53.336,-436.7415084949972
6668,53.344,-502.7748279334096
6669,53.352,-560.1743461137179
6670,53.36,-606.3158935525584
6671,53.368,-638.9992911033343
6672,53.376,-656.4872849496081
6673,53.384,-657.6020760593622
6674,53.392,-641.8399178291704
6675,53.4,-609.4206913640315
6676,53.408,-561.2710153434147
6677,53.416,-499.0229017042456
6678,53.424,-425.06346723881654
6679,53.432,-342.5459999712383
6680,53.44,-255.24122277025813
6681,53.448,-167.22443821212096
6682,53.456,-82.51884469920773
6683,53.464,-4.800634067078466
6684,53.472,62.83993238256217
6685,53.48,118.1300785268564
6686,53.488,159.80874736236632
6687,53.496,187.67923864752734
6688,53.504,202.4695165642366
6689,53.512,205.57929171544478
6690,53.52,198.83958718228723
6691,53.528,184.32455387437022
6692,53.536,164.1606520467237
6693,53.544,140.3025312503493
6694,53.552,114.34773974636911
6695,53.56,87.48903983075354
6696,53.568,60.59907408295095
6697,53.576,34.33414451566633
6698,53.584,9.17212416651434
6699,53.592,-14.576875854559258
6700,53.6,-36.69952446069184
6701,53.608,-56.94924997965023
6702,53.616,-74.95592793181717
6703,53.624,-90.2388603542614
6704,53.632,-102.26541189025451
6705,53.64,-110.46180302745516
6706,53.648,-114.1811172700265
6707,53.656,-112.72556927939117
6708,53.664,-105.47283552714781
6709,53.672,-92.0273268390557
6710,53.68,-72.27876663544194
6711,53.688,-46.352800987645516
6712,53.696,-14.544638245046144
6713,53.704,22.69578620962695
6714,53.712,64.76579830809932
6715,53.72,110.97710827142481
6716,53.728,160.6814691698252
6717,53.736,213.35411542363008
6718,53.744,268.56159547404155
6719,53.752,325.8582169952762
6720,53.76,384.7123468936687
6721,53.768,444.49404858829513
6722,53.776,504.4620900482987
6723,53.784,563.7028613477529
6724,53.792,621.0724196727045
6725,53.8,675.2266605397207
6726,53.808,724.7347227182544
6727,53.816,768.1761087802123
6728,53.824,804.1559416880477
6729,53.832,831.2953707205252
6730,53.84,848.2993878793123
6731,53.848,854.1086768487523
6732,53.856,848.0354653846738
6733,53.864,829.811095875534
6734,53.872,799.5941977383976
6735,53.88,758.0310856043302
6736,53.888,706.3579315167112
6737,53.896,646.4204453529247
6738,53.904,580.5214583121342
6739,53.912,511.1545951431251
6740,53.92,440.75192513115866
6741,53.928,371.48802496917847
6742,53.936,305.0817946566748
6743,53.944,242.56709465413482
6744,53.952,184.11347508527646
6745,53.96,129.00415367351602
6746,53.968,75.77251847450319
6747,53.976,22.39300179405388
6748,53.984,-33.54554868856097
6749,53.992,-94.63242666334656
6750,54.0,-163.3054828782215
6751,54.008,-241.42506905125163
6752,54.016,-329.8953091333097
6753,54.024,-428.4462494117388
6754,54.032,-535.5656890497924
6755,54.04,-648.5243623756473
6756,54.048,-763.5144026560497
6757,54.056,-875.9794383690953
6758,54.064,-981.1334931567218
6759,54.072,-1074.5155329640224
6760,54.08,-1152.3916754904744
6761,54.088,-1211.948958818467
6762,54.096,-1251.3641739874327
6763,54.104,-1269.8216997003894
6764,54.112,-1267.45091879322
6765,54.12,-1245.1343706527987
6766,54.128,-1204.2431385493398
6767,54.136,-1146.4385503746496
6768,54.144,-1073.615884641826
6769,54.152,-987.9283731200036
6770,54.16,-891.7833073607536
6771,54.168,-787.7835238442651
6772,54.176,-678.6731756797799
6773,54.184,-567.320142600132
6774,54.192,-456.6695365361678
6775,54.2,-349.58090984157496
6776,54.208,-248.56696128915274
6777,54.216,-155.56001201346788
6778,54.224,-71.80901730613961
6779,54.232,2.1087140350450673
6780,54.24,66.23264542023833
6781,54.248,121.12795557648714
6782,54.256,167.6998285723514
6783,54.264,206.90717098859608
6784,54.272,239.48405320439397
6785,54.28,265.80115796640456
6786,54.288,285.89342839341447
6787,54.296,299.5659334836397
6788,54.304,306.50143571729285
6789,54.312,306.3974255390264
6790,54.32,299.1898739834591
6791,54.328,285.31519881190053
6792,54.336,265.8640264423627
6793,54.344,242.53472874217653
6794,54.352,217.44105933441173
6795,54.36,192.8837586451534
6796,54.368,171.11162493763038
6797,54.376,154.01987056447672
6798,54.384,142.79335868918074
6799,54.392,137.63042497086033
6800,54.4,137.70370346512658
6801,54.408,141.3831974570912
6802,54.416,146.60469479692742
6803,54.424,151.2554422057107
6804,54.432,153.53897330616442
6805,54.44,152.32200420269874
6806,54.448,147.396545491533
6807,54.456,139.52705396493886
6808,54.464,130.22821430442326
6809,54.472,121.37703770158551
6810,54.48,114.82273716565471
6811,54.488,112.06924894004636
6812,54.496,114.01023151039058
6813,54.504,120.72253204193277
6814,54.512,131.41189972305077
6815,54.52,144.59826472465286
6816,54.528,158.49528140258852
6817,54.536,171.41994654475423
6818,54.544,182.09548142870594
6819,54.552,189.83384107636948
6820,54.56,194.63887522348378
6821,54.568,197.2087073691348
6822,54.576,198.76264167236621
6823,54.584,200.69188893638605
6824,54.592,204.17261260534946
6825,54.6,209.91515244941547
6826,54.608,218.10781014030394
6827,54.616,228.485748012915
6828,54.624,240.4543489731006
6829,54.632,253.2794029050683
6830,54.64,266.36530955549927
6831,54.648,279.53750951423933
6832,54.656,293.17100328595967
6833,54.664,308.0838917056943
6834,54.672,325.2649235336636
6835,54.68,345.56109055407137
6836,54.688,369.3825035424713
6837,54.696,396.40964534758973
6838,54.704,425.32301197623855
6839,54.712,453.66918238110634
6840,54.72,477.9805064758376
6841,54.728,494.1379991435117
6842,54.736,497.8476854675577
6843,54.744,485.1220270820279
6844,54.752,452.76359657593645
6845,54.76,398.86985510248655
6846,54.768,323.2742572039461
6847,54.776,227.755696092635
6848,54.784,115.92012536594856
6849,54.792,-7.17514251277007
6850,54.8,-135.50442335335904
6851,54.808,-262.58805844355123
6852,54.816,-382.05697555219825
6853,54.824,-488.25649372325046
6854,54.832,-576.7701322106024
6855,54.84,-644.7231818886586
6856,54.848,-690.8457170045392
6857,54.856,-715.4015222892715
6858,54.864,-720.072307356226
6859,54.872,-707.7667944025379
6860,54.88,-682.2839838921766
6861,54.888,-647.8615718117293
6862,54.896,-608.7463160421431
6863,54.904,-568.8897294876788
6864,54.912,-531.7409154116133
6865,54.92,-500.05060459813836
6866,54.928,-475.6840610539364
6867,54.936,-459.5345714175244
6868,54.944,-451.59115201951903
6869,54.952,-451.09287563435475
6870,54.96,-456.6661674191648
6871,54.968,-466.43641277214914
6872,54.976,-478.19327540993254
6873,54.984,-489.64360575087164
6874,54.992,-498.6676399670518
6875,55.0,-503.467480122178
6876,55.008,-502.602430458331
6877,55.016,-495.00696547016963
6878,55.024,-480.0541268577364
6879,55.032,-457.61488680348066
6880,55.04,-428.03533455288607
6881,55.048,-392.0476089083663
6882,55.056,-350.7114687103322
6883,55.064,-305.4293564418352
6884,55.072,-257.9494251791716
6885,55.08,-210.2388703784597
6886,55.088,-164.22636788225307
6887,55.096,-121.53521688167723
6888,55.104,-83.3104370173951
6889,55.112,-50.13130266660049
6890,55.12,-21.958746150246274
6891,55.128,1.8635316688695063
6892,55.136,22.47928741660905
6893,55.144,41.25353661297565
6894,55.152,59.48758367877639
6895,55.16,78.25389831681656
6896,55.168,98.37040122864859
6897,55.176,120.41650033095259
6898,55.184,144.71195405675948
6899,55.192,171.2893657450508
6900,55.2,199.93196646041213
6901,55.208,230.26495611589178
6902,55.216,261.80414618484593
6903,55.224,293.914715566675
6904,55.232,325.76466874540256
6905,55.24,356.3895716007993
6906,55.248,384.86673250720736
6907,55.256,410.48239122605753
6908,55.264,432.8036140279599
6909,55.272,451.68310585406067
6910,55.28,467.2693694405813
6911,55.288,480.0169216505334
6912,55.296,490.61621982490016
6913,55.304,499.81578515983585
6914,55.312,508.23239534291287
6915,55.32,516.2705865787228
6916,55.328,524.1587735132991
6917,55.336,532.0016635001716
6918,55.344,539.7800169354907
6919,55.352,547.3422206232297
6920,55.36,554.4664799647499
6921,55.368,560.9808426603702
6922,55.376,566.8356752955536
6923,55.384,572.0628183290083
6924,55.392,576.6817774065348
6925,55.4,580.6549753546856
6926,55.408,583.9002524165721
6927,55.416,586.2750569990546
6928,55.424,587.4807774540712
6929,55.432,586.9469260920313
6930,55.44,583.7854708170262
6931,55.448,576.8103467571289
6932,55.456,564.5330497576989
6933,55.464,545.1029713523627
6934,55.472,516.2936056989549
6935,55.48,475.66330498978834
6936,55.488,420.89680151683103
6937,55.496,350.205673941261
6938,55.504,262.67114600464964
6939,55.512,158.50679125556064
6940,55.52,39.25098640465703
6941,55.528,-92.16563315543478
6942,55.536,-231.5708487335225
6943,55.544,-373.92828800048477
6944,55.552,-513.8163212366796
6945,55.56,-645.8516941757183
6946,55.568,-765.0040298293575
6947,55.576,-866.8579521808518
6948,55.584,-947.868082868873
6949,55.592,-1005.5519212594883
6950,55.6,-1038.5352344730843
6951,55.608,-1046.4635535029981
6952,55.616,-1029.893289452066
6953,55.624,-990.2411712442791
6954,55.632,-929.7487414783268
6955,55.64,-851.3726266991617
6956,55.648,-758.5942136155154
6957,55.656,-655.2326231066558
6958,55.664,-545.3133855641676
6959,55.672,-432.93387615854374
6960,55.68,-322.0393461794995
6961,55.688,-216.13458038557772
6962,55.696,-118.0643384457905
6963,55.704,-29.953612048648477
6964,55.712,46.74191754767203
6965,55.72,111.18390532991761
6966,55.728,163.1216245497678
6967,55.736,202.80946204244503
6968,55.744,230.82891802877177
6969,55.752,247.89619894981772
6970,55.76,254.77233513103766
6971,55.768,252.278927046852
6972,55.776,241.30852501733406
6973,55.784,222.7532514413546
6974,55.792,197.40559671934133
6975,55.8,165.93770042794964
6976,55.808,128.9787968352156
6977,55.816,87.20728183818655
6978,55.824,41.39001163663721
6979,55.832,-7.598848801911002
6980,55.84,-58.71586503061449
6981,55.848,-110.66436940846613
6982,55.856,-161.88643414039154
6983,55.864,-210.6754606942625
6984,55.872,-255.33086368046764
6985,55.88,-294.25159987053866
6986,55.888,-325.9719016426472
6987,55.896,-349.23276680356594
6988,55.904,-363.134412111202
6989,55.912,-367.2913285029386
6990,55.92,-361.87811861162277
6991,55.928,-347.5575576825057
6992,55.936,-325.38307699343596
6993,55.944,-296.73280542475266
6994,55.952,-263.2242042548788
6995,55.96,-226.5416864057904
6996,55.968,-188.2142925480178
6997,55.976,-149.46759975639435
6998,55.984,-111.22189065690071
6999,55.992,-74.17385045372701
7000,56.0,-38.8472678820224
7001,56.008,-5.581604472809455
7002,56.016,25.480222030525635
7003,56.024,54.36729497810838
7004,56.032,81.27100358263901
7005,56.04,106.60681769952822
7006,56.048,131.10295866438767
7007,56.056,155.80158768041508
7008,56.064,181.92329412816864
7009,56.072,210.6760192671084
7010,56.08,243.1288518564445
7011,56.088,280.1737874571106
7012,56.096,322.4905821241145
7013,56.104,370.4532069551993
7014,56.112,424.03328668400195
7015,56.12,482.79240051805937
7016,56.128,545.9539705186439
7017,56.136,612.4471774675941
7018,56.144,680.8550461482325
7019,56.152,749.3217331374144
7020,56.16,815.5180690201151
7021,56.168,876.6832745804749
7022,56.176,929.677141761902
7023,56.184,971.0118671267653
7024,56.192,996.9414295905702
7025,56.2,1003.7159003010858
7026,56.208,988.0031259869237
7027,56.216,947.3576868794134
7028,56.224,880.6154299210975
7029,56.232,788.1852482259901
7030,56.24,672.244365937677
7031,56.248,536.7693415142496
7032,56.256,387.28540202075845
7033,56.264,230.3135070610072
7034,56.272,72.66362483832067
7035,56.28,-79.21870976697106
7036,56.288,-219.74813378289133
7037,56.296,-344.55717512876123
7038,56.304,-450.7385974186179
7039,56.312,-536.9137102350755
7040,56.32,-603.0609769937463
7041,56.328,-650.1572937107343
7042,56.336,-679.7895294362511
7043,56.344,-693.8499134460765
7044,56.352,-694.2978261052145
7045,56.36,-682.9278705565156
7046,56.368,-661.172053253529
7047,56.376,-630.0430869913374
7048,56.384,-590.2688913074553
7049,56.392,-542.5291718230797
7050,56.4,-487.650787089941
7051,56.408,-426.7091214365701
7052,56.416,-361.09035140666145
7053,56.424,-292.5520971362456
7054,56.432,-223.2194413872944
7055,56.44,-155.43511181857775
7056,56.448,-91.49430628752317
7057,56.456,-33.39963079372721
7058,56.464,17.264256817809585
7059,56.472,59.36550315993282
7060,56.48,92.2536816047055
7061,56.488,115.7893804974416
7062,56.496,130.29866542078176
7063,56.504,136.4197928642866
7064,56.512,134.92952377836238
7065,56.52,126.66561424850343
7066,56.528,112.55318219320324
7067,56.536,93.63379721486761
7068,56.544,71.02589296038079
7069,56.552,45.865361543161335
7070,56.56,19.313791082072225
7071,56.568,-7.375748672334977
7072,56.576,-32.83944860689172
7073,56.584,-55.687464577161926
7074,56.592,-74.62493304268408
7075,56.6,-88.5137556130524
7076,56.608,-96.38428104373399
7077,56.616,-97.49423726657159
7078,56.624,-91.48306329689103
7079,56.632,-78.54624178900293
7080,56.64,-59.509876551399266
7081,56.648,-35.76662547981803
7082,56.656,-9.130283426042833
7083,56.664,18.34249041315735
7084,56.672,44.595226884046625
7085,56.68,67.91841544224593
7086,56.688,87.32750470856864
7087,56.696,102.80180412971163
7088,56.704,115.26954672514013
7089,56.712,126.38464239347697
7090,56.72,138.22096871679756
7091,56.728,152.94045036960495
7092,56.736,172.40522419317705
7093,56.744,197.74711185224587
7094,56.752,229.02935429741055
7095,56.76,265.1568291217876
7096,56.768,304.0592615461177
7097,56.776,343.035457369922
7098,56.784,379.15152744166295
7099,56.792,409.68194831821444
7100,56.8,432.5997624292211
7101,56.808,447.0183286086442
7102,56.816,453.40704269323743
7103,56.824,453.48132892128234
7104,56.832,449.83898643795607
7105,56.84,445.49698656871215
7106,56.848,443.4133355663984
7107,56.856,445.9891974093605
7108,56.864,454.57662787587765
7109,56.872,469.119936270451
7110,56.88,488.06633548731116
7111,56.888,508.55042034135715
7112,56.896,526.7307576388262
7113,56.904,538.1714647920135
7114,56.912,538.2650303089999
7115,56.92,522.7218773675072
7116,56.928,488.06745900058985
7117,56.936,432.02027709221557
7118,56.944,353.6824400404419
7119,56.952,253.59390641510058
7120,56.96,133.73445877710003
7121,56.968,-2.5282310995683477
7122,56.976,-150.62390980388093
7123,56.984,-305.13063801477676
7124,56.992,-460.20463770631034
7125,57.0,-609.9667869406474
7126,57.008,-748.8134635171239
7127,57.016,-871.7090820351573
7128,57.024,-974.4837761748091
7129,57.032,-1054.056572997308
7130,57.04,-1108.4954201773512
7131,57.048,-1136.94634633957
7132,57.056,-1139.5646545726668
7133,57.064,-1117.5260734005435
7134,57.072,-1073.0503140662945
7135,57.08,-1009.3185793849675
7136,57.088,-930.2650869734027
7137,57.096,-840.3266379862492
7138,57.104,-744.207955523257
7139,57.112,-646.6219094518626
7140,57.12,-551.9504911795547
7141,57.128,-463.877143693398
7142,57.136,-385.1302487999878
7143,57.144,-317.42450225363064
7144,57.152,-261.5454942380418
7145,57.16,-217.46926027443828
7146,57.168,-184.49714124510047
7147,57.176,-161.4731847713104
7148,57.184,-147.09994677597282
7149,57.192,-140.24193930296352
7150,57.2,-140.07881593232435
7151,57.208,-146.0884493183696
7152,57.216,-157.9610080658673
7153,57.224,-175.5227479610342
7154,57.232,-198.62959914136985
7155,57.24,-226.96082812144112
7156,57.248,-259.75827457260107
7157,57.256,-295.6601128341419
7158,57.264,-332.7263966177895
7159,57.272,-368.6103126633366
7160,57.28,-400.76561539286047
7161,57.288,-426.65061977973386
7162,57.296,-443.9726813312389
7163,57.304,-450.9843296329458
7164,57.312,-446.7331912711221
7165,57.32,-431.1427157830471
7166,57.328,-404.9101547504555
7167,57.336,-369.3223560055831
7168,57.344,-326.0752831906842
7169,57.352,-277.0782621992838
7170,57.36,-224.1884869185401
7171,57.368,-168.9191691666225
7172,57.376,-112.26638949864822
7173,57.384,-54.74955277629816
7174,57.392,3.3975361984420847
7175,57.4,62.021733917014934
7176,57.408,120.88910007475666
7177,57.416,179.52774504333706
7178,57.424,237.062720275559
7179,57.432,292.13161282839667
7180,57.44,342.9793756701645
7181,57.448,387.7115031210013
7182,57.456,424.5783197498494
7183,57.464,452.194407768606
7184,57.472,469.70905882153517
7185,57.48,476.9803700499995
7186,57.488,474.7207345233595
7187,57.496,464.4965909985785
7188,57.504,448.51444930313113
7189,57.512,429.2691606309551
7190,57.52,409.1985834687797
7191,57.528,390.4143940905204
7192,57.536,374.47961912971476
7193,57.544,362.2125951649248
7194,57.552,353.5872230022403
7195,57.56,347.8247859795974
7196,57.568,343.6723514937149
7197,57.576,339.74657759136375
7198,57.584,334.82705584860673
7199,57.592,328.08629795099733
7200,57.6,319.28835495252486
7201,57.608,308.9172349954213
7202,57.616,298.1352620677405
7203,57.624,288.54419644201454
7204,57.632,281.8643588528627
7205,57.64,279.6829395497037
7206,57.648,283.30794620963115
7207,57.656,293.64837566732837
7208,57.664,311.062907004472
7209,57.672,335.2284737079514
7210,57.68,365.11581668550457
7211,57.688,399.06839307544556
7212,57.696,434.88903092908464
7213,57.704,469.8788597572825
7214,57.712,500.8922747967637
7215,57.72,524.5016103913999
7216,57.728,537.2651966014428
7217,57.736,535.9986646097542
7218,57.744,517.985915486451
7219,57.752,481.17943415792587
7220,57.76,424.46445937373556
7221,57.768,347.94951219617565
7222,57.776,253.14095557730536
7223,57.784,142.90644679739304
7224,57.792,21.27562695250738
7225,57.8,-106.81522308291682
7226,57.808,-235.80808913471006
7227,57.816,-359.8940573118393
7228,57.824,-473.486748112109
7229,57.832,-571.7050399860127
7230,57.84,-650.7372428414977
7231,57.848,-708.0417265983865
7232,57.856,-742.4323782724513
7233,57.864,-754.0880084048946
7234,57.872,-744.4464847509964
7235,57.88,-715.9345251810363
7236,57.888,-671.5849060405078
7237,57.896,-614.682901541792
7238,57.904,-548.5359443948803
7239,57.912,-476.32370220284173
7240,57.92,-400.93601584055045
7241,57.928,-324.8001219509689
7242,57.936,-249.79377453712834
7243,57.944,-177.30145313160259
7244,57.952,-108.3501079327566
7245,57.96,-43.719764830201
7246,57.968,15.986251025068599
7247,57.976,70.23556562929593
7248,57.984,118.39585267030105
7249,57.992,159.59890394646524
7250,58.0,192.76934215921602
7251,58.008,216.8258754334018
7252,58.016,230.9393288761221
7253,58.024,234.7452466306437
7254,58.032,228.5065166696512
7255,58.04,213.24979611825717
7256,58.048,190.82596776014893
7257,58.056,163.79238900456443
7258,58.064,135.08979935764955
7259,58.072,107.62612299400307
7260,58.08,83.9193327959362
7261,58.088,65.85329855818927
7262,58.096,54.50553382541478
7263,58.104,50.03841294710323
7264,58.112,51.74079863706912
7265,58.12,58.299141653889265
7266,58.128,68.23400258263861
7267,58.136,80.31622142407721
7268,58.144,93.82021346065662
7269,58.152,108.61646385386284
7270,58.16,125.16552304982608
7271,58.168,144.40433666096192
7272,58.176,167.45886412341773
7273,58.184,195.1969602786014
7274,58.192,227.77662439802975
7275,58.2,264.37468683947964
7276,58.208,303.1600973284037
7277,58.216,341.443512298512
7278,58.224,375.92955305747745
7279,58.232,403.0807471868918
7280,58.24,419.61293763478574
7281,58.248,423.03014319203766
7282,58.256,412.0116353097895
7283,58.264,386.5279443206015
7284,58.272,347.7247664168705
7285,58.28,297.6871982710304
7286,58.288,239.13110923688473
7287,58.296,175.00374746013293
7288,58.304,108.03235299009387
7289,58.312,40.36840726319441
7290,58.32,-26.530549052702312
7291,58.328,-91.78796721255058
7292,58.336,-154.90231598473764
7293,58.344,-215.55995756897244
7294,58.352,-273.45799750363926
7295,58.36,-328.094085834356
7296,58.368,-378.5777655470714
7297,58.376,-423.5953552135393
7298,58.384,-461.58262146726264
7299,58.392,-491.00207523223315
7300,58.4,-510.57291997725855
7301,58.408,-519.4063706005605
7302,58.416,-517.10598661188
7303,58.424,-503.8625118768145
7304,58.432,-480.4653107674323
7305,58.44,-448.1422898895443
7306,58.448,-408.266636128091
7307,58.456,-362.0755551164461
7308,58.464,-310.4976622218666
7309,58.472,-254.05940887460244
7310,58.48,-192.81136509763272
7311,58.488,-126.30518501177215
7312,58.496,-53.723560737456374
7313,58.504,25.792924156460863
7314,58.512,112.71559752240354
7315,58.52,206.7476633780614
7316,58.528,306.57001659207464
7317,58.536,409.68946352631525
7318,58.544,512.3787105828875
7319,58.552,609.78722034542
7320,58.56,696.310494393074
7321,58.568,766.1782462581707
7322,58.576,814.0977128990143
7323,58.584,835.814583423624
7324,58.592,828.5777796985369
7325,58.6,791.5356004073902
7326,58.608,726.0015714340551
7327,58.616,635.4526343839159
7328,58.624,525.1923129808372
7329,58.632,401.768344677005
7330,58.64,272.3075405717936
7331,58.648,143.86522925570418
7332,58.656,22.801978468432797
7333,58.664,-85.7769315891488
7334,58.672,-178.3953348101458
7335,58.68,-253.2732160037151
7336,58.688,-310.1063361196942
7337,58.696,-349.71001117445627
7338,58.704,-373.66328881197137
7339,58.712,-383.9742357035019
7340,58.72,-382.7378518266909
7341,58.728,-371.8288476278347
7342,58.736,-352.7380532419156
7343,58.744,-326.6029185037324
7344,58.752,-294.35068054256885
7345,58.76,-256.82338975401353
7346,58.768,-214.83907322681057
7347,58.776,-169.24365037258565
7348,58.784,-120.9915833901691
7349,58.792,-71.19891657292986
7350,58.8,-21.09872662671306
7351,58.808,28.06565560335545
7352,58.816,75.09312549111824
7353,58.824,118.7686771144731
7354,58.832,157.77766759307391
7355,58.84,190.70619997923933
7356,58.848,216.1415024734094
7357,58.856,232.77939243818594
7358,58.864,239.46982816023436
7359,58.872,235.24551175994029
7360,58.88,219.4182988077197
7361,58.888,191.7345945419785
7362,58.896,152.48393805814075
7363,58.904,102.49368808881955
7364,58.912,43.06704088002772
7365,58.92,-24.040049846438535
7366,58.928,-96.60726740887989
7367,58.936,-172.0090986783086
7368,58.944,-247.41070198397063
7369,58.952,-320.03395025296265
7370,58.96,-387.37570242080295
7371,58.968,-447.3431282843767
7372,58.976,-498.3578793824684
7373,58.984,-539.450344443971
7374,58.992,-570.2720669426867
7375,59.0,-590.9522584013009
7376,59.008,-601.8441164487177
7377,59.016,-603.3080195708269
7378,59.024,-595.6341940144706
7379,59.032,-579.070547372851
7380,59.04,-553.8597764735154
7381,59.048,-520.2643864088063
7382,59.056,-478.6445380536812
7383,59.064,-429.61282596506976
7384,59.072,-374.17095111311073
7385,59.08,-313.7119304843636
7386,59.088,-249.8917105220804
7387,59.096,-184.48419164925318
7388,59.104,-119.30116223291809
7389,59.112,-56.14078479815398
7390,59.12,3.315434767090173
7391,59.128,57.655060623394434
7392,59.136,105.84305223036603
7393,59.144,147.22324969527457
7394,59.152,181.46532672424146
7395,59.16,208.54722528393228
7396,59.168,228.77114955071983
7397,59.176,242.72344417624396
7398,59.184,251.1375880887214
7399,59.192,254.74525966479044
7400,59.2,254.2285237512407
7401,59.208,250.27451252925036
7402,59.216,243.62692660350507
7403,59.224,235.06013569590397
7404,59.232,225.32049119190827
7405,59.24,215.11956816191713
7406,59.248,205.17306928535348
7407,59.256,196.19232147776637
7408,59.264,188.7862083948811
7409,59.272,183.3554477771574
7410,59.28,180.0854007065215
7411,59.288,179.03612416745227
7412,59.296,180.23256671846255
7413,59.304,183.69445126792473
7414,59.312,189.45433569524948
7415,59.32,197.63137607919242
7416,59.328,208.52227733126256
7417,59.336,222.58668167549087
7418,59.344,240.26949030639892
7419,59.352,261.7479577327077
7420,59.36,286.7391819708896
7421,59.368,314.40719406524846
7422,59.376,343.30935243966337
7423,59.384,371.3514917286235
7424,59.392,395.82601714542034
7425,59.4,413.6273036161648
7426,59.408,421.62668503096063
7427,59.416,417.06922055091394
7428,59.424,397.8708546904374
7429,59.432,362.8213538692019
7430,59.44,311.76108829336766
7431,59.448,245.7202182581877
7432,59.456,166.91518388739493
7433,59.464,78.54016586457716
7434,59.472,-15.569862538798024
7435,59.48,-111.26873028422148
7436,59.488,-204.36958696999423
7437,59.496,-290.9030508121902
7438,59.504,-367.389793342985
7439,59.512,-431.06163420771145
7440,59.52,-479.9490888687689
7441,59.528,-512.8509321679891
7442,59.536,-529.2900786149611
7443,59.544,-529.5225458954887
7444,59.552,-514.5504799580873
7445,59.56,-486.0519369570052
7446,59.568,-446.2266781331244
7447,59.576,-397.64157808981776
7448,59.584,-343.117982202028
7449,59.592,-285.5964074224159
7450,59.6,-227.9048025264172
7451,59.608,-172.47216492743215
7452,59.616,-121.12117696328657
7453,59.624,-75.0220947831874
7454,59.632,-34.76091960663494
7455,59.64,-0.429856464401301
7456,59.648,28.269793696092073
7457,59.656,51.84415146267713
7458,59.664,70.72843603690437
7459,59.672,85.02637433306721
7460,59.68,94.40893690773949
7461,59.688,98.20148751787963
7462,59.696,95.56780078268977
7463,59.704,85.70006872535629
7464,59.712,68.01137753810028
7465,59.72,42.358086122551384
7466,59.728,9.244272851862586
7467,59.736,-30.107541829912943
7468,59.744,-73.87592915972019
7469,59.752,-119.86945793093136
7470,59.76,-165.73367298143765
7471,59.768,-209.0998752567326
7472,59.776,-247.74975491123627
7473,59.784,-279.84511587550895
7474,59.792,-304.15012595187966
7475,59.8,-320.13340558357
7476,59.808,-327.936780397191
7477,59.816,-328.298271106389
7478,59.824,-322.4879976080287
7479,59.832,-312.2102173532912
7480,59.84,-299.40082093010835
7481,59.848,-285.948396934088
7482,59.856,-273.45578284088776
7483,59.864,-263.11451838236155
7484,59.872,-255.64759572431205
7485,59.88,-251.24948902863773
7486,59.888,-249.54716306672384
7487,59.896,-249.67698601969505
7488,59.904,-250.50385159887404
7489,59.912,-250.87478372505657
7490,59.92,-249.7713437458823
7491,59.928,-246.3450814016515
7492,59.936,-239.9423881784116
7493,59.944,-230.19924759999046
7494,59.952,-217.15243930647296
7495,59.96,-201.25016443226568
7496,59.968,-183.23197369171558
7497,59.976,-163.9665622611951
7498,59.984,-144.33018851051483
7499,59.992,-125.10184218924901
7500,60.0,-106.81297136074045
7501,60.008,-89.58080242528752
7502,60.016,-73.04038680567854
7503,60.024,-56.43725544684113
7504,60.032,-38.81008038634089
7505,60.04,-19.1507044892437
7506,60.048,3.4836452660120156
7507,60.056,29.844599397087332
7508,60.064,60.32160386266437
7509,60.072,94.79442417413988
7510,60.08,132.60772017451413
7511,60.088,172.67755752249712
7512,60.096,213.64430137996715
7513,60.104,254.00616329505385
7514,60.112,292.2643260705442
7515,60.12,327.1357332661644
7516,60.128,357.79775646859457
7517,60.136,384.0409125946171
7518,60.144,406.2463245175684
7519,60.152,425.2333955695519
7520,60.16,442.0862799770693
7521,60.168,458.0055627633565
7522,60.176,474.15017359993044
7523,60.184,491.4570196620351
7524,60.192,510.51642803222427
7525,60.2,531.5888713191296
7526,60.208,554.7327824755089
7527,60.216,579.9132091336533
7528,60.224,607.0025654429514
7529,60.232,635.7080152391685
7530,60.24,665.503952064993
7531,60.248,695.5748003090592
7532,60.256,724.7105629407711
7533,60.264,751.154795808984
7534,60.272,772.5176492725195
7535,60.28,785.8768952622039
7536,60.288,788.063053810742
7537,60.296,776.0051063296991
7538,60.304,747.0399217171015
7539,60.312,699.2064088417405
7540,60.32,631.5773670605474
7541,60.328,544.5803194929888
7542,60.336,440.1671516275756
7543,60.344,321.7454413502466
7544,60.352,193.92515494421352
7545,60.36,62.19093733122432
7546,60.368,-67.46897004753367
7547,60.376,-189.02660228090352
7548,60.384,-296.9692709499018
7549,60.392,-386.8152340306729
7550,60.4,-455.42664299322195
7551,60.408,-501.0789589486314
7552,60.416,-523.3875144817787
7553,60.424,-523.1945236992531
7554,60.432,-502.41519772778565
7555,60.44,-463.79967342265036
7556,60.448,-410.6472209252112
7557,60.456,-346.58457880223887
7558,60.464,-275.4647297696053
7559,60.472,-201.3100709715638
7560,60.48,-128.1827741083687
7561,60.488,-59.96444493595294
7562,60.496,-0.13346692480598854
7563,60.504,48.39160793295396
7564,60.512,83.37726387787735
7565,60.52,103.43495139411557
7566,60.528,108.19177107977153
7567,60.536,98.35446272014188
7568,60.544,75.58471239184597
7569,60.552,42.23520631273284
7570,60.56,1.0593803792065282
7571,60.568,-45.05988495075398
7572,60.576,-93.39494771366965
7573,60.584,-141.66931127437684
7574,60.592,-188.26773352482138
7575,60.6,-232.25658512968386
7576,60.608,-273.22767762910706
7577,60.616,-311.0943176163199
7578,60.624,-345.94959108264885
7579,60.632,-377.9742930392792
7580,60.64,-407.3179048647733
7581,60.648,-433.9470915159632
7582,60.656,-457.551037908102
7583,60.664,-477.5706405917239
7584,60.672,-493.30701755788255
7585,60.68,-504.01795051550175
7586,60.688,-508.9846973714415
7587,60.696,-507.61009547577623
7588,60.704,-499.5705655807439
7589,60.712,-484.9359321927622
7590,60.72,-464.1476131412304
7591,60.728,-437.85549184713705
7592,60.736,-406.72813788291256
7593,60.744,-371.33506606820214
7594,60.752,-332.09468145065495
7595,60.76,-289.2407429162481
7596,60.768,-242.8274718213986
7597,60.776,-192.85237192914713
7598,60.784,-139.51087137717425
7599,60.792,-83.45962640714636
7600,60.8,-25.92997627305482
7601,60.808,31.34388901230952
7602,60.816,86.28685686128539
7603,60.824,136.65387006637056
7604,60.832,180.2365512457111
7605,60.84,215.1595310298124
7606,60.848,240.21749381894506
7607,60.856,255.10703872698568
7608,60.864,260.4525378242795
7609,60.872,257.6644410018632
7610,60.88,248.73609968071534
7611,60.888,236.01951262232333
7612,60.896,221.9366779775855
7613,60.904,208.61832386619898
7614,60.912,197.58060146977132
7615,60.92,189.57894975063786
7616,60.928,184.65584970880417
7617,60.936,182.27674520923196
7618,60.944,181.47797420717654
7619,60.952,181.065551968779
7620,60.96,179.91880399897758
7621,60.968,177.33556860617978
7622,60.976,173.26126557060195
7623,60.984,168.30166965976474
7624,60.992,163.56637243559334
7625,61.0,160.45452267095146
7626,61.008,160.42509352245665
7627,61.016,164.7211280074891
7628,61.024,174.0647541976703
7629,61.032,188.44787967883641
7630,61.04,207.14863103500167
7631,61.048,228.9662101545808
7632,61.056,252.53003388137193
7633,61.064,276.54858643284314
7634,61.072,299.98140604764137
7635,61.08,322.175093574689
7636,61.088,342.9353493954248
7637,61.096,362.4364780114651
7638,61.104,380.9349982314223
7639,61.112,398.40347643272776
7640,61.12,414.25648796675625
7641,61.128,427.2420164057852
7642,61.136,435.44754076131017
7643,61.144,436.3683992148624
7644,61.152,427.08199063281575
7645,61.16,404.59832555244327
7646,61.168,366.34801306607665
7647,61.176,310.6568836500164
7648,61.184,237.08327919650844
7649,61.192,146.6085411682418
7650,61.2,41.714020675895334
7651,61.208,-73.68739104647386
7652,61.216,-194.5443756779874
7653,61.224,-315.1866484022556
7654,61.232,-429.9352856923781
7655,61.24,-533.6282097383736
7656,61.248,-621.9847845678735
7657,61.256,-691.847920715065
7658,61.264,-741.3373106179863
7659,61.272,-769.8643779927753
7660,61.28,-777.9592083329105
7661,61.288,-766.9763601934802
7662,61.296,-738.8305426495631
7663,61.304,-695.8430562319528
7664,61.312,-640.6348783332769
7665,61.32,-575.9622690081871
7666,61.328,-504.49524885631956
7667,61.336,-428.64098644696355
7668,61.344,-350.4768350780394
7669,61.352,-271.7382793228982
7670,61.36,-193.77849956071668
7671,61.368,-117.51970723285004
7672,61.376,-43.50123221285171
7673,61.384,27.935034308440613
7674,61.392,96.42211692174139
7675,61.4,161.44602515891847
7676,61.408,222.35101206111727
7677,61.416,278.38177200694076
7678,61.424,328.6901144911471
7679,61.432,372.3421412396566
7680,61.44,408.3982770734661
7681,61.448,436.0487995017435
7682,61.456,454.6976135039065
7683,61.464,463.9321981420921
7684,61.472,463.45013710288976
7685,61.48,453.055183835486
7686,61.488,432.73135341087044
7687,61.496,402.6944732103296
7688,61.504,363.35315747537123
7689,61.512,315.2376392994358
7690,61.52,259.00067948683767
7691,61.528,195.50128966055897
7692,61.536,125.88065613777482
7693,61.544,51.56777487733537
7694,61.552,-25.74003980191199
7695,61.56,-104.05449202320429
7696,61.568,-181.06045253946596
7697,61.576,-254.1701378784104
7698,61.584,-320.71251146542477
7699,61.592,-378.179535718395
7700,61.6,-424.41849762583297
7701,61.608,-457.75621144148636
7702,61.616,-477.12968710060386
7703,61.624,-482.2484275534011
7704,61.632,-473.69126687361376
7705,61.64,-452.82479942124337
7706,61.648,-421.55862852318273
7707,61.656,-382.07282158687565
7708,61.664,-336.62746504156837
7709,61.672,-287.43999490233915
7710,61.68,-236.5567051925089
7711,61.688,-185.713004194412
7712,61.696,-136.25712176391235
7713,61.704,-89.1764942490761
7714,61.712,-45.15957408454881
7715,61.72,-4.602772451846751
7716,61.728,32.426916377866476
7717,61.736,66.17053905149612
7718,61.744,97.04056688888356
7719,61.752,125.4448054385723
7720,61.76,151.68749665150403
7721,61.768,175.96048788638927
7722,61.776,198.3318288061394
7723,61.784,218.67271601201608
7724,61.792,236.58623630063562
7725,61.8,251.4425107431108
7726,61.808,262.52670552462155
7727,61.816,269.1995114187072
7728,61.824,270.99688965382563
7729,61.832,267.70896847341567
7730,61.84,259.50214446613916
7731,61.848,247.04397595785437
7732,61.856,231.51088196096728
7733,61.864,214.4291349786923
7734,61.872,197.4404386170447
7735,61.88,182.12090229774907
7736,61.888,169.88350887651623
7737,61.896,161.89516750192428
7738,61.904,158.9639043518078
7739,61.912,161.4541181245459
7740,61.92,169.31461897539373
7741,61.928,182.210013383856
7742,61.936,199.65495523573554
7743,61.944,221.08362013562441
7744,61.952,245.89301249725375
7745,61.96,273.52294464644797
7746,61.968,303.53904751277133
7747,61.976,335.6041651561567
7748,61.984,369.28707481449624
7749,61.992,403.8059246815702
7750,62.0,437.85508714586405
7751,62.008,469.5630417196556
7752,62.016,496.52066846096176
7753,62.024,515.8437616156856
7754,62.032,524.3341323802539
7755,62.04,518.8138875649706
7756,62.048,496.58654029263266
7757,62.056,455.8665120361963
7758,62.064,396.05509488965646
7759,62.072,317.87627021378535
7760,62.08,223.43819068265842
7761,62.088,116.19825351798164
7762,62.096,0.7287917008802811
7763,62.104,-117.75013814290385
7764,62.112,-233.94343787221553
7765,62.12,-342.96951682820566
7766,62.128,-440.68518319229264
7767,62.136,-523.9077274085449
7768,62.144,-590.5956798155703
7769,62.152,-639.9428104711728
7770,62.16,-672.304779290206
7771,62.168,-688.9773303817229
7772,62.176,-691.9430770101916
7773,62.184,-683.6651386800722
7774,62.192,-666.8897628031157
7775,62.2,-644.3912308812604
7776,62.208,-618.6846048481397
7777,62.216,-591.8180918292616
7778,62.224,-565.3200210448491
7779,62.232,-540.2543566405634
7780,62.24,-517.2852078706486
7781,62.248,-496.72434998621486
7782,62.256,-478.61679382594264
7783,62.264,-462.8831911146912
7784,62.272,-449.43950646227046
7785,62.28,-438.20559159417184
7786,62.288,-429.02083082087694
7787,62.296,-421.5761579626638
7788,62.304,-415.43331887246626
7789,62.312,-410.0863037563143
7790,62.32,-404.98202424763235
7791,62.328,-399.5051216461517
7792,62.336,-393.01943893543563
7793,62.344,-385.0166213073648
7794,62.352,-375.29792232309893
7795,62.36,-364.07239117966094
7796,62.368,-351.9414280935139
7797,62.376,-339.8298766390125
7798,62.384,-328.89984727477525
7799,62.392,-320.3957694198009
7800,62.4,-315.3639809141706
7801,62.408,-314.30515869946265
7802,62.416,-316.92184107635677
7803,62.424,-322.07833527325084
7804,62.432,-327.9425415680437
7805,62.44,-332.2073160468825
7806,62.448,-332.3544028343435
7807,62.456,-325.9956000447761
7808,62.464,-311.27762450807626
7809,62.472,-287.2282127039867
7810,62.48,-253.90861366334153
7811,62.488,-212.35078024813905
7812,62.496,-164.3646799761861
7813,62.504,-112.2915610136106
7814,62.512,-58.70212323921691
7815,62.52,-6.029407170531268
7816,62.528,43.78743109074606
7817,62.536,89.51316794330666
7818,62.544,130.61657327547704
7819,62.552,167.13071810349737
7820,62.56,199.4873602050272
7821,62.568,228.3606308175546
7822,62.576,254.47717583511815
7823,62.584,278.3879348945417
7824,62.592,300.3012046961626
7825,62.6,320.08680943685766
7826,62.608,337.4359643843749
7827,62.616,352.049551525665
7828,62.624,363.76288508272455
7829,62.632,372.6300922925639
7830,62.64,379.0188140510809
7831,62.648,383.67759278133383
7832,62.656,387.6729243027872
7833,62.664,392.16384534924214
7834,62.672,398.1204060721557
7835,62.68,406.12948984976873
7836,62.688,416.3259512336049
7837,62.696,428.38302815718055
7838,62.704,441.52867151245545
7839,62.712,454.6577333969385
7840,62.72,466.6050599525642
7841,62.728,476.5031902158675
7842,62.736,484.0368115005358
7843,62.744,489.46385570704285
7844,62.752,493.43513216142424
7845,62.76,496.7307453727551
7846,62.768,499.98411682374285
7847,62.776,503.4017934274627
7848,62.784,506.52270843538366
7849,62.792,508.1413565827927
7850,62.8,506.5019965840655
7851,62.808,499.7288393772174
7852,62.816,486.327171708905
7853,62.824,465.60402126320764
7854,62.832,437.966440904899
7855,62.84,405.0979125223727
7856,62.848,369.9475640536184
7857,62.856,336.42521746028604
7858,62.864,308.7901913650743
7859,62.872,290.8866430727773
7860,62.88,285.4419720021444
7861,62.888,293.54960979609854
7862,62.896,314.33626976379713
7863,62.904,344.81668640460697
7864,62.912,380.02669699551933
7865,62.92,413.5270368840457
7866,62.928,438.23033260645525
7867,62.936,447.35900777630604
7868,62.944,435.34289331207395
7869,62.952,398.57739313387106
7870,62.96,336.01269949335193
7871,62.968,249.4737664975432
7872,62.976,143.5582933946711
7873,62.984,25.061717897758356
7874,62.992,-97.92539632548717
7875,63.0,-217.00111831667903
7876,63.008,-324.34642747973555
7877,63.016,-413.4884437340528
7878,63.024,-479.9102829105096
7879,63.032,-521.4122418023101
7880,63.04,-538.1284124794215
7881,63.048,-532.2311300631625
7882,63.056,-507.4733028184118
7883,63.064,-468.69021745287046
7884,63.072,-421.2686567352732
7885,63.08,-370.5586458198076
7886,63.088,-321.28888224286493
7887,63.096,-277.12009040456155
7888,63.104,-240.4140175910744
7889,63.112,-212.16849746654023
7890,63.12,-192.03222737907652
7891,63.128,-178.40307016807162
7892,63.136,-168.6959772033274
7893,63.144,-159.8154676443697
7894,63.152,-148.72967213867022
7895,63.16,-132.98327569141358
7896,63.168,-111.06817420184188
7897,63.176,-82.67100466699989
7898,63.184,-48.8024969229501
7899,63.192,-11.729336025523596
7900,63.2,25.367077627008374
7901,63.208,58.949807869187104
7902,63.216,85.72991767509272
7903,63.224,103.1637811917387
7904,63.232,109.80604067365594
7905,63.24,105.53189776347025
7906,63.248,91.59407600018912
7907,63.256,70.4397798527738
7908,63.264,45.285612710872414
7909,63.272,19.58116286443364
7910,63.28,-3.4723433790695784
7911,63.288,-21.28220785426504
7912,63.296,-32.133835968309285
7913,63.304,-35.37167230695958
7914,63.312,-31.40498596547578
7915,63.32,-21.463034337973
7916,63.328,-7.163391800983876
7917,63.336,9.920172471617256
7918,63.344,28.5363071331133
7919,63.352,47.867294009227614
7920,63.36,67.53593699559634
7921,63.368,87.52524620873999
7922,63.376,107.97380775703638
7923,63.384,128.86343041158503
7924,63.392,149.73040431737945
7925,63.4,169.55345461702603
7926,63.408,186.85042093538163
7927,63.416,199.8815170681458
7928,63.424,206.8572026102956
7929,63.432,206.15113613443853
7930,63.44,196.55627563296449
7931,63.448,177.53688783080608
7932,63.456,149.35082350286365
7933,63.464,112.9782438895384
7934,63.472,69.93979011313905
7935,63.48,22.13714327039734
7936,63.488,-28.25396767594473
7937,63.496,-78.91916688504156
7938,63.504,-127.6235402472963
7939,63.512,-172.4454212261178
7940,63.52,-211.90944220572072
7941,63.528,-244.99214077049143
7942,63.536,-271.08444280012066
7943,63.544,-289.98039097055465
7944,63.552,-301.8495535370235
7945,63.56,-307.11377183246583
7946,63.568,-306.25013194095646
7947,63.576,-299.640236423077
7948,63.584,-287.5368658564579
7949,63.592,-270.0854154737869
7950,63.6,-247.3012459560984
7951,63.608,-219.00746926900413
7952,63.616,-184.83511597539274
7953,63.624,-144.347799326568
7954,63.632,-97.23232259127813
7955,63.64,-43.457608156777745
7956,63.648,16.613902804233053
7957,63.656,82.100948984028
7958,63.664,151.4430883334333
7959,63.672,222.29041485191885
7960,63.68,291.54595465903134
7961,63.688,355.5534241235009
7962,63.696,410.32644339915026
7963,63.704,451.75696453596504
7964,63.712,475.8586819358575
7965,63.72,479.131399364591
7966,63.728,459.0229620746702
7967,63.736,414.3433991234312
7968,63.744,345.5013167091921
7969,63.752,254.55755094189445
7970,63.76,145.15517332013894
7971,63.768,22.323199492680146
7972,63.776,-107.9085745305482
7973,63.784,-239.0763672768589
7974,63.792,-364.8889252605532
7975,63.8,-479.7068499370582
7976,63.808,-578.8490184426412
7977,63.816,-658.7981753556606
7978,63.824,-717.355731017599
7979,63.832,-753.6881128514029
7980,63.84,-768.1857589732882
7981,63.848,-762.1699616187302
7982,63.856,-737.589374439744
7983,63.864,-696.8087537978535
7984,63.872,-642.4613490265307
7985,63.88,-577.284334189302
7986,63.888,-503.94045415325735
7987,63.896,-424.92055490367414
7988,63.904,-342.578147159378
7989,63.912,-259.21375192226924
7990,63.92,-177.08580808955998
7991,63.928,-98.3318882035718
7992,63.936,-24.889847216935156
7993,63.944,41.52616801467936
7994,63.952,99.45202110397453
7995,63.96,147.7754826798586
7996,63.968,185.87317475617348
7997,63.976,213.65174547054693
7998,63.984,231.42875624470102
7999,63.992,239.7410361534245
8000,64.0,239.2192279807443
8001,64.008,230.56321311746464
8002,64.016,214.53855388009697
8003,64.024,191.9344270634411
8004,64.032,163.53204256406346
8005,64.04,130.1631147617503
8006,64.048,92.84214964609716
8007,64.056,52.8625439789284
8008,64.064,11.783464442761542
8009,64.072,-28.645447721543153
8010,64.08,-66.5359763301278
8011,64.088,-99.89432179851345
8012,64.096,-126.72243902201623
8013,64.104,-145.22589227632267
8014,64.112,-154.0448049350231
8015,64.12,-152.38830349592385
8016,64.128,-140.0475677177547
8017,64.136,-117.3698791985843
8018,64.144,-85.25887869297044
8019,64.152,-45.152549919493374
8020,64.16,1.1101879826682752
8021,64.168,51.52224842495437
8022,64.176,104.11852256895155
8023,64.184,157.07403561660084
8024,64.192,208.73288078469614
8025,64.2,257.66162656876054
8026,64.208,302.73432165490584
8027,64.216,343.167762287301
8028,64.224,378.4589012343587
8029,64.232,408.2803248148975
8030,64.24,432.4206278978725
8031,64.248,450.7747050300503
8032,64.256,463.30809460813146
8033,64.264,469.9570895303109
8034,64.272,470.5390585182545
8035,64.28,464.77765755840585
8036,64.288,452.44357644939754
8037,64.296,433.5025441610148
8038,64.304,408.18537338279833
8039,64.312,377.00577088915287
8040,64.32,340.7883235290094
8041,64.328,300.6878364059674
8042,64.336,258.1135444393117
8043,64.344,214.5334349983045
8044,64.352,171.25879970655512
8045,64.36,129.33618708780506
8046,64.368,89.56679188446186
8047,64.376,52.563788106126644
8048,64.384,18.779210870788425
8049,64.392,-11.45764832604123
8050,64.4,-37.81754989492954
8051,64.408,-59.796654069502424
8052,64.416,-76.62553625299734
8053,64.424,-87.35657530922956
8054,64.432,-91.08601168976871
8055,64.44,-87.1995498124731
8056,64.448,-75.59025246828205
8057,64.456,-56.86785970122831
8058,64.464,-32.54163913952223
8059,64.472,-5.067015727193214
8060,64.48,22.34175083422154
8061,64.488,46.08840697303121
8062,64.496,62.60500571856054
8063,64.504,68.69042760174885
8064,64.512,61.80585380049402
8065,64.52,40.38930673060931
8066,64.528,4.148231659309756
8067,64.536,-45.80159657974495
8068,64.544,-107.03163736530914
8069,64.552,-176.07569107224407
8070,64.56,-248.77034813790567
8071,64.568,-320.61202327555833
8072,64.576,-387.1586283195435
8073,64.584,-444.47568604843934
8074,64.592,-489.5277558111578
8075,64.6,-520.393241207236
8076,64.608,-536.2898934268223
8077,64.616,-537.5105079669233
8078,64.624,-525.3406285701333
8079,64.632,-501.9184687270533
8080,64.64,-469.9739788297124
8081,64.648,-432.4826059539223
8082,64.656,-392.3548369173102
8083,64.664,-352.23854346296713
8084,64.672,-314.38775975645615
8085,64.68,-280.50885189536183
8086,64.688,-251.590703661403
8087,64.696,-227.83104417218254
8088,64.704,-208.73544690669002
8089,64.712,-193.32504634322092
8090,64.72,-180.32885817173442
8091,64.728,-168.32839751638772
8092,64.736,-155.92532545687658
8093,64.744,-141.96885894594712
8094,64.752,-125.76302160320715
8095,64.76,-107.14650149381889
8096,64.768,-86.44279804558086
8097,64.776,-64.38194915369046
8098,64.784,-42.063734758587316
8099,64.792,-20.90819655377253
8100,64.8,-2.4995379847213686
8101,64.808,11.661170907253032
8102,64.816,20.369403313422016
8103,64.824,22.817267043119585
8104,64.832,18.639266477117634
8105,64.84,8.001648704316915
8106,64.848,-8.275578095898943
8107,64.856,-28.683061001155835
8108,64.864,-51.1592924347287
8109,64.872,-73.35507721556282
8110,64.88,-92.90939146063668
8111,64.888,-107.6792593261159
8112,64.896,-115.95300988080554
8113,64.904,-116.66275287454474
8114,64.912,-109.52108987920069
8115,64.92,-94.98928604871014
8116,64.928,-74.09509150143377
8117,64.936,-48.22820562326706
8118,64.944,-19.009669324144586
8119,64.952,11.796202179474681
8120,64.96,42.41231317165424
8121,64.968,71.22738158533743
8122,64.976,96.93826513167765
8123,64.984,118.60020348213502
8124,64.992,135.63361512369687
8125,65.0,147.86628642776333
8126,65.008,155.6034459700863
8127,65.016,159.63049493517008
8128,65.024,161.08826835012437
8129,65.032,161.28521064828263
8130,65.04,161.55938430568744
8131,65.048,163.2103993089494
8132,65.056,167.41902194134755
8133,65.064,175.10281111238035
8134,65.072,186.77448357261687
8135,65.08,202.50780475068694
8136,65.088,222.01654854888332
8137,65.096,244.74471663628174
8138,65.104,269.895119906394
8139,65.112,296.4485915428808
8140,65.12,323.2711719497411
8141,65.128,349.3048771606667
8142,65.136,373.7217101889469
8143,65.144,395.9470463488137
8144,65.152,415.59394229110853
8145,65.16,432.41237996373656
8146,65.168,446.2788244579999
8147,65.176,457.16319749499945
8148,65.184,465.0440782252168
8149,65.192,469.84546149812206
8150,65.2,471.4852103670803
8151,65.208,470.02080976691116
8152,65.216,465.775874305937
8153,65.224,459.3569625984381
8154,65.232,451.58824857698346
8155,65.24,443.43880797040646
8156,65.248,435.9354286787239
8157,65.256,429.9763750705142
8158,65.264,426.0246360284505
8159,65.272,423.803487814293
8160,65.28,422.15832998356785
8161,65.288,419.12955038350924
8162,65.296,412.14654774106157
8163,65.304,398.2567696198633
8164,65.312,374.4066083355712
8165,65.32,337.8230895016791
8166,65.328,286.4485121143531
8167,65.336,219.28191043510625
8168,65.344,136.51839927639796
8169,65.352,39.5091164403679
8170,65.36,-69.37195234379924
8171,65.368,-186.92412729484064
8172,65.376,-309.4087872108297
8173,65.384,-432.9140035955573
8174,65.392,-553.676151810195
8175,65.4,-668.2312176442864
8176,65.408,-773.3969848375057
8177,65.416,-866.216759810693
8178,65.424,-943.9763217233511
8179,65.432,-1004.2776845197747
8180,65.44,-1045.094175395651
8181,65.448,-1064.8064926831653
8182,65.456,-1062.3024047942192
8183,65.464,-1037.1771520071954
8184,65.472,-989.9413432042685
8185,65.48,-922.1021481363307
8186,65.488,-836.0934123588623
8187,65.496,-735.148060477084
8188,65.504,-623.1768930703416
8189,65.512,-504.5966896530126
8190,65.52,-384.0250789957142
8191,65.528,-265.87443128530924
8192,65.536,-153.9831181054476
8193,65.544,-51.3875390134683
8194,65.552,39.78406404899351
8195,65.56,118.36114443227585
8196,65.568,184.11215905161032
8197,65.576,237.57927599057075
8198,65.584,279.7570028687493
8199,65.592,311.7404959660041
8200,65.6,334.4929416665807
8201,65.608,348.7616116334955
8202,65.616,355.0597706785745
8203,65.624,353.6535119836894
8204,65.632,344.5933949509807
8205,65.64,327.8535563564393
8206,65.648,303.5436936644396
8207,65.656,272.06991468387133
8208,65.664,234.1677847062192
8209,65.672,190.86424615844615
8210,65.68,143.4690431466763
8211,65.688,93.59840342031522
8212,65.696,43.13840287976771
8213,65.704,-5.902636604726219
8214,65.712,-51.583618141614075
8215,65.72,-92.15730130185526
8216,65.728,-126.1192316775056
8217,65.736,-152.2569258774448
8218,65.744,-169.74790046214463
8219,65.752,-178.245280969241
8220,65.76,-177.86065820807104
8221,65.768,-169.05465890286413
8222,65.776,-152.5413853613313
8223,65.784,-129.2717930758196
8224,65.792,-100.43705445400529
8225,65.8,-67.39338532360094
8226,65.808,-31.50810719622905
8227,65.816,5.964513905846265
8228,65.824,43.89649512183683
8229,65.832,81.23878545735012
8230,65.84,117.02019644306893
8231,65.848,150.4066069019644
8232,65.856,180.7261440618285
8233,65.864,207.39995230964828
8234,65.872,229.85292913101733
8235,65.88,247.5250272694003
8236,65.888,259.9949129168737
8237,65.896,267.1063651941519
8238,65.904,269.0046941024637
8239,65.912,266.107178953375
8240,65.92,259.0836131968752
8241,65.928,248.85335601940244
8242,65.936,236.5302298402543
8243,65.944,223.2876802313439
8244,65.952,210.2277100246791
8245,65.96,198.3569900552424
8246,65.968,188.65520280674477
8247,65.976,182.11161753039084
8248,65.984,179.6535234937869
8249,65.992,182.02725698517423
8250,66.0,189.72981008130049
8251,66.008,202.98906243356285
8252,66.016,221.70087100321405
8253,66.024,245.27739810000045
8254,66.032,272.4898180075832
8255,66.04,301.43295836886676
8256,66.048,329.6402810986502
8257,66.056,354.26468838383425
8258,66.064,372.2602108185421
8259,66.072,380.60835932105954
8260,66.08,376.65618269154197
8261,66.088,358.52306456410156
8262,66.096,325.43314526624425
8263,66.104,277.87433201630256
8264,66.112,217.6166924674904
8265,66.12,147.66662834440987
8266,66.128,72.13772384097535
8267,66.136,-4.0674113476639215
8268,66.144,-75.80068674722006
8269,66.152,-138.3111529558208
8270,66.16,-187.7965584106161
8271,66.168,-221.7661713669294
8272,66.176,-239.23178797868846
8273,66.184,-240.74984553601945
8274,66.192,-228.27424010640706
8275,66.2,-204.78596554228182
8276,66.208,-173.77515539272576
8277,66.216,-138.74347900020217
8278,66.224,-102.85186219173369
8279,66.232,-68.706037286073
8280,66.24,-38.213476204209485
8281,66.248,-12.51261087189333
8282,66.256,7.958354188848488
8283,66.264,23.241013078755252
8284,66.272,33.59149415938774
8285,66.28,39.299471540121836
8286,66.288,40.608077240877364
8287,66.296,37.6447528792881
8288,66.304,30.31094069171182
8289,66.312,18.20457590924704
8290,66.32,0.6818183651802414
8291,66.328,-22.94666939605864
8292,66.336,-53.2000727253386
8293,66.344,-90.2808018088975
8294,66.352,-133.9722596048243
8295,66.36,-183.51965507384315
8296,66.368,-237.5200492895721
8297,66.376,-293.93284295127245
8298,66.384,-350.27317148747153
8299,66.392,-403.91551273225053
8300,66.4,-452.37978937928614
8301,66.408,-493.54801494395974
8302,66.416,-525.8436639092016
8303,66.424,-548.3798421948695
8304,66.432,-560.995308699444
8305,66.44,-564.1012623349533
8306,66.448,-558.3902308688226
8307,66.456,-544.5697162844717
8308,66.464,-523.2405322458612
8309,66.472,-494.89563219934377
8310,66.48,-459.94632531842313
8311,66.488,-418.7499425119813
8312,66.496,-371.69751463933574
8313,66.504,-319.3895376681267
8314,66.512,-262.81225006761764
8315,66.52,-203.38896262577816
8316,66.528,-142.88864281724778
8317,66.536,-83.29264560143561
8318,66.544,-26.69411168657441
8319,66.552,24.817017931617187
8320,66.56,69.3595602826946
8321,66.568,105.52432041402166
8322,66.576,132.56696231029377
8323,66.584,150.45081226873378
8324,66.592,159.7867503571214
8325,66.6,161.7582385708825
8326,66.608,158.03676913674352
8327,66.616,150.61604605197383
8328,66.624,141.54106288095164
8329,66.632,132.6277455394627
8330,66.64,125.30015552838222
8331,66.648,120.5686869717371
8332,66.656,119.0623708328466
8333,66.664,121.04435270428814
8334,66.672,126.44238024353777
8335,66.68,134.95995513407564
8336,66.688,146.24995694224162
8337,66.696,160.0533347635607
8338,66.704,176.25263090868356
8339,66.712,194.90474016716388
8340,66.72,216.33143196986637
8341,66.728,241.23169557726322
8342,66.736,270.69220367569943
8343,66.744,306.03576452983526
8344,66.752,348.5884921104505
8345,66.76,399.4873985826256
8346,66.768,459.54598863415595
8347,66.776,529.0884927347339
8348,66.784,607.7002366750693
8349,66.792,693.9753005171676
8350,66.8,785.3924733677527
8351,66.808,878.3586590584331
8352,66.816,968.3542823457973
8353,66.824,1050.1272857874717
8354,66.832,1117.976076863496
8355,66.84,1166.1882960272906
8356,66.848,1189.601792582747
8357,66.856,1184.1436184253162
8358,66.864,1147.226243033134
8359,66.872,1078.0017864283648
8360,66.88,977.5229637956629
8361,66.888,848.7794587687687
8362,66.896,696.5047072229704
8363,66.904,526.7150699928975
8364,66.912,346.0986608017044
8365,66.92,161.43202373079492
8366,66.928,-20.89265397755257
8367,66.936,-195.26028377606985
8368,66.944,-357.164019790603
8369,66.952,-503.39900112796374
8370,66.96,-632.0282190693466
8371,66.968,-742.1488520679811
8372,66.976,-833.6104149796897
8373,66.984,-906.8124160901483
8374,66.992,-962.5717577179852
8375,67.0,-1001.9803073655178
8376,67.008,-1026.2456598341337
8377,67.016,-1036.597475878369
8378,67.024,-1034.3058095153892
8379,67.032,-1020.7360802565017
8380,67.04,-997.3268743878651
8381,67.048,-965.4814482630468
8382,67.056,-926.4776626743551
8383,67.064,-881.4738925672964
8384,67.072,-831.5614602710208
8385,67.08,-777.76701853327
8386,67.088,-721.0020515603272
8387,67.096,-662.0551611665626
8388,67.104,-601.6854631505649
8389,67.112,-540.7502290460449
8390,67.12,-480.25891561857924
8391,67.128,-421.3422028255605
8392,67.136,-365.2221094568733
8393,67.144,-313.2320968252551
8394,67.152,-266.8214657046799
8395,67.16,-227.45551663445107
8396,67.168,-196.42837495033626
8397,67.176,-174.69887448422537
8398,67.184,-162.81490240882746
8399,67.192,-160.86958951603884
8400,67.2,-168.4087217094481
8401,67.208,-184.31927464489868
8402,67.216,-206.82040892126642
8403,67.224,-233.62190753814434
8404,67.232,-262.1786766838389
8405,67.24,-289.9244002009297
8406,67.248,-314.4560166306386
8407,67.256,-333.7273898359664
8408,67.264,-346.26556785627395
8409,67.272,-351.3108745562655
8410,67.28,-348.7796198988461
8411,67.288,-339.0817350328153
8412,67.296,-322.93368010574295
8413,67.304,-301.26226150026156
8414,67.312,-275.16392221658083
8415,67.32,-245.83475692843925
8416,67.328,-214.46862308761408
8417,67.336,-182.20816226604964
8418,67.344,-150.19441030221748
8419,67.352,-119.63914701590714
8420,67.36,-91.80729591901063
8421,67.368,-67.9013445369877
8422,67.376,-48.94967906781704
8423,67.384,-35.765405622974
8424,67.392,-28.913410838604605
8425,67.4,-28.594049927024994
8426,67.408,-34.470827410141375
8427,67.416,-45.571666789404745
8428,67.424,-60.33971303790483
8429,67.432,-76.77732923961271
8430,67.44,-92.58894815241412
8431,67.448,-105.31457225595324
8432,67.456,-112.52533404918385
8433,67.464,-112.10676181726384
8434,67.472,-102.52948907339831
8435,67.48,-82.96924690245179
8436,67.488,-53.252864433919285
8437,67.496,-13.736513244098072
8438,67.504,34.79318037099263
8439,67.512,91.22337368856803
8440,67.52,154.29044703987827
8441,67.528,222.79443708033494
8442,67.536,295.73121352748177
8443,67.544,372.27237435791056
8444,67.552,451.6552701544329
8445,67.56,533.0961669212146
8446,67.568,615.7572886648471
8447,67.576,698.6997158721441
8448,67.584,780.7728741853077
8449,67.592,860.5010252086081
8450,67.6,936.0710173985426
8451,67.608,1005.4392896900612
8452,67.616,1066.4767169008642
8453,67.624,1117.0952243920892
8454,67.632,1155.410324538528
8455,67.64,1180.0180034364028
8456,67.648,1190.3479999798744
8457,67.656,1186.9340206360846
8458,67.664,1171.461508702149
8459,67.672,1146.585473801698
8460,67.68,1115.5921109423723
8461,67.688,1081.9436702931573
8462,67.696,1048.7053549812294
8463,67.704,1017.917341174389
8464,67.712,990.0896613485492
8465,67.72,964.0069605797487
8466,67.728,936.8921556182728
8467,67.736,904.8257126540176
8468,67.744,863.2967612373758
8469,67.752,807.8468583596759
8470,67.76,734.795222219655
8471,67.768,641.9443395012869
8472,67.776,529.0801575319267
8473,67.784,398.13541469887247
8474,67.792,253.03533320558302
8475,67.8,99.32640371724654
8476,67.808,-56.35618204250152
8477,67.816,-206.9804221163096
8478,67.824,-345.90966786748874
8479,67.832,-467.62119020374274
8480,67.84,-568.1659043531014
8481,67.848,-645.3202049830783
8482,67.856,-698.5242484904213
8483,67.864,-728.7068774904786
8484,67.872,-738.0078844253663
8485,67.88,-729.3868208708103
8486,67.888,-706.1968157833086
8487,67.896,-671.8681811513068
8488,67.904,-629.7730199555793
8489,67.912,-583.1975636263109
8490,67.92,-535.298876582598
8491,67.928,-489.00430531539683
8492,67.936,-446.9044161015075
8493,67.944,-411.1800328825454
8494,67.952,-383.52678205017946
8495,67.96,-365.029266623098
8496,67.968,-356.02953517722364
8497,67.976,-356.11005006006536
8498,67.984,-364.2488410522519
8499,67.992,-379.06279019496776
8500,68.0,-399.0108637783708
8501,68.008,-422.5283958444992
8502,68.016,-448.1601823239036
8503,68.024,-474.72333648332403
8504,68.032,-501.42241949082955
8505,68.04,-527.8236337960271
8506,68.048,-553.7075964956342
8507,68.056,-578.9212030961112
8508,68.064,-603.3073722173738
8509,68.072,-626.6664016112853
8510,68.08,-648.6663152738195
8511,68.088,-668.7133911857683
8512,68.096,-685.8859108913476
8513,68.104,-699.0007908466835
8514,68.112,-706.7647996649899
8515,68.12,-707.9123990942285
8516,68.128,-701.3087586932057
8517,68.136,-686.0813024999794
8518,68.144,-661.8045133671862
8519,68.152,-628.6492236300089
8520,68.16,-587.3872423350972
8521,68.168,-539.25739199636
8522,68.176,-485.81037621164444
8523,68.184,-428.82128185087936
8524,68.192,-370.23216446735194
8525,68.2,-312.03357682671833
8526,68.208,-256.0806741087951
8527,68.216,-203.93841448099388
8528,68.224,-156.81683142045867
8529,68.232,-115.53938210515977
8530,68.24,-80.4592264016642
8531,68.248,-51.34496378915962
8532,68.256,-27.353641946608487
8533,68.264,-7.159704000209125
8534,68.272,10.827604668662161
8535,68.28,28.2754069094804
8536,68.288,46.795235830646575
8537,68.296,67.80071168387315
8538,68.304,92.322589149383
8539,68.312,120.86531399458077
8540,68.32,153.40968517546455
8541,68.328,189.5441741306231
8542,68.336,228.59595926308478
8543,68.344,269.6721154324355
8544,68.352,311.6521636343653
8545,68.36,353.22274534010563
8546,68.368,392.9651131558722
8547,68.376,429.4235816678352
8548,68.384,461.12118797925933
8549,68.392,486.5962483228393
8550,68.4,504.55084579462005
8551,68.408,514.0893458466377
8552,68.416,514.9184620676117
8553,68.424,507.41343753241347
8554,68.432,492.5801770569867
8555,68.44,471.9958981044844
8556,68.448,447.7372079147667
8557,68.456,422.22447968646395
8558,68.464,397.95115852223523
8559,68.472,377.1846702667078
8560,68.48,361.76167201918736
8561,68.488,353.0035121159086
8562,68.496,351.6783829370932
8563,68.504,357.9618344699003
8564,68.512,371.44348782759647
8565,68.52,391.2401931468799
8566,68.528,416.1739873775984
8567,68.536,444.89017980382016
8568,68.544,475.84335001437995
8569,68.552,507.21080793728873
8570,68.56,536.8440124494213
8571,68.568,562.2896531690146
8572,68.576,580.8274755683051
8573,68.584,589.5085102422487
8574,68.592,585.2834222196897
8575,68.6,565.317009206535
8576,68.608,527.4497593630454
8577,68.616,470.64292910592354
8578,68.624,395.2707493625302
8579,68.632,303.2453700925755
8580,68.64,198.0112624189229
8581,68.648,84.38283083207459
8582,68.656,-31.85296911240602
8583,68.664,-144.568150740025
8584,68.672,-248.0069192971043
8585,68.68,-337.3799957085821
8586,68.688,-409.24840004665026
8587,68.696,-461.7326494319025
8588,68.704,-494.5850749951304
8589,68.712,-509.0799974713546
8590,68.72,-507.67207776980405
8591,68.728,-493.4915460158249
8592,68.736,-469.8494367044951
8593,68.744,-439.8843851724921
8594,68.752,-406.3449569777355
8595,68.76,-371.43332664167167
8596,68.768,-336.6957587954448
8597,68.776,-303.02222194762135
8598,68.784,-270.78487230122505
8599,68.792,-240.0344937622303
8600,68.8,-210.64292342410806
8601,68.808,-182.38164557067617
8602,68.816,-155.025140363057
8603,68.824,-128.5234751624615
8604,68.832,-103.16047657249402
8605,68.84,-79.57934344893
8606,68.848,-58.66384021029272
8607,68.856,-41.37532910426743
8608,68.864,-28.63081208576726
8609,68.872,-21.201357427725256
8610,68.88,-19.569079226372843
8611,68.888,-23.7606992483749
8612,68.896,-33.25732919577402
8613,68.904,-47.03833896953878
8614,68.912,-63.7009183894045
8615,68.92,-81.56267013179969
8616,68.928,-98.74335628125118
8617,68.936,-113.30628725131922
8618,68.944,-123.49559565845804
8619,68.952,-127.98325114919614
8620,68.96,-126.00262907250423
8621,68.968,-117.3434700190535
8622,68.976,-102.29060441939211
8623,68.984,-81.57448369122326
8624,68.992,-56.29914242908105
8625,69.0,-27.775144808508905
8626,69.008,2.725986153247135
8627,69.016,34.17397288407347
8628,69.024,65.84035205550857
8629,69.032,97.25068755530283
8630,69.04,128.12833188677752
8631,69.048,158.35676132612673
8632,69.056,187.89935622544232
8633,69.064,216.65006024217053
8634,69.072,244.3017351565777
8635,69.08,270.3411083093355
8636,69.088,294.1566231096866
8637,69.096,315.1274539847731
8638,69.104,332.6047010369079
8639,69.112,345.8471953999681
8640,69.12,354.03926022877135
8641,69.128,356.42103875965637
8642,69.136,352.438374273605
8643,69.144,341.8267604053525
8644,69.152,324.6499926811723
8645,69.16,301.3528545160871
8646,69.168,272.8087488277961
8647,69.176,240.27264464749254
8648,69.184,205.20239416330963
8649,69.192,169.03249766007903
8650,69.2,133.01912696407118
8651,69.208,98.18214484283175
8652,69.216,65.2734180568403
8653,69.224,34.725102704499335
8654,69.232,6.631569641172958
8655,69.24,-19.160767932006404
8656,69.248,-42.88051280418976
8657,69.256,-64.6888056119445
8658,69.264,-84.63784378242492
8659,69.272,-102.68057295871814
8660,69.28,-118.64538513727418
8661,69.288,-132.1789867196276
8662,69.296,-142.74442478842906
8663,69.304,-149.71780877044242
8664,69.312,-152.511109495276
8665,69.32,-150.61775185201802
8666,69.328,-143.57406595703856
8667,69.336,-130.92700087420982
8668,69.344,-112.27371426428722
8669,69.352,-87.33471601784558
8670,69.36,-55.98787594754664
8671,69.368,-18.27120824758245
8672,69.376,25.55875679824989
8673,69.384,74.87306719408552
8674,69.392,128.50716615777858
8675,69.4,184.70653925568556
8676,69.408,241.18332356148156
8677,69.416,295.1766774469037
8678,69.424,343.461775008283
8679,69.432,382.3983101473477
8680,69.44,408.14648867907067
8681,69.448,417.0575475016399
8682,69.456,406.12266087897007
8683,69.464,373.37388103293154
8684,69.472,318.22305979645375
8685,69.48,241.74704512946593
8686,69.488,146.83798424354453
8687,69.496,38.07122841054895
8688,69.504,-78.7624185821473
8689,69.512,-197.32579902216852
8690,69.52,-311.39257273476125
8691,69.528,-415.3744745511672
8692,69.536,-504.7298710787852
8693,69.544,-576.2739914582379
8694,69.552,-628.3282276573121
8695,69.56,-660.6338216307963
8696,69.568,-674.0703932185477
8697,69.576,-670.3302955538192
8698,69.584,-651.6698647156353
8699,69.592,-620.733431367285
8700,69.6,-580.3851771679446
8701,69.608,-533.5401148436001
8702,69.616,-483.05058032875314
8703,69.624,-431.6679252243269
8704,69.632,-382.0018559244132
8705,69.64,-336.3862975738659
8706,69.648,-296.67153653142435
8707,69.656,-264.0652357785597
8708,69.664,-239.10471257157107
8709,69.672,-221.71423227732467
8710,69.68,-211.25711738635707
8711,69.688,-206.5788533750396
8712,69.696,-206.12410279040049
8713,69.704,-208.1708049858696
8714,69.712,-211.10183917864543
8715,69.72,-213.59369330056975
8716,69.728,-214.69789046357164
8717,69.736,-213.89275998547583
8718,69.744,-211.1560199626773
8719,69.752,-207.00070520189252
8720,69.76,-202.3880950511172
8721,69.768,-198.52644436580374
8722,69.776,-196.65778239509265
8723,69.784,-197.9011507997192
8724,69.792,-203.11117018007533
8725,69.8,-212.69083875813115
8726,69.808,-226.40123283935588
8727,69.816,-243.291331895461
8728,69.824,-261.80786610355995
8729,69.832,-280.01017801769393
8730,69.84,-295.7769069089862
8731,69.848,-306.9839806269141
8732,69.856,-311.7179795793191
8733,69.864,-308.5412043623148
8734,69.872,-296.70692756352594
8735,69.88,-276.20684594520316
8736,69.888,-247.65839989923387
8737,69.896,-212.15897336883833
8738,69.904,-171.19956362629563
8739,69.912,-126.59284858425887
8740,69.92,-80.31837478142435
8741,69.928,-34.28564048000162
8742,69.936,9.87607363926208
8743,69.944,50.920865527748056
8744,69.952,88.02239719300914
8745,69.96,120.82335716310277
8746,69.968,149.48586426120738
8747,69.976,174.64231761959996
8748,69.984,197.19735872341937
8749,69.992,218.0662093322975
8750,70.0,237.98086423571425
8751,70.008,257.4028184947718
8752,70.016,276.48035124091217
8753,70.024,295.01205877220633
8754,70.032,312.475159777103
8755,70.04,328.18735419161635
8756,70.048,341.5619820851664
8757,70.056,352.3202806788487
8758,70.064,360.56411728874923
8759,70.072,366.74078702299556
8760,70.08,371.5850115499419
8761,70.088,376.0500237426307
8762,70.096,381.1686666422926
8763,70.104,387.83939769591814
8764,70.112,396.6450782330238
8765,70.12,407.8176207283352
8766,70.128,421.3356005640845
8767,70.136,437.0352486683094
8768,70.144,454.65217530787777
8769,70.152,473.8332025169707
8770,70.16,494.1978956293631
8771,70.168,515.437959373274
8772,70.176,537.352488613126
8773,70.184,559.7623231794286
8774,70.192,582.3771537229447
8775,70.2,604.7350136155995
8776,70.208,626.2384055041314
8777,70.216,646.201306817137
8778,70.224,663.8422740151085
8779,70.232,678.2756123159992
8780,70.24,688.5910780939176
8781,70.248,694.0157994268634
8782,70.256,694.0530397136754
8783,70.264,688.5203662088934
8784,70.272,677.5209247572266
8785,70.28,661.4219453143855
8786,70.288,640.8312838272639
8787,70.296,616.4785226366936
8788,70.304,588.9584743090564
8789,70.312,558.4343364859919
8790,70.32,524.4470257400446
8791,70.328,485.8804757130439
8792,70.336,441.0306186763792
8793,70.344,387.7546981994773
8794,70.352,323.7712420273255
8795,70.36,247.1633385204427
8796,70.368,156.9844692760888
8797,70.376,53.74117677192774
8798,70.384,-60.424323693201984
8799,70.392,-181.85784148825152
8800,70.4,-305.72336309212415
8801,70.408,-426.4745925059399
8802,70.416,-538.459150627345
8803,70.424,-636.594639081086
8804,70.432,-716.9495923003321
8805,70.44,-777.0622766499628
8806,70.448,-815.9658796933563
8807,70.456,-834.0236737596414
8808,70.464,-832.6838187101704
8809,70.472,-814.1746010712617
8810,70.48,-781.1298709370897
8811,70.488,-736.2164680724788
8812,70.496,-681.9051745965147
8813,70.504,-620.4547182198555
8814,70.512,-554.0249929366564
8815,70.52,-484.7788627798509
8816,70.528,-414.91850902938177
8817,70.536,-346.69512908019857
8818,70.544,-282.40791105790356
8819,70.552,-224.32949950778732
8820,70.56,-174.5032397464388
8821,70.568,-134.46406945522972
8822,70.576,-105.01764216014166
8823,70.584,-86.17460386772531
8824,70.592,-77.22198153007378
8825,70.6,-76.85666316229258
8826,70.608,-83.35852611371651
8827,70.616,-94.84329698333906
8828,70.624,-109.59217720631514
8829,70.632,-126.34414105638338
8830,70.64,-144.41296185114635
8831,70.648,-163.6073876122932
8832,70.656,-184.0590815784705
8833,70.664,-206.0566637475432
8834,70.672,-229.88251911958386
8835,70.68,-255.61310944848546
8836,70.688,-282.92540671405845
8837,70.696,-311.02538934953435
8838,70.704,-338.75157689768304
8839,70.712,-364.7654845847576
8840,70.72,-387.69529596051916
8841,70.728,-406.196915209005
8842,70.736,-419.0068158726446
8843,70.744,-425.0461734422561
8844,70.752,-423.5291978217396
8845,70.76,-413.99606543040585
8846,70.768,-396.2878524628141
8847,70.776,-370.56508057818036
8848,70.784,-337.4084609375132
8849,70.792,-297.9052518273846
8850,70.8,-253.5997858636389
8851,70.808,-206.3050428847887
8852,70.816,-157.8872599508493
8853,70.824,-110.11503612789159
8854,70.832,-64.5512337872787
8855,70.84,-22.421034162886993
8856,70.848,15.529568065071683
8857,70.856,49.084395309963824
8858,70.864,78.45732294630655
8859,70.872,104.10958917902563
8860,70.88,126.60231419210699
8861,70.888,146.5193714631576
8862,70.896,164.3982359454343
8863,70.904,180.62970688601524
8864,70.912,195.39499008593947
8865,70.92,208.73182965670887
8866,70.928,220.70528594581523
8867,70.936,231.54713403657695
8868,70.944,241.66660832071685
8869,70.952,251.5697550532683
8870,70.96,261.7781005238473
8871,70.968,272.76106969791743
8872,70.976,284.8201516521608
8873,70.984,297.9101936199154
8874,70.992,311.50262514535143
8875,71.0,324.6197438222906
8876,71.008,336.05000658687925
8877,71.016,344.6283601969322
8878,71.024,349.47217590076895
8879,71.032,350.1647356837628
8880,71.04,346.9205641547119
8881,71.048,340.7012486704729
8882,71.056,333.18967607197624
8883,71.064,326.58613046092177
8884,71.072,323.31242663037244
8885,71.08,325.74502525225864
8886,71.088,335.99941259158265
8887,71.096,355.6905351273339
8888,71.104,385.636198758025
8889,71.112,425.599637647455
8890,71.12,474.2022059131051
8891,71.128,529.0215200983673
8892,71.136,586.7708625415772
8893,71.144,643.4782866562749
8894,71.152,694.6945538052018
8895,71.16,735.7895616722741
8896,71.168,762.3086893458322
8897,71.176,770.2826164888806
8898,71.184,756.4331802080079
8899,71.192,718.3377168038713
8900,71.2,654.6421967980796
8901,71.208,565.307029121821
8902,71.216,451.7644763131143
8903,71.224,316.8966644606837
8904,71.232,164.8663398871011
8905,71.24,0.8891179066027559
8906,71.248,-169.0317575507979
8907,71.256,-338.4617980233763
8908,71.264,-500.9905515293496
8909,71.272,-650.6786167148467
8910,71.28,-782.3711239363215
8911,71.288,-891.867494020696
8912,71.296,-976.0448504105068
8913,71.304,-1033.0015669566646
8914,71.312,-1062.1681795206105
8915,71.32,-1064.295460662739
8916,71.328,-1041.3256980336866
8917,71.336,-996.2450485402467
8918,71.344,-932.9653323940396
8919,71.352,-856.1539965484301
8920,71.36,-770.9071872456065
8921,71.368,-682.2884495306421
8922,71.376,-594.876379762565
8923,71.384,-512.431536491288
8924,71.392,-437.6668820360072
8925,71.4,-372.07088265375705
8926,71.408,-315.82875341070934
8927,71.416,-267.95752647623317
8928,71.424,-226.68604204790788
8929,71.432,-189.9547347791312
8930,71.44,-155.8633121061882
8931,71.448,-122.99262365364416
8932,71.456,-90.63139152984336
8933,71.464,-58.92258664715632
8934,71.472,-28.857844906076576
8935,71.48,-2.047935998164866
8936,71.488,19.68236023738873
8937,71.496,34.72277146531194
8938,71.504,42.01272453235003
8939,71.512,41.28238123816154
8940,71.52,33.23451039312456
8941,71.528,19.622439538980636
8942,71.536,3.1144540138740213
8943,71.544,-13.095124644254764
8944,71.552,-25.81713996026946
8945,71.56,-32.3657980704833
8946,71.568,-30.92687741349495
8947,71.576,-20.79644203768973
8948,71.584,-2.4801540862987577
8949,71.592,22.423875449475176
8950,71.6,51.605435787470974
8951,71.608,82.58703709824167
8952,71.616,113.22619785659604
8953,71.624,142.02167387777254
8954,71.632,168.22252136719578
8955,71.64,191.81721332081742
8956,71.648,213.4269709526498
8957,71.656,234.0598383736292
8958,71.664,254.7261229024265
8959,71.672,276.0357929392611
8960,71.68,297.9346593147294
8961,71.688,319.62914756081585
8962,71.696,339.63109879535625
8963,71.704,355.8698193536082
8964,71.712,365.91955748650713
8965,71.72,367.4026141020686
8966,71.728,358.50641936622804
8967,71.736,338.4368743205185
8968,71.744,307.6582975974896
8969,71.752,267.90214864756894
8970,71.76,222.0021760895795
8971,71.768,173.5774821193725
8972,71.776,126.54452618780817
8973,71.784,84.50414302936517
8974,71.792,50.17270895373404
8975,71.8,25.04648988540441
8976,71.808,9.35519059881598
8977,71.816,2.218000515947949
8978,71.824,1.9076700980785781
8979,71.832,6.2075877280219975
8980,71.84,12.857429058130007
8981,71.848,19.99429436288658
8982,71.856,26.43740183583671
8983,71.864,31.743882048515406
8984,71.872,36.11328339887821
8985,71.88,40.266670349193326
8986,71.888,45.327599826305345
8987,71.896,52.63298074028273
8988,71.904,63.444506525185126
8989,71.912,78.65866085566981
8990,71.92,98.64990119248226
8991,71.928,123.27994167027234
8992,71.936,151.99105074602056
8993,71.944,183.9028750166956
8994,71.952,217.9226662048004
8995,71.96,252.90742651093186
8996,71.968,287.830833683525
8997,71.976,321.83487329280666
8998,71.984,354.11247059426773
8999,71.992,383.7110795410653
9000,72.0,409.39290747730143
9001,72.008,429.59245620252113
9002,72.016,442.41552775584256
9003,72.024,445.6535203785407
9004,72.032,436.8908782896083
9005,72.04,413.79811264216903
9006,72.048,374.57845618830623
9007,72.056,318.411587751503
9008,72.064,245.757944751016
9009,72.072,158.50324383897697
9010,72.08,59.969760162455714
9011,72.088,-45.23539960947613
9012,72.096,-151.5981143485082
9013,72.104,-253.27736326675827
9014,72.112,-344.7270534073847
9015,72.12,-421.17494642896895
9016,72.128,-478.9029577994859
9017,72.136,-515.4083295383269
9018,72.144,-529.5167674565804
9019,72.152,-521.4119994327988
9020,72.16,-492.5153847019213
9021,72.168,-445.2461446068183
9022,72.176,-382.7843987178393
9023,72.184,-308.9145674871911
9024,72.192,-227.8968866422649
9025,72.2,-144.267298083417
9026,72.208,-62.553488735537265
9027,72.216,13.006802141621952
9028,72.224,78.67910374213176
9029,72.232,131.410837940631
9030,72.24,169.03649170756944
9031,72.248,190.4792274211583
9032,72.256,195.83203218690429
9033,72.264,186.24810869925895
9034,72.272,163.70316306902117
9035,72.28,130.7415398813825
9036,72.288,90.23242096572274
9037,72.296,45.07742280443641
9038,72.304,-2.14259996932865
9039,72.312,-49.47270473745402
9040,72.32,-95.70576382333648
9041,72.328,-140.30153909044353
9042,72.336,-183.2077372380552
9043,72.344,-224.68247884520062
9044,72.352,-265.11673147073634
9045,72.36,-304.81514790409017
9046,72.368,-343.77033532999775
9047,72.376,-381.54176776949765
9048,72.384,-417.29916562015836
9049,72.392,-449.95697174983997
9050,72.4,-478.2807174778386
9051,72.408,-500.9442424770689
9052,72.416,-516.6236759452221
9053,72.424,-524.1804871422976
9054,72.432,-522.8545052488461
9055,72.44,-512.3443131541126
9056,72.448,-492.76168765335393
9057,72.456,-464.5622849038837
9058,72.464,-428.52292202851885
9059,72.472,-385.7139295809274
9060,72.48,-337.3899036075809
9061,72.488,-284.83105264666995
9062,72.496,-229.25369405308703
9063,72.504,-171.84844445202495
9064,72.512,-113.87047647978062
9065,72.52,-56.666036777998144
9066,72.528,-1.6131550866173905
9067,72.536,49.94746214680281
9068,72.544,96.73749823754088
9069,72.552,137.56679104424327
9070,72.56,171.4291593343843
9071,72.568,197.6451092491461
9072,72.576,215.94177790225476
9073,72.584,226.40612124918647
9074,72.592,229.37574903835215
9075,72.6,225.3739557326075
9076,72.608,215.1024546190828
9077,72.616,199.41330328157767
9078,72.624,179.22159363418405
9079,72.632,155.43519055855782
9080,72.64,128.99442286528696
9081,72.648,100.99338671859786
9082,72.656,72.74953989582674
9083,72.664,45.73931353198011
9084,72.672,21.45643146703461
9085,72.68,1.295262574251766
9086,72.688,-13.525207858105073
9087,72.696,-22.06099032862582
9088,72.704,-23.78496786562753
9089,72.712,-18.68182324915227
9090,72.72,-7.198180297388266
9091,72.728,9.929440683498623
9092,72.736,31.84503898143983
9093,72.744,57.66431031692906
9094,72.752,86.53404740045745
9095,72.76,117.73788990757107
9096,72.768,150.8268352423068
9097,72.776,185.66240691382282
9098,72.784,222.30883040589362
9099,72.792,260.84926668474947
9100,72.8,301.25717682770943
9101,72.808,343.3643677384911
9102,72.816,386.8609410428417
9103,72.824,431.2759265611637
9104,72.832,475.97685785725815
9105,72.84,520.240725087763
9106,72.848,563.3548853507855
9107,72.856,604.6317052305495
9108,72.864,643.2802409876447
9109,72.872,678.2141326560436
9110,72.88,707.9208530262664
9111,72.888,730.4292003542985
9112,72.896,743.3222531278568
9113,72.904,743.7771591162806
9114,72.912,728.7161744515123
9115,72.92,695.1600705032116
9116,72.928,640.7453684759638
9117,72.936,564.244301536238
9118,72.944,465.94540590298953
9119,72.952,347.8618601384866
9120,72.96,213.7790079688028
9121,72.968,69.09830936686166
9122,72.976,-79.59487803953132
9123,72.984,-225.21560611643469
9124,72.992,-360.94188286280615
9125,73.0,-480.8504177756453
9126,73.008,-580.3449833029692
9127,73.016,-656.4276454573327
9128,73.024,-707.8559849947447
9129,73.032,-735.1326751224806
9130,73.04,-740.2618414242243
9131,73.048,-726.3263656449068
9132,73.056,-697.0442970155046
9133,73.064,-656.4130910529769
9134,73.072,-608.4113352546203
9135,73.08,-556.6823582383673
9136,73.088,-504.22017597878863
9137,73.096,-453.1709255037261
9138,73.104,-404.81752141256123
9139,73.112,-359.6872966822073
9140,73.12,-317.68011733051554
9141,73.128,-278.20348274398
9142,73.136,-240.38579169250394
9143,73.144,-203.3880324785019
9144,73.152,-166.70866654709755
9145,73.16,-130.35221478001455
9146,73.168,-94.8450716025156
9147,73.176,-61.184050246546725
9148,73.184,-30.769000782327844
9149,73.192,-5.26608921749492
9150,73.2,13.662360183596313
9151,73.208,24.711597395701173
9152,73.216,27.224032888690477
9153,73.224,21.30954172640559
9154,73.232,7.8216973025578405
9155,73.24,-11.729541904089587
9156,73.248,-35.31946137697431
9157,73.256,-60.663828939054035
9158,73.264,-85.58293403365788
9159,73.272,-108.3397023712076
9160,73.28,-127.80031816943085
9161,73.288,-143.3938878024432
9162,73.296,-154.97234521878335
9163,73.304,-162.66212130946536
9164,73.312,-166.70135343516986
9165,73.32,-167.23008150556242
9166,73.328,-164.0916088377014
9167,73.336,-156.77743065676884
9168,73.344,-144.5797431897732
9169,73.352,-126.8633592532484
9170,73.36,-103.30547544241857
9171,73.368,-74.0376827740272
9172,73.376,-39.73596315814143
9173,73.384,-1.693732354939443
9174,73.392,38.18753557981542
9175,73.4,77.57593882982238
9176,73.408,114.03051081819706
9177,73.416,145.34012742335008
9178,73.424,169.78617332670288
9179,73.432,186.33914162323293
9180,73.44,194.8231820137268
9181,73.448,196.00617475332254
9182,73.456,191.51660024540593
9183,73.464,183.55000189402358
9184,73.472,174.4608222673148
9185,73.48,166.39216793337266
9186,73.488,161.01773092339394
9187,73.496,159.36785442911005
9188,73.504,161.71569604517632
9189,73.512,167.5792436996441
9190,73.52,175.90309347658103
9191,73.528,185.37101230648227
9192,73.536,194.6957745315575
9193,73.544,202.77995571694228
9194,73.552,208.78881932004586
9195,73.56,212.2325480031401
9196,73.568,213.05933872867595
9197,73.576,211.66062102039226
9198,73.584,208.73109244213597
9199,73.592,205.05593941828675
9200,73.6,201.34203524203082
9201,73.608,198.1226104646853
9202,73.616,195.67592201778393
9203,73.624,193.92976809208653
9204,73.632,192.42640554118697
9205,73.64,190.44197511574401
9206,73.648,187.2451931707786
9207,73.656,182.36736061553458
9208,73.664,175.77573872526074
9209,73.672,167.9568987239343
9210,73.68,159.9604678532333
9211,73.688,153.37507723618836
9212,73.696,150.13883564249568
9213,73.704,152.15485748623635
9214,73.712,160.83105821935033
9215,73.72,176.714003817698
9216,73.728,199.2810885143538
9217,73.736,226.83496587464958
9218,73.744,256.46300456969414
9219,73.752,284.13594583459064
9220,73.76,305.0392205041946
9221,73.768,314.10860342101034
9222,73.776,306.6298201414603
9223,73.784,278.79072908769825
9224,73.792,228.177653782955
9225,73.8,154.22202355005788
9226,73.808,58.50820945025229
9227,73.816,-55.21071002251089
9228,73.824,-181.3600192101767
9229,73.832,-313.1556963591175
9230,73.84,-443.3027942040755
9231,73.848,-564.6687441670206
9232,73.856,-670.9156385106953
9233,73.864,-757.0604872494429
9234,73.872,-819.8475993280329
9235,73.88,-857.8227530908187
9236,73.888,-871.1350601710292
9237,73.896,-861.2166124653064
9238,73.904,-830.4649125729171
9239,73.912,-781.9350955134073
9240,73.92,-719.0094262058376
9241,73.928,-645.0889276543585
9242,73.936,-563.4138827552487
9243,73.944,-477.0538633216389
9244,73.952,-388.9722227149285
9245,73.96,-302.0281850015231
9246,73.968,-218.88479131110213
9247,73.976,-141.91129942687434
9248,73.984,-73.15565242194769
9249,73.992,-14.347708201473738
9250,74.0,33.155156948257634
9251,74.008,68.48441653572783
9252,74.016,91.34551172103261
9253,74.024,102.00720331743392
9254,74.032,101.24776450469837
9255,74.04,90.3470577448242
9256,74.048,71.11657530093403
9257,74.056,45.865866654101225
9258,74.064,17.244249806608657
9259,74.072,-11.98480087317613
9260,74.08,-39.14296037146982
9261,74.088,-61.79843416209664
9262,74.096,-77.95145568435957
9263,74.104,-86.25916804191642
9264,74.112,-86.20410839030353
9265,74.12,-78.08882366730168
9266,74.128,-62.84759333416878
9267,74.136,-41.78425797448211
9268,74.144,-16.343520940613757
9269,74.152,12.074892059043203
9270,74.16,42.296671297476166
9271,74.168,73.51799662070066
9272,74.176,105.31527449185343
9273,74.184,137.47563894926162
9274,74.192,169.74211350924446
9275,74.2,201.619802034967
9276,74.208,232.29730746783284
9277,74.216,260.6266528921823
9278,74.224,285.11861915231566
9279,74.232,304.0111775048964
9280,74.24,315.4908376338521
9281,74.248,318.03731625809263
9282,74.256,310.7469603946143
9283,74.264,293.51034307932605
9284,74.272,267.04603551160136
9285,74.28,232.85889335085807
9286,74.288,193.1300983715737
9287,74.296,150.47832544416835
9288,74.304,107.58351133483224
9289,74.312,66.78706843592231
9290,74.32,29.815207071453077
9291,74.328,-2.3300229094348213
9292,74.336,-29.375495333372886
9293,74.344,-51.72396138433567
9294,74.352,-70.2962053675072
9295,74.36,-86.21796730967526
9296,74.368,-100.4222049195936
9297,74.376,-113.3326550809627
9298,74.384,-124.73802583880347
9299,74.392,-133.8253244039477
9300,74.4,-139.28462776697157
9301,74.408,-139.46924947672065
9302,74.416,-132.66871239189703
9303,74.424,-117.49904338872473
9304,74.432,-93.28190811922721
9305,74.44,-60.247279008786364
9306,74.448,-19.51329440542364
9307,74.456,27.071077124292348
9308,74.464,77.13809855581249
9309,74.472,128.07758260775876
9310,74.48,177.40385737724412
9311,74.488,223.14158347514692
9312,74.496,264.07707356643743
9313,74.504,299.7821257147013
9314,74.512,330.47254370283
9315,74.52,356.83930159398625
9316,74.528,379.9099607593325
9317,74.536,400.88650898295265
9318,74.544,420.92143505309224
9319,74.552,440.9013736658477
9320,74.56,461.33544884128446
9321,74.568,482.3448725663432
9322,74.576,503.65229029406674
9323,74.584,524.5049111112959
9324,74.592,543.5912079726977
9325,74.6,559.0563779067357
9326,74.608,568.6287254280506
9327,74.616,569.772211933369
9328,74.624,559.8178273787379
9329,74.632,536.1453398207428
9330,74.64,496.51016427464754
9331,74.648,439.4849772891596
9332,74.656,364.8553089592537
9333,74.664,273.82639452395375
9334,74.672,169.03149915471693
9335,74.68,54.4058882021433
9336,74.688,-65.06066091579662
9337,74.696,-183.7335562589073
9338,74.704,-295.881004100781
9339,74.712,-396.2144004707593
9340,74.72,-480.26452027876695
9341,74.728,-544.5687886214002
9342,74.736,-586.7749375914428
9343,74.744,-605.7485248937012
9344,74.752,-601.6515753872136
9345,74.76,-575.9089649857187
9346,74.768,-531.0549998659413
9347,74.776,-470.53875537910426
9348,74.784,-398.53931387487455
9349,74.792,-319.73731917813615
9350,74.8,-238.96242180830671
9351,74.808,-160.74103640881032
9352,74.816,-88.87973089578897
9353,74.824,-26.196335902327416
9354,74.832,25.610312415993135
9355,74.84,66.01343822340337
9356,74.848,95.62305537133928
9357,74.856,115.98021449671299
9358,74.864,129.15574209521785
9359,74.872,137.26240792240378
9360,74.88,142.03559538847426
9361,74.888,144.5461974133984
9362,74.896,145.007673274481
9363,74.904,142.65991539833138
9364,74.912,135.8143374323675
9365,74.92,122.1564753002584
9366,74.928,99.26332750193133
9367,74.936,65.14922244215614
9368,74.944,18.67478369311222
9369,74.952,-40.2015416346318
9370,74.96,-110.27527519099283
9371,74.968,-189.06476539322978
9372,74.976,-272.9858175095672
9373,74.984,-357.7582847358423
9374,74.992,-438.9239085494145
9375,75.0,-512.3045633269579
9376,75.008,-574.328747631124
9377,75.016,-622.2671769061923
9378,75.024,-654.4118483082692
9379,75.032,-670.1460348489576
9380,75.04,-669.8399665156879
9381,75.048,-654.612453936721
9382,75.056,-626.0907344404145
9383,75.064,-586.2527496360333
9384,75.072,-537.305829160576
9385,75.08,-481.51593007720237
9386,75.088,-421.00059001888917
9387,75.096,-357.5980858731671
9388,75.104,-292.88296222968444
9389,75.112,-228.2602404391046
9390,75.12,-165.0159652169901
9391,75.128,-104.29366061556803
9392,75.136,-47.07164215325475
9393,75.144,5.8098351045598955
9394,75.152,53.63467085095841
9395,75.16,95.89635246949105
9396,75.168,132.4530919333295
9397,75.176,163.61468342153927
9398,75.184,190.0671882742507
9399,75.192,212.68612264256586
9400,75.2,232.35330020096958
9401,75.208,249.8188819333147
9402,75.216,265.56638387541653
9403,75.224,279.6692755747651
9404,75.232,291.7230212166837
9405,75.24,300.9419648699003
9406,75.248,306.39243304027116
9407,75.256,307.2303275253087
9408,75.264,302.85270971151004
9409,75.272,292.998748636708
9410,75.28,277.872103419639
9411,75.288,258.26168873896216
9412,75.296,235.55078353338322
9413,75.304,211.55621545179147
9414,75.312,188.27342728746822
9415,75.32,167.64954376526353
9416,75.328,151.42123872100504
9417,75.336,140.96568830038223
9418,75.344,137.13743888430432
9419,75.352,140.15553088662602
9420,75.36,149.6223105230448
9421,75.368,164.66102033015403
9422,75.376,184.07367143994566
9423,75.384,206.46112937364495
9424,75.392,230.3600078459039
9425,75.4,254.47391689633872
9426,75.408,277.9651775199951
9427,75.416,300.66171000699933
9428,75.424,323.06941724745695
9429,75.432,346.2250723398872
9430,75.44,371.4926037825059
9431,75.448,400.32865162982733
9432,75.456,433.9621296135383
9433,75.464,472.98632285684084
9434,75.472,516.9889317264839
9435,75.48,564.368962960405
9436,75.488,612.3687252103309
9437,75.496,657.2321306609607
9438,75.504,694.4249657124547
9439,75.512,718.9632360498529
9440,75.52,725.9198655602429
9441,75.528,711.067169646386
9442,75.536,671.494055875451
9443,75.544,606.0545108489544
9444,75.552,515.6209331594615
9445,75.56,403.1659641995292
9446,75.568,273.6298756107853
9447,75.576,133.48271506404555
9448,75.584,-10.012171216327879
9449,75.592,-149.65256282718175
9450,75.6,-279.0315072705509
9451,75.608,-393.03417704782873
9452,75.616,-488.13060185349633
9453,75.624,-562.5136375877618
9454,75.632,-616.0518049040141
9455,75.64,-650.0185386458029
9456,75.648,-666.6646403551341
9457,75.656,-668.7892235785887
9458,75.664,-659.42019092703
9459,75.672,-641.5874165011057
9460,75.68,-618.1134700761451
9461,75.688,-591.4142715472965
9462,75.696,-563.3866816689649
9463,75.704,-535.4317798296146
9464,75.712,-508.55110922669746
9465,75.72,-483.41260448865137
9466,75.728,-460.36638179854606
9467,75.736,-439.4800988485017
9468,75.744,-420.63800448349116
9469,75.752,-403.65067016032975
9470,75.76,-388.3000979853536
9471,75.768,-374.3313673654305
9472,75.776,-361.4758095586558
9473,75.784,-349.5440727341077
9474,75.792,-338.5161353696569
9475,75.8,-328.53230979519856
9476,75.808,-319.7918834404337
9477,75.816,-312.4654572407798
9478,75.824,-306.69653078596417
9479,75.832,-302.64779806349986
9480,75.84,-300.4960105146502
9481,75.848,-300.35776071533013
9482,75.856,-302.22340706484283
9483,75.864,-305.9532779857226
9484,75.872,-311.28389809582995
9485,75.88,-317.7638504574575
9486,75.888,-324.64083630577227
9487,75.896,-330.81996606950423
9488,75.904,-334.9707695846999
9489,75.912,-335.7249120121521
9490,75.92,-331.8495694287823
9491,75.928,-322.3607422773933
9492,75.936,-306.63405910690454
9493,75.944,-284.545274102587
9494,75.952,-256.56827775747115
9495,75.96,-223.73478864538046
9496,75.968,-187.46243900781556
9497,75.976,-149.35502207548288
9498,75.984,-111.04465928002188
9499,75.992,-74.03667992717442
9500,76.0,-39.500460864526474
9501,76.008,-8.059033260016449
9502,76.016,20.285047584762545
9503,76.024,46.023908363001254
9504,76.032,69.91086858018359
9505,76.04,92.7593086962164
9506,76.048,115.31092882478089
9507,76.056,138.104434949836
9508,76.064,161.30554991310945
9509,76.072,184.57569166432535
9510,76.08,207.09063310787766
9511,76.088,227.71884230083316
9512,76.096,245.25607297592387
9513,76.104,258.6228561897409
9514,76.112,267.03564170606535
9515,76.12,270.2031422505311
9516,76.128,268.5143245742343
9517,76.136,263.094562791913
9518,76.144,255.65239008382736
9519,76.152,248.18169953497446
9520,76.16,242.6507683342059
9521,76.168,240.73949965720237
9522,76.176,243.60083658168514
9523,76.184,251.64693301588406
9524,76.192,264.4530934675942
9525,76.2,280.8770026757069
9526,76.208,299.3638037045056
9527,76.216,318.288704432853
9528,76.224,336.2152093440207
9529,76.232,352.0671105751036
9530,76.24,365.2650414619995
9531,76.248,375.8198019042325
9532,76.256,384.3158549155615
9533,76.264,391.7658444602883
9534,76.272,399.4215338712716
9535,76.28,408.6409858385476
9536,76.288,420.80693473724017
9537,76.296,437.20177360742787
9538,76.304,458.79229355091724
9539,76.312,486.00487536598297
9540,76.32,518.6059005624207
9541,76.328,555.6962223672124
9542,76.336,595.7275812297947
9543,76.344,636.4884776615129
9544,76.352,675.1284563515483
9545,76.36,708.3171737267849
9546,76.368,732.5224208901278
9547,76.376,744.2886088399408
9548,76.384,740.4444613833448
9549,76.392,718.3015302738545
9550,76.4,675.9402534663677
9551,76.408,612.5649493302126
9552,76.416,528.7815624502941
9553,76.424,426.6678966871254
9554,76.432,309.64147003755045
9555,76.44,182.21080917588603
9556,76.448,49.64622761781297
9557,76.456,-82.45670652515349
9558,76.464,-208.69760061307358
9559,76.472,-324.3426480038219
9560,76.48,-425.6060872439224
9561,76.488,-509.729210679454
9562,76.496,-574.9680459400001
9563,76.504,-620.5819857410306
9564,76.512,-646.7986931821184
9565,76.52,-654.6860856696054
9566,76.528,-645.9501753867794
9567,76.536,-622.7693068346807
9568,76.544,-587.7296360021454
9569,76.552,-543.7895403476563
9570,76.56,-494.1522934975563
9571,76.568,-442.02869837294963
9572,76.576,-390.38973882460186
9573,76.584,-341.7974056338497
9574,76.592,-298.295956013422
9575,76.6,-261.308233594932
9576,76.608,-231.56133557715475
9577,76.616,-209.13498284185656
9578,76.624,-193.66355148558623
9579,76.632,-184.59162623132275
9580,76.64,-181.35241404069825
9581,76.648,-183.44133662629082
9582,76.656,-190.45071484800604
9583,76.664,-202.1005181408963
9584,76.672,-218.20984773197932
9585,76.68,-238.5538802808648
9586,76.688,-262.6623718438399
9587,76.696,-289.6993578449318
9588,76.704,-318.5001994771315
9589,76.712,-347.70004489548853
9590,76.72,-375.84202640157906
9591,76.728,-401.44466425227466
9592,76.736,-423.1002585797775
9593,76.744,-439.6434497367163
9594,76.752,-450.31691071826685
9595,76.76,-454.8260739594386
9596,76.768,-453.2704155466387
9597,76.776,-446.0437414027626
9598,76.784,-433.77180787442103
9599,76.792,-417.24276673328467
9600,76.8,-397.2580078924981
9601,76.808,-374.4373068016263
9602,76.816,-349.107071484033
9603,76.824,-321.3482911709165
9604,76.832,-291.14177547555977
9605,76.84,-258.49797883490686
9606,76.848,-223.5427943542596
9607,76.856,-186.61397355778922
9608,76.864,-148.38302283698363
9609,76.872,-109.91213028768998
9610,76.88,-72.54586471562023
9611,76.888,-37.66187962538447
9612,76.896,-6.421110196840705
9613,76.904,20.376717744952348
9614,76.912,42.360492847908
9615,76.92,59.658099696159006
9616,76.928,72.96227176844769
9617,76.936,83.49418376634033
9618,76.944,92.81335935594872
9619,76.952,102.55549048102296
9620,76.96,114.2281942249244
9621,76.968,129.1049791941682
9622,76.976,148.15061656681397
9623,76.984,171.9164119654216
9624,76.992,200.43802474842064
9625,77.0,233.21148357512112
9626,77.008,269.25788317082424
9627,77.016,307.2144275042583
9628,77.024,345.4214612262849
9629,77.032,382.0662917111892
9630,77.04,415.44519346130613
9631,77.048,444.28516500708815
9632,77.056,467.9692473099125
9633,77.064,486.5648541208899
9634,77.072,500.7056239429069
9635,77.08,511.4447161110475
9636,77.088,520.1226362499799
9637,77.096,528.2010926849359
9638,77.104,537.0378286174988
9639,77.112,547.6746117526806
9640,77.12,560.728464762622
9641,77.128,576.3806486889922
9642,77.136,594.3739602936865
9643,77.144,613.9641621012419
9644,77.152,633.8806848537814
9645,77.16,652.3878999190421
9646,77.168,667.4427704312191
9647,77.176,676.8404460522275
9648,77.184,678.2754692173728
9649,77.192,669.3791776279937
9650,77.2,647.8428928180846
9651,77.208,611.6458435137008
9652,77.216,559.3066314699498
9653,77.224,490.09328216007486
9654,77.232,404.21206040854844
9655,77.24,303.0029288506492
9656,77.248,189.07330223627366
9657,77.256,66.23417925338501
9658,77.264,-60.8171849216154
9659,77.272,-186.95924662751358
9660,77.28,-307.07956383581427
9661,77.288,-416.4024422521053
9662,77.296,-510.75403302585016
9663,77.304,-586.8076798774956
9664,77.312,-642.260262720227
9665,77.32,-675.8602875592272
9666,77.328,-687.3008793580149
9667,77.336,-677.0908990271809
9668,77.344,-646.4907129940586
9669,77.352,-597.4811788866086
9670,77.36,-532.6842197007472
9671,77.368,-455.2263954112293
9672,77.376,-368.6175347484563
9673,77.384,-276.6793057739469
9674,77.392,-183.4486342346671
9675,77.4,-92.96087088891292
9676,77.408,-8.929326900977179
9677,77.416,65.55365101003076
9678,77.424,128.19324214844102
9679,77.432,177.56126791465888
9680,77.44,213.1202192932462
9681,77.448,235.18986914846937
9682,77.456,244.7769388989939
9683,77.464,243.2569766881297
9684,77.472,232.03409462299433
9685,77.48,212.3303212457415
9686,77.488,185.1360754650879
9687,77.496,151.2321812355696
9688,77.504,111.20936541203159
9689,77.512,65.5186829530477
9690,77.52,14.61622968950946
9691,77.528,-40.834011175484946
9692,77.536,-99.82559821084713
9693,77.544,-161.01790622312987
9694,77.552,-222.8290888319934
9695,77.56,-283.51324316023806
9696,77.568,-341.2109771427548
9697,77.576,-394.0519156956035
9698,77.584,-440.3473948438688
9699,77.592,-478.78805943983457
9700,77.6,-508.52487148145156
9701,77.608,-529.1199951798723
9702,77.616,-540.4710976609474
9703,77.624,-542.792753281906
9704,77.632,-536.6189636870829
9705,77.64,-522.7418161766227
9706,77.648,-502.0876104552238
9707,77.656,-475.62723824683553
9708,77.664,-444.3805666600521
9709,77.672,-409.4511297921915
9710,77.68,-371.99215673471923
9711,77.688,-333.10353904199854
9712,77.696,-293.75169627903284
9713,77.704,-254.76555649107308
9714,77.712,-216.84946654098974
9715,77.72,-180.52942780582902
9716,77.728,-146.0533435217545
9717,77.736,-113.36109036916072
9718,77.744,-82.19261325158716
9719,77.752,-52.26883935582278
9720,77.76,-23.430405397981755
9721,77.768,4.303522386198207
9722,77.776,30.70729788809863
9723,77.784,55.318562803007474
9724,77.792,77.45965129480848
9725,77.8,96.38486179900526
9726,77.808,111.52418213303329
9727,77.816,122.68364910204063
9728,77.824,130.09502389789057
9729,77.832,134.34746834973865
9730,77.84,136.29946917604337
9731,77.848,136.99850106275397
9732,77.856,137.55765318926885
9733,77.864,138.97691667358524
9734,77.872,141.99867144113045
9735,77.88,147.09519348199055
9736,77.888,154.56868380673654
9737,77.896,164.64258693731094
9738,77.904,177.4666687673108
9739,77.912,193.08748360313308
9740,77.92,211.47155495925787
9741,77.928,232.5681184743375
9742,77.936,256.3124356942492
9743,77.944,282.52900624475456
9744,77.952,310.82345813276334
9745,77.96,340.5762682480299
9746,77.968,371.03953015298447
9747,77.976,401.43724182925905
9748,77.984,431.0043646090927
9749,77.992,459.01267235672736
9750,78.0,484.86336441318673
9751,78.008,508.2311040168657
9752,78.016,529.1445041869467
9753,78.024,547.9211677394624
9754,78.032,565.0056432336602
9755,78.04,580.8142120776505
9756,78.048,595.6093855269081
9757,78.056,609.3411155509905
9758,78.064,621.4353196381419
9759,78.072,630.6288873806402
9760,78.08,634.9735951311527
9761,78.088,632.015414288916
9762,78.096,619.0415442670746
9763,78.104,593.3129233067095
9764,78.112,552.3139935635319
9765,78.12,494.083434042941
9766,78.128,417.58984171416546
9767,78.136,323.01650226759205
9768,78.144,211.85447313662215
9769,78.152,86.83149117676597
9770,78.16,-48.23607994997519
9771,78.168,-188.6419272556001
9772,78.176,-329.0808160881735
9773,78.184,-464.0368241768505
9774,78.192,-588.175673573353
9775,78.2,-696.6372582251649
9776,78.208,-785.2379490571043
9777,78.216,-850.6873662218361
9778,78.224,-890.868715909078
9779,78.232,-905.0941235632533
9780,78.24,-894.2061613405434
9781,78.248,-860.4973838173767
9782,78.256,-807.5262555764447
9783,78.264,-739.8891863212081
9784,78.272,-662.909092009484
9785,78.28,-582.1828452845058
9786,78.288,-503.03857344634326
9787,78.296,-430.0539580709863
9788,78.304,-366.74585124992575
9789,78.312,-315.4118135632165
9790,78.32,-277.0545182182708
9791,78.328,-251.39406486176355
9792,78.336,-237.03799136504162
9793,78.344,-231.819242398882
9794,78.352,-233.19496982269877
9795,78.36,-238.57977051294617
9796,78.368,-245.5889637077172
9797,78.376,-252.25493904216123
9798,78.384,-257.2376885713559
9799,78.392,-259.940863565276
9800,78.4,-260.43188280935965
9801,78.408,-259.1865799004041
9802,78.416,-256.794374010159
9803,78.424,-253.73445840157373
9804,78.432,-250.21884700728663
9805,78.44,-246.0636439461591
9806,78.448,-240.63281108953802
9807,78.456,-232.95222965602122
9808,78.464,-222.0013569669905
9809,78.472,-207.0419270038218
9810,78.48,-187.81395799526717
9811,78.488,-164.55072709497526
9812,78.496,-137.89655279568342
9813,78.504,-108.8158171205162
9814,78.512,-78.48515168585172
9815,78.52,-48.11680288831459
9816,78.528,-18.736350130035056
9817,78.536,8.976176518994812
9818,78.544,34.70751786017505
9819,78.552,58.4415125609341
9820,78.56,80.3937036194915
9821,78.568,100.9682009062634
9822,78.576,120.67309736353695
9823,78.584,139.9689463680922
9824,78.592,159.13571251900447
9825,78.6,178.26461249792806
9826,78.608,197.36729554374372
9827,78.616,216.4849301925567
9828,78.624,235.71050263981454
9829,78.632,255.1588797397574
9830,78.64,274.96364676569783
9831,78.648,295.2982995461605
9832,78.656,316.33930412307836
9833,78.664,338.1344404203284
9834,78.672,360.4594443600209
9835,78.68,382.7763353710823
9836,78.688,404.3030907169387
9837,78.696,424.1010974137213
9838,78.704,441.12157733467063
9839,78.712,454.2713391104137
9840,78.72,462.58083018134437
9841,78.728,465.4390784285374
9842,78.736,462.75316220633624
9843,78.744,454.93439768144543
9844,78.752,442.75443395360196
9845,78.76,427.17899532362355
9846,78.768,409.21800959704046
9847,78.776,389.7465900429875
9848,78.784,369.2828342294157
9849,78.792,347.8215539231402
9850,78.8,324.85236506526724
9851,78.808,299.57265645681497
9852,78.816,271.17201638227294
9853,78.824,239.06517080470903
9854,78.832,203.05662739686107
9855,78.84,163.47393067909397
9856,78.848,121.25058115458748
9857,78.856,77.88561550791523
9858,78.864,35.266272589777955
9859,78.872,-4.5431362687516055
9860,78.88,-39.426687309605335
9861,78.888,-67.25641003308137
9862,78.896,-85.9595316401117
9863,78.904,-93.69550224293435
9864,78.912,-89.09270407600613
9865,78.92,-71.43383471301141
9866,78.928,-40.75490940304631
9867,78.936,2.08014469496686
9868,78.944,55.28936275510666
9869,78.952,116.13868374910835
9870,78.96,181.0658892596572
9871,78.968,245.95233226508438
9872,78.976,306.41809907962903
9873,78.984,358.0484255478271
9874,78.992,396.5911732290553
9875,79.0,418.21992902064284
9876,79.008,419.87066788072906
9877,79.016,399.55205392804453
9878,79.024,356.5392246251252
9879,79.032,291.4611589212019
9880,79.04,206.329038007356
9881,79.048,104.47840396441846
9882,79.056,-9.664250711293308
9883,79.064,-131.00972454074034
9884,79.072,-254.30295274619743
9885,79.08,-374.5146593613374
9886,79.088,-487.0653605402535
9887,79.096,-587.9583436011861
9888,79.104,-673.9079629295809
9889,79.112,-742.4487274925033
9890,79.12,-791.963214982932
9891,79.128,-821.6435186705564
9892,79.136,-831.4804704682487
9893,79.144,-822.3201778538557
9894,79.152,-795.8961167072443
9895,79.16,-754.7178945027752
9896,79.168,-701.8157277412797
9897,79.176,-640.4549621946895
9898,79.184,-573.9094866524722
9899,79.192,-505.2655784055602
9900,79.2,-437.19007949139484
9901,79.208,-371.68964237939605
9902,79.216,-309.9755691621805
9903,79.224,-252.5043333681601
9904,79.232,-199.1420908609253
9905,79.24,-149.35539439422857
9906,79.248,-102.39872904482145
9907,79.256,-57.54357649267554
9908,79.264,-14.361224392184496
9909,79.272,27.035834935396792
9910,79.28,65.92209065697334
9911,79.288,101.0846429081374
9912,79.296,131.05615845981697
9913,79.304,154.36121239899043
9914,79.312,169.7652474587561
9915,79.32,176.54420812630283
9916,79.328,174.71572901789443
9917,79.336,165.10183798544242
9918,79.344,149.15921155682497
9919,79.352,128.66951705633414
9920,79.36,105.4445094427548
9921,79.368,81.10942073092171
9922,79.376,56.92916610673419
9923,79.384,33.66882341729002
9924,79.392,11.567182643787527
9925,79.4,-9.509936336612185
9926,79.408,-29.79429234368093
9927,79.416,-49.3642885194771
9928,79.424,-68.01006848914292
9929,79.432,-85.18093943987884
9930,79.44,-99.94666284800446
9931,79.448,-110.9904779700182
9932,79.456,-116.72384395020104
9933,79.464,-115.54775191006183
9934,79.472,-106.14598340503825
9935,79.48,-87.66420521752684
9936,79.488,-59.75126463587164
9937,79.496,-22.559148409231927
9938,79.504,23.231490624108638
9939,79.512,76.4147977624461
9940,79.52,135.37877292426222
9941,79.528,198.3196688775318
9942,79.536,263.4283690768021
9943,79.544,328.9641809156526
9944,79.552,393.260174390242
9945,79.56,454.7516791752228
9946,79.568,512.0356943356111
9947,79.576,563.8841177043092
9948,79.584,609.174280851647
9949,79.592,646.8119198895314
9950,79.6,675.7429130053401
9951,79.608,695.0459990921208
9952,79.616,704.00620003633
9953,79.624,702.11133192965
9954,79.632,689.0342740696566
9955,79.64,664.6930612628734
9956,79.648,629.3757969349468
9957,79.656,583.8190906887953
9958,79.664,529.1711310273377
9959,79.672,466.89622981644425
9960,79.68,398.7163967801461
9961,79.688,326.5959748727316
9962,79.696,252.69094028751564
9963,79.704,179.22416367262193
9964,79.712,108.35601907171548
9965,79.72,42.14186843550055
9966,79.728,-17.43239544787268
9967,79.736,-68.44160360153998
9968,79.744,-109.11149992415517
9969,79.752,-137.96146819655786
9970,79.76,-153.91118108286256
9971,79.768,-156.35109416187873
9972,79.776,-145.26290564850024
9973,79.784,-121.42343766918277
9974,79.792,-86.59321175019268
9975,79.8,-43.557138768513745
9976,79.808,4.006503019597666
9977,79.816,51.74054422746851
9978,79.824,94.84067423358553
9979,79.832,128.35082325217724
9980,79.84,147.59768895922116
9981,79.848,148.72690451535235
9982,79.856,129.18669454891062
9983,79.864,88.02762625567847
9984,79.872,26.00717135725981
9985,79.88,-54.450327820867585
9986,79.888,-149.4334665852254
9987,79.896,-253.90684910356427
9988,79.904,-362.2422769448842
9989,79.912,-468.7813582716684
9990,79.92,-568.2679668516457
9991,79.928,-656.1118093015299
9992,79.936,-728.5722020221763
9993,79.944,-782.9333970625156
9994,79.952,-817.6271438049469
9995,79.96,-832.2223878505386
9996,79.968,-827.298075299379
9997,79.976,-804.3059780933706
9998,79.984,-765.4850398924635
9999,79.992,-713.7639909155265
10000,80.0,-652.554943890681
10001,80.008,-585.443079868508
10002,80.016,-515.8806453702396
10003,80.024,-446.9636391090826
10004,80.032,-381.25717315841257
10005,80.04,-320.6037844314999
10006,80.048,-265.94205393709706
10007,80.056,-217.2546077521111
10008,80.064,-173.7207428404312
10009,80.072,-134.00796726679837
10010,80.08,-96.57686535245595
10011,80.088,-59.95806117832381
10012,80.096,-23.04593634387401
10013,80.104,14.595385923003684
10014,80.112,52.53374529719494
10015,80.12,89.50386583476137
10016,80.128,123.66469452348917
10017,80.136,152.93975572613041
10018,80.144,175.31808842263396
10019,80.152,189.10939641982642
10020,80.16,193.19369619614247
10021,80.168,187.22995425027952
10022,80.176,171.72120159822052
10023,80.184,147.89948702274148
10024,80.192,117.5278381281055
10025,80.2,82.74735493933025
10026,80.208,45.98643881295612
10027,80.216,9.839869765563243
10028,80.224,-23.138517125529383
10029,80.232,-50.65643088356042
10030,80.24,-70.8078682412798
10031,80.248,-82.10286551233197
10032,80.256,-83.50757939807636
10033,80.264,-74.55612038717086
10034,80.272,-55.4609690474928
10035,80.28,-27.106276507303384
10036,80.288,9.083546059811962
10037,80.296,51.291553534984665
10038,80.304,97.39276681482583
10039,80.312,145.02280492346262
10040,80.32,191.72157500308558
10041,80.328,235.1459050650913
10042,80.336,273.2444303225908
10043,80.344,304.32541912073475
10044,80.352,327.0748207320876
10045,80.36,340.62420754681
10046,80.368,344.67566032669254
10047,80.376,339.5914813649759
10048,80.384,326.3780072555288
10049,80.392,306.59433353705
10050,80.4,282.2479855448849
10051,80.408,255.65992074168165
10052,80.416,229.21922769843601
10053,80.424,205.0200528621186
10054,80.432,184.5101876473986
10055,80.44,168.30677189148935
10056,80.448,156.21163114010145
10057,80.456,147.3375158118507
10058,80.464,140.27614589260705
10059,80.472,133.34113508560935
10060,80.48,124.92987704482887
10061,80.488,113.93170763271765
10062,80.496,100.01351535547448
10063,80.504,83.67183268121644
10064,80.512,66.09559533789032
10065,80.52,48.96047419586646
10066,80.528,34.212420531518966
10067,80.536,23.813710192064022
10068,80.544,19.44907947380135
10069,80.552,22.285568209932993
10070,80.56,32.89281687428722
10071,80.568,51.31376714090596
10072,80.576,77.16212473862565
10073,80.584,109.65082367666669
10074,80.592,147.57947265737283
10075,80.6,189.3591343771306
10076,80.608,233.07515861311262
10077,80.616,276.5085882930261
10078,80.624,317.08363058774194
10079,80.632,351.83299525766455
10080,80.64,377.5029358723391
10081,80.648,390.8091606778987
10082,80.656,388.7451797618395
10083,80.664,368.864765650735
10084,80.672,329.55558005727084
10085,80.68,270.3399141761134
10086,80.688,192.14412937403793
10087,80.696,97.39480817102812
10088,80.704,-10.141589828146355
10089,80.712,-125.69948149841983
10090,80.72,-243.8851710786549
10091,80.728,-359.01699054452195
10092,80.736,-465.48722008666437
10093,80.744,-558.1772686738482
10094,80.752,-632.8443411933563
10095,80.76,-686.3687480269311
10096,80.768,-716.8543442298471
10097,80.776,-723.6724047986877
10098,80.784,-707.5017693404851
10099,80.792,-670.3013653350966
10100,80.8,-615.1238800559968
10101,80.808,-545.785527148082
10102,80.816,-466.51035961997053
10103,80.824,-381.6368419915949
10104,80.832,-295.35971268010326
10105,80.84,-211.44455811449873
10106,80.848,-132.94176544589544
10107,80.856,-62.01401577726128
10108,80.864,0.05339341016752286
10109,80.872,52.72293655907663
10110,80.88,96.06710502661103
10111,80.888,130.64092865795257
10112,80.896,157.29207961049516
10113,80.904,176.88496012161778
10114,80.912,190.0451083689368
10115,80.92,197.06194260778028
10116,80.928,197.97016076929359
10117,80.936,192.70360193841668
10118,80.944,181.22499227020236
10119,80.952,163.63793110906292
10120,80.96,140.3218072760518
10121,80.968,112.05442379918232
10122,80.976,80.0238826594682
10123,80.984,45.69127867171637
10124,80.992,10.59055599235179
10125,81.0,-23.81937049577858
10126,81.008,-56.23538978060564
10127,81.016,-85.59688073839114
10128,81.024,-111.20993062948547
10129,81.032,-132.8340596046473
10130,81.04,-150.6397199594873
10131,81.048,-165.05159558211628
10132,81.056,-176.59360522432846
10133,81.064,-185.81865076685244
10134,81.072,-193.28097910121147
10135,81.08,-199.4580440136228
10136,81.088,-204.61718732758945
10137,81.096,-208.72548713912585
10138,81.104,-211.47513712858554
10139,81.112,-212.3810319728381
10140,81.12,-210.86495354437642
10141,81.128,-206.3190944824228
10142,81.136,-198.2181762400132
10143,81.144,-186.3049955754134
10144,81.152,-170.7583123773306
10145,81.16,-152.22675876599848
10146,81.168,-131.72159686069935
10147,81.176,-110.4668418362662
10148,81.184,-89.78077177717435
10149,81.192,-70.96093499779667
10150,81.2,-55.11671406537327
10151,81.208,-42.98003451687996
10152,81.216,-34.80655892752792
10153,81.224,-30.42860601784386
10154,81.232,-29.381753304998032
10155,81.24,-30.977491707243864
10156,81.248,-34.295394484061895
10157,81.256,-38.183984333348754
10158,81.264,-41.345877960644835
10159,81.272,-42.47144915228819
10160,81.28,-40.33443785365967
10161,81.288,-33.84050178957654
10162,81.296,-22.11041151395716
10163,81.304,-4.639778231528068
10164,81.312,18.55282501760992
10165,81.32,46.9178561478258
10166,81.328,79.52629270515666
10167,81.336,115.27683989773577
10168,81.344,153.06448135762736
10169,81.352,191.92733364700788
10170,81.36,231.23377501287072
10171,81.368,270.88145233727556
10172,81.376,311.3824748414494
10173,81.384,353.75062099949037
10174,81.392,399.24355936634527
10175,81.4,449.07483212588124
10176,81.408,504.13661080803155
10177,81.416,564.686523502834
10178,81.424,629.9885342546843
10179,81.432,698.0216165317732
10180,81.44,765.4068153136614
10181,81.448,827.5913182095969
10182,81.456,879.2049150985866
10183,81.464,914.5126991689433
10184,81.472,927.9780932159418
10185,81.48,914.9565265231454
10186,81.488,872.4216449801617
10187,81.496,799.5207944832723
10188,81.504,697.8055403385202
10189,81.512,571.1414437035094
10190,81.52,425.3887604966448
10191,81.528,267.89855145005197
10192,81.536,106.81408914434773
10193,81.544,-49.769231791784335
10194,81.552,-194.60932705162142
10195,81.56,-321.89864237399416
10196,81.568,-427.5674792657901
10197,81.576,-509.39227155798284
10198,81.584,-566.9847935690585
10199,81.592,-601.6374763670337
10200,81.6,-615.9774736319941
10201,81.608,-613.4853655791644
10202,81.616,-598.0283046099906
10203,81.624,-573.5123666006414
10204,81.632,-543.6249499655952
10205,81.64,-511.58544643677783
10206,81.648,-479.91035141622325
10207,81.656,-450.29401892131403
10208,81.664,-423.66114202691534
10209,81.672,-400.3113431998808
10210,81.68,-380.03668230112856
10211,81.688,-362.20287633934674
10212,81.696,-345.89103227865326
10213,81.704,-330.1514624527969
10214,81.712,-314.2825250693914
10215,81.72,-297.99913644741815
10216,81.728,-281.45696863400786
10217,81.736,-265.2116716903432
10218,81.744,-250.1684912322645
10219,81.752,-237.46566991854974
10220,81.76,-228.21704428265735
10221,81.768,-223.15885056882436
10222,81.776,-222.352672902335
10223,81.784,-225.05695038148727
10224,81.792,-229.74948510171407
10225,81.8,-234.2294753121705
10226,81.808,-235.7959742618269
10227,81.816,-231.5635857804345
10228,81.824,-218.91519993652582
10229,81.832,-195.96130775287162
10230,81.84,-161.84389352677036
10231,81.848,-116.8370298325791
10232,81.856,-62.31446574439832
10233,81.864,-0.639233644387332
10234,81.872,65.06157574893626
10235,81.88,131.27721084116533
10236,81.888,194.57553349002126
10237,81.896,251.98454471800412
10238,81.904,301.18690291195753
10239,81.912,340.5663142976973
10240,81.92,369.2091897797361
10241,81.928,386.89002356865524
10242,81.936,393.97894630819917
10243,81.944,391.24530721347446
10244,81.952,379.65278507560816
10245,81.96,360.27143722958994
10246,81.968,334.3097179827803
10247,81.976,303.147239909884
10248,81.984,268.28242421726014
10249,81.992,231.24000409474468
10250,82.0,193.5279082424531
10251,82.008,156.6415843192759
10252,82.016,122.02198067005739
10253,82.024,90.91388387211825
10254,82.032,64.1952528996176
10255,82.04,42.29025525952794
10256,82.048,25.191294719696614
10257,82.056,12.522907632705175
10258,82.064,3.60259118712939
10259,82.072,-2.453720532985163
10260,82.08,-6.51911465092188
10261,82.088,-9.180966588991485
10262,82.096,-10.547882193597232
10263,82.104,-10.232981422636556
10264,82.112,-7.461725257299158
10265,82.12,-1.192094054072399
10266,82.128,9.781633241992619
10267,82.136,26.674296142965265
10268,82.144,50.46592751804355
10269,82.152,81.6479202682381
10270,82.16,120.0793443381159
10271,82.168,164.97184955351105
10272,82.176,214.90986704699108
10273,82.184,267.8374898579979
10274,82.192,321.0598230665403
10275,82.2,371.3475899229124
10276,82.208,415.14830828685484
10277,82.216,448.81464115774673
10278,82.224,468.7879792643624
10279,82.232,471.78702042344867
10280,82.24,455.08332867262277
10281,82.248,416.84140872691427
10282,82.256,356.39677848904745
10283,82.264,274.38266600887226
10284,82.272,172.7412723108649
10285,82.28,54.696987268789094
10286,82.288,-75.32028362061253
10287,82.296,-211.89828660545172
10288,82.304,-349.0570956017247
10289,82.312,-480.7622452432415
10290,82.32,-601.3880597129316
10291,82.328,-706.0700768603663
10292,82.336,-790.9906036132065
10293,82.344,-853.6235204535851
10294,82.352,-892.863504261905
10295,82.36,-908.9487737507768
10296,82.368,-903.2039361864119
10297,82.376,-877.7449990455326
10298,82.384,-835.2602962440145
10299,82.392,-778.8477840359888
10300,82.4,-711.8267140455072
10301,82.408,-637.5153423711034
10302,82.416,-559.0489215622594
10303,82.424,-479.2757037283043
10304,82.432,-400.66573071539716
10305,82.44,-325.156135518784
10306,82.448,-253.97105879804545
10307,82.456,-187.5507397919539
10308,82.464,-125.67175105923342
10309,82.472,-67.70006937604946
10310,82.48,-12.862249255118483
10311,82.488,39.509781322140775
10312,82.496,89.73289490785498
10313,82.504,137.53919252649533
10314,82.512,181.9686452795328
10315,82.52,221.50281258255075
10316,82.528,254.4126702214358
10317,82.536,279.1554154486367
10318,82.544,294.6729703280631
10319,82.552,300.57463651782933
10320,82.56,297.25037831220163
10321,82.568,285.90090398025086
10322,82.576,268.4089127207255
10323,82.584,247.03453268481366
10324,82.592,224.04893758565154
10325,82.6,201.4610555958089
10326,82.608,180.88676224642234
10327,82.616,163.48671705284536
10328,82.624,149.90770415190104
10329,82.632,140.26891743293078
10330,82.64,134.26483721651218
10331,82.648,131.35649679957706
10332,82.656,130.93577400163406
10333,82.664,132.39881881560447
10334,82.672,135.18315982900026
10335,82.68,138.84441489071472
10336,82.688,143.1479374173351
10337,82.696,148.0699277474402
10338,82.704,153.66386821383983
10339,82.712,159.88333383771874
10340,82.72,166.48567149121493
10341,82.728,173.03821250118816
10342,82.736,178.95094566047416
10343,82.744,183.48670982726063
10344,82.752,185.7957421028919
10345,82.76,185.03301238223665
10346,82.768,180.51617829225805
10347,82.776,171.80623747679704
10348,82.784,158.65810099173828
10349,82.792,140.92799272737705
10350,82.8,118.56517912491852
10351,82.808,91.70715688727049
10352,82.816,60.77830477549099
10353,82.824,26.5077760751267
10354,82.832,-10.105052692774724
10355,82.84,-47.80306000378721
10356,82.848,-85.06182613093293
10357,82.856,-120.13678712665823
10358,82.864,-151.20601998039368
10359,82.872,-176.53362173988424
10360,82.88,-194.55231224781642
10361,82.888,-203.86966717338942
10362,82.896,-203.30013609561624
10363,82.904,-191.98317139328336
10364,82.912,-169.52243270040427
10365,82.92,-136.0378661834603
10366,82.928,-92.11199993351943
10367,82.936,-38.711325999493965
10368,82.944,22.86219227692317
10369,82.952,91.04285429635537
10370,82.96,164.16847749176645
10371,82.968,240.70509855465824
10372,82.976,319.39914969407874
10373,82.984,399.2750241302172
10374,82.992,479.52483281980375
10375,83.0,559.3913552572559
10376,83.008,638.0719544640701
10377,83.016,714.5835213990397
10378,83.024,787.5586709492699
10379,83.032,855.0557827748454
10380,83.04,914.4976693279921
10381,83.048,962.7563103981508
10382,83.056,996.3046048638122
10383,83.064,1011.3870997566645
10384,83.072,1004.270561402373
10385,83.08,971.6586754478166
10386,83.088,911.24034074888
10387,83.096,822.2144950910042
10388,83.104,705.6382875990146
10389,83.112,564.5580270208247
10390,83.12,403.9533568089585
10391,83.128,230.48710989067055
10392,83.136,52.006112721115066
10393,83.144,-123.19544795257681
10394,83.152,-287.19461349594445
10395,83.16,-433.1308493102483
10396,83.168,-555.6694839618642
10397,83.176,-651.2802626920657
10398,83.184,-718.3848615720041
10399,83.192,-757.3294321449341
10400,83.2,-770.1142506966428
10401,83.208,-759.9338352017046
10402,83.216,-730.7013037727434
10403,83.224,-686.6884235435144
10404,83.232,-632.2592046181525
10405,83.24,-571.6063590916834
10406,83.248,-508.48304036394745
10407,83.256,-446.02005704456144
10408,83.264,-386.68862008586444
10409,83.272,-332.35196808312804
10410,83.28,-284.30802305880417
10411,83.288,-243.31198269057103
10412,83.296,-209.65615617222517
10413,83.304,-183.3419581012542
10414,83.312,-164.25908808713385
10415,83.32,-152.26229856270385
10416,83.328,-147.14564906096197
10417,83.336,-148.61449755584906
10418,83.344,-156.31878674152418
10419,83.352,-169.8915061253593
10420,83.36,-188.9032463236032
10421,83.368,-212.74801476946027
10422,83.376,-240.57540784962666
10423,83.384,-271.3413836737214
10424,83.392,-303.9183552746973
10425,83.4,-337.1544329226415
10426,83.408,-369.85707981789153
10427,83.416,-400.7785477763254
10428,83.424,-428.6619846910836
10429,83.432,-452.29924732063773
10430,83.44,-470.5181289811442
10431,83.448,-482.11620419563434
10432,83.456,-485.8556246039491
10433,83.464,-480.5838290263125
10434,83.472,-465.4065377451847
10435,83.48,-439.7995341379164
10436,83.488,-403.64887121178475
10437,83.496,-357.30333753348634
10438,83.504,-301.68017600867455
10439,83.512,-238.34908198758464
10440,83.52,-169.4917967733461
10441,83.528,-97.72905257482302
10442,83.536,-25.89599095800713
10443,83.544,43.17637969787051
10444,83.552,106.89830104806983
10445,83.56,163.20473122181485
10446,83.568,210.81421059511698
10447,83.576,249.32165497541382
10448,83.584,279.0585932591614
10449,83.592,300.8123666725124
10450,83.6,315.5591764781447
10451,83.608,324.2783416030145
10452,83.616,327.80682657472005
10453,83.624,326.7026208618177
10454,83.632,321.17678429075414
10455,83.64,311.169117945474
10456,83.648,296.53640429616297
10457,83.656,277.2287346054695
10458,83.664,253.37376019748984
10459,83.672,225.31289354848616
10460,83.68,193.6711719453963
10461,83.688,159.44726765599336
10462,83.696,124.01607237674578
10463,83.704,88.9788087594245
10464,83.712,55.92627337185159
10465,83.72,26.23317303824064
10466,83.728,0.9235505256991337
10467,83.736,-19.440070766192814
10468,83.744,-34.861463817219835
10469,83.752,-45.92461118566396
10470,83.76,-53.62037373731369
10471,83.768,-59.015817099467554
10472,83.776,-62.92245148285561
10473,83.784,-65.70071651918023
10474,83.792,-67.20593044729185
10475,83.8,-66.80822545640143
10476,83.808,-63.482949545450786
10477,83.816,-56.04326471811472
10478,83.824,-43.52559685727566
10479,83.832,-25.594763979819668
10480,83.84,-2.7976392532416128
10481,83.848,23.38451794272807
10482,83.856,50.60400569209886
10483,83.864,75.7640930312292
10484,83.872,95.22280677007198
10485,83.88,105.15114816329455
10486,83.888,102.0109953231592
10487,83.896,83.01390494029216
10488,83.904,46.45428829768966
10489,83.912,-8.07163884551174
10490,83.92,-79.51573169454342
10491,83.928,-165.33789689321688
10492,83.936,-261.6778323521596
10493,83.944,-363.75460914982233
10494,83.952,-466.36047217006563
10495,83.96,-564.2818787340126
10496,83.968,-652.5973170624243
10497,83.976,-726.9208523857524
10498,83.984,-783.6491399309762
10499,83.992,-820.169691427071
10500,84.0,-834.9533833809486
10501,84.008,-827.5384565880807
10502,84.016,-798.5019517199539
10503,84.024,-749.4778896629443
10504,84.032,-683.1584306926211
10505,84.04,-603.1723800699672
10506,84.048,-513.8302601027908
10507,84.056,-419.8226486583347
10508,84.064,-325.9294855286444
10509,84.072,-236.70011307841003
10510,84.08,-156.05535629930208
10511,84.088,-86.87380437688182
10512,84.096,-30.715378112369265
10513,84.104,12.221111749827076
10514,84.112,42.9567592789554
10515,84.12,63.518953414450294
10516,84.128,76.68463963649934
10517,84.136,85.62223578543065
10518,84.144,93.42239702756008
10519,84.152,102.63753253187454
10520,84.16,114.98272069915679
10521,84.168,131.23797425519092
10522,84.176,151.27248498908054
10523,84.184,174.12197864433352
10524,84.192,198.14755553448418
10525,84.2,221.33018294221358
10526,84.208,241.6600187390842
10527,84.216,257.48393625199066
10528,84.224,267.7091653849123
10529,84.232,271.8893255037426
10530,84.24,270.2710288803446
10531,84.248,263.79542979075205
10532,84.256,253.96926326783606
10533,84.264,242.57921018327642
10534,84.272,231.35813543718942
10535,84.28,221.74677056481934
10536,84.288,214.78614384994702
10537,84.296,211.06426070597624
10538,84.304,210.6605821194791
10539,84.312,213.134053604164
10540,84.32,217.62262343414577
10541,84.328,223.0259180403659
10542,84.336,228.15902811027954
10543,84.344,231.8116977970345
10544,84.352,232.77127172701637
10545,84.36,229.91175396992634
10546,84.368,222.36018198701936
10547,84.376,209.6436973332703
10548,84.384,191.73810644490098
10549,84.392,169.05422126609406
10550,84.4,142.44605453739604
10551,84.408,113.23934731897678
10552,84.416,83.18573088075392
10553,84.424,54.287592446501876
10554,84.432,28.56587402581285
10555,84.44,7.886230354265034
10556,84.448,-6.13384224407559
10557,84.456,-12.21300586398537
10558,84.464,-9.534960125816735
10559,84.472,2.1521975925471475
10560,84.48,22.566737125074667
10561,84.488,51.04613289669627
10562,84.496,86.70883573809789
10563,84.504,128.54706115176597
10564,84.512,175.4925746827143
10565,84.52,226.5342109706516
10566,84.528,280.87324210729247
10567,84.536,338.0146717396978
10568,84.544,397.74231268682394
10569,84.552,460.0530814441539
10570,84.56,525.1508325509787
10571,84.568,593.4854562255858
10572,84.576,665.7223669285547
10573,84.584,742.569166063793
10574,84.592,824.51194026195
10575,84.6,911.5648233371874
10576,84.608,1003.0641793352061
10577,84.616,1097.456340979756
10578,84.624,1192.0616740896094
10579,84.632,1282.9165624327456
10580,84.64,1364.8372181130835
10581,84.648,1431.7455502979112
10582,84.656,1477.1704689055985
10583,84.664,1494.8365657005452
10584,84.672,1479.3405782783302
10585,84.68,1426.9220506637025
10586,84.688,1336.2040856601902
10587,84.696,1208.6662344728313
10588,84.704,1048.6769507011736
10589,84.712,863.1053572660087
10590,84.72,660.6513406491259
10591,84.728,451.0033870986502
10592,84.736,243.87548759821604
10593,84.744,48.01924182824286
10594,84.752,-129.58730338989884
10595,84.76,-284.1757747698026
10596,84.768,-413.2165922005529
10597,84.776,-516.1836832980847
10598,84.784,-594.2079480569237
10599,84.792,-649.6561128415749
10600,84.8,-685.6172424475919
10601,84.808,-705.3582365695111
10602,84.816,-711.8915839704674
10603,84.824,-707.7471116150275
10604,84.832,-694.9074778918936
10605,84.84,-674.8203646981281
10606,84.848,-648.4750361484718
10607,84.856,-616.5957195949827
10608,84.864,-579.9479501665472
10609,84.872,-539.6337741315723
10610,84.88,-497.22379418388925
10611,84.888,-454.68789348528003
10612,84.896,-414.2162730564687
10613,84.904,-378.02541470574505
10614,84.912,-348.15165494396535
10615,84.92,-326.2056756261704
10616,84.928,-313.14173957760926
10617,84.936,-309.162107163222
10618,84.944,-313.80994986006664
10619,84.952,-326.1610931968241
10620,84.96,-344.9814283617917
10621,84.968,-368.82039167010004
10622,84.976,-396.1149008059981
10623,84.984,-425.3466713228497
10624,84.992,-455.1831047219814
10625,85.0,-484.5022604518301
10626,85.008,-512.3062215182991
10627,85.016,-537.6337492249423
10628,85.024,-559.5511010737298
10629,85.032,-577.1778614615713
10630,85.04,-589.6662730802344
10631,85.048,-596.1434363925597
10632,85.056,-595.7121720973709
10633,85.064,-587.5626607784774
10634,85.072,-571.1253347910445
10635,85.08,-546.1596327277468
10636,85.088,-512.7667797249555
10637,85.096,-471.4069468826933
10638,85.104,-422.96617116246125
10639,85.112,-368.8043011518869
10640,85.12,-310.6854408039951
10641,85.128,-250.59620341874745
10642,85.136,-190.56169857865183
10643,85.144,-132.54065322963248
10644,85.152,-78.36261694534765
10645,85.16,-29.623633816266473
10646,85.168,12.459379760324866
10647,85.176,47.14039091645831
10648,85.184,74.11685865141729
10649,85.192,93.43585685136463
10650,85.2,105.42853538012021
10651,85.208,110.68086284820662
10652,85.216,109.96178327701388
10653,85.224,104.06923434301072
10654,85.232,93.6679847866201
10655,85.24,79.22539480677955
10656,85.248,61.060468977115335
10657,85.256,39.42742535135643
10658,85.264,14.574942480896613
10659,85.272,-13.186064278366917
10660,85.28,-43.35350131846733
10661,85.288,-75.08122582357865
10662,85.296,-107.11973721752521
10663,85.304,-137.91814115172443
10664,85.312,-165.8193186033035
10665,85.32,-189.2259420558691
10666,85.328,-206.70248447372816
10667,85.336,-217.077739121317
10668,85.344,-219.58691176448679
10669,85.352,-213.9839261765256
10670,85.36,-200.5209997786546
10671,85.368,-179.7882657160878
10672,85.376,-152.51403412774206
10673,85.384,-119.41680479637635
10674,85.392,-81.10920266508566
10675,85.4,-38.02412295296941
10676,85.408,9.601572247010992
10677,85.416,61.602563691273616
10678,85.424,117.60300189947931
10679,85.432,176.68757766668378
10680,85.44,237.1774079888216
10681,85.448,296.5694311446052
10682,85.456,351.59039031825284
10683,85.464,398.32662208561385
10684,85.472,432.48040037561105
10685,85.48,449.8133359478321
10686,85.488,446.72268726771
10687,85.496,420.78943947181716
10688,85.504,371.1645309142378
10689,85.512,298.7739363094546
10690,85.52,206.37142858214798
10691,85.528,98.41019581058075
10692,85.536,-19.337507091818246
10693,85.544,-140.39877753235413
10694,85.552,-258.29435104226627
10695,85.56,-367.1070347521451
10696,85.568,-461.84128754140545
10697,85.576,-538.6298350931826
10698,85.584,-594.8560575437409
10699,85.592,-629.1760049992523
10700,85.6,-641.3960770918319
10701,85.608,-632.249088524765
10702,85.616,-603.1937139379277
10703,85.624,-556.310416116888
10704,85.632,-494.23046835287766
10705,85.64,-419.9907979997629
10706,85.648,-336.8116979081196
10707,85.656,-247.90182418266937
10708,85.664,-156.36098453114636
10709,85.672,-65.12979201258297
10710,85.68,23.102524386128827
10711,85.688,106.02781034492627
10712,85.696,181.78977949594082
10713,85.704,248.9394588846125
10714,85.712,306.3411368002316
10715,85.72,353.13296592819546
10716,85.728,388.7535211448405
10717,85.736,412.95153077050117
10718,85.744,425.727180009601
10719,85.752,427.2617674156769
10720,85.76,417.9200333232491
10721,85.768,398.3120270608797
10722,85.776,369.30832007775984
10723,85.784,331.9464602781426
10724,85.792,287.3012263106451
10725,85.8,236.43749278804805
10726,85.808,180.45935971089963
10727,85.816,120.55560729393909
10728,85.824,57.97083564682371
10729,85.832,-6.04475978822258
10730,85.84,-70.2130226691428
10731,85.848,-133.13373517668305
10732,85.856,-193.21678254021998
10733,85.864,-248.70623575266407
10734,85.872,-297.74935596349906
10735,85.88,-338.43241920562326
10736,85.888,-368.80031080359527
10737,85.896,-386.96581461385085
10738,85.904,-391.36363836275297
10739,85.912,-381.06112796235755
10740,85.92,-355.97770589520775
10741,85.928,-316.95142662563114
10742,85.936,-265.70081600904973
10743,85.944,-204.73129862607163
10744,85.952,-137.15778373110794
10745,85.96,-66.39793561559843
10746,85.968,4.2180547304426455
10747,85.976,71.78553667223886
10748,85.984,134.0075832463885
10749,85.992,189.23823703010856
10750,86.0,236.4660954773374
10751,86.008,275.26094509476604
10752,86.016,305.6348052445239
10753,86.024,327.8088192296437
10754,86.032,341.99275600919634
10755,86.04,348.31046896374545
10756,86.048,346.8850299389101
10757,86.056,337.96934168477867
10758,86.064,322.02318487725114
10759,86.072,299.7534894107942
10760,86.08,272.17786703921536
10761,86.088,240.68813571619657
10762,86.096,207.01104096298494
10763,86.104,173.0184508122855
10764,86.112,140.4749592649303
10765,86.12,110.85254484226215
10766,86.128,85.24295610010324
10767,86.136,64.30000043219744
10768,86.144,48.17465050930499
10769,86.152,36.51017733426245
10770,86.16,28.583939767203194
10771,86.168,23.575445931547684
10772,86.176,20.8330730619659
10773,86.184,20.03655578698586
10774,86.192,21.27380098850077
10775,86.2,25.10605423850798
10776,86.208,32.61676858004259
10777,86.216,45.34434138407444
10778,86.224,65.0346835725241
10779,86.232,93.28430021712573
10780,86.24,131.20195706755362
10781,86.248,179.1371048768193
10782,86.256,236.43966447327688
10783,86.264,301.2529932841383
10784,86.272,370.44169895436625
10785,86.28,439.7617567989811
10786,86.288,504.25607077457784
10787,86.296,558.7387563372157
10788,86.304,598.2513631708647
10789,86.312,618.4886648797567
10790,86.32,616.2313799114856
10791,86.328,589.7380825325303
10792,86.336,538.9707477799183
10793,86.344,465.58084025348774
10794,86.352,372.70879879455646
10795,86.36,264.6941904781775
10796,86.368,146.7228472207245
10797,86.376,24.37470067345338
10798,86.384,-96.90740743478516
10799,86.392,-212.291353049662
10800,86.4,-317.8244534547258
10801,86.408,-410.48398789126344
10802,86.416,-488.12670968056716
10803,86.424,-549.4379403075683
10804,86.432,-593.8649256977773
10805,86.44,-621.4775372106546
10806,86.448,-632.7891871095752
10807,86.456,-628.6549517222523
10808,86.464,-610.3034788448858
10809,86.472,-579.4189294283291
10810,86.48,-538.1498445396609
10811,86.488,-489.01831399778
10812,86.496,-434.7965464177941
10813,86.504,-378.39475399729355
10814,86.512,-322.71230374329963
10815,86.52,-270.38879325211224
10816,86.528,-223.4955313883617
10817,86.536,-183.30099699784094
10818,86.544,-150.2000677624561
10819,86.552,-123.77720766061786
10820,86.56,-102.93506171565552
10821,86.568,-86.08728444169834
10822,86.576,-71.46530426554145
10823,86.584,-57.52290184317205
10824,86.592,-43.301246742823366
10825,86.6,-28.600391682056795
10826,86.608,-13.92943367641955
10827,86.616,-0.33374089785419825
10828,86.624,10.811427799657467
10829,86.632,18.046211584369654
10830,86.64,20.137810099256086
10831,86.648,16.39624173678298
10832,86.656,6.857681083201064
10833,86.664,-7.73869293930308
10834,86.672,-26.109781286256805
10835,86.68,-46.598235260029085
10836,86.688,-67.31811924001498
10837,86.696,-86.34258281215718
10838,86.704,-101.9642934343287
10839,86.712,-112.93437191629828
10840,86.72,-118.55363225971254
10841,86.728,-118.6080116982513
10842,86.736,-113.258636964081
10843,86.744,-102.96962678442698
10844,86.752,-88.44003993363326
10845,86.76,-70.47380689062406
10846,86.768,-49.81461234792131
10847,86.776,-27.05373090959565
10848,86.784,-2.6648394441116374
10849,86.792,22.907462144934744
10850,86.8,49.21339786674321
10851,86.808,75.82793550499179
10852,86.816,102.35924697642328
10853,86.824,128.3852115352652
10854,86.832,153.38052365439552
10855,86.84,176.7281835078778
10856,86.848,197.81733487417358
10857,86.856,216.13509313153875
10858,86.864,231.28417646126078
10859,86.872,242.96586545655276
10860,86.88,251.00508801499973
10861,86.888,255.4065831299478
10862,86.896,256.3492756494866
10863,86.904,254.08313110660117
10864,86.912,248.82149434223243
10865,86.92,240.740027223713
10866,86.928,230.07039061635965
10867,86.936,217.17356369290687
10868,86.944,202.5254363493513
10869,86.952,186.67636973406923
10870,86.96,170.27800511217086
10871,86.968,154.16151044337408
10872,86.976,139.35323241567957
10873,86.984,126.96705459536882
10874,86.992,118.04986204509709
10875,87.0,113.4901521448358
10876,87.008,113.98773952568122
10877,87.016,119.9818544662801
10878,87.024,131.4866332158278
10879,87.032,147.91862002567905
10880,87.04,168.03714746288043
10881,87.048,190.01268793503328
10882,87.056,211.53309499397812
10883,87.064,229.887110498778
10884,87.072,242.08125153062042
10885,87.08,245.0841484397601
10886,87.088,236.193388156891
10887,87.096,213.40825963573639
10888,87.104,175.70884295988927
10889,87.112,123.24850036098037
10890,87.12,57.49521993883679
10891,87.128,-18.730924797520657
10892,87.136,-101.43578513921283
10893,87.144,-185.8712060795387
10894,87.152,-267.0709950722477
10895,87.16,-340.32751572750135
10896,87.168,-401.5368188002866
10897,87.176,-447.46133542998297
10898,87.184,-475.9490362401649
10899,87.192,-486.047977356881
10900,87.2,-477.94180452595174
10901,87.208,-452.7454426820096
10902,87.216,-412.2891811154381
10903,87.224,-358.9657410487452
10904,87.232,-295.5945549023367
10905,87.24,-225.22980380074318
10906,87.248,-150.93231626379347
10907,87.256,-75.60937910883544
10908,87.264,-1.9797804707455737
10909,87.272,67.40436623343415
10910,87.28,130.18907987058253
10911,87.288,184.3229409419636
10912,87.296,228.15679537907886
10913,87.304,260.48267117547005
10914,87.312,280.55714117853853
10915,87.32,288.1804479442296
10916,87.328,283.80482370086276
10917,87.336,268.5563877344988
10918,87.344,244.10651622830662
10919,87.352,212.46371637333877
10920,87.36,175.80375612479804
10921,87.368,136.3622287022002
10922,87.376,96.3107955656703
10923,87.384,57.56633634621711
10924,87.392,21.601685643025462
10925,87.4,-10.63071018983006
10926,87.408,-38.644477506121376
10927,87.416,-62.323213548823304
10928,87.424,-81.8539606106903
10929,87.432,-97.65312949756161
10930,87.44,-110.21253583165253
10931,87.448,-119.89063333189806
10932,87.456,-126.76982885356631
10933,87.464,-130.65634954230495
10934,87.472,-131.16825342698235
10935,87.48,-127.8094513012524
10936,87.488,-120.01242133730689
10937,87.496,-107.2239744490543
10938,87.504,-89.07548044748562
10939,87.512,-65.56199614867772
10940,87.52,-37.11803599805567
10941,87.528,-4.574869553309982
10942,87.536,30.911369979078724
10943,87.544,67.89103678957308
10944,87.552,104.65246049782802
10945,87.56,139.340869191892
10946,87.568,170.16685241949037
10947,87.576,195.60368119354487
10948,87.584,214.49409725067005
10949,87.592,226.09767624986193
10950,87.6,230.14853829606548
10951,87.608,226.9117967264306
10952,87.616,217.15335960975432
10953,87.624,201.99260908456756
10954,87.632,182.72762062682466
10955,87.64,160.74007052002364
10956,87.648,137.47330419560524
10957,87.656,114.38134035773562
10958,87.664,92.79177112897865
10959,87.672,73.74717710803418
10960,87.68,57.92545538882006
10961,87.688,45.64942239473696
10962,87.696,36.90556022566305
10963,87.704,31.324385674409918
10964,87.712,28.18497775100873
10965,87.72,26.53314455238433
10966,87.728,25.40145567316068
10967,87.736,24.019737924219122
10968,87.744,21.930140390369193
10969,87.752,19.029702725053376
10970,87.76,15.607302217789947
10971,87.768,12.368830540584247
10972,87.776,10.369887398867482
10973,87.784,10.823341084215615
10974,87.792,14.869089748415444
10975,87.8,23.422194595292154
10976,87.808,37.11062707135409
10977,87.816,56.20978615430962
10978,87.824,80.51271917842232
10979,87.832,109.19753988990033
10980,87.84,140.7969163045097
10981,87.848,173.2813997300463
10982,87.856,204.16918919392242
10983,87.864,230.60842063900995
10984,87.872,249.49823106968867
10985,87.88,257.744419657638
10986,87.888,252.62673136307623
10987,87.896,232.13674101432426
10988,87.904,195.18238297125885
10989,87.912,141.69097411680997
10990,87.92,72.69089855103277
10991,87.928,-9.639537469876467
10992,87.936,-102.05846844891433
10993,87.944,-200.53201425776652
10994,87.952,-300.5976127470516
10995,87.96,-397.67897957761915
10996,87.968,-487.3199736538023
10997,87.976,-565.4195149590471
10998,87.984,-628.5240696266337
10999,87.992,-674.111305250388
11000,88.0,-700.7505958878259
11001,88.008,-708.1164293249716
11002,88.016,-696.9350011838235
11003,88.024,-668.9227233855569
11004,88.032,-626.6668077956971
11005,88.04,-573.3716135799245
11006,88.048,-512.5041427474623
11007,88.056,-447.4758066098499
11008,88.064,-381.45196587779424
11009,88.072,-317.2414327287392
11010,88.08,-257.16901951575966
11011,88.088,-202.93259918418673
11012,88.096,-155.54556249221875
11013,88.104,-115.4167310238857
11014,88.112,-82.48581078878381
11015,88.12,-56.30491758575766
11016,88.128,-36.07512206406716
11017,88.136,-20.749855382742528
11018,88.144,-9.265631371674433
11019,88.152,-0.8178786902396042
11020,88.16,4.956038580600175
11021,88.168,7.935361636147344
11022,88.176,7.555671554296682
11023,88.184,2.8788052428048623
11024,88.192,-7.26459742224975
11025,88.2,-24.001503577007778
11026,88.208,-48.063859547072596
11027,88.216,-79.5073678370535
11028,88.224,-117.60531029155108
11029,88.232,-160.88696376961278
11030,88.24,-207.23812043107475
11031,88.248,-254.0512767226605
11032,88.256,-298.47329993124015
11033,88.264,-337.74039829157505
11034,88.272,-369.48152046398167
11035,88.28,-391.86418682249683
11036,88.288,-403.5793343290977
11037,88.296,-403.7797240187235
11038,88.304,-392.0652353961241
11039,88.312,-368.48630759257577
11040,88.32,-333.48377188598676
11041,88.328,-287.7654718529687
11042,88.336,-232.21202096286567
11043,88.344,-167.86920777234695
11044,88.352,-95.97076531362512
11045,88.36,-17.90695403676651
11046,88.368,64.84815202994955
11047,88.376,150.7508018782591
11048,88.384,238.09396489211883
11049,88.392,324.8910134420649
11050,88.4,408.86537579144294
11051,88.408,487.57078180777086
11052,88.416,558.5517219725449
11053,88.424,619.4713041664078
11054,88.432,668.2393889505981
11055,88.44,703.2043844228567
11056,88.448,723.3791315974099
11057,88.456,728.5806368588085
11058,88.464,719.4059743579984
11059,88.472,697.0980599586692
11060,88.48,663.4062400209859
11061,88.488,620.4642160434151
11062,88.496,570.6228311896392
11063,88.504,516.2155809297277
11064,88.512,459.346480122081
11065,88.52,401.8086463431472
11066,88.528,345.1263088730803
11067,88.536,290.60374142094173
11068,88.544,239.30016897133777
11069,88.552,191.9799315434783
11070,88.56,149.1348795052
11071,88.568,111.08334051965255
11072,88.576,78.05360349351645
11073,88.584,50.197319015176326
11074,88.592,27.595552880998298
11075,88.6,10.345452266103326
11076,88.608,-1.2949945143879762
11077,88.616,-6.827152802139015
11078,88.624,-5.574175247577756
11079,88.632,3.1687862687939976
11080,88.64,19.995924357798682
11081,88.648,45.27770105037539
11082,88.656,79.00445908045089
11083,88.664,120.56176328703435
11084,88.672,168.53043543761282
11085,88.68,220.63387781535377
11086,88.688,273.8526818968104
11087,88.696,324.6186783033731
11088,88.704,369.0146734502283
11089,88.712,403.0076197520198
11090,88.72,422.7796091588182
11091,88.728,425.132362272491
11092,88.736,407.84303307373295
11093,88.744,369.8781211929561
11094,88.752,311.4911917055227
11095,88.76,234.27417552827907
11096,88.768,141.1448136597737
11097,88.776,36.167883942555854
11098,88.784,-75.83149613608059
11099,88.792,-189.7517332984543
11100,88.8,-300.62997768466096
11101,88.808,-403.9254692008342
11102,88.816,-495.7292295268832
11103,88.824,-572.954899858153
11104,88.832,-633.470040065588
11105,88.84,-676.0963495353221
11106,88.848,-700.4980287425502
11107,88.856,-707.0667268799416
11108,88.864,-696.8703397149783
11109,88.872,-671.6149417710867
11110,88.88,-633.5364939173065
11111,88.888,-585.2278277434126
11112,88.896,-529.4855996853743
11113,88.904,-469.2163213643329
11114,88.912,-407.3294275986224
11115,88.92,-346.52959610179505
11116,88.928,-289.0384180867088
11117,88.936,-236.38436127563804
11118,88.944,-189.36153933125456
11119,88.952,-148.12364636836915
11120,88.96,-112.3203201638435
11121,88.968,-81.25061587709264
11122,88.976,-54.07549978110316
11123,88.984,-30.07931866504617
11124,88.992,-8.865416847466829
11125,89.0,9.622628245768514
11126,89.008,25.2273026707551
11127,89.016,37.71420885766924
11128,89.024,46.82459258451923
11129,89.032,52.281087266945455
11130,89.04,53.837765158246064
11131,89.048,51.383182998573176
11132,89.056,45.01289926800806
11133,89.064,35.02027174334917
11134,89.072,21.86672888716321
11135,89.08,6.2169051755531415
11136,89.088,-10.98520660230426
11137,89.096,-28.518833801195854
11138,89.104,-45.03508125777295
11139,89.112,-59.27813392118317
11140,89.12,-70.24914665730884
11141,89.128,-77.26768863448862
11142,89.136,-79.988457334478
11143,89.144,-78.4168387594652
11144,89.152,-72.87314860670006
11145,89.16,-63.840152702007444
11146,89.168,-51.73746540081685
11147,89.176,-36.76585997301571
11148,89.184,-18.91999249322695
11149,89.192,1.8740235142976036
11150,89.2,25.611832804014412
11151,89.208,52.110503829988744
11152,89.216,80.92767766446589
11153,89.224,111.28971326284973
11154,89.232,142.09880417615508
11155,89.24,172.0876952947829
11156,89.248,200.06977720212876
11157,89.256,225.13163544541692
11158,89.264,246.67014847219653
11159,89.272,264.3255674617973
11160,89.28,277.9218945336344
11161,89.288,287.44392786078885
11162,89.296,292.9901081683155
11163,89.304,294.67211192804814
11164,89.312,292.53929760665216
11165,89.32,286.62404728119475
11166,89.328,277.08658081018046
11167,89.336,264.32820150827786
11168,89.344,248.98007374908858
11169,89.352,231.81218243894304
11170,89.36,213.67194969153763
11171,89.368,195.48559931269514
11172,89.376,178.25662711262987
11173,89.384,163.01704227285381
11174,89.392,150.7886681184588
11175,89.4,142.62491917774273
11176,89.408,139.68773151713262
11177,89.416,143.2209930071881
11178,89.424,154.34490659110014
11179,89.432,173.74809785459954
11180,89.44,201.4154135717615
11181,89.448,236.44888442499098
11182,89.456,276.9501920490192
11183,89.464,319.9626546622399
11184,89.472,361.56278523853075
11185,89.48,397.1824933073624
11186,89.488,422.1088449594925
11187,89.496,432.0061391529632
11188,89.504,423.3552978593039
11189,89.512,393.82750316897136
11190,89.52,342.6321568243195
11191,89.528,270.7747565141026
11192,89.536,181.0768238818878
11193,89.544,77.88603756197317
11194,89.552,-33.42218467768178
11195,89.56,-146.9776227863178
11196,89.568,-256.899398942245
11197,89.576,-357.7564073855016
11198,89.584,-445.01042595530646
11199,89.592,-515.3515010552399
11200,89.6,-566.8232981065929
11201,89.608,-598.7488943737802
11202,89.616,-611.5715246961668
11203,89.624,-606.6966508543986
11204,89.632,-586.3135973831171
11205,89.64,-553.1427004729954
11206,89.648,-510.13774505005694
11207,89.656,-460.2499997355046
11208,89.664,-406.31302402643826
11209,89.672,-350.9867266160144
11210,89.68,-296.6581263252527
11211,89.688,-245.2830410236855
11212,89.696,-198.2528951859895
11213,89.704,-156.35524334933345
11214,89.712,-119.79515231942658
11215,89.72,-88.21171706022085
11216,89.728,-60.71126490538304
11217,89.736,-36.01675301730167
11218,89.744,-12.772657504357216
11219,89.752,10.098099264791498
11220,89.76,33.13976300464442
11221,89.768,56.26776582778348
11222,89.776,78.76937717832108
11223,89.784,99.34900722707815
11224,89.792,116.26735139331298
11225,89.8,127.64523233626447
11226,89.808,131.88546903562812
11227,89.816,128.0464814843962
11228,89.824,116.03141189904194
11229,89.832,96.59582186518004
11230,89.84,71.24964532437251
11231,89.848,42.07730836687392
11232,89.856,11.445933038204965
11233,89.864,-18.3730852128622
11234,89.872,-45.53808241471199
11235,89.88,-68.79062896138137
11236,89.888,-87.419259032751
11237,89.896,-101.14772212091533
11238,89.904,-110.048429408962
11239,89.912,-114.47117731923198
11240,89.92,-114.93200397810165
11241,89.928,-111.98139376733577
11242,89.936,-106.14319173231358
11243,89.944,-97.96330274321394
11244,89.952,-88.08267536622547
11245,89.96,-77.21943353823858
11246,89.968,-66.05890724378474
11247,89.976,-55.16277719606315
11248,89.984,-44.97248109272725
11249,89.992,-35.85276949586098
11250,90.0,-28.08223568336694
11251,90.008,-21.79525556355441
11252,90.016,-16.966590257091077
11253,90.024,-13.478213933340436
11254,90.032,-11.186330720169728
11255,90.04,-9.886838739209393
11256,90.048,-9.19785321931689
11257,90.056,-8.490363575685812
11258,90.064,-6.958276577446754
11259,90.072,-3.779048582787512
11260,90.08,1.742688459772535
11261,90.088,10.075747353373673
11262,90.096,21.35119724017922
11263,90.104,35.22991048930262
11264,90.112,50.85085398364917
11265,90.12,66.96407048068023
11266,90.128,82.21659414446214
11267,90.136,95.44004211532632
11268,90.144,105.81943536125307
11269,90.152,112.95254687214099
11270,90.16,116.8710978856851
11271,90.168,118.03445202126485
11272,90.176,117.24138123892965
11273,90.184,115.45366357865507
11274,90.192,113.63354665012028
11275,90.2,112.70536693198927
11276,90.208,113.62207288469666
11277,90.216,117.39851293502225
11278,90.224,125.01105033803258
11279,90.232,137.20527206880615
11280,90.24,154.3182940008371
11281,90.248,176.15059710445945
11282,90.256,201.8438220119917
11283,90.264,229.76063951730623
11284,90.272,257.4643014998576
11285,90.28,281.89827256376776
11286,90.288,299.7401779513048
11287,90.296,307.79441459431195
11288,90.304,303.32165347591723
11289,90.312,284.3240549082909
11290,90.32,249.84606651449573
11291,90.328,200.26008847561508
11292,90.336,137.41127845851202
11293,90.344,64.5358785635003
11294,90.352,-13.996690229275032
11295,90.36,-93.00821519075619
11296,90.368,-166.8719641020252
11297,90.376,-229.96527616607352
11298,90.384,-277.22418762757724
11299,90.392,-304.6798220602025
11300,90.4,-309.8234389262495
11301,90.408,-291.7610398593914
11302,90.416,-251.2319426016449
11303,90.424,-190.54254364829106
11304,90.432,-113.36714853989972
11305,90.44,-24.36192753034328
11306,90.448,71.33944989555306
11307,90.456,168.57829875249215
11308,90.464,262.4584465140119
11309,90.472,348.5123754461704
11310,90.48,422.8581337458008
11311,90.488,482.3766849659564
11312,90.496,524.8406441006462
11313,90.504,548.9480376028199
11314,90.512,554.3115418557215
11315,90.52,541.4687737704672
11316,90.528,511.87959972925665
11317,90.536,467.796677296936
11318,90.544,411.9589237861953
11319,90.552,347.20758559149715
11320,90.56,276.18355463785446
11321,90.568,201.16925437763018
11322,90.576,124.01925641900417
11323,90.584,46.12639669325244
11324,90.592,-31.54218323574429
11325,90.6,-108.29207638406153
11326,90.608,-183.48571904545776
11327,90.616,-256.39622659078583
11328,90.624,-326.2056400936543
11329,90.632,-392.08849936429715
11330,90.64,-453.26988981700913
11331,90.648,-509.02820182947113
11332,90.656,-558.7085861756295
11333,90.664,-601.7900127554767
11334,90.672,-637.9440761758285
11335,90.68,-666.9993147038623
11336,90.688,-688.8283117236921
11337,90.696,-703.2697458230691
11338,90.704,-710.1560333141409
11339,90.712,-709.3952390587178
11340,90.72,-701.0112238809527
11341,90.728,-685.1249653026381
11342,90.736,-661.952069625422
11343,90.744,-631.8705164436029
11344,90.752,-595.5017239969985
11345,90.76,-553.7029052809195
11346,90.768,-507.45816122288034
11347,90.776,-457.75901567622174
11348,90.784,-405.5411071180525
11349,90.792,-351.6349399949014
11350,90.8,-296.66200778762123
11351,90.808,-240.90588534830235
11352,90.816,-184.26938758273081
11353,90.824,-126.36998361940638
11354,90.832,-66.69619846284209
11355,90.84,-4.7194053507788105
11356,90.848,60.03723969985541
11357,90.856,127.87779533734185
11358,90.864,198.7214470932524
11359,90.872,271.89688488633965
11360,90.88,346.0743321270053
11361,90.888,419.3551679520304
11362,90.896,489.4267032893303
11363,90.904,553.7090329731731
11364,90.912,609.5253021241097
11365,90.92,654.3532006766568
11366,90.928,686.1163489105293
11367,90.936,703.3891003501608
11368,90.944,705.447891899128
11369,90.952,692.2375147040517
11370,90.96,664.3584323008088
11371,90.968,623.0881693773232
11372,90.976,570.3608808547845
11373,90.984,508.6618248004583
11374,90.992,440.894261452234
11375,91.0,370.2918483613064
11376,91.008,300.34818606265185
11377,91.016,234.65306332727826
11378,91.024,176.58045097634627
11379,91.032,128.9087085515246
11380,91.04,93.50501213751251
11381,91.048,71.12070784022706
11382,91.056,61.2509355831305
11383,91.064,62.04593756273664
11384,91.072,70.36759443581933
11385,91.08,82.08749261954824
11386,91.088,92.58450336678085
11387,91.096,97.27567157900023
11388,91.104,92.04693487565712
11389,91.112,73.58760699193846
11390,91.12,39.69636529178723
11391,91.128,-10.450465443230666
11392,91.136,-76.17000706714317
11393,91.144,-155.3508246382766
11394,91.152,-244.68358154482468
11395,91.16,-339.944107542134
11396,91.168,-436.308575825021
11397,91.176,-528.7582449767597
11398,91.184,-612.5799961517313
11399,91.192,-683.8431716783186
11400,91.2,-739.7028522337936
11401,91.208,-778.4946827285926
11402,91.216,-799.7105623938257
11403,91.224,-803.9334129252173
11404,91.232,-792.7048137650354
11405,91.24,-768.2747583866711
11406,91.248,-733.2835147431384
11407,91.256,-690.5046994121332
11408,91.264,-642.7137102221336
11409,91.272,-592.6106541210041
11410,91.28,-542.6922565434488
11411,91.288,-495.069569749053
11412,91.296,-451.3275636270587
11413,91.304,-412.4896388372788
11414,91.312,-379.03975644116844
11415,91.32,-350.92865843273535
11416,91.328,-327.58448987806577
11417,91.336,-308.02423083753285
11418,91.344,-291.0974905713174
11419,91.352,-275.7553964497674
11420,91.36,-261.2035307517023
11421,91.368,-246.9152406853381
11422,91.376,-232.60247464249346
11423,91.384,-218.21916601108617
11424,91.392,-203.9565788275019
11425,91.4,-190.1570879580787
11426,91.408,-177.17273933491063
11427,91.416,-165.2835316447374
11428,91.424,-154.72970843261004
11429,91.432,-145.77072977834047
11430,91.44,-138.6500469821708
11431,91.448,-133.46050904386732
11432,91.456,-130.0177883883573
11433,91.464,-127.82358988612118
11434,91.472,-126.08819743743938
11435,91.48,-123.74557674511931
11436,91.488,-119.47850529077097
11437,91.496,-111.84523711194682
11438,91.504,-99.54006931074647
11439,91.512,-81.6832018230408
11440,91.52,-57.99103091121202
11441,91.528,-28.786825409882606
11442,91.536,5.062760725402607
11443,91.544,42.212663401469364
11444,91.552,80.94057094709164
11445,91.56,119.34731631886129
11446,91.568,155.62337470930035
11447,91.576,188.25986087194562
11448,91.584,216.12803227164517
11449,91.592,238.4831480491911
11450,91.6,254.99474332730026
11451,91.608,265.80761892178555
11452,91.616,271.5363061431465
11453,91.624,273.13341685509255
11454,91.632,271.698828895845
11455,91.64,268.3427569930569
11456,91.648,264.1269522914309
11457,91.656,260.0090158240962
11458,91.664,256.7381894746221
11459,91.672,254.7569318977315
11460,91.68,254.1946741187822
11461,91.688,254.95132315062193
11462,91.696,256.7800748774908
11463,91.704,259.31487469986826
11464,91.712,262.0997664750283
11465,91.72,264.70244367506456
11466,91.728,266.88819775223203
11467,91.736,268.7349782947053
11468,91.744,270.62001851354273
11469,91.752,273.14208722622766
11470,91.76,277.08313865263807
11471,91.768,283.41406070350376
11472,91.776,293.2524946486757
11473,91.784,307.7155406396859
11474,91.792,327.72318699093563
11475,91.8,353.84423490182957
11476,91.808,386.1976588630526
11477,91.816,424.3481453776847
11478,91.824,467.17274704661315
11479,91.832,512.7767278363103
11480,91.84,558.5563385686557
11481,91.848,601.4044732453954
11482,91.856,637.9564951532196
11483,91.864,664.805401070792
11484,91.872,678.7271629233693
11485,91.88,676.9847657783289
11486,91.888,657.6823224734827
11487,91.896,620.047445285383
11488,91.904,564.5548829840294
11489,91.912,492.9261688829079
11490,91.92,408.08532747922396
11491,91.928,314.06201176303165
11492,91.936,215.75036743038234
11493,91.944,118.49297733390536
11494,91.952,27.598190529213166
11495,91.96,-52.06366991367983
11496,91.968,-116.34680936586989
11497,91.976,-162.067632045499
11498,91.984,-187.23161064232937
11499,91.992,-191.176016829297
11500,92.0,-174.53512508207882
11501,92.008,-139.0463071717722
11502,92.016,-87.31690619790568
11503,92.024,-22.631209015746055
11504,92.032,51.25023608713912
11505,92.04,130.38375698776778
11506,92.048,211.00637562262017
11507,92.056,289.84248603352285
11508,92.064,364.26387173835565
11509,92.072,432.3435825412681
11510,92.08,492.891818408927
11511,92.088,545.4732733626323
11512,92.096,590.3144775133144
11513,92.104,628.0585360938232
11514,92.112,659.4629329818994
11515,92.12,685.1789336492914
11516,92.128,705.6436598458743
11517,92.136,721.0090709176962
11518,92.144,731.0683873638575
11519,92.152,735.2546605916287
11520,92.16,732.7990650412016
11521,92.168,723.0121716577003
11522,92.176,705.5433196103895
11523,92.184,680.5189506988706
11524,92.192,648.5958165931993
11525,92.2,611.005370166467
11526,92.208,569.5722784466393
11527,92.216,526.6144548007833
11528,92.224,484.69392173423586
11529,92.232,446.3157169079534
11530,92.24,413.7019819990069
11531,92.248,388.66308285118185
11532,92.256,372.48741192262423
11533,92.264,365.80959911583255
11534,92.272,368.53196341567144
11535,92.28,379.89299101491105
11536,92.288,398.6645140875378
11537,92.296,423.3606077367512
11538,92.304,452.3777994977444
11539,92.312,484.09881938650256
11540,92.32,517.0260825631318
11541,92.328,549.925912751831
11542,92.336,581.8814472131384
11543,92.344,612.1986035263462
11544,92.352,640.2451367269
11545,92.36,665.3560880795702
11546,92.368,686.8433491935966
11547,92.376,704.0342475238243
11548,92.384,716.2798663474455
11549,92.392,722.9779051754186
11550,92.4,723.6810652830126
11551,92.408,718.259552684603
11552,92.416,706.9911770378599
11553,92.424,690.4996852934355
11554,92.432,669.5992125531351
11555,92.44,645.1593563184982
11556,92.448,618.0266837717545
11557,92.456,588.9516231789287
11558,92.464,558.5010600306937
11559,92.472,527.0291462492534
11560,92.48,494.77298674792826
11561,92.488,462.0165736044974
11562,92.496,429.1786712989463
11563,92.504,396.75185143804254
11564,92.512,365.1772619272734
11565,92.52,334.7935318021936
11566,92.528,305.8912248363966
11567,92.536,278.7830143580094
11568,92.544,253.8156009934808
11569,92.552,231.36133147428012
11570,92.56,211.8645696214262
11571,92.568,195.91988193596697
11572,92.576,184.26175949484815
11573,92.584,177.59527435957764
11574,92.592,176.34049823540772
11575,92.6,180.41917405348656
11576,92.608,189.12584505554946
11577,92.616,201.02946496829995
11578,92.624,213.8793294771353
11579,92.632,224.5989024587735
11580,92.64,229.47772334709242
11581,92.648,224.55865155142618
11582,92.656,206.09757895959663
11583,92.664,170.98646239501892
11584,92.672,117.13457476840331
11585,92.68,43.832516024706955
11586,92.688,-47.96937112484543
11587,92.696,-155.61665969298153
11588,92.704,-275.0187578751883
11589,92.712,-401.1382615568261
11590,92.72,-528.5271628716812
11591,92.728,-651.808185201327
11592,92.736,-766.1053328558597
11593,92.744,-867.4235209153929
11594,92.752,-952.8970207503952
11595,92.76,-1020.8287142704451
11596,92.768,-1070.5657441281392
11597,92.776,-1102.3584072906722
11598,92.784,-1117.2946665067202
11599,92.792,-1117.2521741124617
11600,92.8,-1104.7543369495882
11601,92.808,-1082.7238188163512
11602,92.816,-1054.243059782918
11603,92.824,-1022.3979333780642
11604,92.832,-990.1552401496047
11605,92.84,-960.1901659343257
11606,92.848,-934.6827138098251
11607,92.856,-915.198522122007
11608,92.864,-902.7199937307499
11609,92.872,-897.7564659392121
11610,92.88,-900.4199091124053
11611,92.888,-910.4532075128501
11612,92.896,-927.2964957314974
11613,92.904,-950.2392001523657
11614,92.912,-978.586333088862
11615,92.92,-1011.7360678542552
11616,92.928,-1049.1671583992265
11617,92.936,-1090.4302703004994
11618,92.944,-1135.1959875357177
11619,92.952,-1183.2915952794394
11620,92.96,-1234.6286536057523
11621,92.968,-1289.0329837313443
11622,92.976,-1346.099090868214
11623,92.984,-1405.157812452922
11624,92.992,-1465.3193977182846
11625,93.0,-1525.5085459019074
11626,93.008,-1584.4855664519703
11627,93.016,-1640.9176671805042
11628,93.024,-1693.521514791239
11629,93.032,-1741.2031296984287
11630,93.04,-1783.1125081169246
11631,93.048,-1818.631483763998
11632,93.056,-1847.3962179396601
11633,93.064,-1869.4041935658886
11634,93.072,-1885.1255197863525
11635,93.08,-1895.4960566738084
11636,93.088,-1901.7693994445494
11637,93.096,-1905.3212521619016
11638,93.104,-1907.4959915120508
11639,93.112,-1909.4882212411642
11640,93.12,-1912.2119872425337
11641,93.128,-1916.1843587580356
11642,93.136,-1921.5201514921523
11643,93.144,-1928.0757712401412
11644,93.152,-1935.6482863375993
11645,93.16,-1944.098898641341
11646,93.168,-1953.3725948504907
11647,93.176,-1963.4926416113847
11648,93.184,-1974.5872225442272
11649,93.192,-1986.9047234665306
11650,93.2,-2000.7543822076357
11651,93.208,-2016.404938906343
11652,93.216,-2034.0458784444868
11653,93.224,-2053.848619258928
11654,93.232,-2076.0331243354603
11655,93.24,-2100.822412000865
11656,93.248,-2128.291507441618
11657,93.256,-2158.236871709185
11658,93.264,-2190.158616792797
11659,93.272,-2223.3140824913594
11660,93.28,-2256.752483926662
11661,93.288,-2289.328733810312
11662,93.296,-2319.7760828957057
11663,93.304,-2346.864501492759
11664,93.312,-2369.5536348818396
11665,93.32,-2387.032758969745
11666,93.328,-2398.6556197740965
11667,93.336,-2403.8832673090906
11668,93.344,-2402.314614371109
11669,93.352,-2393.7617255676696
11670,93.36,-2378.279320740676
11671,93.368,-2356.141412829757
11672,93.376,-2327.844084816502
11673,93.384,-2294.17048676084
11674,93.392,-2256.242521152011
11675,93.4,-2215.473339573161
11676,93.408,-2173.451657422594
11677,93.416,-2131.8778808871043
11678,93.424,-2092.606838363438
11679,93.432,-2057.706451728711
11680,93.44,-2029.3995343709366
11681,93.448,-2009.863495722014
11682,93.456,-2000.9791601576583
11683,93.464,-2004.1100704531793
11684,93.472,-2019.898169621183
11685,93.48,-2048.035499108283
11686,93.488,-2087.064553525046
11687,93.496,-2134.342795916042
11688,93.504,-2186.243625542764
11689,93.512,-2238.5114546475506
11690,93.52,-2286.6262902072895
11691,93.528,-2326.1222204921087
11692,93.536,-2352.906753817257
11693,93.544,-2363.6035832459415
11694,93.552,-2355.835632173264
11695,93.56,-2328.3428111737967
11696,93.568,-2280.9351427389943
11697,93.576,-2214.3818099348946
11698,93.584,-2130.3041395384366
11699,93.592,-2031.0291533228428
11700,93.6,-1919.3303394021186
11701,93.608,-1798.0816272374814
11702,93.616,-1669.9507089512747
11703,93.624,-1537.2224122167372
11704,93.632,-1401.7177255383556
11705,93.64,-1264.7297191852012
11706,93.648,-1126.9835097030443
11707,93.656,-988.7083650955831
11708,93.664,-849.8571617186977
11709,93.672,-710.3773223195701
11710,93.68,-570.3985666998844
11711,93.688,-430.30483844026617
11712,93.696,-290.76225911108855
11713,93.704,-152.74935723126052
11714,93.712,-17.534189775282695
11715,93.72,113.47491471051184
11716,93.728,238.9750119819419
11717,93.736,357.98738509251046
11718,93.744,469.9643273215611
11719,93.752,574.8156433788441
11720,93.76,672.9297036592926
11721,93.768,765.1935263609666
11722,93.776,852.9479339953372
11723,93.784,937.8531273495282
11724,93.792,1021.7389388514717
11725,93.8,1106.5306355636058
11726,93.808,1194.2397417238465
11727,93.816,1286.9183377957786
11728,93.824,1386.5184053408057
11729,93.832,1494.719309918673
11730,93.84,1612.8240339488282
11731,93.848,1741.7364876109941
11732,93.856,1881.9418173696272
11733,93.864,2033.4395579846716
11734,93.872,2195.6858376650234
11735,93.88,2367.633922975277
11736,93.888,2547.8690680034724
11737,93.896,2734.7367288330634
11738,93.904,2926.3973954331827
11739,93.912,3120.862377552881
11740,93.92,3316.1044950924424
11741,93.928,3510.242016998184
11742,93.936,3701.693204889962
11743,93.944,3889.2297906098356
11744,93.952,4071.9804442102313
11745,93.96,4249.4795842563735
11746,93.968,4421.762406004591
11747,93.976,4589.406213102804
11748,93.984,4753.4495211851445
11749,93.992,4915.2382675373
11750,94.0,5076.287352175624
11751,94.008,5238.157328543392
11752,94.016,5402.267077124755
11753,94.024,5569.62228361399
11754,94.032,5740.571855298907
11755,94.04,5914.7357786173625
11756,94.048,6091.132203412309
11757,94.056,6268.407217308612
11758,94.064,6445.08113280119
11759,94.072,6619.828888126228
11760,94.08,6791.837009705492
11761,94.088,6961.170372070549
11762,94.096,7128.978686566758
11763,94.104,7297.416338708703
11764,94.112,7469.294667673767
11765,94.12,7647.569634388072
11766,94.128,7834.73585995037
11767,94.136,8032.164792890699
11768,94.144,8239.494996420832
11769,94.152,8454.283113842761
11770,94.16,8672.088752099307
11771,94.168,8886.977530964652
11772,94.176,9092.259818336957
11773,94.184,9281.291245658522
11774,94.192,9448.28264508706
11775,94.2,9589.106898241344
11776,94.208,9701.986606125221
11777,94.216,9787.858106902462
11778,94.224,9850.292368439546
11779,94.232,9895.038861720612
11780,94.24,9929.34441111135
11781,94.248,9961.138502233494
11782,94.256,9998.113089862152
11783,94.264,10046.781777340548
11784,94.272,10111.716936177203
11785,94.28,10195.166218697686
11786,94.288,10297.101143204662
11787,94.296,10415.587271557582
11788,94.304,10547.3285911259
11789,94.312,10688.309159403527
11790,94.32,10834.489007428007
11791,94.328,10982.440221749368
11792,94.336,11129.744519718543
11793,94.344,11275.055617107539
11794,94.352,11417.907287633263
11795,94.36,11558.426298926082
11796,94.368,11697.02409399801
11797,94.376,11834.043941795095
11798,94.384,11969.37980647536
11799,94.392,12102.198058496468
11800,94.4,12230.902805725918
11801,94.408,12353.346921932143
11802,94.416,12467.154267872329
11803,94.424,12570.027540588824
11804,94.432,12660.02297859753
11805,94.44,12735.816529758129
11806,94.448,12796.919055452974
11807,94.456,12843.73898094588
11808,94.464,12877.452037421937
11809,94.472,12899.759620326317
11810,94.48,12912.640371395057
11811,94.488,12918.10147524164
11812,94.496,12917.867129416441
11813,94.504,12913.010805231628
11814,94.512,12903.660939280071
11815,94.52,12888.91893217199
11816,94.528,12866.997502364073
11817,94.536,12835.467159484217
11818,94.544,12791.522173870439
11819,94.552,12732.282272760933
11820,94.56,12655.165426817126
11821,94.568,12558.273797535501
11822,94.576,12440.66555965095
11823,94.584,12302.441291745105
11824,94.592,12144.689488010012
11825,94.6,11969.366305260055
11826,94.608,11779.101936128736
11827,94.616,11576.859301362854
11828,94.624,11365.437236672977
11829,94.632,11146.949053079083
11830,94.64,10922.446376231763
11831,94.648,10691.752974919764
11832,94.656,10453.46667997018
11833,94.664,10205.103155901394
11834,94.672,9943.427638489873
11835,94.68,9665.000295866952
11836,94.688,9366.83403144543
11837,94.696,9046.969342476843
11838,94.704,8704.818057129594
11839,94.712,8341.257543709342
11840,94.72,7958.522920038201
11841,94.728,7559.907097377393
11842,94.736,7149.244680559836
11843,94.744,6730.227186715188
11844,94.752,6305.722745963735
11845,94.76,5877.308112872684
11846,94.768,5445.111751962434
11847,94.776,5007.9188421985045
11848,94.784,4563.449569376037
11849,94.792,4108.791430563778
11850,94.8,3640.9820012593354
11851,94.808,3157.6261350707223
11852,94.816,2657.336671955268
11853,94.824,2139.8634165192193
11854,94.832,1605.9535131302848
11855,94.84,1057.0758585012711
11856,94.848,495.0871588175784
11857,94.856,-78.15659018164209
11858,94.864,-661.2076176474621
11859,94.872,-1253.3235534082864
11860,94.88,-1854.5255243527934
11861,94.888,-2465.4243583396074
11862,94.896,-3086.9483823648357
11863,94.904,-3720.0854944418734
11864,94.912,-4365.63805792953
11865,94.92,-5023.951811367079
11866,94.928,-5694.674100631459
11867,94.936,-6376.688411991193
11868,94.944,-7068.31604616917
11869,94.952,-7767.714320045791
11870,94.96,-8473.309517586698
11871,94.968,-9184.153713161226
11872,94.976,-9900.175494225845
11873,94.984,-10622.275967723115
11874,94.992,-11352.150734848285
11875,95.0,-12091.76047756446
11876,95.008,-12842.548000351566
11877,95.016,-13604.633816117881
11878,95.024,-14376.183680837907
11879,95.032,-15153.010396815596
11880,95.04,-15928.422558544094
11881,95.048,-16693.40011159403
11882,95.056,-17437.221461835023
11883,95.064,-18148.55979324444
11884,95.072,-18816.866896539683
11885,95.08,-19433.760332124846
11886,95.088,-19994.199295988226
11887,95.096,-20497.35235778212
11888,95.104,-20947.082214581682
11889,95.112,-21351.927237893768
11890,95.12,-21724.497594004366
11891,95.128,-22080.37054232773
11892,95.136,-22436.721554782704
11893,95.144,-22810.9103569058
11894,95.152,-23219.10328591792
11895,95.16,-23674.947047492897
11896,95.168,-24188.38009636286
11897,95.176,-24764.74777098225
11898,95.184,-25404.34448159891
11899,95.192,-26102.382520267427
11900,95.2,-26849.337152421835
11901,95.208,-27631.68171974389
11902,95.216,-28433.0633979231
11903,95.224,-29235.855800133064
11904,95.232,-30022.842232846964
11905,95.24,-30778.729614036627
11906,95.248,-31491.316639869823
11907,95.256,-32152.286151643464
11908,95.264,-32757.608142582016
11909,95.272,-33307.46995891722
11910,95.28,-33805.66799705531
11911,95.288,-34258.553884733505
11912,95.296,-34673.77790273717
11913,95.304,-35059.059772895336
11914,95.312,-35421.09170523155
11915,95.32,-35764.61694113364
11916,95.328,-36091.78090272544
11917,95.336,-36401.892827363365
11918,95.344,-36691.643629629
11919,95.352,-36955.66388537212
11920,95.36,-37187.24616558765
11921,95.368,-37379.140281356325
11922,95.376,-37524.414503125125
11923,95.384,-37617.33131159003
11924,95.392,-37654.07152876772
11925,95.4,-37633.12121637084
11926,95.408,-37555.26466169249
11927,95.416,-37423.27874557621
11928,95.424,-37241.44685205703
11929,95.432,-37014.924165563265
11930,95.44,-36748.962238281696
11931,95.448,-36448.10660853535
11932,95.456,-36115.57134979337
11933,95.464,-35752.92131679703
11934,95.472,-35360.02840602567
11935,95.48,-34935.200992805665
11936,95.488,-34475.45213765618
11937,95.496,-33976.92917422658
11938,95.504,-33435.46374294503
11939,95.512,-32847.08702321852
11940,95.52,-32208.34855122875
11941,95.528,-31516.409224135496
11942,95.536,-30769.011786612497
11943,95.544,-29964.430133198664
11944,95.552,-29101.389394337904
11945,95.56,-28178.890752254352
11946,95.568,-27195.95367838919
11947,95.576,-26151.390517319272
11948,95.584,-25043.69521051433
11949,95.592,-23870.998069653037
11950,95.6,-22630.99900710811
11951,95.608,-21320.89734128564
11952,95.616,-19937.437049989952
11953,95.624,-18477.140660245102
11954,95.632,-16936.66527002599
11955,95.64,-15313.144207153933
11956,95.648,-13604.431985934089
11957,95.656,-11809.245996528613
11958,95.664,-9927.18613125651
11959,95.672,-7958.543250875621
11960,95.68,-5903.811566934774
11961,95.688,-3762.944668233504
11962,95.696,-1534.52554407291
11963,95.704,784.9703239733873
11964,95.712,3201.721646403711
11965,95.72,5724.848043053077
11966,95.728,8366.290439279706
11967,95.736,11140.074667912017
11968,95.744,14060.824906613527
11969,95.752,17141.57664186143
11970,95.76,20391.075857996457
11971,95.768,23810.795132937044
11972,95.776,27391.967134847986
11973,95.784,31113.13739085731
11974,95.792,34938.9895130797
11975,95.8,38821.28984781025
11976,95.808,42702.63738828014
11977,95.816,46523.385714846045
11978,95.824,50231.74294084737
11979,95.832,53796.605065967015
11980,95.84,57221.99825994269
11981,95.848,60561.10996882545
11982,95.856,63927.02311391913
11983,95.864,67496.72947615798
11984,95.872,71504.92869295063
11985,95.88,76224.53537417746
11986,95.888,81931.81875543439
11987,95.896,88855.91195708085
11988,95.904,97115.18264332319
11989,95.912,106646.43261008589
11990,95.92,117136.53704869778
11991,95.928,127969.383368493
11992,95.936,138203.2712394276
11993,95.944,146594.41318656318
11994,95.952,151679.85311623354
11995,95.96,151927.10466782658
11996,95.968,145947.41804064214
11997,95.976,132755.02458090935
11998,95.984,112036.70941034795
11999,95.992,84376.20175507832
12000,96.0,51358.39711134973
12001,96.008,15469.007095909812
