sample_index,device_timestamp_ms,host_timestamp_ms,host_monotonic_ns,ir,red
2128,21280.0,1790707266605,12215716614200,1128.0,24.0
2129,21290.0,1790707266606,12215718089300,1056.0,38.0
2130,21300.0,1790707266608,12215719739600,1008.0,44.0
2131,21310.0,1790707266642,12215753732400,975.0,26.0
2132,21320.0,1790707266643,12215755450700,963.0,16.0
2133,21330.0,1790707266646,12215757810600,951.0,13.0
2134,21340.0,1790707266648,12215760091000,938.0,27.0
2135,21350.0,1790707266653,12215764752500,932.0,37.0
2136,21360.0,1790707266655,12215766989700,924.0,35.0
2137,21370.0,1790707266656,12215768145400,905.0,18.0
2138,21380.0,1790707266662,12215773699500,891.0,31.0
2139,21390.0,1790707266671,12215783323200,889.0,30.0
2140,21400.0,1790707266680,12215792012900,893.0,21.0
2141,21410.0,1790707266690,12215802191300,879.0,14.0
2142,21420.0,1790707266700,12215812112200,884.0,26.0
2143,21430.0,1790707266710,12215822065500,871.0,22.0
2144,21440.0,1790707266734,12215845559900,890.0,21.0
2145,21450.0,1790707266738,12215849778300,883.0,31.0
2146,21460.0,1790707266740,12215852098100,876.0,29.0
2147,21470.0,1790707266751,12215863407100,888.0,28.0
2148,21480.0,1790707266762,12215873473300,867.0,33.0
2149,21490.0,1790707266781,12215892838400,872.0,33.0
2150,21500.0,1790707266783,12215894803900,862.0,18.0
2151,21510.0,1790707266791,12215902487000,872.0,13.0
2152,21520.0,1790707266802,12215913976500,874.0,17.0
2153,21530.0,1790707266811,12215922765300,877.0,0.0
2154,21540.0,1790707266821,12215932621600,876.0,4.0
2155,21550.0,1790707266830,12215942256500,888.0,3.0
2156,21560.0,1790707266841,12215952612600,890.0,9.0
2157,21570.0,1790707266851,12215962562900,876.0,9.0
2158,21580.0,1790707266860,12215972420700,867.0,10.0
2159,21590.0,1790707266871,12215983171800,857.0,12.0
2160,21600.0,1790707266881,12215992876200,846.0,13.0
2161,21610.0,1790707266891,12216002534800,857.0,0.0
2162,21620.0,1790707266901,12216012489400,860.0,0.0
2163,21630.0,1790707266911,12216022598700,868.0,0.0
2164,21640.0,1790707266920,12216032436300,864.0,0.0
2165,21650.0,1790707266930,12216042449500,854.0,0.0
2166,21660.0,1790707266941,12216053001200,874.0,13.0
2167,21670.0,1790707266953,12216065412500,846.0,6.0
2168,21680.0,1790707266961,12216072748000,845.0,5.0
2169,21690.0,1790707266971,12216083040700,853.0,27.0
2170,21700.0,1790707266981,12216093175000,842.0,12.0
2171,21710.0,1790707266994,12216106055500,846.0,20.0
2172,21720.0,1790707267001,12216112522700,852.0,22.0
2173,21730.0,1790707267011,12216122542500,856.0,20.0
2174,21740.0,1790707267021,12216133136800,852.0,19.0
2175,21750.0,1790707267035,12216147401000,849.0,16.0
2176,21760.0,1790707267041,12216152788700,859.0,35.0
2177,21770.0,1790707267089,12216200520200,872.0,26.0
2178,21780.0,1790707267090,12216201792600,857.0,36.0
2179,21790.0,1790707267109,12216221401400,859.0,53.0
2180,21800.0,1790707267112,12216223696200,865.0,34.0
2181,21810.0,1790707267113,12216224736800,886.0,35.0
2182,21820.0,1790707267114,12216226073700,878.0,20.0
2183,21830.0,1790707267115,12216227177600,884.0,28.0
2184,21840.0,1790707267139,12216251205600,871.0,46.0
2185,21850.0,1790707267141,12216252959800,873.0,45.0
2186,21860.0,1790707267142,12216254385200,861.0,48.0
2187,21870.0,1790707267151,12216263057500,872.0,30.0
2188,21880.0,1790707267161,12216273313100,869.0,40.0
2189,21890.0,1790707267171,12216283384100,888.0,36.0
2190,21900.0,1790707267181,12216292827100,877.0,50.0
2191,21910.0,1790707267220,12216332072100,898.0,34.0
2192,21920.0,1790707267221,12216333393400,878.0,49.0
2193,21930.0,1790707267223,12216334744400,877.0,36.0
2194,21940.0,1790707267224,12216336354800,895.0,26.0
2195,21950.0,1790707267232,12216343734400,881.0,30.0
2196,21960.0,1790707267241,12216353350600,877.0,37.0
2197,21970.0,1790707267252,12216364259100,866.0,58.0
2198,21980.0,1790707267273,12216384845700,876.0,38.0
2199,21990.0,1790707267274,12216386089900,866.0,38.0
2200,22000.0,1790707267281,12216393256100,871.0,29.0
2201,22010.0,1790707267299,12216411022400,879.0,28.0
2202,22020.0,1790707267302,12216413577900,878.0,30.0
2203,22030.0,1790707267311,12216423335200,890.0,23.0
2204,22040.0,1790707267375,12216487126600,871.0,37.0
2205,22050.0,1790707267378,12216489850500,890.0,23.0
2206,22060.0,1790707267380,12216491626400,879.0,28.0
2207,22070.0,1790707267381,12216493237300,877.0,27.0
2208,22080.0,1790707267383,12216495168400,871.0,33.0
2209,22090.0,1790707267386,12216497483000,881.0,32.0
2210,22100.0,1790707267387,12216499113400,880.0,27.0
2211,22110.0,1790707267392,12216503534900,880.0,8.0
2212,22120.0,1790707267402,12216514115200,865.0,11.0
2213,22130.0,1790707267412,12216524327100,873.0,20.0
2214,22140.0,1790707267422,12216533997900,895.0,24.0
2215,22150.0,1790707267436,12216548173300,896.0,21.0
2216,22160.0,1790707267443,12216554495300,893.0,35.0
2217,22170.0,1790707267453,12216565196800,893.0,21.0
2218,22180.0,1790707267463,12216574796200,888.0,16.0
2219,22190.0,1790707267473,12216585060300,900.0,1.0
2220,22200.0,1790707267483,12216594942600,903.0,18.0
2221,22210.0,1790707267493,12216604475500,905.0,12.0
2222,22220.0,1790707267503,12216615288900,908.0,15.0
2223,22230.0,1790707267513,12216624847300,910.0,12.0
2224,22240.0,1790707267523,12216634613100,921.0,14.0
2225,22250.0,1790707267533,12216644925400,921.0,4.0
2226,22260.0,1790707267543,12216654780000,921.0,26.0
2227,22270.0,1790707267554,12216665467000,930.0,34.0
2228,22280.0,1790707267563,12216674876400,927.0,34.0
2229,22290.0,1790707267573,12216684601600,936.0,31.0
2230,22300.0,1790707267583,12216694616500,951.0,24.0
2231,22310.0,1790707267593,12216704875700,945.0,24.0
2232,22320.0,1790707267602,12216713572500,952.0,21.0
2233,22330.0,1790707267612,12216723895100,977.0,25.0
2234,22340.0,1790707267622,12216733931700,981.0,34.0
2235,22350.0,1790707267632,12216743774800,1001.0,30.0
2236,22360.0,1790707267642,12216753983100,994.0,47.0
2237,22370.0,1790707267652,12216764021400,1021.0,47.0
2238,22380.0,1790707267662,12216773962000,1026.0,41.0
2239,22390.0,1790707267672,12216783857000,1042.0,47.0
2240,22400.0,1790707267682,12216793905500,1066.0,51.0
2241,22410.0,1790707267692,12216803915900,1067.0,41.0
2242,22420.0,1790707267702,12216813961600,1104.0,22.0
2243,22430.0,1790707267712,12216823986300,1134.0,36.0
2244,22440.0,1790707267722,12216834088000,1175.0,40.0
2245,22450.0,1790707267732,12216844100900,1212.0,44.0
2246,22460.0,1790707267742,12216854340300,1282.0,55.0
2247,22470.0,1790707267752,12216864376100,1342.0,49.0
2248,22480.0,1790707267762,12216874293600,1417.0,55.0
2249,22490.0,1790707267777,12216888772600,1518.0,41.0
2250,22500.0,1790707267783,12216894884600,1626.0,39.0
2251,22510.0,1790707267881,12216993111200,1769.0,35.0
2252,22520.0,1790707267886,12216998107300,1955.0,25.0
2253,22530.0,1790707267891,12217002599900,2165.0,24.0
2254,22540.0,1790707267892,12217004012500,2438.0,50.0
2255,22550.0,1790707267893,12217005154400,2825.0,41.0
2256,22560.0,1790707267894,12217006244600,3265.0,39.0
2257,22570.0,1790707267895,12217007283500,3770.0,41.0
2258,22580.0,1790707267896,12217008295900,4384.0,49.0
2259,22590.0,1790707267897,12217009307100,5118.0,41.0
2260,22600.0,1790707267898,12217010363700,5980.0,47.0
2261,22610.0,1790707267901,12217013138100,6929.0,46.0
2262,22620.0,1790707267903,12217014970900,7938.0,43.0
2263,22630.0,1790707267912,12217024424900,9062.0,35.0
2264,22640.0,1790707267923,12217034472600,10347.0,35.0
2265,22650.0,1790707267933,12217044556200,11895.0,30.0
2266,22660.0,1790707267943,12217054501400,14051.0,31.0
2267,22670.0,1790707267953,12217064574700,17211.0,39.0
2268,22680.0,1790707267963,12217074720000,22125.0,41.0
2269,22690.0,1790707267973,12217084927200,30305.0,51.0
2270,22700.0,1790707267983,12217094905700,44899.0,53.0
2271,22710.0,1790707267993,12217104583700,58889.0,45.0
2272,22720.0,1790707268003,12217114468800,75335.0,37.0
2273,22730.0,1790707268013,12217124606100,91735.0,38.0
2274,22740.0,1790707268023,12217134491400,108045.0,39.0
2275,22750.0,1790707268033,12217144641300,124508.0,44.0
2276,22760.0,1790707268043,12217154653000,140703.0,35.0
2277,22770.0,1790707268053,12217165074700,147011.0,33.0
2278,22780.0,1790707268063,12217174640300,142622.0,40.0
2279,22790.0,1790707268073,12217184968200,140129.0,36.0
2280,22800.0,1790707268083,12217194919900,136023.0,37.0
2281,22810.0,1790707268093,12217204988000,127229.0,51.0
2282,22820.0,1790707268103,12217215184500,114644.0,40.0
2283,22830.0,1790707268113,12217225089600,101530.0,45.0
2284,22840.0,1790707268123,12217235172700,91988.0,32.0
2285,22850.0,1790707268133,12217245041900,86701.0,27.0
2286,22860.0,1790707268144,12217255485800,84594.0,46.0
2287,22870.0,1790707268153,12217264916200,84768.0,39.0
2288,22880.0,1790707268164,12217275501600,85916.0,38.0
2289,22890.0,1790707268174,12217285484500,86934.0,53.0
2290,22900.0,1790707268183,12217294849500,87487.0,41.0
2291,22910.0,1790707268193,12217305242300,88054.0,28.0
2292,22920.0,1790707268204,12217315482000,88471.0,35.0
2293,22930.0,1790707268213,12217325332800,88292.0,38.0
2294,22940.0,1790707268224,12217335722800,87857.0,49.0
2295,22950.0,1790707268234,12217345574300,88084.0,32.0
2296,22960.0,1790707268244,12217355789100,89644.0,43.0
2297,22970.0,1790707268254,12217366086400,92896.0,44.0
2298,22980.0,1790707268264,12217376090000,97610.0,41.0
2299,22990.0,1790707268274,12217386227800,103628.0,65.0
2300,23000.0,1790707268284,12217395990300,111406.0,31.0
2301,23010.0,1790707268294,12217406369700,121840.0,20.0
2302,23020.0,1790707268304,12217416273600,135990.0,26.0
2303,23030.0,1790707268314,12217426332100,153868.0,40.0
2304,23040.0,1790707268324,12217436459900,165097.0,20.0
2305,23050.0,1790707268334,12217446067600,162542.0,39.0
2306,23060.0,1790707268345,12217456466600,162839.0,41.0
2307,23070.0,1790707268354,12217466428900,162559.0,60.0
2308,23080.0,1790707268365,12217476793400,162682.0,53.0
2309,23090.0,1790707268375,12217486708800,161740.0,37.0
2310,23100.0,1790707268384,12217496301900,161020.0,41.0
2311,23110.0,1790707268395,12217506626600,160308.0,48.0
2312,23120.0,1790707268405,12217516815500,159901.0,38.0
2313,23130.0,1790707268414,12217526376900,159641.0,40.0
2314,23140.0,1790707268424,12217536357200,159800.0,23.0
2315,23150.0,1790707268434,12217546142300,160008.0,47.0
2316,23160.0,1790707268445,12217556501500,160234.0,51.0
2317,23170.0,1790707268454,12217566452900,160338.0,48.0
2318,23180.0,1790707268465,12217576602100,160461.0,36.0
2319,23190.0,1790707268475,12217586601600,160484.0,54.0
2320,23200.0,1790707268485,12217596605800,160596.0,53.0
2321,23210.0,1790707268495,12217606713800,160650.0,58.0
2322,23220.0,1790707268505,12217616791400,160708.0,40.0
2323,23230.0,1790707268515,12217626811400,160667.0,41.0
2324,23240.0,1790707268525,12217636789100,160672.0,34.0
2325,23250.0,1790707268535,12217646677400,160617.0,43.0
2326,23260.0,1790707268545,12217657104700,160775.0,39.0
2327,23270.0,1790707268555,12217667174400,161055.0,54.0
2328,23280.0,1790707268566,12217677518300,162044.0,44.0
2329,23290.0,1790707268575,12217686859500,163432.0,55.0
2330,23300.0,1790707268585,12217696857900,163508.0,53.0
2331,23310.0,1790707268595,12217706717100,163473.0,48.0
2332,23320.0,1790707268605,12217716823200,163551.0,56.0
2333,23330.0,1790707268615,12217726721400,163829.0,33.0
2334,23340.0,1790707268625,12217736818100,163610.0,31.0
2335,23350.0,1790707268635,12217746730800,163462.0,26.0
2336,23360.0,1790707268645,12217757216800,163761.0,43.0
2337,23370.0,1790707268655,12217767170000,163955.0,55.0
2338,23380.0,1790707268666,12217777497100,163986.0,52.0
2339,23390.0,1790707268676,12217787512700,164024.0,53.0
2340,23400.0,1790707268684,12217795918600,164014.0,50.0
2341,23410.0,1790707268694,12217805913600,164076.0,48.0
2342,23420.0,1790707268704,12217815961900,164177.0,32.0
2343,23430.0,1790707268716,12217827587100,164238.0,36.0
2344,23440.0,1790707268842,12217953535800,164430.0,38.0
2345,23450.0,1790707268843,12217955176800,164439.0,46.0
2346,23460.0,1790707268844,12217956398700,164375.0,50.0
2347,23470.0,1790707268846,12217957572900,164181.0,58.0
2348,23480.0,1790707268847,12217958806100,164032.0,51.0
2349,23490.0,1790707268848,12217960096900,163828.0,60.0
2350,23500.0,1790707268849,12217961427400,163703.0,42.0
2351,23510.0,1790707268851,12217962592300,163380.0,52.0
2352,23520.0,1790707268852,12217963787700,163165.0,38.0
2353,23530.0,1790707268853,12217964953500,162910.0,42.0
2354,23540.0,1790707268854,12217966085100,162799.0,35.0
2355,23550.0,1790707268855,12217967269700,162756.0,39.0
2356,23560.0,1790707268856,12217968358400,162889.0,51.0
2357,23570.0,1790707268857,12217969442900,162902.0,31.0
2358,23580.0,1790707268864,12217976238700,162669.0,61.0
2359,23590.0,1790707268874,12217986390000,162391.0,56.0
2360,23600.0,1790707268884,12217996378800,162371.0,39.0
2361,23610.0,1790707268894,12218006353900,162216.0,34.0
2362,23620.0,1790707268904,12218016403700,162253.0,47.0
2363,23630.0,1790707268915,12218026465300,162568.0,42.0
2364,23640.0,1790707268925,12218036549400,163426.0,38.0
2365,23650.0,1790707268936,12218047585600,163676.0,43.0
2366,23660.0,1790707268946,12218057571800,163716.0,64.0
2367,23670.0,1790707268956,12218067640900,163899.0,60.0
2368,23680.0,1790707268966,12218078319800,163788.0,56.0
2369,23690.0,1790707268976,12218087888200,163669.0,63.0
2370,23700.0,1790707268986,12218097556400,163533.0,34.0
2371,23710.0,1790707268996,12218107666200,163249.0,54.0
2372,23720.0,1790707269006,12218117478200,162908.0,46.0
2373,23730.0,1790707269015,12218127254200,162619.0,46.0
2374,23740.0,1790707269025,12218136803200,162337.0,50.0
2375,23750.0,1790707269035,12218147112200,162213.0,58.0
2376,23760.0,1790707269045,12218157104300,162168.0,54.0
2377,23770.0,1790707269055,12218167145700,162180.0,69.0
2378,23780.0,1790707269065,12218177111700,162259.0,62.0
2379,23790.0,1790707269076,12218187547400,162399.0,61.0
2380,23800.0,1790707269086,12218197652200,162580.0,61.0
2381,23810.0,1790707269096,12218207852000,162787.0,49.0
2382,23820.0,1790707269106,12218217587300,162978.0,47.0
2383,23830.0,1790707269116,12218227558400,163035.0,65.0
2384,23840.0,1790707269126,12218237949200,163039.0,56.0
2385,23850.0,1790707269136,12218247684400,162843.0,62.0
2386,23860.0,1790707269146,12218257622000,162560.0,50.0
2387,23870.0,1790707269156,12218267977800,162165.0,47.0
2388,23880.0,1790707269166,12218277992800,161983.0,48.0
2389,23890.0,1790707269176,12218287815600,162211.0,67.0
2390,23900.0,1790707269186,12218297904400,162428.0,36.0
2391,23910.0,1790707269196,12218308142400,162454.0,45.0
2392,23920.0,1790707269207,12218318553000,162360.0,42.0
2393,23930.0,1790707269217,12218328556200,162348.0,36.0
2394,23940.0,1790707269227,12218338494400,162501.0,40.0
2395,23950.0,1790707269237,12218348532200,162536.0,44.0
2396,23960.0,1790707269246,12218358353700,162380.0,51.0
2397,23970.0,1790707269257,12218368638400,162147.0,61.0
2398,23980.0,1790707269266,12218378342200,161913.0,51.0
2399,23990.0,1790707269277,12218388676500,161590.0,44.0
2400,24000.0,1790707269287,12218398593500,161194.0,33.0
2401,24010.0,1790707269297,12218408670400,161085.0,45.0
2402,24020.0,1790707269307,12218418705200,161249.0,38.0
2403,24030.0,1790707269317,12218428566400,161321.0,49.0
2404,24040.0,1790707269327,12218438606900,161444.0,51.0
2405,24050.0,1790707269337,12218448928200,161754.0,45.0
2406,24060.0,1790707269347,12218458935000,162160.0,45.0
2407,24070.0,1790707269357,12218469156800,162431.0,50.0
2408,24080.0,1790707269367,12218478715800,162562.0,42.0
2409,24090.0,1790707269377,12218489194500,162695.0,51.0
2410,24100.0,1790707269387,12218498702200,162704.0,39.0
2411,24110.0,1790707269397,12218508766300,162553.0,45.0
2412,24120.0,1790707269407,12218518731200,162270.0,53.0
2413,24130.0,1790707269417,12218528579300,162106.0,40.0
2414,24140.0,1790707269427,12218538856300,162224.0,39.0
2415,24150.0,1790707269437,12218549004000,162622.0,44.0
2416,24160.0,1790707269447,12218558978200,162967.0,40.0
2417,24170.0,1790707269458,12218570130300,163087.0,46.0
2418,24180.0,1790707269467,12218578720100,163161.0,55.0
2419,24190.0,1790707269477,12218589005400,163284.0,50.0
2420,24200.0,1790707269487,12218598804300,163407.0,53.0
2421,24210.0,1790707269497,12218609434600,163342.0,48.0
2422,24220.0,1790707269507,12218619362100,163193.0,47.0
2423,24230.0,1790707269517,12218628957100,163096.0,44.0
2424,24240.0,1790707269527,12218639450700,162931.0,33.0
2425,24250.0,1790707269537,12218649460400,162779.0,40.0
2426,24260.0,1790707269548,12218659561400,162655.0,44.0
2427,24270.0,1790707269558,12218669515400,162815.0,49.0
2428,24280.0,1790707269567,12218679075300,163058.0,53.0
2429,24290.0,1790707269578,12218689664400,163245.0,57.0
2430,24300.0,1790707269587,12218699293200,163300.0,36.0
2431,24310.0,1790707269598,12218709604200,163292.0,43.0
2432,24320.0,1790707269607,12218719413000,163155.0,36.0
2433,24330.0,1790707269617,12218728977900,162973.0,36.0
2434,24340.0,1790707269628,12218739548400,162840.0,32.0
2435,24350.0,1790707269638,12218749575200,162787.0,40.0
2436,24360.0,1790707269647,12218759055900,162642.0,49.0
2437,24370.0,1790707269658,12218769598000,162527.0,36.0
2438,24380.0,1790707269667,12218779189600,162497.0,48.0
2439,24390.0,1790707269678,12218789944700,162546.0,47.0
2440,24400.0,1790707269688,12218799722500,162500.0,41.0
2441,24410.0,1790707269698,12218809673400,162553.0,37.0
2442,24420.0,1790707269708,12218819765500,162759.0,48.0
2443,24430.0,1790707269736,12218848219000,163023.0,38.0
2444,24440.0,1790707269738,12218850220400,163146.0,27.0
2445,24450.0,1790707269739,12218851420300,163320.0,56.0
2446,24460.0,1790707269865,12218977220700,163471.0,51.0
2447,24470.0,1790707269868,12218979722000,163597.0,28.0
2448,24480.0,1790707269869,12218981038300,163596.0,42.0
2449,24490.0,1790707269870,12218982225700,163511.0,34.0
2450,24500.0,1790707269872,12218983491100,163472.0,60.0
2451,24510.0,1790707269873,12218984653500,163479.0,37.0
2452,24520.0,1790707269874,12218985831700,163492.0,39.0
2453,24530.0,1790707269875,12218986987200,163594.0,41.0
2454,24540.0,1790707269876,12218988215900,163610.0,37.0
2455,24550.0,1790707269878,12218989619500,163655.0,38.0
2456,24560.0,1790707269879,12218990885500,163702.0,36.0
2457,24570.0,1790707269882,12218994208300,163686.0,42.0
2458,24580.0,1790707269884,12218995582000,163477.0,42.0
2459,24590.0,1790707269885,12218996698500,163285.0,39.0
2460,24600.0,1790707269886,12218998303300,163143.0,30.0
2461,24610.0,1790707269896,12219008398600,163194.0,43.0
2462,24620.0,1790707269907,12219018477000,163338.0,43.0
2463,24630.0,1790707269917,12219028496900,163451.0,37.0
2464,24640.0,1790707269927,12219038748800,163518.0,42.0
2465,24650.0,1790707269937,12219048552800,163658.0,42.0
2466,24660.0,1790707269947,12219058630600,163719.0,42.0
2467,24670.0,1790707269957,12219069067500,163740.0,50.0
2468,24680.0,1790707269967,12219078867200,163582.0,44.0
2469,24690.0,1790707269977,12219089119500,163367.0,48.0
2470,24700.0,1790707269987,12219098543900,163030.0,42.0
2471,24710.0,1790707269997,12219108717200,162659.0,26.0
2472,24720.0,1790707270007,12219118762300,162340.0,44.0
2473,24730.0,1790707270017,12219128899400,162086.0,34.0
2474,24740.0,1790707270027,12219139019100,161903.0,42.0
2475,24750.0,1790707270038,12219149487400,161906.0,35.0
2476,24760.0,1790707270048,12219159720300,161959.0,29.0
2477,24770.0,1790707270058,12219169794000,162149.0,24.0
2478,24780.0,1790707270068,12219179908900,162356.0,40.0
2479,24790.0,1790707270078,12219190437900,162653.0,33.0
2480,24800.0,1790707270089,12219200839000,162860.0,43.0
2481,24810.0,1790707270099,12219210797900,162936.0,33.0
2482,24820.0,1790707270109,12219220774900,162633.0,36.0
2483,24830.0,1790707270119,12219230901400,162445.0,29.0
2484,24840.0,1790707270129,12219241157400,162214.0,40.0
2485,24850.0,1790707270139,12219251121800,162134.0,44.0
2486,24860.0,1790707270149,12219261088100,162190.0,48.0
2487,24870.0,1790707270159,12219271120200,162331.0,52.0
2488,24880.0,1790707270169,12219281082500,162371.0,51.0
2489,24890.0,1790707270179,12219290486200,162396.0,40.0
2490,24900.0,1790707270189,12219300913400,162393.0,40.0
2491,24910.0,1790707270199,12219310807700,162392.0,32.0
2492,24920.0,1790707270209,12219321147600,162056.0,35.0
2493,24930.0,1790707270218,12219329535700,161692.0,33.0
2494,24940.0,1790707270228,12219339546300,161334.0,41.0
2495,24950.0,1790707270238,12219349699900,161085.0,35.0
2496,24960.0,1790707270248,12219359832700,160818.0,47.0
2497,24970.0,1790707270258,12219369875100,160828.0,41.0
2498,24980.0,1790707270268,12219380036300,160866.0,28.0
2499,24990.0,1790707270278,12219390122500,161071.0,41.0
2500,25000.0,1790707270288,12219400380000,161114.0,31.0
2501,25010.0,1790707270298,12219410429100,161154.0,24.0
2502,25020.0,1790707270308,12219420060800,161079.0,50.0
2503,25030.0,1790707270318,12219430002500,161063.0,44.0
2504,25040.0,1790707270328,12219439784100,160894.0,46.0
2505,25050.0,1790707270338,12219449531600,160796.0,41.0
2506,25060.0,1790707270348,12219459697200,160696.0,41.0
2507,25070.0,1790707270358,12219469735400,160812.0,46.0
2508,25080.0,1790707270368,12219479650600,160971.0,42.0
2509,25090.0,1790707270378,12219489733200,161253.0,30.0
2510,25100.0,1790707270388,12219499867100,161410.0,48.0
2511,25110.0,1790707270398,12219509650200,161555.0,35.0
2512,25120.0,1790707270408,12219519739300,161509.0,30.0
2513,25130.0,1790707270418,12219529851400,161481.0,35.0
2514,25140.0,1790707270428,12219540068700,161299.0,38.0
2515,25150.0,1790707270438,12219550359600,161243.0,49.0
2516,25160.0,1790707270449,12219560497400,161093.0,39.0
2517,25170.0,1790707270459,12219570726900,160964.0,52.0
2518,25180.0,1790707270469,12219580727300,161011.0,35.0
2519,25190.0,1790707270478,12219589849100,161019.0,26.0
2520,25200.0,1790707270488,12219599968100,161010.0,39.0
2521,25210.0,1790707270498,12219609825500,161188.0,37.0
2522,25220.0,1790707270508,12219620267000,161426.0,34.0
2523,25230.0,1790707270518,12219630459700,161787.0,41.0
2524,25240.0,1790707270529,12219640743200,161850.0,30.0
2525,25250.0,1790707270539,12219650751200,161842.0,40.0
2526,25260.0,1790707270549,12219660679000,161677.0,50.0
2527,25270.0,1790707270559,12219671062000,161610.0,56.0
2528,25280.0,1790707270569,12219680488500,161345.0,61.0
2529,25290.0,1790707270579,12219690486800,161137.0,36.0
2530,25300.0,1790707270588,12219699621000,160946.0,24.0
2531,25310.0,1790707270598,12219709782600,160992.0,43.0
2532,25320.0,1790707270608,12219719862500,161022.0,35.0
2533,25330.0,1790707270618,12219729899900,161183.0,42.0
2534,25340.0,1790707270628,12219739926900,161350.0,32.0
2535,25350.0,1790707270638,12219749955100,161632.0,60.0
2536,25360.0,1790707270648,12219759973000,161732.0,46.0
2537,25370.0,1790707270658,12219770058500,161761.0,41.0
2538,25380.0,1790707270668,12219780091000,161566.0,53.0
2539,25390.0,1790707270678,12219790332600,161525.0,46.0
2540,25400.0,1790707270688,12219800100300,161326.0,39.0
2541,25410.0,1790707270698,12219810161200,161250.0,33.0
2542,25420.0,1790707270708,12219819997500,161081.0,44.0
2543,25430.0,1790707270718,12219830188900,161211.0,49.0
2544,25440.0,1790707270732,12219843641900,161443.0,43.0
2545,25450.0,1790707270810,12219921972300,161699.0,40.0
2546,25460.0,1790707270889,12220001446100,161732.0,49.0
2547,25470.0,1790707270891,12220002842900,161933.0,59.0
2548,25480.0,1790707270892,12220004011600,162045.0,48.0
2549,25490.0,1790707270893,12220005098900,162029.0,39.0
2550,25500.0,1790707270894,12220006168500,161827.0,44.0
2551,25510.0,1790707270895,12220007403300,161860.0,39.0
2552,25520.0,1790707270897,12220008805900,162049.0,38.0
2553,25530.0,1790707270898,12220010213600,162412.0,23.0
2554,25540.0,1790707270900,12220011926800,162399.0,29.0
2555,25550.0,1790707270901,12220013049200,162423.0,37.0
2556,25560.0,1790707270902,12220014262500,162302.0,41.0
2557,25570.0,1790707270906,12220018452500,162161.0,54.0
2558,25580.0,1790707270908,12220019764900,161868.0,40.0
2559,25590.0,1790707270909,12220020941000,161595.0,36.0
2560,25600.0,1790707270910,12220022049200,161167.0,34.0
2561,25610.0,1790707270911,12220023116400,160907.0,35.0
2562,25620.0,1790707270912,12220024303000,160501.0,45.0
2563,25630.0,1790707270918,12220030433400,160246.0,33.0
2564,25640.0,1790707270929,12220040560900,160029.0,38.0
2565,25650.0,1790707270939,12220050785900,160344.0,29.0
2566,25660.0,1790707270949,12220060737200,160703.0,53.0
2567,25670.0,1790707270959,12220070733200,161091.0,40.0
2568,25680.0,1790707270969,12220080840400,161235.0,40.0
2569,25690.0,1790707270979,12220090909600,161355.0,38.0
2570,25700.0,1790707270989,12220100560900,161243.0,44.0
2571,25710.0,1790707270999,12220110983200,161185.0,28.0
2572,25720.0,1790707271009,12220120665000,160886.0,37.0
2573,25730.0,1790707271019,12220131192700,160638.0,29.0
2574,25740.0,1790707271029,12220140584900,160305.0,21.0
2575,25750.0,1790707271039,12220150589600,160135.0,23.0
2576,25760.0,1790707271049,12220160873800,160032.0,28.0
2577,25770.0,1790707271059,12220170558500,160102.0,36.0
2578,25780.0,1790707271069,12220180664100,160059.0,52.0
2579,25790.0,1790707271079,12220190798800,160118.0,40.0
2580,25800.0,1790707271089,12220200729400,160133.0,27.0
2581,25810.0,1790707271099,12220210772700,160295.0,39.0
2582,25820.0,1790707271109,12220220850000,160277.0,41.0
2583,25830.0,1790707271119,12220230844500,160249.0,23.0
2584,25840.0,1790707271130,12220242169300,160017.0,41.0
2585,25850.0,1790707271140,12220252290200,159816.0,26.0
2586,25860.0,1790707271150,12220262273800,159564.0,32.0
2587,25870.0,1790707271160,12220272352500,159732.0,21.0
2588,25880.0,1790707271171,12220282611700,159770.0,30.0
2589,25890.0,1790707271180,12220292460700,160051.0,22.0
2590,25900.0,1790707271190,12220302411600,160103.0,38.0
2591,25910.0,1790707271201,12220312844500,160245.0,51.0
2592,25920.0,1790707271211,12220322912600,160179.0,36.0
2593,25930.0,1790707271221,12220332517900,160157.0,31.0
2594,25940.0,1790707271231,12220342662600,160048.0,38.0
2595,25950.0,1790707271241,12220352690900,160024.0,24.0
2596,25960.0,1790707271251,12220362722500,159881.0,28.0
2597,25970.0,1790707271261,12220372653600,159819.0,31.0
2598,25980.0,1790707271271,12220383014400,159752.0,48.0
2599,25990.0,1790707271281,12220393152000,159877.0,42.0
2600,26000.0,1790707271291,12220403355500,159974.0,45.0
2601,26010.0,1790707271301,12220413191700,160169.0,52.0
2602,26020.0,1790707271311,12220423278800,160192.0,26.0
2603,26030.0,1790707271321,12220433385900,160304.0,27.0
2604,26040.0,1790707271332,12220443564000,160225.0,32.0
2605,26050.0,1790707271341,12220453172600,160203.0,28.0
2606,26060.0,1790707271351,12220463203500,160073.0,37.0
2607,26070.0,1790707271361,12220472675400,160004.0,31.0
2608,26080.0,1790707271371,12220482880600,159853.0,31.0
2609,26090.0,1790707271381,12220492895500,159824.0,26.0
2610,26100.0,1790707271391,12220502563300,159741.0,33.0
2611,26110.0,1790707271401,12220512612600,159839.0,32.0
2612,26120.0,1790707271411,12220522734400,159926.0,22.0
2613,26130.0,1790707271421,12220532613600,160190.0,17.0
2614,26140.0,1790707271431,12220542828300,160270.0,31.0
2615,26150.0,1790707271441,12220552731000,160344.0,17.0
2616,26160.0,1790707271450,12220562446900,160243.0,29.0
2617,26170.0,1790707271461,12220572706200,160299.0,31.0
2618,26180.0,1790707271471,12220582761500,160133.0,29.0
2619,26190.0,1790707271481,12220592939600,160097.0,37.0
2620,26200.0,1790707271491,12220602869400,159973.0,24.0
2621,26210.0,1790707271501,12220612627700,160150.0,15.0
2622,26220.0,1790707271511,12220622578000,160060.0,28.0
2623,26230.0,1790707271520,12220632069900,160320.0,36.0
2624,26240.0,1790707271530,12220641814100,160379.0,26.0
2625,26250.0,1790707271540,12220652456500,160461.0,31.0
2626,26260.0,1790707271550,12220662419600,160318.0,39.0
2627,26270.0,1790707271561,12220672475000,160284.0,29.0
2628,26280.0,1790707271571,12220682502300,160100.0,36.0
2629,26290.0,1790707271580,12220692056900,160052.0,40.0
2630,26300.0,1790707271591,12220702666500,159864.0,48.0
2631,26310.0,1790707271600,12220711986100,159819.0,48.0
2632,26320.0,1790707271611,12220722526700,159655.0,39.0
2633,26330.0,1790707271620,12220732352200,159774.0,29.0
2634,26340.0,1790707271630,12220741876600,159912.0,37.0
2635,26350.0,1790707271641,12220752506700,160222.0,24.0
2636,26360.0,1790707271651,12220762504500,160298.0,35.0
2637,26370.0,1790707271660,12220772184000,160504.0,28.0
2638,26380.0,1790707271671,12220782911000,160568.0,44.0
2639,26390.0,1790707271681,12220792721900,160637.0,45.0
2640,26400.0,1790707271692,12220803926400,160525.0,33.0
2641,26410.0,1790707271702,12220814084600,160531.0,44.0
2642,26420.0,1790707271733,12220845194900,160417.0,49.0
2643,26430.0,1790707271735,12220846812500,160601.0,46.0
2644,26440.0,1790707271736,12220847904100,160739.0,38.0
2645,26450.0,1790707271802,12220913915700,161004.0,35.0
2646,26460.0,1790707271859,12220970620500,161112.0,44.0
2647,26470.0,1790707271860,12220972395500,161272.0,25.0
2648,26480.0,1790707271862,12220973727300,161207.0,41.0
2649,26490.0,1790707271863,12220975180400,161225.0,46.0
2650,26500.0,1790707271865,12220977040500,161150.0,38.0
2651,26510.0,1790707271866,12220978275700,161220.0,32.0
2652,26520.0,1790707271868,12220979495100,161021.0,33.0
2653,26530.0,1790707271869,12220980729700,160859.0,37.0
2654,26540.0,1790707271873,12220984479800,160529.0,33.0
2655,26550.0,1790707271874,12220986184000,160403.0,45.0
2656,26560.0,1790707271875,12220987378900,160344.0,34.0
2657,26570.0,1790707271876,12220988460700,160494.0,40.0
2658,26580.0,1790707271878,12220989532900,160496.0,50.0
2659,26590.0,1790707271881,12220992810100,160629.0,31.0
2660,26600.0,1790707271891,12221002646500,160588.0,43.0
2661,26610.0,1790707271901,12221012509900,160653.0,21.0
2662,26620.0,1790707271911,12221022546300,160592.0,36.0
2663,26630.0,1790707271921,12221032537500,160592.0,33.0
2664,26640.0,1790707271931,12221042565500,160441.0,34.0
2665,26650.0,1790707271941,12221052573700,160543.0,17.0
2666,26660.0,1790707271951,12221062897800,160620.0,32.0
2667,26670.0,1790707271961,12221072741800,160852.0,46.0
2668,26680.0,1790707271972,12221083721300,160920.0,41.0
2669,26690.0,1790707271982,12221093500400,161040.0,38.0
2670,26700.0,1790707271992,12221104287800,161011.0,28.0
2671,26710.0,1790707272002,12221114076400,161083.0,30.0
2672,26720.0,1790707272012,12221124227300,160976.0,36.0
2673,26730.0,1790707272022,12221134102600,160973.0,45.0
2674,26740.0,1790707272032,12221144111700,160884.0,23.0
2675,26750.0,1790707272042,12221154300900,160924.0,46.0
2676,26760.0,1790707272052,12221164395400,160851.0,35.0
2677,26770.0,1790707272063,12221174954800,160868.0,45.0
2678,26780.0,1790707272073,12221184580300,160681.0,44.0
2679,26790.0,1790707272082,12221194312600,160593.0,39.0
2680,26800.0,1790707272093,12221204712000,160344.0,44.0
2681,26810.0,1790707272103,12221214737500,160196.0,35.0
2682,26820.0,1790707272112,12221224427900,159987.0,52.0
2683,26830.0,1790707272122,12221234342400,159843.0,24.0
2684,26840.0,1790707272132,12221243589000,159681.0,48.0
2685,26850.0,1790707272141,12221253249100,159820.0,24.0
2686,26860.0,1790707272151,12221263149500,159801.0,39.0
2687,26870.0,1790707272161,12221273032800,159933.0,18.0
2688,26880.0,1790707272172,12221283596000,160040.0,48.0
2689,26890.0,1790707272182,12221293866100,160246.0,56.0
2690,26900.0,1790707272192,12221303680600,160291.0,43.0
2691,26910.0,1790707272202,12221313494500,160410.0,50.0
2692,26920.0,1790707272212,12221323521200,160339.0,44.0
2693,26930.0,1790707272222,12221333617100,160426.0,44.0
2694,26940.0,1790707272232,12221343577900,160360.0,44.0
2695,26950.0,1790707272242,12221353630400,160343.0,30.0
2696,26960.0,1790707272252,12221363926500,160216.0,43.0
2697,26970.0,1790707272262,12221374049800,160231.0,42.0
2698,26980.0,1790707272272,12221384257600,160228.0,31.0
2699,26990.0,1790707272283,12221394607700,160378.0,57.0
2700,27000.0,1790707272293,12221404733900,160449.0,45.0
2701,27010.0,1790707272303,12221414741200,160633.0,43.0
2702,27020.0,1790707272313,12221424833100,160640.0,50.0
2703,27030.0,1790707272323,12221434761600,160721.0,35.0
2704,27040.0,1790707272333,12221444714900,160572.0,39.0
2705,27050.0,1790707272343,12221454822200,160493.0,42.0
2706,27060.0,1790707272353,12221464715700,160326.0,24.0
2707,27070.0,1790707272363,12221474899400,160358.0,49.0
2708,27080.0,1790707272373,12221484822700,160378.0,53.0
2709,27090.0,1790707272383,12221494972000,160706.0,44.0
2710,27100.0,1790707272393,12221504882900,161012.0,57.0
2711,27110.0,1790707272403,12221514562100,161442.0,52.0
2712,27120.0,1790707272413,12221524957700,161501.0,59.0
2713,27130.0,1790707272423,12221534824200,161536.0,37.0
2714,27140.0,1790707272433,12221544711300,161380.0,39.0
2715,27150.0,1790707272443,12221554822600,161267.0,37.0
2716,27160.0,1790707272453,12221564845100,160945.0,29.0
2717,27170.0,1790707272463,12221575004800,160610.0,17.0
2718,27180.0,1790707272473,12221584815600,160156.0,38.0
2719,27190.0,1790707272483,12221594759900,159883.0,48.0
2720,27200.0,1790707272493,12221604850000,159636.0,46.0
2721,27210.0,1790707272503,12221614918000,159544.0,54.0
2722,27220.0,1790707272513,12221625186200,159462.0,54.0
2723,27230.0,1790707272523,12221634982600,159447.0,40.0
2724,27240.0,1790707272533,12221644952200,159400.0,38.0
2725,27250.0,1790707272543,12221655227500,159537.0,24.0
2726,27260.0,1790707272553,12221665032200,159711.0,36.0
2727,27270.0,1790707272563,12221675204200,159980.0,52.0
2728,27280.0,1790707272573,12221685190100,160013.0,52.0
2729,27290.0,1790707272583,12221695132900,160016.0,47.0
2730,27300.0,1790707272593,12221704965400,159925.0,55.0
2731,27310.0,1790707272603,12221714568000,159910.0,43.0
2732,27320.0,1790707272612,12221724134800,159816.0,38.0
2733,27330.0,1790707272622,12221734222300,159773.0,47.0
2734,27340.0,1790707272632,12221743800600,159705.0,53.0
2735,27350.0,1790707272642,12221753841800,159720.0,36.0
2736,27360.0,1790707272653,12221764757900,159559.0,32.0
2737,27370.0,1790707272663,12221774924900,159516.0,49.0
2738,27380.0,1790707272673,12221784645400,159527.0,47.0
2739,27390.0,1790707272684,12221795722900,159564.0,51.0
2740,27400.0,1790707272694,12221805897200,159476.0,44.0
2741,27410.0,1790707272704,12221816178300,159485.0,38.0
2742,27420.0,1790707272714,12221825869300,159650.0,36.0
2743,27430.0,1790707272744,12221856317100,159570.0,32.0
2744,27440.0,1790707272748,12221859795800,159663.0,42.0
2745,27450.0,1790707272750,12221862444600,159955.0,29.0
2746,27460.0,1790707272753,12221864764500,160131.0,51.0
2747,27470.0,1790707272875,12221986941100,160303.0,39.0
2748,27480.0,1790707272876,12221988411200,160423.0,60.0
2749,27490.0,1790707272878,12221989713800,160607.0,52.0
2750,27500.0,1790707272879,12221991191400,160679.0,48.0
2751,27510.0,1790707272881,12221992991200,160698.0,41.0
2752,27520.0,1790707272882,12221994182600,160562.0,46.0
2753,27530.0,1790707272883,12221995349800,160506.0,44.0
2754,27540.0,1790707272885,12221996490900,160367.0,38.0
2755,27550.0,1790707272886,12221997754800,160330.0,49.0
2756,27560.0,1790707272890,12222001657700,160421.0,37.0
2757,27570.0,1790707272891,12222002978500,160735.0,38.0
2758,27580.0,1790707272892,12222004112400,160913.0,43.0
2759,27590.0,1790707272893,12222005171800,161079.0,52.0
2760,27600.0,1790707272894,12222006254800,161089.0,35.0
2761,27610.0,1790707272903,12222014514900,161173.0,50.0
2762,27620.0,1790707272913,12222024907300,161049.0,48.0
2763,27630.0,1790707272923,12222034497500,160973.0,43.0
2764,27640.0,1790707272933,12222044560000,160770.0,31.0
2765,27650.0,1790707272943,12222054542600,160751.0,31.0
2766,27660.0,1790707272953,12222064710900,160833.0,48.0
2767,27670.0,1790707272963,12222074705600,161035.0,47.0
2768,27680.0,1790707272973,12222084729800,161138.0,40.0
2769,27690.0,1790707272983,12222094875700,161252.0,34.0
2770,27700.0,1790707272994,12222105905200,161140.0,45.0
2771,27710.0,1790707273004,12222115923500,161169.0,52.0
2772,27720.0,1790707273014,12222126305500,161077.0,52.0
2773,27730.0,1790707273024,12222136110200,161018.0,40.0
2774,27740.0,1790707273034,12222146070400,160854.0,46.0
2775,27750.0,1790707273044,12222156263000,160700.0,39.0
2776,27760.0,1790707273054,12222166173100,160486.0,35.0
2777,27770.0,1790707273064,12222176353700,160360.0,43.0
2778,27780.0,1790707273074,12222186455000,160291.0,37.0
2779,27790.0,1790707273085,12222196525500,160351.0,60.0
2780,27800.0,1790707273095,12222206788500,160501.0,52.0
2781,27810.0,1790707273105,12222216693900,160813.0,52.0
2782,27820.0,1790707273114,12222226457200,161059.0,50.0
2783,27830.0,1790707273125,12222237044600,161241.0,49.0
2784,27840.0,1790707273135,12222247049200,161311.0,31.0
2785,27850.0,1790707273145,12222256710600,161388.0,35.0
2786,27860.0,1790707273155,12222267109000,161377.0,28.0
2787,27870.0,1790707273165,12222276645100,161337.0,56.0
2788,27880.0,1790707273175,12222287362000,161177.0,44.0
2789,27890.0,1790707273185,12222297231900,160996.0,63.0
2790,27900.0,1790707273195,12222307235400,160824.0,42.0
2791,27910.0,1790707273205,12222317326200,160734.0,36.0
2792,27920.0,1790707273215,12222326697700,160713.0,42.0
2793,27930.0,1790707273224,12222336450500,160826.0,40.0
2794,27940.0,1790707273235,12222347100000,160917.0,51.0
2795,27950.0,1790707273245,12222357013900,161001.0,56.0
2796,27960.0,1790707273255,12222367354900,161003.0,39.0
2797,27970.0,1790707273265,12222376658700,160871.0,40.0
2798,27980.0,1790707273275,12222387266300,160679.0,47.0
2799,27990.0,1790707273285,12222397249100,160639.0,29.0
2800,28000.0,1790707273295,12222407365000,160616.0,49.0
2801,28010.0,1790707273305,12222416941100,160651.0,36.0
2802,28020.0,1790707273314,12222426395400,160678.0,39.0
2803,28030.0,1790707273324,12222435803800,160896.0,47.0
2804,28040.0,1790707273334,12222445575300,160921.0,39.0
2805,28050.0,1790707273343,12222455437800,160923.0,49.0
2806,28060.0,1790707273354,12222465976000,160883.0,35.0
2807,28070.0,1790707273364,12222475967600,160902.0,44.0
2808,28080.0,1790707273374,12222486058900,160892.0,36.0
2809,28090.0,1790707273384,12222495588400,160879.0,55.0
2810,28100.0,1790707273394,12222506088100,160777.0,39.0
2811,28110.0,1790707273404,12222516096300,160646.0,46.0
2812,28120.0,1790707273414,12222526154400,160539.0,51.0
2813,28130.0,1790707273424,12222536464500,160420.0,53.0
2814,28140.0,1790707273435,12222546555600,160304.0,43.0
2815,28150.0,1790707273445,12222556997200,160326.0,47.0
2816,28160.0,1790707273455,12222567177500,160357.0,50.0
2817,28170.0,1790707273465,12222576889300,160580.0,39.0
2818,28180.0,1790707273475,12222587238400,160642.0,41.0
2819,28190.0,1790707273485,12222597163200,160649.0,47.0
2820,28200.0,1790707273495,12222607385800,160592.0,53.0
2821,28210.0,1790707273505,12222617221500,160568.0,62.0
2822,28220.0,1790707273515,12222627312300,160537.0,65.0
2823,28230.0,1790707273524,12222636149800,160514.0,59.0
2824,28240.0,1790707273534,12222646089300,160424.0,58.0
2825,28250.0,1790707273544,12222656235200,160441.0,68.0
2826,28260.0,1790707273554,12222666457600,160304.0,46.0
2827,28270.0,1790707273564,12222676283600,160339.0,53.0
2828,28280.0,1790707273575,12222686774000,160431.0,64.0
2829,28290.0,1790707273585,12222697310900,160530.0,42.0
2830,28300.0,1790707273595,12222706706600,160567.0,59.0
2831,28310.0,1790707273605,12222716772200,160652.0,46.0
2832,28320.0,1790707273615,12222727080600,160821.0,54.0
2833,28330.0,1790707273625,12222737397800,160926.0,67.0
2834,28340.0,1790707273635,12222746637000,160897.0,42.0
2835,28350.0,1790707273645,12222756951200,160843.0,40.0
2836,28360.0,1790707273655,12222767225200,160802.0,57.0
2837,28370.0,1790707273664,12222776259600,160734.0,32.0
2838,28380.0,1790707273674,12222786342300,160747.0,48.0
2839,28390.0,1790707273685,12222796549900,160842.0,37.0
2840,28400.0,1790707273695,12222806625200,160964.0,53.0
2841,28410.0,1790707273705,12222816974400,161039.0,41.0
2842,28420.0,1790707273715,12222827019400,161091.0,52.0
2843,28430.0,1790707273741,12222853462400,161081.0,62.0
2844,28440.0,1790707273745,12222856549600,161026.0,56.0
2845,28450.0,1790707273747,12222859293200,160925.0,53.0
2846,28460.0,1790707273877,12222989270200,160807.0,47.0
2847,28470.0,1790707273879,12222991326100,160813.0,40.0
2848,28480.0,1790707273881,12222993140000,160920.0,43.0
2849,28490.0,1790707273882,12222994322900,161118.0,37.0
2850,28500.0,1790707273884,12222995473500,161360.0,34.0
2851,28510.0,1790707273885,12222996685000,161557.0,40.0
2852,28520.0,1790707273886,12222997917300,161816.0,55.0
2853,28530.0,1790707273887,12222999100200,161864.0,66.0
2854,28540.0,1790707273888,12223000319000,161752.0,45.0
2855,28550.0,1790707273890,12223001505600,161687.0,50.0
2856,28560.0,1790707273891,12223002628700,161593.0,56.0
2857,28570.0,1790707273892,12223003739400,161451.0,35.0
2858,28580.0,1790707273893,12223004795800,161287.0,42.0
2859,28590.0,1790707273896,12223008391400,161106.0,46.0
2860,28600.0,1790707273898,12223009691900,160958.0,44.0
2861,28610.0,1790707273905,12223016467400,160786.0,47.0
2862,28620.0,1790707273914,12223026443300,160782.0,42.0
2863,28630.0,1790707273925,12223036499700,160784.0,56.0
2864,28640.0,1790707273935,12223046580000,160810.0,50.0
2865,28650.0,1790707273945,12223056851500,160873.0,44.0
2866,28660.0,1790707273955,12223066685400,160941.0,41.0
2867,28670.0,1790707273965,12223076722400,160926.0,33.0
2868,28680.0,1790707273975,12223086736200,160935.0,27.0
2869,28690.0,1790707273985,12223096781700,160989.0,43.0
2870,28700.0,1790707273995,12223106781600,161267.0,31.0
2871,28710.0,1790707274006,12223118015300,161524.0,49.0
2872,28720.0,1790707274016,12223128125300,161790.0,53.0
2873,28730.0,1790707274026,12223138042700,161825.0,37.0
2874,28740.0,1790707274036,12223148220700,161817.0,44.0
2875,28750.0,1790707274046,12223158168700,161747.0,45.0
2876,28760.0,1790707274056,12223168156500,161678.0,34.0
2877,28770.0,1790707274066,12223178019700,161529.0,38.0
2878,28780.0,1790707274076,12223188152200,161411.0,45.0
2879,28790.0,1790707274086,12223198097400,161254.0,38.0
2880,28800.0,1790707274096,12223207986400,161166.0,45.0
2881,28810.0,1790707274106,12223218261700,161214.0,50.0
2882,28820.0,1790707274116,12223228328300,161348.0,38.0
2883,28830.0,1790707274126,12223238416300,161317.0,38.0
2884,28840.0,1790707274136,12223248323600,161047.0,55.0
2885,28850.0,1790707274146,12223258176400,160763.0,29.0
2886,28860.0,1790707274157,12223268698000,160664.0,52.0
2887,28870.0,1790707274167,12223278673000,160609.0,39.0
2888,28880.0,1790707274176,12223288198400,160518.0,28.0
2889,28890.0,1790707274187,12223298833900,160329.0,50.0
2890,28900.0,1790707274196,12223308325000,160230.0,41.0
2891,28910.0,1790707274207,12223318894600,160106.0,36.0
2892,28920.0,1790707274217,12223328781300,160062.0,44.0
2893,28930.0,1790707274227,12223338889400,159979.0,49.0
2894,28940.0,1790707274237,12223348972500,159965.0,46.0
2895,28950.0,1790707274247,12223358484200,159986.0,48.0
2896,28960.0,1790707274257,12223368928800,160146.0,37.0
2897,28970.0,1790707274267,12223379058000,160137.0,57.0
2898,28980.0,1790707274277,12223388764900,160013.0,36.0
2899,28990.0,1790707274287,12223399122900,159788.0,44.0
2900,29000.0,1790707274296,12223408350400,159715.0,31.0
2901,29010.0,1790707274306,12223418352900,159785.0,33.0
2902,29020.0,1790707274317,12223428496000,159766.0,45.0
2903,29030.0,1790707274327,12223439046800,159899.0,23.0
2904,29040.0,1790707274337,12223448950500,159876.0,44.0
2905,29050.0,1790707274347,12223458474000,159822.0,55.0
2906,29060.0,1790707274357,12223469068900,159888.0,34.0
2907,29070.0,1790707274367,12223478892800,159787.0,45.0
2908,29080.0,1790707274377,12223489146200,159733.0,52.0
2909,29090.0,1790707274387,12223499115100,159850.0,44.0
2910,29100.0,1790707274397,12223508865500,159955.0,35.0
2911,29110.0,1790707274407,12223519140400,160038.0,33.0
2912,29120.0,1790707274417,12223528770000,160049.0,31.0
2913,29130.0,1790707274427,12223539148200,160060.0,40.0
2914,29140.0,1790707274437,12223549147000,160156.0,49.0
2915,29150.0,1790707274447,12223559002500,160073.0,31.0
2916,29160.0,1790707274457,12223569152900,160061.0,56.0
2917,29170.0,1790707274467,12223579161300,160036.0,39.0
2918,29180.0,1790707274477,12223589141800,160064.0,39.0
2919,29190.0,1790707274487,12223599101400,160074.0,29.0
2920,29200.0,1790707274497,12223608735700,160107.0,38.0
2921,29210.0,1790707274506,12223617672800,160040.0,43.0
2922,29220.0,1790707274516,12223627722100,159978.0,34.0
2923,29230.0,1790707274528,12223639839300,159874.0,26.0
2924,29240.0,1790707274536,12223648176800,159851.0,43.0
2925,29250.0,1790707274546,12223658067800,159848.0,44.0
2926,29260.0,1790707274556,12223668181800,159987.0,37.0
2927,29270.0,1790707274566,12223678292200,160076.0,47.0
2928,29280.0,1790707274576,12223688299400,160161.0,41.0
2929,29290.0,1790707274586,12223698438500,160102.0,42.0
2930,29300.0,1790707274597,12223708545200,160025.0,51.0
2931,29310.0,1790707274607,12223718992100,159921.0,40.0
2932,29320.0,1790707274617,12223729277600,159978.0,39.0
2933,29330.0,1790707274628,12223740094500,160009.0,36.0
2934,29340.0,1790707274638,12223750249600,160139.0,30.0
2935,29350.0,1790707274648,12223760117800,160242.0,36.0
2936,29360.0,1790707274658,12223769840000,160301.0,38.0
2937,29370.0,1790707274668,12223780346800,160255.0,47.0
2938,29380.0,1790707274678,12223790457300,160376.0,28.0
2939,29390.0,1790707274689,12223800672000,160322.0,42.0
2940,29400.0,1790707274698,12223810352700,160234.0,46.0
2941,29410.0,1790707274707,12223819270100,160135.0,38.0
2942,29420.0,1790707274718,12223829623800,160243.0,36.0
2943,29430.0,1790707274733,12223844656100,160289.0,43.0
2944,29440.0,1790707274736,12223848154700,160348.0,35.0
2945,29450.0,1790707274851,12223963321400,160302.0,36.0
2946,29460.0,1790707274854,12223965505800,160290.0,51.0
2947,29470.0,1790707274855,12223966776800,160105.0,53.0
2948,29480.0,1790707274856,12223967975100,160037.0,50.0
2949,29490.0,1790707274857,12223969146100,159848.0,45.0
2950,29500.0,1790707274858,12223970349600,159779.0,52.0
2951,29510.0,1790707274860,12223971588600,159551.0,27.0
2952,29520.0,1790707274861,12223973023200,159566.0,36.0
2953,29530.0,1790707274863,12223974622500,159367.0,28.0
2954,29540.0,1790707274864,12223976343700,159481.0,43.0
2955,29550.0,1790707274866,12223978052000,159425.0,43.0
2956,29560.0,1790707274867,12223979206100,159552.0,42.0
2957,29570.0,1790707274868,12223980350600,159626.0,52.0
2958,29580.0,1790707274877,12223988696700,159644.0,41.0
2959,29590.0,1790707274886,12223998434300,159598.0,39.0
2960,29600.0,1790707274897,12224008834500,159698.0,36.0
2961,29610.0,1790707274907,12224018493300,159661.0,41.0
2962,29620.0,1790707274917,12224028520900,159644.0,20.0
2963,29630.0,1790707274927,12224038578200,159565.0,32.0
2964,29640.0,1790707274937,12224048586700,159622.0,20.0
2965,29650.0,1790707274947,12224058675300,159628.0,29.0
2966,29660.0,1790707274957,12224068624400,159753.0,42.0
2967,29670.0,1790707274967,12224078738100,159940.0,49.0
2968,29680.0,1790707274977,12224088927000,160141.0,56.0
2969,29690.0,1790707274988,12224099956700,160176.0,42.0
2970,29700.0,1790707274998,12224110059700,160158.0,50.0
2971,29710.0,1790707275008,12224120201400,159983.0,36.0
2972,29720.0,1790707275018,12224130234800,159844.0,40.0
2973,29730.0,1790707275028,12224140375700,159659.0,45.0
2974,29740.0,1790707275038,12224150201200,159581.0,50.0
2975,29750.0,1790707275048,12224160314500,159383.0,47.0
2976,29760.0,1790707275058,12224170430100,159387.0,45.0
2977,29770.0,1790707275068,12224180446600,159280.0,48.0
2978,29780.0,1790707275078,12224190155300,159350.0,44.0
2979,29790.0,1790707275088,12224200262000,159282.0,45.0
2980,29800.0,1790707275099,12224210747800,159427.0,26.0
2981,29810.0,1790707275108,12224220355700,159357.0,25.0
2982,29820.0,1790707275118,12224229936000,159425.0,44.0
2983,29830.0,1790707275128,12224239600600,159418.0,31.0
2984,29840.0,1790707275137,12224249249000,159532.0,32.0
2985,29850.0,1790707275147,12224259069100,159450.0,37.0
2986,29860.0,1790707275157,12224269333700,159469.0,44.0
2987,29870.0,1790707275167,12224279126000,159457.0,51.0
2988,29880.0,1790707275177,12224289192000,159479.0,57.0
2989,29890.0,1790707275188,12224299891800,159358.0,58.0
2990,29900.0,1790707275197,12224309198200,159340.0,42.0
2991,29910.0,1790707275208,12224319824100,159244.0,40.0
2992,29920.0,1790707275218,12224329894400,159275.0,41.0
2993,29930.0,1790707275228,12224339566300,159179.0,27.0
2994,29940.0,1790707275238,12224349748200,159230.0,38.0
2995,29950.0,1790707275248,12224360323700,159248.0,36.0
2996,29960.0,1790707275258,12224370409200,159412.0,43.0
2997,29970.0,1790707275269,12224380469000,159496.0,44.0
2998,29980.0,1790707275279,12224390959200,159625.0,55.0
2999,29990.0,1790707275289,12224400809300,159567.0,51.0
3000,30000.0,1790707275299,12224410680900,159561.0,50.0
3001,30010.0,1790707275309,12224420762100,159430.0,30.0
3002,30020.0,1790707275319,12224430851100,159417.0,48.0
3003,30030.0,1790707275329,12224441313800,159339.0,44.0
3004,30040.0,1790707275339,12224450478100,159349.0,51.0
3005,30050.0,1790707275348,12224459912100,159340.0,46.0
3006,30060.0,1790707275358,12224470378000,159378.0,56.0
3007,30070.0,1790707275368,12224480083500,159368.0,38.0
3008,30080.0,1790707275378,12224490040800,159614.0,48.0
3009,30090.0,1790707275389,12224500534000,159653.0,51.0
3010,30100.0,1790707275399,12224510666000,159769.0,39.0
3011,30110.0,1790707275408,12224520352100,159783.0,31.0
3012,30120.0,1790707275418,12224530335300,159899.0,39.0
3013,30130.0,1790707275428,12224540258100,159855.0,32.0
3014,30140.0,1790707275438,12224550333800,159895.0,55.0
3015,30150.0,1790707275449,12224560710300,159831.0,59.0
3016,30160.0,1790707275459,12224570665900,159882.0,43.0
3017,30170.0,1790707275468,12224580411600,159799.0,37.0
3018,30180.0,1790707275478,12224590181500,159813.0,45.0
3019,30190.0,1790707275488,12224599627100,159707.0,48.0
3020,30200.0,1790707275498,12224609681000,159758.0,42.0
3021,30210.0,1790707275508,12224619723300,159648.0,19.0
3022,30220.0,1790707275518,12224629719300,159680.0,39.0
3023,30230.0,1790707275528,12224639762600,159577.0,42.0
3024,30240.0,1790707275538,12224650015800,159586.0,36.0
3025,30250.0,1790707275548,12224659766400,159523.0,54.0
3026,30260.0,1790707275558,12224669826300,159547.0,53.0
3027,30270.0,1790707275568,12224679896100,159384.0,41.0
3028,30280.0,1790707275578,12224689979800,159332.0,40.0
3029,30290.0,1790707275588,12224700160100,159165.0,57.0
3030,30300.0,1790707275598,12224710027900,159077.0,36.0
3031,30310.0,1790707275608,12224720151600,158893.0,36.0
3032,30320.0,1790707275618,12224730175500,158795.0,32.0
3033,30330.0,1790707275628,12224740114500,158612.0,23.0
3034,30340.0,1790707275639,12224750572500,158653.0,38.0
3035,30350.0,1790707275648,12224760361600,158366.0,57.0
3036,30360.0,1790707275658,12224770373600,158431.0,49.0
3037,30370.0,1790707275668,12224780406200,158395.0,41.0
3038,30380.0,1790707275678,12224790193300,158400.0,42.0
3039,30390.0,1790707275688,12224799988500,158359.0,30.0
3040,30400.0,1790707275698,12224810035000,158460.0,21.0
3041,30410.0,1790707275708,12224820279700,158549.0,31.0
3042,30420.0,1790707275718,12224830311200,158515.0,39.0
3043,30430.0,1790707275735,12224846685000,158530.0,29.0
3044,30440.0,1790707275738,12224850334100,158545.0,30.0
3045,30450.0,1790707275822,12224933948600,158527.0,40.0
3046,30460.0,1790707275825,12224936538900,158633.0,44.0
3047,30470.0,1790707275920,12225032097400,158618.0,31.0
3048,30480.0,1790707275922,12225034026100,158745.0,26.0
3049,30490.0,1790707275923,12225035028700,158728.0,21.0
3050,30500.0,1790707275924,12225035972600,158849.0,30.0
3051,30510.0,1790707275925,12225036863100,158828.0,27.0
3052,30520.0,1790707275926,12225037822800,158897.0,38.0
3053,30530.0,1790707275927,12225039427200,158878.0,43.0
3054,30540.0,1790707275929,12225040636000,158991.0,39.0
3055,30550.0,1790707275930,12225041574800,159030.0,41.0
3056,30560.0,1790707275931,12225042481100,159254.0,41.0
3057,30570.0,1790707275931,12225043433900,159197.0,43.0
3058,30580.0,1790707275933,12225044476800,159349.0,42.0
3059,30590.0,1790707275933,12225045406600,159290.0,38.0
3060,30600.0,1790707275934,12225046291000,159327.0,29.0
3061,30610.0,1790707275935,12225047181700,159272.0,36.0
3062,30620.0,1790707275936,12225048054900,159341.0,41.0
3063,30630.0,1790707275937,12225048927000,159202.0,26.0
3064,30640.0,1790707275938,12225050438000,159236.0,37.0
3065,30650.0,1790707275949,12225060564600,159131.0,48.0
3066,30660.0,1790707275959,12225070885200,159212.0,39.0
3067,30670.0,1790707275969,12225080805500,159210.0,27.0
3068,30680.0,1790707275979,12225090680200,159345.0,31.0
3069,30690.0,1790707275989,12225100926300,159357.0,28.0
3070,30700.0,1790707275999,12225110776500,159430.0,27.0
3071,30710.0,1790707276009,12225121226000,159371.0,24.0
3072,30720.0,1790707276019,12225130868000,159480.0,26.0
3073,30730.0,1790707276030,12225141492100,159397.0,28.0
3074,30740.0,1790707276039,12225150875300,159438.0,35.0
3075,30750.0,1790707276049,12225160952300,159376.0,41.0
3076,30760.0,1790707276059,12225170617500,159439.0,30.0
3077,30770.0,1790707276069,12225180667400,159415.0,28.0
3078,30780.0,1790707276079,12225190795200,159524.0,16.0
3079,30790.0,1790707276089,12225200881400,159413.0,37.0
3080,30800.0,1790707276099,12225210957100,159519.0,22.0
3081,30810.0,1790707276109,12225220889700,159474.0,34.0
3082,30820.0,1790707276119,12225230854200,159614.0,35.0
3083,30830.0,1790707276129,12225240954500,159534.0,27.0
3084,30840.0,1790707276140,12225252304400,159596.0,38.0
3085,30850.0,1790707276150,12225262302500,159462.0,39.0
3086,30860.0,1790707276160,12225272355800,159487.0,48.0
3087,30870.0,1790707276170,12225282373000,159399.0,34.0
3088,30880.0,1790707276180,12225292362000,159486.0,32.0
3089,30890.0,1790707276190,12225301925800,159483.0,26.0
3090,30900.0,1790707276200,12225311708300,159588.0,33.0
3091,30910.0,1790707276209,12225321457400,159491.0,29.0
3092,30920.0,1790707276220,12225331712100,159563.0,33.0
3093,30930.0,1790707276230,12225341932200,159473.0,32.0
3094,30940.0,1790707276240,12225351982300,159530.0,32.0
3095,30950.0,1790707276249,12225361418900,159459.0,57.0
3096,30960.0,1790707276260,12225371653700,159564.0,31.0
3097,30970.0,1790707276269,12225381443100,159518.0,47.0
3098,30980.0,1790707276281,12225392901600,159662.0,40.0
3099,30990.0,1790707276291,12225402957900,159707.0,34.0
3100,31000.0,1790707276302,12225414022000,159803.0,37.0
3101,31010.0,1790707276311,12225423451400,159741.0,38.0
3102,31020.0,1790707276321,12225432957800,159804.0,47.0
3103,31030.0,1790707276331,12225442858300,159714.0,56.0
3104,31040.0,1790707276340,12225452295400,159757.0,33.0
3105,31050.0,1790707276350,12225462341400,159632.0,48.0
3106,31060.0,1790707276360,12225472409100,159636.0,46.0
3107,31070.0,1790707276370,12225481499300,159515.0,36.0
3108,31080.0,1790707276380,12225491594000,159507.0,30.0
3109,31090.0,1790707276390,12225501602000,159343.0,58.0
3110,31100.0,1790707276400,12225511646800,159332.0,38.0
3111,31110.0,1790707276410,12225521602200,159267.0,36.0
3112,31120.0,1790707276420,12225531740000,159375.0,28.0
3113,31130.0,1790707276430,12225541858000,159343.0,37.0
3114,31140.0,1790707276440,12225551818600,159521.0,40.0
3115,31150.0,1790707276450,12225561820500,159459.0,35.0
3116,31160.0,1790707276460,12225571541100,159574.0,41.0
3117,31170.0,1790707276471,12225583023600,159516.0,41.0
3118,31180.0,1790707276482,12225593519000,159608.0,48.0
3119,31190.0,1790707276491,12225603457600,159589.0,38.0
3120,31200.0,1790707276501,12225613069300,159691.0,34.0
3121,31210.0,1790707276512,12225623605600,159621.0,41.0
3122,31220.0,1790707276520,12225632190000,159700.0,45.0
3123,31230.0,1790707276530,12225641805000,159618.0,38.0
3124,31240.0,1790707276541,12225653279800,159664.0,44.0
3125,31250.0,1790707276551,12225663334800,159577.0,31.0
3126,31260.0,1790707276562,12225674256300,159645.0,38.0
3127,31270.0,1790707276571,12225683419900,159594.0,46.0
3128,31280.0,1790707276582,12225694026600,159720.0,44.0
3129,31290.0,1790707276591,12225702954800,159722.0,22.0
3130,31300.0,1790707276601,12225712980300,159856.0,24.0
3131,31310.0,1790707276611,12225723125800,159818.0,30.0
3132,31320.0,1790707276621,12225733292200,159923.0,36.0
3133,31330.0,1790707276631,12225743159000,159900.0,37.0
3134,31340.0,1790707276641,12225753306300,160062.0,51.0
3135,31350.0,1790707276651,12225762898000,160082.0,46.0
3136,31360.0,1790707276661,12225772807900,160161.0,32.0
3137,31370.0,1790707276671,12225783139100,160059.0,29.0
3138,31380.0,1790707276681,12225792844000,160040.0,34.0
3139,31390.0,1790707276691,12225802586900,159884.0,23.0
3140,31400.0,1790707276700,12225812333000,159891.0,37.0
3141,31410.0,1790707276730,12225842329000,159864.0,41.0
3142,31420.0,1790707276732,12225844028300,160007.0,38.0
3143,31430.0,1790707276733,12225845281500,160020.0,37.0
3144,31440.0,1790707276784,12225895654800,160159.0,46.0
3145,31450.0,1790707276853,12225965286200,160226.0,45.0
3146,31460.0,1790707276855,12225966930400,160332.0,57.0
3147,31470.0,1790707276856,12225968235400,160290.0,28.0
3148,31480.0,1790707276857,12225969404300,160353.0,46.0
3149,31490.0,1790707276859,12225970645600,160155.0,35.0
3150,31500.0,1790707276860,12225972077800,160111.0,21.0
3151,31510.0,1790707276861,12225973275000,159937.0,52.0
3152,31520.0,1790707276862,12225974425900,159941.0,42.0
3153,31530.0,1790707276864,12225975633000,159939.0,46.0
3154,31540.0,1790707276865,12225976763100,160065.0,36.0
3155,31550.0,1790707276866,12225978056800,160053.0,54.0
3156,31560.0,1790707276867,12225979352500,160161.0,26.0
3157,31570.0,1790707276870,12225982317000,160107.0,33.0
3158,31580.0,1790707276880,12225992362900,160212.0,45.0
3159,31590.0,1790707276890,12226002440300,160171.0,41.0
3160,31600.0,1790707276901,12226012478700,160246.0,49.0
3161,31610.0,1790707276911,12226022901500,160146.0,46.0
3162,31620.0,1790707276921,12226032512000,160176.0,30.0
3163,31630.0,1790707276931,12226042589400,160110.0,40.0
3164,31640.0,1790707276941,12226052589200,160231.0,54.0
3165,31650.0,1790707276951,12226062665300,160271.0,44.0
3166,31660.0,1790707276961,12226072672200,160404.0,42.0
3167,31670.0,1790707276971,12226082616000,160369.0,55.0
3168,31680.0,1790707276981,12226092688500,160433.0,46.0
3169,31690.0,1790707276993,12226104637200,160402.0,28.0
3170,31700.0,1790707277002,12226113902400,160479.0,58.0
3171,31710.0,1790707277012,12226123612000,160426.0,44.0
3172,31720.0,1790707277022,12226133805800,160493.0,35.0
3173,31730.0,1790707277032,12226143970900,160422.0,45.0
3174,31740.0,1790707277042,12226153981000,160465.0,36.0
3175,31750.0,1790707277052,12226163857300,160422.0,38.0
3176,31760.0,1790707277062,12226173789600,160503.0,38.0
3177,31770.0,1790707277072,12226183893700,160513.0,38.0
3178,31780.0,1790707277082,12226193970900,160675.0,29.0
3179,31790.0,1790707277092,12226203528700,160672.0,44.0
3180,31800.0,1790707277102,12226214008200,160642.0,43.0
3181,31810.0,1790707277112,12226223988200,160504.0,62.0
3182,31820.0,1790707277122,12226233948400,160420.0,52.0
3183,31830.0,1790707277132,12226243982700,160285.0,46.0
3184,31840.0,1790707277142,12226254061400,160290.0,30.0
3185,31850.0,1790707277152,12226264247600,160160.0,34.0
3186,31860.0,1790707277162,12226274142700,160230.0,34.0
3187,31870.0,1790707277172,12226284252300,160210.0,41.0
3188,31880.0,1790707277182,12226294259600,160315.0,23.0
3189,31890.0,1790707277192,12226304321900,160335.0,37.0
3190,31900.0,1790707277203,12226314491700,160440.0,31.0
3191,31910.0,1790707277212,12226324108100,160455.0,45.0
3192,31920.0,1790707277222,12226333869800,160552.0,50.0
3193,31930.0,1790707277232,12226343610400,160454.0,43.0
3194,31940.0,1790707277242,12226353541500,160472.0,52.0
3195,31950.0,1790707277251,12226363120600,160408.0,33.0
3196,31960.0,1790707277261,12226373408200,160409.0,47.0
3197,31970.0,1790707277272,12226383561300,160248.0,39.0
3198,31980.0,1790707277282,12226393630600,160176.0,30.0
3199,31990.0,1790707277292,12226403787200,160174.0,48.0
3200,32000.0,1790707277302,12226413753200,160350.0,32.0
3201,32010.0,1790707277312,12226423896200,160363.0,49.0
3202,32020.0,1790707277322,12226434180600,160477.0,47.0
3203,32030.0,1790707277332,12226443904100,160564.0,45.0
3204,32040.0,1790707277342,12226454366200,160736.0,43.0
3205,32050.0,1790707277353,12226464530900,160641.0,43.0
3206,32060.0,1790707277363,12226474521500,160537.0,20.0
3207,32070.0,1790707277373,12226484577700,160445.0,38.0
3208,32080.0,1790707277382,12226494384300,160409.0,43.0
3209,32090.0,1790707277392,12226504324000,160275.0,33.0
3210,32100.0,1790707277403,12226514708500,160267.0,45.0
3211,32110.0,1790707277412,12226524210800,160313.0,48.0
3212,32120.0,1790707277423,12226534688300,160666.0,44.0
3213,32130.0,1790707277433,12226544952200,160803.0,43.0
3214,32140.0,1790707277443,12226554748400,160987.0,65.0
3215,32150.0,1790707277453,12226564994600,161016.0,31.0
3216,32160.0,1790707277462,12226574133300,161086.0,43.0
3217,32170.0,1790707277472,12226584228500,160948.0,34.0
3218,32180.0,1790707277482,12226594256800,160793.0,48.0
3219,32190.0,1790707277492,12226603841900,160464.0,34.0
3220,32200.0,1790707277502,12226614415800,160213.0,61.0
3221,32210.0,1790707277512,12226624021200,159964.0,53.0
3222,32220.0,1790707277522,12226633984000,159933.0,33.0
3223,32230.0,1790707277532,12226643825400,159811.0,63.0
3224,32240.0,1790707277542,12226653908200,159817.0,35.0
3225,32250.0,1790707277552,12226664236400,159742.0,34.0
3226,32260.0,1790707277562,12226674436300,159710.0,37.0
3227,32270.0,1790707277573,12226684497800,159728.0,40.0
3228,32280.0,1790707277583,12226694547900,159640.0,30.0
3229,32290.0,1790707277592,12226704109600,159609.0,45.0
3230,32300.0,1790707277603,12226714671900,159498.0,38.0
3231,32310.0,1790707277613,12226724825800,159440.0,40.0
3232,32320.0,1790707277623,12226735138200,159484.0,49.0
3233,32330.0,1790707277633,12226745111200,159618.0,49.0
3234,32340.0,1790707277643,12226754659900,159710.0,53.0
3235,32350.0,1790707277654,12226765565300,159745.0,34.0
3236,32360.0,1790707277663,12226774795400,159849.0,45.0
3237,32370.0,1790707277672,12226784406500,159883.0,58.0
3238,32380.0,1790707277683,12226794677600,159967.0,44.0
3239,32390.0,1790707277692,12226804271700,159882.0,42.0
3240,32400.0,1790707277702,12226814444300,159913.0,39.0
3241,32410.0,1790707277713,12226824641400,159845.0,44.0
3242,32420.0,1790707277726,12226838221000,159871.0,39.0
3243,32430.0,1790707277852,12226964332000,159810.0,55.0
3244,32440.0,1790707277854,12226966124400,159875.0,53.0
3245,32450.0,1790707277856,12226967488800,159878.0,39.0
3246,32460.0,1790707277857,12226968906500,159948.0,58.0
3247,32470.0,1790707277858,12226970323400,159873.0,55.0
3248,32480.0,1790707277860,12226972188900,159822.0,26.0
3249,32490.0,1790707277861,12226973377500,159670.0,44.0
3250,32500.0,1790707277863,12226974548700,159633.0,36.0
3251,32510.0,1790707277864,12226975954100,159530.0,47.0
3252,32520.0,1790707277865,12226977247900,159533.0,37.0
3253,32530.0,1790707277866,12226978412400,159457.0,44.0
3254,32540.0,1790707277868,12226979531300,159508.0,38.0
3255,32550.0,1790707277869,12226980626800,159530.0,56.0
3256,32560.0,1790707277870,12226981729500,159526.0,52.0
3257,32570.0,1790707277872,12226984370300,159488.0,47.0
3258,32580.0,1790707277882,12226994392500,159577.0,38.0
3259,32590.0,1790707277893,12227004474500,159619.0,37.0
3260,32600.0,1790707277902,12227014460700,159698.0,47.0
3261,32610.0,1790707277913,12227024553900,159700.0,38.0
3262,32620.0,1790707277923,12227034507900,159713.0,52.0
3263,32630.0,1790707277933,12227044611000,159708.0,47.0
3264,32640.0,1790707277943,12227054561900,159613.0,48.0
3265,32650.0,1790707277953,12227064642900,159591.0,56.0
3266,32660.0,1790707277963,12227074659800,159625.0,50.0
3267,32670.0,1790707277973,12227084730900,159535.0,52.0
3268,32680.0,1790707277983,12227094741700,159588.0,41.0
3269,32690.0,1790707277993,12227104780800,159564.0,48.0
3270,32700.0,1790707278004,12227115989500,159546.0,42.0
3271,32710.0,1790707278014,12227125918800,159505.0,32.0
3272,32720.0,1790707278024,12227136198200,159537.0,45.0
3273,32730.0,1790707278034,12227146333500,159496.0,44.0
3274,32740.0,1790707278044,12227156382300,159547.0,54.0
3275,32750.0,1790707278054,12227166464900,159464.0,38.0
3276,32760.0,1790707278064,12227176041700,159534.0,46.0
3277,32770.0,1790707278076,12227188040900,159483.0,43.0
3278,32780.0,1790707278085,12227196504400,159448.0,34.0
3279,32790.0,1790707278094,12227206089400,159341.0,42.0
3280,32800.0,1790707278104,12227216258000,159268.0,46.0
3281,32810.0,1790707278115,12227226553200,159166.0,32.0
3282,32820.0,1790707278124,12227236032400,159135.0,34.0
3283,32830.0,1790707278134,12227245577700,159106.0,39.0
3284,32840.0,1790707278143,12227255276100,159129.0,44.0
3285,32850.0,1790707278153,12227265138500,159115.0,53.0
3286,32860.0,1790707278164,12227275558100,159135.0,55.0
3287,32870.0,1790707278173,12227285110000,159074.0,45.0
3288,32880.0,1790707278184,12227295545800,159156.0,37.0
3289,32890.0,1790707278194,12227305506500,159145.0,62.0
3290,32900.0,1790707278203,12227315268300,159163.0,37.0
3291,32910.0,1790707278214,12227325705700,159096.0,38.0
3292,32920.0,1790707278224,12227335724700,159047.0,57.0
3293,32930.0,1790707278234,12227345817200,158990.0,39.0
3294,32940.0,1790707278244,12227355608100,158973.0,49.0
3295,32950.0,1790707278254,12227365719200,158965.0,45.0
3296,32960.0,1790707278264,12227375876700,159053.0,49.0
3297,32970.0,1790707278274,12227386247500,159081.0,32.0
3298,32980.0,1790707278284,12227395826500,159143.0,52.0
3299,32990.0,1790707278294,12227405738800,159143.0,34.0
3300,33000.0,1790707278304,12227415966600,159197.0,59.0
3301,33010.0,1790707278314,12227426140300,159268.0,46.0
3302,33020.0,1790707278324,12227436352500,159340.0,36.0
3303,33030.0,1790707278335,12227446698000,159384.0,23.0
3304,33040.0,1790707278345,12227456748900,159527.0,49.0
3305,33050.0,1790707278355,12227466815400,159560.0,57.0
3306,33060.0,1790707278365,12227476883700,159587.0,51.0
3307,33070.0,1790707278375,12227487308000,159596.0,63.0
3308,33080.0,1790707278385,12227496950600,159698.0,53.0
3309,33090.0,1790707278395,12227507182100,159781.0,49.0
3310,33100.0,1790707278405,12227517291000,159775.0,51.0
3311,33110.0,1790707278415,12227527251200,159741.0,41.0
3312,33120.0,1790707278425,12227537321000,159728.0,59.0
3313,33130.0,1790707278435,12227547420500,159750.0,56.0
3314,33140.0,1790707278445,12227557185500,159766.0,48.0
3315,33150.0,1790707278455,12227567458100,159769.0,45.0
3316,33160.0,1790707278465,12227577053000,159657.0,63.0
3317,33170.0,1790707278475,12227587342600,159614.0,59.0
3318,33180.0,1790707278485,12227596653800,159614.0,49.0
3319,33190.0,1790707278495,12227606551300,159634.0,41.0
3320,33200.0,1790707278505,12227616739000,159632.0,43.0
3321,33210.0,1790707278515,12227626750600,159677.0,48.0
3322,33220.0,1790707278525,12227636807800,159720.0,45.0
3323,33230.0,1790707278535,12227646818900,159651.0,50.0
3324,33240.0,1790707278545,12227656809800,159541.0,44.0
3325,33250.0,1790707278555,12227666915600,159427.0,51.0
3326,33260.0,1790707278565,12227676965800,159337.0,53.0
3327,33270.0,1790707278577,12227688898200,159298.0,57.0
3328,33280.0,1790707278585,12227697184200,159238.0,50.0
3329,33290.0,1790707278595,12227707394100,159150.0,52.0
3330,33300.0,1790707278606,12227717526100,159120.0,46.0
3331,33310.0,1790707278616,12227727698000,159069.0,44.0
3332,33320.0,1790707278625,12227737417800,159051.0,45.0
3333,33330.0,1790707278636,12227747784500,159090.0,26.0
3334,33340.0,1790707278646,12227757722700,159191.0,51.0
3335,33350.0,1790707278656,12227767647500,159318.0,40.0
3336,33360.0,1790707278666,12227777470500,159447.0,56.0
3337,33370.0,1790707278676,12227787546000,159613.0,38.0
3338,33380.0,1790707278686,12227797843100,159706.0,52.0
3339,33390.0,1790707278696,12227807741500,159736.0,59.0
3340,33400.0,1790707278706,12227817764400,159758.0,52.0
3341,33410.0,1790707278716,12227827765400,159838.0,36.0
3342,33420.0,1790707278728,12227840305200,159860.0,48.0
3343,33430.0,1790707278739,12227850646900,159810.0,32.0
3344,33440.0,1790707278862,12227974434500,159747.0,52.0
3345,33450.0,1790707278864,12227976029000,159701.0,49.0
3346,33460.0,1790707278865,12227977376500,159644.0,49.0
3347,33470.0,1790707278867,12227978672000,159638.0,55.0
3348,33480.0,1790707278868,12227979928500,159655.0,58.0
3349,33490.0,1790707278869,12227981189600,159714.0,44.0
3350,33500.0,1790707278870,12227982418500,159736.0,57.0
3351,33510.0,1790707278872,12227983651700,159871.0,42.0
3352,33520.0,1790707278873,12227985331700,159889.0,49.0
3353,33530.0,1790707278877,12227988746600,159910.0,39.0
3354,33540.0,1790707278878,12227990044700,159852.0,28.0
3355,33550.0,1790707278879,12227991177100,159813.0,20.0
3356,33560.0,1790707278880,12227992300700,159713.0,40.0
3357,33570.0,1790707278881,12227993400400,159669.0,47.0
3358,33580.0,1790707278885,12227996742300,159588.0,54.0
3359,33590.0,1790707278895,12228006774100,159566.0,32.0
3360,33600.0,1790707278905,12228016471800,159611.0,40.0
3361,33610.0,1790707278915,12228026496500,159678.0,36.0
3362,33620.0,1790707278925,12228036566500,159666.0,44.0
3363,33630.0,1790707278935,12228046599500,159631.0,43.0
3364,33640.0,1790707278945,12228056677300,159484.0,36.0
3365,33650.0,1790707278955,12228066634800,159491.0,37.0
3366,33660.0,1790707278965,12228076705700,159398.0,31.0
3367,33670.0,1790707278975,12228086744100,159349.0,60.0
3368,33680.0,1790707278985,12228097061000,159318.0,41.0
3369,33690.0,1790707278995,12228106795500,159338.0,37.0
3370,33700.0,1790707279005,12228116828600,159321.0,60.0
3371,33710.0,1790707279015,12228126796900,159327.0,42.0
3372,33720.0,1790707279027,12228138554300,159355.0,47.0
3373,33730.0,1790707279036,12228147604800,159381.0,39.0
3374,33740.0,1790707279045,12228157424500,159428.0,29.0
3375,33750.0,1790707279055,12228167430600,159413.0,38.0
3376,33760.0,1790707279065,12228177426800,159419.0,43.0
3377,33770.0,1790707279076,12228187588900,159446.0,48.0
3378,33780.0,1790707279086,12228197713000,159468.0,40.0
3379,33790.0,1790707279096,12228207750900,159493.0,35.0
3380,33800.0,1790707279106,12228217942000,159492.0,45.0
3381,33810.0,1790707279116,12228227884000,159583.0,51.0
3382,33820.0,1790707279125,12228237338000,159699.0,45.0
3383,33830.0,1790707279136,12228247924600,159991.0,42.0
3384,33840.0,1790707279145,12228257377000,160324.0,37.0
3385,33850.0,1790707279155,12228267197300,160422.0,40.0
3386,33860.0,1790707279165,12228277176200,160786.0,39.0
3387,33870.0,1790707279175,12228287404900,161042.0,44.0
3388,33880.0,1790707279186,12228297680900,161454.0,37.0
3389,33890.0,1790707279196,12228307631200,161391.0,41.0
3390,33900.0,1790707279205,12228317199300,161325.0,42.0
3391,33910.0,1790707279216,12228327724200,161291.0,50.0
3392,33920.0,1790707279226,12228337633600,160999.0,47.0
3393,33930.0,1790707279236,12228347700700,160886.0,42.0
3394,33940.0,1790707279246,12228357894300,160691.0,34.0
3395,33950.0,1790707279256,12228368041900,160544.0,28.0
3396,33960.0,1790707279267,12228378511900,160378.0,48.0
3397,33970.0,1790707279276,12228388021400,160267.0,34.0
3398,33980.0,1790707279286,12228397861000,160067.0,40.0
3399,33990.0,1790707279296,12228407987900,160045.0,34.0
3400,34000.0,1790707279306,12228418358400,160035.0,48.0
3401,34010.0,1790707279316,12228428200000,159991.0,43.0
3402,34020.0,1790707279326,12228438253500,159990.0,48.0
3403,34030.0,1790707279336,12228447682400,160018.0,43.0
3404,34040.0,1790707279346,12228457737900,159932.0,56.0
3405,34050.0,1790707279356,12228467873100,159891.0,30.0
3406,34060.0,1790707279366,12228477884700,159901.0,39.0
3407,34070.0,1790707279376,12228487840000,159961.0,31.0
3408,34080.0,1790707279386,12228497860900,159909.0,46.0
3409,34090.0,1790707279396,12228507961500,159862.0,32.0
3410,34100.0,1790707279406,12228518232800,159787.0,44.0
3411,34110.0,1790707279416,12228528260600,159814.0,64.0
3412,34120.0,1790707279426,12228538133400,159820.0,45.0
3413,34130.0,1790707279437,12228548875600,159924.0,48.0
3414,34140.0,1790707279448,12228559537500,159976.0,53.0
3415,34150.0,1790707279458,12228569870800,160068.0,30.0
3416,34160.0,1790707279468,12228579779800,160110.0,30.0
3417,34170.0,1790707279478,12228589703900,160244.0,36.0
3418,34180.0,1790707279488,12228599523800,160261.0,34.0
3419,34190.0,1790707279497,12228608716400,160335.0,36.0
3420,34200.0,1790707279507,12228618839600,160333.0,50.0
3421,34210.0,1790707279517,12228628766700,160413.0,45.0
3422,34220.0,1790707279526,12228638238500,160399.0,44.0
3423,34230.0,1790707279537,12228648878600,160451.0,45.0
3424,34240.0,1790707279547,12228658707700,160389.0,63.0
3425,34250.0,1790707279557,12228668957800,160389.0,33.0
3426,34260.0,1790707279567,12228679302400,160338.0,24.0
3427,34270.0,1790707279578,12228689665000,160428.0,46.0
3428,34280.0,1790707279588,12228699837100,160447.0,40.0
3429,34290.0,1790707279598,12228709831100,160596.0,35.0
3430,34300.0,1790707279608,12228719905600,160589.0,36.0
3431,34310.0,1790707279618,12228729885500,160669.0,47.0
3432,34320.0,1790707279628,12228739694100,160649.0,35.0
3433,34330.0,1790707279638,12228749813400,160688.0,42.0
3434,34340.0,1790707279648,12228759915000,160626.0,40.0
3435,34350.0,1790707279658,12228769738200,160671.0,50.0
3436,34360.0,1790707279668,12228779641300,160561.0,47.0
3437,34370.0,1790707279678,12228789819400,160565.0,51.0
3438,34380.0,1790707279688,12228799893200,160523.0,33.0
3439,34390.0,1790707279698,12228810070300,160565.0,29.0
3440,34400.0,1790707279708,12228819803700,160467.0,50.0
3441,34410.0,1790707279740,12228852238400,160529.0,37.0
3442,34420.0,1790707279743,12228854691100,160496.0,34.0
3443,34430.0,1790707279744,12228855895900,160493.0,46.0
3444,34440.0,1790707279794,12228905780900,160391.0,47.0
3445,34450.0,1790707279889,12229001002800,160413.0,44.0
3446,34460.0,1790707279892,12229004089400,160432.0,49.0
3447,34470.0,1790707279893,12229005263200,160529.0,37.0
3448,34480.0,1790707279894,12229006222100,160463.0,37.0
3449,34490.0,1790707279895,12229007203600,160455.0,41.0
3450,34500.0,1790707279896,12229008207800,160366.0,43.0
3451,34510.0,1790707279897,12229009182400,160475.0,38.0
3452,34520.0,1790707279898,12229010151000,160617.0,34.0
3453,34530.0,1790707279901,12229012851800,160663.0,58.0
3454,34540.0,1790707279902,12229013932000,160672.0,50.0
3455,34550.0,1790707279903,12229014892900,160767.0,29.0
3456,34560.0,1790707279904,12229015824600,160767.0,60.0
3457,34570.0,1790707279905,12229016778100,160869.0,38.0
3458,34580.0,1790707279906,12229017936000,160880.0,47.0
3459,34590.0,1790707279907,12229019194500,161018.0,42.0
3460,34600.0,1790707279909,12229020900400,161038.0,37.0
3461,34610.0,1790707279917,12229028801400,161202.0,28.0
3462,34620.0,1790707279927,12229038944200,161231.0,37.0
3463,34630.0,1790707279937,12229048922000,161326.0,41.0
3464,34640.0,1790707279947,12229059001000,161295.0,40.0
3465,34650.0,1790707279957,12229069025900,161276.0,39.0
3466,34660.0,1790707279967,12229079032400,161296.0,52.0
3467,34670.0,1790707279977,12229089065300,161514.0,53.0
3468,34680.0,1790707279987,12229099356500,161488.0,41.0
3469,34690.0,1790707279997,12229108877600,161539.0,31.0
3470,34700.0,1790707280007,12229119015000,161405.0,27.0
3471,34710.0,1790707280017,12229129361300,161280.0,34.0
3472,34720.0,1790707280027,12229139180000,161220.0,29.0
3473,34730.0,1790707280037,12229149424600,161254.0,29.0
3474,34740.0,1790707280047,12229159302000,161226.0,40.0
3475,34750.0,1790707280057,12229169146100,161344.0,52.0
3476,34760.0,1790707280067,12229179263700,161362.0,46.0
3477,34770.0,1790707280077,12229189296500,161424.0,48.0
3478,34780.0,1790707280087,12229199289000,161375.0,69.0
3479,34790.0,1790707280097,12229209370200,161422.0,40.0
3480,34800.0,1790707280107,12229219249900,161309.0,46.0
3481,34810.0,1790707280118,12229229732400,161333.0,47.0
3482,34820.0,1790707280128,12229239855000,161207.0,28.0
3483,34830.0,1790707280137,12229249462200,161186.0,47.0
3484,34840.0,1790707280148,12229259803500,161057.0,53.0
3485,34850.0,1790707280157,12229269445900,161051.0,58.0
3486,34860.0,1790707280169,12229280896200,160985.0,51.0
3487,34870.0,1790707280179,12229291369200,161176.0,48.0
3488,34880.0,1790707280189,12229301201000,161211.0,46.0
3489,34890.0,1790707280199,12229311107000,161353.0,41.0
3490,34900.0,1790707280209,12229321159600,161325.0,37.0
3491,34910.0,1790707280218,12229329991100,161444.0,32.0
3492,34920.0,1790707280228,12229339711100,161363.0,27.0
3493,34930.0,1790707280238,12229349572900,161375.0,46.0
3494,34940.0,1790707280248,12229359504900,161240.0,45.0
3495,34950.0,1790707280258,12229369485500,161196.0,32.0
3496,34960.0,1790707280267,12229379422400,161058.0,47.0
3497,34970.0,1790707280278,12229389669300,161034.0,52.0
3498,34980.0,1790707280288,12229399697700,160900.0,41.0
3499,34990.0,1790707280298,12229409665600,160875.0,49.0
3500,35000.0,1790707280309,12229420530000,160771.0,50.0
3501,35010.0,1790707280319,12229430863900,160846.0,32.0
3502,35020.0,1790707280329,12229440494200,160830.0,42.0
3503,35030.0,1790707280339,12229450497900,160962.0,33.0
3504,35040.0,1790707280349,12229460785900,160994.0,40.0
3505,35050.0,1790707280359,12229470583500,161072.0,26.0
3506,35060.0,1790707280369,12229480761600,161069.0,31.0
3507,35070.0,1790707280379,12229491264200,161168.0,33.0
3508,35080.0,1790707280390,12229501689600,161152.0,44.0
3509,35090.0,1790707280399,12229511240300,161266.0,45.0
3510,35100.0,1790707280409,12229521168500,161205.0,47.0
3511,35110.0,1790707280419,12229531029500,161234.0,47.0
3512,35120.0,1790707280429,12229540886900,161112.0,47.0
3513,35130.0,1790707280439,12229550724200,161013.0,39.0
3514,35140.0,1790707280450,12229561714700,160876.0,40.0
3515,35150.0,1790707280460,12229571675700,160910.0,35.0
3516,35160.0,1790707280470,12229581893000,160937.0,36.0
3517,35170.0,1790707280480,12229591840100,161100.0,30.0
3518,35180.0,1790707280489,12229601320100,160955.0,37.0
3519,35190.0,1790707280500,12229612007200,161044.0,24.0
3520,35200.0,1790707280510,12229621863400,160912.0,42.0
3521,35210.0,1790707280520,12229631921100,160999.0,43.0
3522,35220.0,1790707280530,12229641958800,160963.0,41.0
3523,35230.0,1790707280540,12229652039100,161076.0,35.0
3524,35240.0,1790707280550,12229662415000,161041.0,36.0
3525,35250.0,1790707280560,12229671732400,161036.0,40.0
3526,35260.0,1790707280570,12229681668800,160852.0,28.0
3527,35270.0,1790707280580,12229691558700,160750.0,28.0
3528,35280.0,1790707280589,12229700848000,160673.0,26.0
3529,35290.0,1790707280599,12229710622000,160780.0,30.0
3530,35300.0,1790707280609,12229720505800,160843.0,52.0
3531,35310.0,1790707280619,12229730725900,161082.0,42.0
3532,35320.0,1790707280629,12229740831000,161136.0,48.0
3533,35330.0,1790707280639,12229750747700,161213.0,37.0
3534,35340.0,1790707280649,12229760640500,161171.0,49.0
3535,35350.0,1790707280659,12229770627500,161225.0,30.0
3536,35360.0,1790707280669,12229780711400,161003.0,36.0
3537,35370.0,1790707280679,12229790857800,160900.0,18.0
3538,35380.0,1790707280689,12229801223700,160652.0,28.0
3539,35390.0,1790707280699,12229811174700,160638.0,28.0
3540,35400.0,1790707280717,12229829053200,160515.0,33.0
3541,35410.0,1790707280729,12229841091200,160598.0,32.0
3542,35420.0,1790707280730,12229842428400,160620.0,30.0
3543,35430.0,1790707280808,12229920206400,160815.0,30.0
3544,35440.0,1790707280863,12229974512200,160741.0,37.0
3545,35450.0,1790707280864,12229976005400,160731.0,40.0
3546,35460.0,1790707280865,12229977254300,160579.0,32.0
3547,35470.0,1790707280866,12229978403000,160623.0,27.0
3548,35480.0,1790707280868,12229979593000,160536.0,27.0
3549,35490.0,1790707280869,12229980811400,160619.0,26.0
3550,35500.0,1790707280870,12229981981500,160536.0,44.0
3551,35510.0,1790707280871,12229983167800,160622.0,47.0
3552,35520.0,1790707280873,12229984557500,160578.0,31.0
3553,35530.0,1790707280875,12229986505500,160676.0,52.0
3554,35540.0,1790707280876,12229987860500,160718.0,24.0
3555,35550.0,1790707280877,12229989049200,160988.0,14.0
3556,35560.0,1790707280878,12229990298500,161054.0,37.0
3557,35570.0,1790707280880,12229991535600,161206.0,28.0
3558,35580.0,1790707280889,12230001152100,161194.0,14.0
3559,35590.0,1790707280899,12230010879400,161290.0,23.0
3560,35600.0,1790707280909,12230020931900,161218.0,19.0
3561,35610.0,1790707280919,12230030845900,161235.0,19.0
3562,35620.0,1790707280929,12230040914900,161013.0,14.0
3563,35630.0,1790707280939,12230050987700,160849.0,26.0
3564,35640.0,1790707280949,12230061230500,160490.0,21.0
3565,35650.0,1790707280959,12230071029600,160272.0,37.0
3566,35660.0,1790707280969,12230081106800,159999.0,49.0
3567,35670.0,1790707280979,12230091184000,160014.0,37.0
3568,35680.0,1790707280989,12230101212000,159909.0,27.0
3569,35690.0,1790707280999,12230111389100,160066.0,32.0
3570,35700.0,1790707281009,12230121294800,160042.0,23.0
3571,35710.0,1790707281019,12230131325700,160196.0,25.0
3572,35720.0,1790707281029,12230141242700,160181.0,29.0
3573,35730.0,1790707281039,12230151427900,160236.0,33.0
3574,35740.0,1790707281050,12230161910900,160150.0,30.0
3575,35750.0,1790707281060,12230171652600,160232.0,44.0
3576,35760.0,1790707281069,12230181436000,160101.0,45.0
3577,35770.0,1790707281079,12230191179100,160214.0,52.0
3578,35780.0,1790707281089,12230201189300,160229.0,42.0
3579,35790.0,1790707281100,12230211674500,160370.0,32.0
3580,35800.0,1790707281111,12230222822500,160306.0,45.0
3581,35810.0,1790707281121,12230233261700,160441.0,33.0
3582,35820.0,1790707281130,12230242435800,160392.0,51.0
3583,35830.0,1790707281140,12230251896800,160573.0,46.0
3584,35840.0,1790707281150,12230261860900,160535.0,33.0
3585,35850.0,1790707281160,12230272117400,160627.0,22.0
3586,35860.0,1790707281170,12230281968100,160615.0,50.0
3587,35870.0,1790707281180,12230292044200,160719.0,47.0
3588,35880.0,1790707281190,12230301783800,160718.0,36.0
3589,35890.0,1790707281201,12230313386300,160795.0,38.0
3590,35900.0,1790707281211,12230323133100,160698.0,33.0
3591,35910.0,1790707281221,12230332555400,160732.0,33.0
3592,35920.0,1790707281230,12230342424100,160558.0,39.0
3593,35930.0,1790707281240,12230352268500,160524.0,19.0
3594,35940.0,1790707281250,12230362194100,160337.0,38.0
3595,35950.0,1790707281261,12230372688300,160331.0,35.0
3596,35960.0,1790707281271,12230382482400,160166.0,44.0
3597,35970.0,1790707281282,12230393891400,160276.0,56.0
3598,35980.0,1790707281292,12230403954500,160306.0,49.0
3599,35990.0,1790707281301,12230413059800,160410.0,41.0
3600,36000.0,1790707281311,12230422656300,160353.0,44.0
3601,36010.0,1790707281320,12230432164000,160454.0,26.0
3602,36020.0,1790707281330,12230441847800,160406.0,30.0
3603,36030.0,1790707281340,12230452072800,160443.0,45.0
3604,36040.0,1790707281351,12230463330600,160272.0,44.0
3605,36050.0,1790707281362,12230473519500,160274.0,43.0
3606,36060.0,1790707281371,12230482771500,160149.0,32.0
3607,36070.0,1790707281381,12230492552600,160230.0,45.0
3608,36080.0,1790707281391,12230502587600,160135.0,47.0
3609,36090.0,1790707281401,12230512813600,160179.0,33.0
3610,36100.0,1790707281411,12230522660900,160059.0,49.0
3611,36110.0,1790707281420,12230532355200,160102.0,26.0
3612,36120.0,1790707281431,12230542677900,160045.0,33.0
3613,36130.0,1790707281441,12230552948100,160170.0,16.0
3614,36140.0,1790707281451,12230562830800,160074.0,36.0
3615,36150.0,1790707281460,12230572279900,160144.0,35.0
3616,36160.0,1790707281471,12230582854300,160126.0,30.0
3617,36170.0,1790707281480,12230592376100,160253.0,45.0
3618,36180.0,1790707281492,12230604080400,160174.0,40.0
3619,36190.0,1790707281502,12230614135400,160260.0,30.0
3620,36200.0,1790707281512,12230623725300,160200.0,33.0
3621,36210.0,1790707281521,12230633435900,160287.0,45.0
3622,36220.0,1790707281531,12230642788200,160203.0,30.0
3623,36230.0,1790707281541,12230652867700,160229.0,35.0
3624,36240.0,1790707281551,12230663101400,160163.0,28.0
3625,36250.0,1790707281561,12230672991300,160255.0,25.0
3626,36260.0,1790707281571,12230683371900,160338.0,30.0
3627,36270.0,1790707281581,12230692665100,160626.0,46.0
3628,36280.0,1790707281591,12230702887400,160677.0,49.0
3629,36290.0,1790707281601,12230712855900,160817.0,39.0
3630,36300.0,1790707281611,12230723144800,160816.0,42.0
3631,36310.0,1790707281621,12230733344000,160971.0,40.0
3632,36320.0,1790707281631,12230743073400,160995.0,45.0
3633,36330.0,1790707281641,12230753229000,161152.0,33.0
3634,36340.0,1790707281651,12230763208000,161067.0,29.0
3635,36350.0,1790707281661,12230773374600,161235.0,45.0
3636,36360.0,1790707281671,12230783276900,161218.0,27.0
3637,36370.0,1790707281682,12230793667200,161290.0,24.0
3638,36380.0,1790707281691,12230802895300,161100.0,44.0
3639,36390.0,1790707281701,12230812757000,161099.0,56.0
3640,36400.0,1790707281711,12230823052400,160997.0,46.0
3641,36410.0,1790707281725,12230836576900,160963.0,42.0
3642,36420.0,1790707281793,12230905148500,160824.0,29.0
3643,36430.0,1790707281850,12230962014600,160796.0,37.0
3644,36440.0,1790707281852,12230963491700,160654.0,57.0
3645,36450.0,1790707281853,12230964801200,160702.0,36.0
3646,36460.0,1790707281854,12230965966200,160678.0,28.0
3647,36470.0,1790707281856,12230967554300,160821.0,42.0
3648,36480.0,1790707281857,12230968891300,160816.0,44.0
3649,36490.0,1790707281858,12230970093100,160933.0,38.0
3650,36500.0,1790707281859,12230971296400,160918.0,61.0
3651,36510.0,1790707281860,12230972450300,161039.0,50.0
3652,36520.0,1790707281863,12230975012500,160983.0,50.0
3653,36530.0,1790707281865,12230977425600,161043.0,28.0
3654,36540.0,1790707281867,12230978659300,160979.0,40.0
3655,36550.0,1790707281868,12230979862700,160987.0,27.0
3656,36560.0,1790707281871,12230983158800,160941.0,46.0
3657,36570.0,1790707281881,12230993101900,161011.0,49.0
3658,36580.0,1790707281891,12231003101100,160967.0,33.0
3659,36590.0,1790707281901,12231013205500,161035.0,42.0
3660,36600.0,1790707281911,12231022937800,161024.0,41.0
3661,36610.0,1790707281921,12231033034200,161113.0,37.0
3662,36620.0,1790707281931,12231043312600,161081.0,46.0
3663,36630.0,1790707281942,12231053657700,161113.0,25.0
3664,36640.0,1790707281951,12231063071800,160943.0,49.0
3665,36650.0,1790707281961,12231073451700,160879.0,40.0
3666,36660.0,1790707281971,12231083387500,160750.0,44.0
3667,36670.0,1790707281981,12231093131700,160715.0,33.0
3668,36680.0,1790707281991,12231103136900,160606.0,41.0
3669,36690.0,1790707282001,12231113164800,160676.0,44.0
3670,36700.0,1790707282011,12231123251600,160697.0,48.0
3671,36710.0,1790707282021,12231133305800,160867.0,46.0
3672,36720.0,1790707282032,12231143505000,160908.0,49.0
3673,36730.0,1790707282041,12231153462000,160989.0,34.0
3674,36740.0,1790707282052,12231164458700,160920.0,38.0
3675,36750.0,1790707282062,12231174040700,160907.0,32.0
3676,36760.0,1790707282072,12231183971300,160715.0,34.0
3677,36770.0,1790707282082,12231194160000,160628.0,34.0
3678,36780.0,1790707282092,12231204070700,160514.0,49.0
3679,36790.0,1790707282102,12231214289000,160521.0,42.0
3680,36800.0,1790707282112,12231224431000,160492.0,47.0
3681,36810.0,1790707282122,12231234188800,160643.0,66.0
3682,36820.0,1790707282132,12231244091400,160821.0,48.0
3683,36830.0,1790707282142,12231253935400,161404.0,36.0
3684,36840.0,1790707282152,12231264242400,161827.0,37.0
3685,36850.0,1790707282162,12231274267800,162158.0,13.0
3686,36860.0,1790707282172,12231284010600,162327.0,32.0
3687,36870.0,1790707282182,12231294347600,162829.0,30.0
3688,36880.0,1790707282192,12231304003300,162934.0,30.0
3689,36890.0,1790707282202,12231314409700,162869.0,34.0
3690,36900.0,1790707282212,12231324443100,162769.0,32.0
3691,36910.0,1790707282222,12231334134700,162631.0,40.0
3692,36920.0,1790707282232,12231344329800,162120.0,33.0
3693,36930.0,1790707282242,12231354358300,161546.0,43.0
3694,36940.0,1790707282253,12231364610000,161063.0,33.0
3695,36950.0,1790707282262,12231374407300,160911.0,45.0
3696,36960.0,1790707282272,12231384157300,160641.0,36.0
3697,36970.0,1790707282282,12231394021600,160584.0,37.0
3698,36980.0,1790707282292,12231404322900,160657.0,44.0
3699,36990.0,1790707282302,12231414439400,160821.0,48.0
3700,37000.0,1790707282312,12231424131500,160831.0,36.0
3701,37010.0,1790707282322,12231434141600,160834.0,53.0
3702,37020.0,1790707282332,12231444079100,160743.0,46.0
3703,37030.0,1790707282342,12231454048200,160802.0,37.0
3704,37040.0,1790707282352,12231464003300,160777.0,34.0
3705,37050.0,1790707282362,12231474273300,160809.0,34.0
3706,37060.0,1790707282372,12231483992400,160718.0,31.0
3707,37070.0,1790707282382,12231494096800,160677.0,49.0
3708,37080.0,1790707282394,12231505687300,160640.0,39.0
3709,37090.0,1790707282403,12231514783400,160765.0,43.0
3710,37100.0,1790707282412,12231524428800,160648.0,41.0
3711,37110.0,1790707282463,12231574543800,160677.0,50.0
3712,37120.0,1790707282480,12231591850600,160567.0,48.0
3713,37130.0,1790707282482,12231594005400,160652.0,30.0
3714,37140.0,1790707282484,12231595730100,160530.0,37.0
3715,37150.0,1790707282485,12231597034700,160574.0,43.0
3716,37160.0,1790707282486,12231598230500,160539.0,35.0
3717,37170.0,1790707282488,12231599544400,160605.0,33.0
3718,37180.0,1790707282493,12231604967100,160683.0,35.0
3719,37190.0,1790707282503,12231615280800,160774.0,39.0
3720,37200.0,1790707282513,12231624530500,160748.0,55.0
3721,37210.0,1790707282523,12231634836000,160783.0,41.0
3722,37220.0,1790707282533,12231644549600,160690.0,48.0
3723,37230.0,1790707282543,12231654475000,160653.0,48.0
3724,37240.0,1790707282552,12231664152700,160510.0,44.0
3725,37250.0,1790707282562,12231674317300,160426.0,42.0
3726,37260.0,1790707282575,12231687125400,160290.0,41.0
3727,37270.0,1790707282585,12231697031900,160300.0,37.0
3728,37280.0,1790707282594,12231705848600,160271.0,50.0
3729,37290.0,1790707282604,12231716348400,160345.0,41.0
3730,37300.0,1790707282614,12231725846900,160347.0,57.0
3731,37310.0,1790707282625,12231736885000,160438.0,58.0
3732,37320.0,1790707282634,12231745831900,160371.0,47.0
3733,37330.0,1790707282644,12231755967400,160400.0,42.0
3734,37340.0,1790707282654,12231766335600,160364.0,42.0
3735,37350.0,1790707282664,12231776340000,160378.0,31.0
3736,37360.0,1790707282674,12231786230200,160319.0,42.0
3737,37370.0,1790707282684,12231796379600,160352.0,54.0
3738,37380.0,1790707282694,12231806285500,160299.0,44.0
3739,37390.0,1790707282705,12231816806100,160320.0,51.0
3740,37400.0,1790707282715,12231826689700,160247.0,52.0
3741,37410.0,1790707282725,12231836660000,160256.0,51.0
3742,37420.0,1790707282735,12231846640900,160176.0,43.0
3743,37430.0,1790707282744,12231856097100,160135.0,31.0
3744,37440.0,1790707282755,12231866692800,160049.0,45.0
3745,37450.0,1790707282765,12231876510000,160054.0,39.0
3746,37460.0,1790707282774,12231886266500,159993.0,45.0
3747,37470.0,1790707282785,12231896629100,160016.0,35.0
3748,37480.0,1790707282794,12231906269800,159971.0,33.0
3749,37490.0,1790707282805,12231916873000,160014.0,54.0
3750,37500.0,1790707282815,12231926539400,159988.0,57.0
3751,37510.0,1790707282825,12231936537200,160042.0,46.0
3752,37520.0,1790707282835,12231946845300,160072.0,50.0
3753,37530.0,1790707282844,12231956465600,160142.0,52.0
3754,37540.0,1790707282856,12231967540000,160144.0,41.0
3755,37550.0,1790707282864,12231976437400,160198.0,32.0
3756,37560.0,1790707282874,12231985993800,160176.0,47.0
3757,37570.0,1790707282883,12231995404500,160217.0,22.0
3758,37580.0,1790707282899,12232010525600,160140.0,50.0
3759,37590.0,1790707282959,12232071192600,159954.0,55.0
3760,37600.0,1790707283009,12232121427700,159754.0,40.0
3761,37610.0,1790707283011,12232122849300,159673.0,50.0
3762,37620.0,1790707283012,12232124056100,159600.0,50.0
3763,37630.0,1790707283013,12232125286500,159628.0,49.0
3764,37640.0,1790707283015,12232126593700,159591.0,46.0
3765,37650.0,1790707283016,12232127794700,159649.0,44.0
3766,37660.0,1790707283017,12232129001200,159662.0,54.0
3767,37670.0,1790707283018,12232130217500,159678.0,47.0
3768,37680.0,1790707283019,12232131392400,159665.0,55.0
3769,37690.0,1790707283022,12232133537100,159689.0,40.0
3770,37700.0,1790707283023,12232135143500,159654.0,62.0
3771,37710.0,1790707283024,12232136344400,159633.0,46.0
3772,37720.0,1790707283033,12232145429900,159596.0,42.0
3773,37730.0,1790707283043,12232155430900,159562.0,44.0
3774,37740.0,1790707283054,12232165534400,159479.0,41.0
3775,37750.0,1790707283063,12232175394500,159429.0,44.0
3776,37760.0,1790707283074,12232185477500,159368.0,40.0
3777,37770.0,1790707283084,12232195473500,159386.0,29.0
3778,37780.0,1790707283094,12232205708400,159351.0,53.0
3779,37790.0,1790707283104,12232215884000,159395.0,42.0
3780,37800.0,1790707283114,12232225664300,159439.0,46.0
3781,37810.0,1790707283124,12232236354300,159520.0,61.0
3782,37820.0,1790707283134,12232245745500,159474.0,52.0
3783,37830.0,1790707283144,12232255806500,159446.0,56.0
3784,37840.0,1790707283154,12232265531100,159380.0,44.0
3785,37850.0,1790707283164,12232275500600,159441.0,56.0
3786,37860.0,1790707283174,12232285727600,159370.0,46.0
3787,37870.0,1790707283184,12232295574500,159402.0,39.0
3788,37880.0,1790707283194,12232305576300,159371.0,58.0
3789,37890.0,1790707283204,12232315626400,159388.0,50.0
3790,37900.0,1790707283214,12232325734100,159432.0,44.0
3791,37910.0,1790707283224,12232335734400,159454.0,51.0
3792,37920.0,1790707283234,12232345689200,159487.0,60.0
3793,37930.0,1790707283244,12232355823400,159497.0,49.0
3794,37940.0,1790707283254,12232365799500,159522.0,56.0
3795,37950.0,1790707283264,12232375824000,159601.0,55.0
3796,37960.0,1790707283274,12232385854700,159597.0,58.0
3797,37970.0,1790707283286,12232397481000,159595.0,57.0
3798,37980.0,1790707283296,12232407491800,159546.0,42.0
3799,37990.0,1790707283306,12232417705100,159524.0,43.0
3800,38000.0,1790707283315,12232426693100,159495.0,41.0
3801,38010.0,1790707283325,12232436823600,159499.0,59.0
3802,38020.0,1790707283334,12232446308900,159513.0,54.0
3803,38030.0,1790707283344,12232456287400,159507.0,48.0
3804,38040.0,1790707283354,12232466168200,159502.0,51.0
3805,38050.0,1790707283365,12232477468300,159480.0,45.0
3806,38060.0,1790707283376,12232487976600,159441.0,50.0
3807,38070.0,1790707283385,12232496568300,159427.0,53.0
3808,38080.0,1790707283394,12232506318200,159430.0,46.0
3809,38090.0,1790707283404,12232516063400,159426.0,48.0
3810,38100.0,1790707283414,12232526155800,159460.0,38.0
3811,38110.0,1790707283425,12232536633600,159516.0,49.0
3812,38120.0,1790707283436,12232547543700,159555.0,64.0
3813,38130.0,1790707283446,12232557686200,159589.0,52.0
3814,38140.0,1790707283455,12232566971900,159629.0,41.0
3815,38150.0,1790707283464,12232576268100,159657.0,59.0
3816,38160.0,1790707283474,12232586300200,159686.0,51.0
3817,38170.0,1790707283484,12232596251400,159716.0,55.0
3818,38180.0,1790707283494,12232606449200,159735.0,40.0
3819,38190.0,1790707283505,12232616563000,159753.0,52.0
3820,38200.0,1790707283515,12232626856200,159840.0,48.0
3821,38210.0,1790707283525,12232636533100,159920.0,55.0
3822,38220.0,1790707283535,12232646715500,160025.0,53.0
3823,38230.0,1790707283544,12232656338500,160115.0,46.0
3824,38240.0,1790707283555,12232666647900,160181.0,50.0
3825,38250.0,1790707283565,12232676985200,160226.0,34.0
3826,38260.0,1790707283575,12232686839400,160258.0,40.0
3827,38270.0,1790707283587,12232698951800,160220.0,49.0
3828,38280.0,1790707283596,12232708120100,160192.0,38.0
3829,38290.0,1790707283605,12232717222200,160128.0,46.0
3830,38300.0,1790707283615,12232726898900,160058.0,27.0
3831,38310.0,1790707283625,12232736820100,160011.0,35.0
3832,38320.0,1790707283635,12232747268600,159998.0,56.0
3833,38330.0,1790707283645,12232757017100,159969.0,42.0
3834,38340.0,1790707283655,12232766898500,159971.0,46.0
3835,38350.0,1790707283665,12232777223000,159907.0,31.0
3836,38360.0,1790707283675,12232787265800,159869.0,54.0
3837,38370.0,1790707283685,12232797251600,159786.0,51.0
3838,38380.0,1790707283695,12232806959600,159751.0,41.0
3839,38390.0,1790707283705,12232817241900,159657.0,27.0
3840,38400.0,1790707283715,12232827144200,159583.0,43.0
3841,38410.0,1790707283725,12232837349400,159472.0,38.0
3842,38420.0,1790707283736,12232847506000,159384.0,41.0
3843,38430.0,1790707283746,12232857557500,159298.0,56.0
3844,38440.0,1790707283755,12232867247000,159277.0,64.0
3845,38450.0,1790707283765,12232877226300,159207.0,51.0
3846,38460.0,1790707283775,12232887314100,159152.0,41.0
3847,38470.0,1790707283785,12232897397300,159112.0,44.0
3848,38480.0,1790707283795,12232907390400,159100.0,45.0
3849,38490.0,1790707283805,12232917107600,159051.0,39.0
3850,38500.0,1790707283815,12232927187300,159055.0,31.0
3851,38510.0,1790707283825,12232937226400,159026.0,38.0
3852,38520.0,1790707283835,12232947127200,159133.0,47.0
3853,38530.0,1790707283845,12232957155300,159169.0,51.0
3854,38540.0,1790707283856,12232967932400,159282.0,46.0
3855,38550.0,1790707283866,12232977734300,159330.0,36.0
3856,38560.0,1790707283875,12232987383600,159420.0,33.0
3857,38570.0,1790707283885,12232997214200,159452.0,37.0
3858,38580.0,1790707283895,12233007291600,159535.0,36.0
3859,38590.0,1790707283912,12233024185500,159518.0,32.0
3860,38600.0,1790707283917,12233028892600,159520.0,42.0
3861,38610.0,1790707283996,12233107655400,159467.0,38.0
3862,38620.0,1790707284073,12233184636400,159419.0,36.0
3863,38630.0,1790707284074,12233186197800,159309.0,34.0
3864,38640.0,1790707284076,12233187551700,159231.0,44.0
3865,38650.0,1790707284078,12233190043900,159199.0,34.0
3866,38660.0,1790707284080,12233192068400,159209.0,50.0
3867,38670.0,1790707284081,12233193352700,159270.0,32.0
3868,38680.0,1790707284083,12233194587000,159226.0,40.0
3869,38690.0,1790707284084,12233195780000,159187.0,38.0
3870,38700.0,1790707284085,12233197063200,159229.0,29.0
3871,38710.0,1790707284087,12233198763900,159149.0,43.0
3872,38720.0,1790707284093,12233205006500,159211.0,48.0
3873,38730.0,1790707284095,12233206619700,159212.0,42.0
3874,38740.0,1790707284096,12233208286700,159311.0,39.0
3875,38750.0,1790707284098,12233209537800,159317.0,30.0
3876,38760.0,1790707284099,12233210785200,159391.0,39.0
3877,38770.0,1790707284100,12233212093200,159426.0,40.0
3878,38780.0,1790707284102,12233213541100,159568.0,40.0
3879,38790.0,1790707284106,12233217702300,159599.0,31.0
3880,38800.0,1790707284116,12233227766900,159660.0,45.0
3881,38810.0,1790707284126,12233237744300,159649.0,29.0
3882,38820.0,1790707284136,12233247927800,159679.0,41.0
3883,38830.0,1790707284146,12233257860200,159636.0,53.0
3884,38840.0,1790707284156,12233267860900,159723.0,52.0
3885,38850.0,1790707284166,12233277855000,159748.0,50.0
3886,38860.0,1790707284176,12233287528900,159865.0,42.0
3887,38870.0,1790707284186,12233297766700,159917.0,39.0
3888,38880.0,1790707284196,12233307661400,160011.0,37.0
3889,38890.0,1790707284206,12233317849200,160030.0,29.0
3890,38900.0,1790707284216,12233327693000,160043.0,49.0
3891,38910.0,1790707284226,12233337929800,159966.0,47.0
3892,38920.0,1790707284236,12233348058100,159937.0,41.0
3893,38930.0,1790707284246,12233357990900,159876.0,39.0
3894,38940.0,1790707284256,12233367876200,159864.0,39.0
3895,38950.0,1790707284266,12233378022400,159805.0,33.0
3896,38960.0,1790707284276,12233387954300,159857.0,37.0
3897,38970.0,1790707284286,12233398023700,159856.0,46.0
3898,38980.0,1790707284296,12233408002100,159918.0,35.0
3899,38990.0,1790707284306,12233418093100,159861.0,47.0
3900,39000.0,1790707284316,12233428106000,159909.0,39.0
3901,39010.0,1790707284328,12233440166500,159823.0,37.0
3902,39020.0,1790707284337,12233448918200,159830.0,29.0
3903,39030.0,1790707284346,12233458294600,159746.0,41.0
3904,39040.0,1790707284357,12233468733100,159815.0,38.0
3905,39050.0,1790707284366,12233478417800,159816.0,43.0
3906,39060.0,1790707284376,12233488372900,159917.0,46.0
3907,39070.0,1790707284387,12233498534900,159972.0,48.0
3908,39080.0,1790707284396,12233508351700,160077.0,35.0
3909,39090.0,1790707284407,12233518525600,160092.0,32.0
3910,39100.0,1790707284416,12233528130700,160185.0,42.0
3911,39110.0,1790707284426,12233538159400,160109.0,38.0
3912,39120.0,1790707284436,12233548161300,160145.0,44.0
3913,39130.0,1790707284446,12233558255300,160085.0,31.0
3914,39140.0,1790707284456,12233568423400,160143.0,37.0
3915,39150.0,1790707284466,12233578304700,160125.0,48.0
3916,39160.0,1790707284476,12233588301000,160219.0,52.0
3917,39170.0,1790707284487,12233598576500,160237.0,43.0
3918,39180.0,1790707284497,12233608957400,160305.0,47.0
3919,39190.0,1790707284507,12233618983900,160208.0,36.0
3920,39200.0,1790707284517,12233628567400,160183.0,42.0
3921,39210.0,1790707284527,12233638507800,160015.0,26.0
3922,39220.0,1790707284539,12233651066200,159922.0,41.0
3923,39230.0,1790707284547,12233659189700,159749.0,36.0
3924,39240.0,1790707284557,12233669272400,159683.0,48.0
3925,39250.0,1790707284567,12233678784900,159488.0,37.0
3926,39260.0,1790707284577,12233688777500,159500.0,53.0
3927,39270.0,1790707284589,12233700963600,159388.0,26.0
3928,39280.0,1790707284597,12233709178700,159427.0,59.0
3929,39290.0,1790707284607,12233719105300,159303.0,47.0
3930,39300.0,1790707284617,12233729060900,159343.0,40.0
3931,39310.0,1790707284627,12233738540400,159245.0,30.0
3932,39320.0,1790707284637,12233749337900,159255.0,47.0
3933,39330.0,1790707284647,12233758711900,159176.0,34.0
3934,39340.0,1790707284658,12233769585200,159198.0,23.0
3935,39350.0,1790707284667,12233779326900,159119.0,56.0
3936,39360.0,1790707284677,12233788763600,159167.0,42.0
3937,39370.0,1790707284687,12233798999900,159128.0,44.0
3938,39380.0,1790707284697,12233808777500,159205.0,42.0
3939,39390.0,1790707284707,12233819195000,159180.0,36.0
3940,39400.0,1790707284717,12233829105200,159303.0,43.0
3941,39410.0,1790707284727,12233839279700,159267.0,38.0
3942,39420.0,1790707284737,12233848931000,159355.0,38.0
3943,39430.0,1790707284747,12233859368900,159326.0,41.0
3944,39440.0,1790707284757,12233869037500,159428.0,29.0
3945,39450.0,1790707284767,12233879032300,159422.0,34.0
3946,39460.0,1790707284777,12233889064600,159579.0,35.0
3947,39470.0,1790707284787,12233899174000,159661.0,43.0
3948,39480.0,1790707284798,12233909518400,159855.0,45.0
3949,39490.0,1790707284808,12233919563400,159906.0,50.0
3950,39500.0,1790707284817,12233929207900,160010.0,31.0
3951,39510.0,1790707284828,12233939689900,159955.0,51.0
3952,39520.0,1790707284837,12233949107900,160021.0,44.0
3953,39530.0,1790707284848,12233959576000,159969.0,34.0
3954,39540.0,1790707284858,12233969635100,160061.0,42.0
3955,39550.0,1790707284868,12233979916000,160136.0,34.0
3956,39560.0,1790707284878,12233990041400,160280.0,26.0
3957,39570.0,1790707284888,12233999731400,160302.0,46.0
3958,39580.0,1790707284898,12234010179200,160423.0,36.0
3959,39590.0,1790707284915,12234027272700,160414.0,39.0
3960,39600.0,1790707284918,12234029893700,160408.0,43.0
3961,39610.0,1790707285028,12234139879600,160373.0,48.0
3962,39620.0,1790707285032,12234143535200,160501.0,30.0
3963,39630.0,1790707285033,12234144818400,160469.0,36.0
3964,39640.0,1790707285034,12234145954400,160560.0,47.0
3965,39650.0,1790707285035,12234147160700,160449.0,45.0
3966,39660.0,1790707285037,12234148592000,160333.0,46.0
3967,39670.0,1790707285038,12234150042400,160333.0,46.0
3968,39680.0,1790707285039,12234151278500,160440.0,45.0
3969,39690.0,1790707285041,12234152474700,160418.0,41.0
3970,39700.0,1790707285042,12234153570900,160601.0,61.0
3971,39710.0,1790707285043,12234154637700,160615.0,46.0
3972,39720.0,1790707285044,12234155713200,160958.0,35.0
3973,39730.0,1790707285047,12234159333500,161089.0,29.0
3974,39740.0,1790707285057,12234169440900,161372.0,47.0
3975,39750.0,1790707285068,12234179543100,161451.0,42.0
3976,39760.0,1790707285078,12234189561200,161387.0,36.0
3977,39770.0,1790707285088,12234199526500,161047.0,68.0
3978,39780.0,1790707285098,12234209507700,160841.0,44.0
3979,39790.0,1790707285108,12234219592200,160453.0,60.0
3980,39800.0,1790707285118,12234229581100,160371.0,69.0
3981,39810.0,1790707285128,12234239786400,160224.0,33.0
3982,39820.0,1790707285138,12234250020500,160239.0,45.0
3983,39830.0,1790707285148,12234259736200,160196.0,41.0
3984,39840.0,1790707285158,12234269862400,160205.0,35.0
3985,39850.0,1790707285168,12234279851400,160196.0,37.0
3986,39860.0,1790707285178,12234289864500,160298.0,31.0
3987,39870.0,1790707285188,12234300350900,160281.0,51.0
3988,39880.0,1790707285198,12234309927300,160415.0,44.0
3989,39890.0,1790707285208,12234320159200,160369.0,52.0
3990,39900.0,1790707285218,12234330021200,160445.0,38.0
3991,39910.0,1790707285228,12234340123300,160402.0,36.0
3992,39920.0,1790707285238,12234350372500,160453.0,42.0
3993,39930.0,1790707285248,12234359794100,160388.0,45.0
3994,39940.0,1790707285258,12234370036100,160443.0,25.0
3995,39950.0,1790707285268,12234379942400,160347.0,48.0
3996,39960.0,1790707285278,12234389919500,160399.0,40.0
3997,39970.0,1790707285288,12234400306000,160360.0,34.0
3998,39980.0,1790707285298,12234410067800,160476.0,43.0
3999,39990.0,1790707285308,12234420011000,160407.0,44.0
4000,40000.0,1790707285318,12234430112500,160482.0,61.0
4001,40010.0,1790707285328,12234440093900,160394.0,54.0
4002,40020.0,1790707285338,12234450230700,160354.0,40.0
4003,40030.0,1790707285348,12234460222800,160093.0,40.0
4004,40040.0,1790707285358,12234470281800,159996.0,39.0
4005,40050.0,1790707285369,12234480514000,159804.0,18.0
4006,40060.0,1790707285378,12234490283600,159768.0,35.0
4007,40070.0,1790707285388,12234500311200,159608.0,55.0
4008,40080.0,1790707285398,12234510357700,159616.0,46.0
4009,40090.0,1790707285408,12234520416800,159521.0,58.0
4010,40100.0,1790707285418,12234530421400,159569.0,37.0
4011,40110.0,1790707285429,12234540591000,159452.0,51.0
4012,40120.0,1790707285440,12234551528800,159429.0,51.0
4013,40130.0,1790707285449,12234560515200,159351.0,29.0
4014,40140.0,1790707285459,12234570887400,159457.0,42.0
4015,40150.0,1790707285469,12234580639600,159374.0,39.0
4016,40160.0,1790707285479,12234590710800,159418.0,34.0
4017,40170.0,1790707285489,12234600523300,159302.0,25.0
4018,40180.0,1790707285499,12234610469700,159329.0,39.0
4019,40190.0,1790707285509,12234620622900,159224.0,49.0
4020,40200.0,1790707285519,12234630503700,159290.0,40.0
4021,40210.0,1790707285529,12234640564500,159224.0,36.0
4022,40220.0,1790707285541,12234652770400,159300.0,38.0
4023,40230.0,1790707285550,12234662255200,159243.0,47.0
4024,40240.0,1790707285560,12234672085400,159339.0,38.0
4025,40250.0,1790707285570,12234682171400,159208.0,44.0
4026,40260.0,1790707285580,12234692256600,159242.0,34.0
4027,40270.0,1790707285590,12234702324600,159153.0,31.0
4028,40280.0,1790707285601,12234712670100,159231.0,37.0
4029,40290.0,1790707285611,12234722521800,159151.0,46.0
4030,40300.0,1790707285621,12234732809500,159227.0,32.0
4031,40310.0,1790707285631,12234742555300,159202.0,43.0
4032,40320.0,1790707285641,12234752796300,159324.0,42.0
4033,40330.0,1790707285649,12234761249400,159280.0,39.0
4034,40340.0,1790707285659,12234771298700,159385.0,16.0
4035,40350.0,1790707285669,12234781400700,159372.0,29.0
4036,40360.0,1790707285679,12234791304500,159498.0,47.0
4037,40370.0,1790707285690,12234801500900,159476.0,32.0
4038,40380.0,1790707285700,12234811588300,159565.0,32.0
4039,40390.0,1790707285709,12234821451600,159480.0,29.0
4040,40400.0,1790707285720,12234831517600,159477.0,22.0
4041,40410.0,1790707285730,12234841979900,159335.0,46.0
4042,40420.0,1790707285740,12234851591200,159365.0,40.0
4043,40430.0,1790707285750,12234861959500,159306.0,41.0
4044,40440.0,1790707285760,12234871992000,159420.0,46.0
4045,40450.0,1790707285770,12234881657300,159407.0,33.0
4046,40460.0,1790707285780,12234892114500,159545.0,32.0
4047,40470.0,1790707285790,12234901942800,159525.0,35.0
4048,40480.0,1790707285801,12234912833100,159681.0,24.0
4049,40490.0,1790707285810,12234922123800,159722.0,23.0
4050,40500.0,1790707285820,12234931882700,159879.0,18.0
4051,40510.0,1790707285830,12234942219000,159844.0,32.0
4052,40520.0,1790707285840,12234952098800,159902.0,32.0
4053,40530.0,1790707285850,12234962154300,159736.0,29.0
4054,40540.0,1790707285861,12234972555200,159708.0,35.0
4055,40550.0,1790707285870,12234981744000,159498.0,33.0
4056,40560.0,1790707285880,12234992241600,159470.0,28.0
4057,40570.0,1790707285890,12235001976300,159303.0,33.0
4058,40580.0,1790707285915,12235027364700,159283.0,37.0
4059,40590.0,1790707285919,12235030584800,159124.0,27.0
4060,40600.0,1790707285922,12235033605700,159124.0,30.0
4061,40610.0,1790707286046,12235158015200,159056.0,47.0
4062,40620.0,1790707286048,12235160136400,159144.0,40.0
4063,40630.0,1790707286049,12235161463400,159032.0,31.0
4064,40640.0,1790707286051,12235162773000,159325.0,41.0
4065,40650.0,1790707286053,12235164882800,159289.0,18.0
4066,40660.0,1790707286055,12235166891200,159376.0,33.0
4067,40670.0,1790707286057,12235169427600,159289.0,33.0
4068,40680.0,1790707286059,12235170774100,159412.0,36.0
4069,40690.0,1790707286060,12235171963600,159358.0,29.0
4070,40700.0,1790707286061,12235173198400,159463.0,44.0
4071,40710.0,1790707286062,12235174386400,159395.0,35.0
4072,40720.0,1790707286064,12235175574200,159503.0,35.0
4073,40730.0,1790707286065,12235176781700,159478.0,41.0
4074,40740.0,1790707286069,12235180762000,159632.0,29.0
4075,40750.0,1790707286072,12235184455800,159614.0,36.0
4076,40760.0,1790707286080,12235191509500,159765.0,31.0
4077,40770.0,1790707286090,12235202116000,159716.0,25.0
4078,40780.0,1790707286100,12235211692000,159738.0,38.0
4079,40790.0,1790707286110,12235221699900,159602.0,46.0
4080,40800.0,1790707286121,12235232633100,159572.0,38.0
4081,40810.0,1790707286130,12235241746400,159333.0,38.0
4082,40820.0,1790707286140,12235252082900,159206.0,34.0
4083,40830.0,1790707286150,12235261816500,158914.0,36.0
4084,40840.0,1790707286160,12235271978300,158863.0,38.0
4085,40850.0,1790707286171,12235282745300,158691.0,18.0
4086,40860.0,1790707286180,12235291885700,158650.0,33.0
4087,40870.0,1790707286190,12235302161100,158502.0,38.0
4088,40880.0,1790707286200,12235311956700,158538.0,47.0
4089,40890.0,1790707286210,12235322010400,158464.0,49.0
4090,40900.0,1790707286221,12235332645300,158528.0,48.0
4091,40910.0,1790707286230,12235342083100,158441.0,36.0
4092,40920.0,1790707286240,12235352414500,158535.0,47.0
4093,40930.0,1790707286250,12235362168800,158535.0,53.0
4094,40940.0,1790707286260,12235372157300,158609.0,60.0
4095,40950.0,1790707286271,12235382751400,158517.0,51.0
4096,40960.0,1790707286280,12235391977900,158585.0,49.0
4097,40970.0,1790707286290,12235402153000,158492.0,29.0
4098,40980.0,1790707286300,12235412014000,158546.0,22.0
4099,40990.0,1790707286311,12235422540600,158443.0,32.0
4100,41000.0,1790707286321,12235432713600,158561.0,47.0
4101,41010.0,1790707286330,12235442186000,158514.0,39.0
4102,41020.0,1790707286340,12235452201400,158680.0,31.0
4103,41030.0,1790707286350,12235462185300,158688.0,51.0
4104,41040.0,1790707286360,12235472243000,158827.0,38.0
4105,41050.0,1790707286371,12235482541300,158801.0,32.0
4106,41060.0,1790707286380,12235492353600,158949.0,37.0
4107,41070.0,1790707286390,12235502345100,158915.0,33.0
4108,41080.0,1790707286400,12235512396700,159062.0,38.0
4109,41090.0,1790707286411,12235522493900,159021.0,23.0
4110,41100.0,1790707286421,12235532471000,159159.0,25.0
4111,41110.0,1790707286431,12235542640200,159123.0,33.0
4112,41120.0,1790707286441,12235552953000,159262.0,40.0
4113,41130.0,1790707286451,12235563026900,159240.0,51.0
4114,41140.0,1790707286461,12235572598800,159350.0,43.0
4115,41150.0,1790707286471,12235582688500,159289.0,33.0
4116,41160.0,1790707286481,12235592494600,159298.0,25.0
4117,41170.0,1790707286491,12235602507000,159091.0,28.0
4118,41180.0,1790707286501,12235612548800,159062.0,28.0
4119,41190.0,1790707286511,12235622486200,158994.0,19.0
4120,41200.0,1790707286521,12235632468600,159142.0,35.0
4121,41210.0,1790707286531,12235642532100,159224.0,29.0
4122,41220.0,1790707286541,12235652506300,159422.0,46.0
4123,41230.0,1790707286551,12235662838700,159507.0,33.0
4124,41240.0,1790707286561,12235672754500,159721.0,46.0
4125,41250.0,1790707286572,12235684221600,159785.0,47.0
4126,41260.0,1790707286582,12235694110500,159952.0,27.0
4127,41270.0,1790707286592,12235704097600,159918.0,38.0
4128,41280.0,1790707286603,12235714654500,159978.0,35.0
4129,41290.0,1790707286613,12235724732000,159845.0,52.0
4130,41300.0,1790707286622,12235734352800,159803.0,49.0
4131,41310.0,1790707286633,12235744900800,159624.0,40.0
4132,41320.0,1790707286642,12235754406600,159553.0,33.0
4133,41330.0,1790707286653,12235764634100,159342.0,36.0
4134,41340.0,1790707286662,12235774254000,159264.0,44.0
4135,41350.0,1790707286672,12235784267900,159012.0,25.0
4136,41360.0,1790707286684,12235795600100,159010.0,29.0
4137,41370.0,1790707286692,12235804293300,158955.0,42.0
4138,41380.0,1790707286703,12235814615600,159068.0,36.0
4139,41390.0,1790707286713,12235824761900,159183.0,41.0
4140,41400.0,1790707286723,12235834576800,159343.0,47.0
4141,41410.0,1790707286733,12235844558400,159342.0,49.0
4142,41420.0,1790707286741,12235853273000,159476.0,42.0
4143,41430.0,1790707286751,12235863299700,159426.0,44.0
4144,41440.0,1790707286762,12235873555100,159579.0,32.0
4145,41450.0,1790707286771,12235883158700,159557.0,43.0
4146,41460.0,1790707286781,12235893398100,159684.0,43.0
4147,41470.0,1790707286791,12235903274900,159645.0,45.0
4148,41480.0,1790707286804,12235915641200,159726.0,28.0
4149,41490.0,1790707286813,12235925205000,159725.0,49.0
4150,41500.0,1790707286822,12235933907100,159879.0,50.0
4151,41510.0,1790707286832,12235943893000,159893.0,38.0
4152,41520.0,1790707286842,12235953486700,160005.0,46.0
4153,41530.0,1790707286852,12235963850300,159964.0,57.0
4154,41540.0,1790707286862,12235973590500,160045.0,48.0
4155,41550.0,1790707286872,12235983723800,159984.0,51.0
4156,41560.0,1790707286881,12235993155800,160036.0,46.0
4157,41570.0,1790707286891,12236003232400,159938.0,38.0
4158,41580.0,1790707286901,12236013408600,159937.0,29.0
4159,41590.0,1790707286912,12236024457800,159824.0,30.0
4160,41600.0,1790707287003,12236114543600,159813.0,32.0
4161,41610.0,1790707287084,12236196128300,159624.0,35.0
4162,41620.0,1790707287087,12236198874900,159504.0,32.0
4163,41630.0,1790707287088,12236200252100,159257.0,46.0
4164,41640.0,1790707287090,12236201638500,159096.0,43.0
4165,41650.0,1790707287091,12236203093100,158810.0,47.0
4166,41660.0,1790707287094,12236206009800,158692.0,50.0
4167,41670.0,1790707287096,12236207736700,158493.0,44.0
4168,41680.0,1790707287097,12236209084000,158477.0,39.0
4169,41690.0,1790707287098,12236210416500,158395.0,42.0
4170,41700.0,1790707287100,12236211717000,158427.0,35.0
4171,41710.0,1790707287102,12236213751900,158378.0,41.0
4172,41720.0,1790707287105,12236216651500,158449.0,45.0
4173,41730.0,1790707287106,12236217994700,158439.0,42.0
4174,41740.0,1790707287107,12236219291300,158576.0,46.0
4175,41750.0,1790707287109,12236220650500,158627.0,59.0
4176,41760.0,1790707287110,12236222380600,158782.0,43.0
4177,41770.0,1790707287112,12236223815700,158854.0,30.0
4178,41780.0,1790707287113,12236225252600,159029.0,28.0
4179,41790.0,1790707287115,12236226467000,159124.0,32.0
4180,41800.0,1790707287122,12236234108400,159208.0,44.0
4181,41810.0,1790707287132,12236243729700,159192.0,46.0
4182,41820.0,1790707287142,12236253769000,159298.0,45.0
4183,41830.0,1790707287153,12236265021500,159298.0,40.0
4184,41840.0,1790707287162,12236273874600,159420.0,42.0
4185,41850.0,1790707287172,12236283910700,159415.0,56.0
4186,41860.0,1790707287182,12236293945600,159493.0,31.0
4187,41870.0,1790707287192,12236303964300,159472.0,41.0
4188,41880.0,1790707287202,12236313973700,159554.0,48.0
4189,41890.0,1790707287212,12236324067500,159458.0,36.0
4190,41900.0,1790707287222,12236334042400,159492.0,34.0
4191,41910.0,1790707287232,12236344112700,159461.0,33.0
4192,41920.0,1790707287242,12236354137800,159473.0,44.0
4193,41930.0,1790707287252,12236364192500,159393.0,44.0
4194,41940.0,1790707287262,12236374266400,159490.0,53.0
4195,41950.0,1790707287272,12236384260000,159526.0,51.0
4196,41960.0,1790707287282,12236394301100,159667.0,46.0
4197,41970.0,1790707287292,12236404315800,159680.0,40.0
4198,41980.0,1790707287302,12236414034500,159833.0,36.0
4199,41990.0,1790707287312,12236424083200,159878.0,37.0
4200,42000.0,1790707287322,12236434127800,160010.0,35.0
4201,42010.0,1790707287332,12236444148700,160040.0,24.0
4202,42020.0,1790707287342,12236454280500,160184.0,37.0
4203,42030.0,1790707287352,12236464354900,160251.0,44.0
4204,42040.0,1790707287363,12236474670700,160411.0,35.0
4205,42050.0,1790707287373,12236484629700,160546.0,56.0
4206,42060.0,1790707287383,12236494622100,160744.0,41.0
4207,42070.0,1790707287393,12236504890900,160826.0,48.0
4208,42080.0,1790707287403,12236514846000,161012.0,55.0
4209,42090.0,1790707287413,12236524486700,161091.0,34.0
4210,42100.0,1790707287423,12236534546800,161253.0,37.0
4211,42110.0,1790707287433,12236544522300,161247.0,35.0
4212,42120.0,1790707287443,12236554807100,161299.0,31.0
4213,42130.0,1790707287453,12236564646300,161242.0,58.0
4214,42140.0,1790707287463,12236574557600,161263.0,49.0
4215,42150.0,1790707287473,12236584617200,161153.0,42.0
4216,42160.0,1790707287483,12236594630200,161152.0,44.0
4217,42170.0,1790707287493,12236604722100,161036.0,53.0
4218,42180.0,1790707287503,12236614508100,160978.0,45.0
4219,42190.0,1790707287513,12236624517500,160859.0,26.0
4220,42200.0,1790707287523,12236634471100,160866.0,51.0
4221,42210.0,1790707287533,12236644637200,160810.0,50.0
4222,42220.0,1790707287543,12236654563300,160844.0,43.0
4223,42230.0,1790707287553,12236664578600,160824.0,43.0
4224,42240.0,1790707287563,12236674612000,160910.0,36.0
4225,42250.0,1790707287573,12236684659200,160942.0,49.0
4226,42260.0,1790707287584,12236695703200,161007.0,45.0
4227,42270.0,1790707287593,12236704818000,160939.0,59.0
4228,42280.0,1790707287603,12236714808900,160887.0,50.0
4229,42290.0,1790707287613,12236724942100,160848.0,43.0
4230,42300.0,1790707287623,12236735157400,160920.0,40.0
4231,42310.0,1790707287634,12236745535900,160846.0,43.0
4232,42320.0,1790707287643,12236755122600,160899.0,36.0
4233,42330.0,1790707287653,12236765074700,160937.0,36.0
4234,42340.0,1790707287663,12236775418500,161045.0,35.0
4235,42350.0,1790707287674,12236785649000,161139.0,26.0
4236,42360.0,1790707287684,12236795483100,161315.0,55.0
4237,42370.0,1790707287694,12236805582200,161353.0,57.0
4238,42380.0,1790707287704,12236815480400,161409.0,47.0
4239,42390.0,1790707287714,12236825573600,160916.0,39.0
4240,42400.0,1790707287724,12236835524800,160702.0,56.0
4241,42410.0,1790707287733,12236845272300,160569.0,44.0
4242,42420.0,1790707287744,12236855549600,160356.0,39.0
4243,42430.0,1790707287753,12236865368900,160255.0,45.0
4244,42440.0,1790707287764,12236875643900,160202.0,24.0
4245,42450.0,1790707287774,12236885760600,160096.0,38.0
4246,42460.0,1790707287784,12236895502200,160028.0,53.0
4247,42470.0,1790707287793,12236905129000,159927.0,46.0
4248,42480.0,1790707287803,12236915372700,159823.0,43.0
4249,42490.0,1790707287813,12236925166400,159626.0,45.0
4250,42500.0,1790707287823,12236935365500,159466.0,53.0
4251,42510.0,1790707287833,12236945360300,159295.0,48.0
4252,42520.0,1790707287843,12236955397000,159224.0,42.0
4253,42530.0,1790707287854,12236965892900,159112.0,44.0
4254,42540.0,1790707287864,12236975568400,159062.0,41.0
4255,42550.0,1790707287874,12236985511800,159032.0,42.0
4256,42560.0,1790707287885,12236997026800,159096.0,37.0
4257,42570.0,1790707287895,12237007193200,159131.0,42.0
4258,42580.0,1790707287905,12237016927500,159151.0,39.0
4259,42590.0,1790707287921,12237032814400,159167.0,37.0
4260,42600.0,1790707287924,12237035912700,159273.0,38.0
4261,42610.0,1790707288010,12237121748700,159308.0,43.0
4262,42620.0,1790707288081,12237193102900,159310.0,53.0
4263,42630.0,1790707288083,12237194698500,159260.0,39.0
4264,42640.0,1790707288087,12237198843900,159323.0,42.0
4265,42650.0,1790707288090,12237201684200,159389.0,44.0
4266,42660.0,1790707288091,12237203117700,159499.0,42.0
4267,42670.0,1790707288093,12237204650200,159551.0,44.0
4268,42680.0,1790707288094,12237206028500,159624.0,37.0
4269,42690.0,1790707288095,12237207268000,159653.0,51.0
4270,42700.0,1790707288097,12237208470100,159697.0,44.0
4271,42710.0,1790707288098,12237209623700,159639.0,51.0
4272,42720.0,1790707288099,12237210791000,159627.0,45.0
4273,42730.0,1790707288106,12237218017900,159546.0,47.0
4274,42740.0,1790707288108,12237219516700,159538.0,49.0
4275,42750.0,1790707288109,12237220751800,159481.0,53.0
4276,42760.0,1790707288110,12237222246300,159477.0,36.0
4277,42770.0,1790707288112,12237223586100,159486.0,47.0
4278,42780.0,1790707288113,12237224999200,159526.0,40.0
4279,42790.0,1790707288114,12237226276500,159512.0,65.0
4280,42800.0,1790707288124,12237236241700,159464.0,51.0
4281,42810.0,1790707288135,12237246666900,159405.0,53.0
4282,42820.0,1790707288144,12237256109400,159364.0,49.0
4283,42830.0,1790707288154,12237266195200,159263.0,68.0
4284,42840.0,1790707288164,12237276160500,159132.0,46.0
4285,42850.0,1790707288174,12237285956500,159014.0,54.0
4286,42860.0,1790707288184,12237296123300,158968.0,42.0
4287,42870.0,1790707288194,12237305938500,159027.0,59.0
4288,42880.0,1790707288204,12237315961800,159102.0,66.0
4289,42890.0,1790707288214,12237325980100,159208.0,44.0
4290,42900.0,1790707288224,12237336006800,159279.0,49.0
4291,42910.0,1790707288234,12237346081400,159325.0,60.0
4292,42920.0,1790707288244,12237356111100,159370.0,49.0
4293,42930.0,1790707288254,12237366175200,159321.0,42.0
4294,42940.0,1790707288264,12237376156100,159226.0,62.0
4295,42950.0,1790707288274,12237386222400,159237.0,58.0
4296,42960.0,1790707288284,12237396385200,159232.0,53.0
4297,42970.0,1790707288294,12237406294400,159250.0,26.0
4298,42980.0,1790707288304,12237416347800,159246.0,40.0
4299,42990.0,1790707288314,12237426336000,159256.0,44.0
4300,43000.0,1790707288324,12237436414700,159295.0,44.0
4301,43010.0,1790707288335,12237447021300,159318.0,49.0
4302,43020.0,1790707288345,12237456655800,159316.0,51.0
4303,43030.0,1790707288355,12237466690100,159315.0,43.0
4304,43040.0,1790707288365,12237476839700,159310.0,57.0
4305,43050.0,1790707288375,12237486865000,159328.0,44.0
4306,43060.0,1790707288385,12237496735400,159321.0,44.0
4307,43070.0,1790707288395,12237506677900,159327.0,37.0
4308,43080.0,1790707288404,12237516453300,159356.0,48.0
4309,43090.0,1790707288414,12237526443400,159411.0,36.0
4310,43100.0,1790707288425,12237536617000,159385.0,42.0
4311,43110.0,1790707288435,12237546613700,159371.0,56.0
4312,43120.0,1790707288445,12237556585500,159335.0,50.0
4313,43130.0,1790707288455,12237566568500,159462.0,42.0
4314,43140.0,1790707288465,12237576592200,159598.0,49.0
4315,43150.0,1790707288475,12237586662000,159667.0,61.0
4316,43160.0,1790707288485,12237596683900,159729.0,52.0
4317,43170.0,1790707288495,12237606685800,159774.0,41.0
4318,43180.0,1790707288505,12237616739200,159804.0,47.0
4319,43190.0,1790707288515,12237626750300,159826.0,38.0
4320,43200.0,1790707288525,12237636885100,159793.0,25.0
4321,43210.0,1790707288535,12237646908900,159718.0,64.0
4322,43220.0,1790707288545,12237656913700,159620.0,57.0
4323,43230.0,1790707288555,12237666986500,159499.0,42.0
4324,43240.0,1790707288565,12237676995300,159339.0,49.0
4325,43250.0,1790707288575,12237686685400,159202.0,39.0
4326,43260.0,1790707288585,12237697194600,159016.0,36.0
4327,43270.0,1790707288595,12237707148900,158869.0,50.0
4328,43280.0,1790707288605,12237716777900,158708.0,46.0
4329,43290.0,1790707288615,12237726826200,158608.0,45.0
4330,43300.0,1790707288625,12237736906500,158541.0,39.0
4331,43310.0,1790707288635,12237746919600,158563.0,40.0
4332,43320.0,1790707288645,12237756935200,158584.0,48.0
4333,43330.0,1790707288655,12237766997400,158694.0,52.0
4334,43340.0,1790707288665,12237777051600,158743.0,40.0
4335,43350.0,1790707288675,12237787090800,158872.0,41.0
4336,43360.0,1790707288685,12237797423900,158966.0,56.0
4337,43370.0,1790707288695,12237807454000,159113.0,48.0
4338,43380.0,1790707288705,12237817442100,159185.0,44.0
4339,43390.0,1790707288716,12237828430100,159270.0,43.0
4340,43400.0,1790707288726,12237838277700,159290.0,31.0
4341,43410.0,1790707288736,12237847749300,159268.0,33.0
4342,43420.0,1790707288747,12237858771100,159180.0,44.0
4343,43430.0,1790707288757,12237868823600,159106.0,48.0
4344,43440.0,1790707288767,12237879101900,158966.0,48.0
4345,43450.0,1790707288777,12237888965000,158906.0,47.0
4346,43460.0,1790707288787,12237898919500,158837.0,42.0
4347,43470.0,1790707288796,12237908430100,158887.0,49.0
4348,43480.0,1790707288806,12237918434500,158922.0,42.0
4349,43490.0,1790707288817,12237928708700,159045.0,49.0
4350,43500.0,1790707288826,12237938426400,159074.0,26.0
4351,43510.0,1790707288837,12237948497200,159170.0,40.0
4352,43520.0,1790707288847,12237958593000,159174.0,25.0
4353,43530.0,1790707288857,12237968594500,159164.0,60.0
4354,43540.0,1790707288867,12237979294600,158977.0,60.0
4355,43550.0,1790707288877,12237988848200,158876.0,56.0
4356,43560.0,1790707288887,12237998677800,158823.0,42.0
4357,43570.0,1790707288897,12238008481500,158818.0,63.0
4358,43580.0,1790707288912,12238024334700,158806.0,30.0
4359,43590.0,1790707288916,12238028083600,158887.0,42.0
4360,43600.0,1790707289027,12238138960000,158917.0,49.0
4361,43610.0,1790707289028,12238140459300,158999.0,36.0
4362,43620.0,1790707289030,12238141786500,159035.0,37.0
4363,43630.0,1790707289031,12238143031900,159167.0,26.0
4364,43640.0,1790707289032,12238144431800,159260.0,35.0
4365,43650.0,1790707289034,12238145888200,159358.0,55.0
4366,43660.0,1790707289035,12238147269000,159336.0,50.0
4367,43670.0,1790707289037,12238148482700,159312.0,39.0
4368,43680.0,1790707289038,12238149641600,159198.0,42.0
4369,43690.0,1790707289039,12238150807200,159103.0,39.0
4370,43700.0,1790707289040,12238151927200,158988.0,29.0
4371,43710.0,1790707289041,12238153141900,158983.0,36.0
4372,43720.0,1790707289047,12238158667600,158934.0,46.0
4373,43730.0,1790707289056,12238167751800,158983.0,40.0
4374,43740.0,1790707289066,12238178231500,158989.0,40.0
4375,43750.0,1790707289076,12238187908200,159080.0,41.0
4376,43760.0,1790707289086,12238197924800,159096.0,45.0
4377,43770.0,1790707289096,12238207996900,159166.0,50.0
4378,43780.0,1790707289106,12238218049500,159148.0,59.0
4379,43790.0,1790707289116,12238228037100,159165.0,50.0
4380,43800.0,1790707289126,12238238092000,159114.0,42.0
4381,43810.0,1790707289136,12238248064300,159149.0,31.0
4382,43820.0,1790707289146,12238258047400,159113.0,46.0
4383,43830.0,1790707289156,12238268114000,159139.0,35.0
4384,43840.0,1790707289166,12238278174400,159120.0,43.0
4385,43850.0,1790707289176,12238288176400,159179.0,41.0
4386,43860.0,1790707289186,12238298243700,159172.0,46.0
4387,43870.0,1790707289196,12238308275300,159296.0,48.0
4388,43880.0,1790707289206,12238318367000,159377.0,36.0
4389,43890.0,1790707289216,12238328442200,159587.0,57.0
4390,43900.0,1790707289226,12238338384900,159668.0,41.0
4391,43910.0,1790707289236,12238348101900,159896.0,46.0
4392,43920.0,1790707289246,12238358090500,160028.0,38.0
4393,43930.0,1790707289256,12238368206300,160238.0,39.0
4394,43940.0,1790707289266,12238378253400,160338.0,26.0
4395,43950.0,1790707289276,12238388235100,160621.0,29.0
4396,43960.0,1790707289286,12238398286800,160656.0,39.0
4397,43970.0,1790707289296,12238408289000,160686.0,44.0
4398,43980.0,1790707289306,12238418394500,160482.0,41.0
4399,43990.0,1790707289316,12238428440600,160306.0,29.0
4400,44000.0,1790707289326,12238438451900,160032.0,38.0
4401,44010.0,1790707289337,12238448667800,159734.0,54.0
4402,44020.0,1790707289347,12238458923100,159283.0,34.0
4403,44030.0,1790707289357,12238469063900,159006.0,27.0
4404,44040.0,1790707289367,12238479057800,158728.0,48.0
4405,44050.0,1790707289377,12238488969200,158567.0,45.0
4406,44060.0,1790707289387,12238498787500,158363.0,30.0
4407,44070.0,1790707289397,12238508794700,158265.0,33.0
4408,44080.0,1790707289407,12238518759300,158106.0,39.0
4409,44090.0,1790707289417,12238528923800,158113.0,36.0
4410,44100.0,1790707289427,12238538778700,158088.0,53.0
4411,44110.0,1790707289437,12238548855000,158207.0,51.0
4412,44120.0,1790707289447,12238558613100,158180.0,36.0
4413,44130.0,1790707289457,12238568668500,158214.0,31.0
4414,44140.0,1790707289467,12238578655100,158136.0,45.0
4415,44150.0,1790707289477,12238588581900,158222.0,39.0
4416,44160.0,1790707289487,12238598677500,158228.0,26.0
4417,44170.0,1790707289497,12238608658000,158340.0,33.0
4418,44180.0,1790707289507,12238618787100,158340.0,38.0
4419,44190.0,1790707289517,12238629081400,158470.0,51.0
4420,44200.0,1790707289527,12238638810800,158482.0,34.0
4421,44210.0,1790707289537,12238648914100,158592.0,43.0
4422,44220.0,1790707289547,12238658906000,158580.0,49.0
4423,44230.0,1790707289557,12238668975300,158694.0,49.0
4424,44240.0,1790707289567,12238679092000,158687.0,36.0
4425,44250.0,1790707289577,12238689049200,158863.0,47.0
4426,44260.0,1790707289587,12238699141900,158920.0,30.0
4427,44270.0,1790707289597,12238709172700,159070.0,36.0
4428,44280.0,1790707289607,12238719314900,159057.0,23.0
4429,44290.0,1790707289617,12238729156500,159144.0,32.0
4430,44300.0,1790707289627,12238739202900,159135.0,30.0
4431,44310.0,1790707289637,12238749292400,159225.0,37.0
4432,44320.0,1790707289647,12238759316500,159232.0,51.0
4433,44330.0,1790707289657,12238769390800,159353.0,46.0
4434,44340.0,1790707289669,12238780803600,159344.0,61.0
4435,44350.0,1790707289677,12238789416000,159462.0,48.0
4436,44360.0,1790707289687,12238799308900,159456.0,40.0
4437,44370.0,1790707289699,12238811215600,159575.0,34.0
4438,44380.0,1790707289707,12238819351900,159552.0,33.0
4439,44390.0,1790707289717,12238829458500,159655.0,42.0
4440,44400.0,1790707289727,12238839409900,159659.0,31.0
4441,44410.0,1790707289737,12238849322300,159761.0,35.0
4442,44420.0,1790707289748,12238860421900,159626.0,47.0
4443,44430.0,1790707289758,12238870008600,159596.0,50.0
4444,44440.0,1790707289768,12238880025800,159418.0,54.0
4445,44450.0,1790707289778,12238889682200,159405.0,39.0
4446,44460.0,1790707289788,12238899508000,159308.0,63.0
4447,44470.0,1790707289801,12238912787500,159384.0,53.0
4448,44480.0,1790707289809,12238921043700,159345.0,50.0
4449,44490.0,1790707289819,12238931144300,159461.0,40.0
4450,44500.0,1790707289828,12238940283200,159435.0,44.0
4451,44510.0,1790707289838,12238950285500,159536.0,32.0
4452,44520.0,1790707289848,12238960419600,159455.0,28.0
4453,44530.0,1790707289858,12238969855400,159477.0,42.0
4454,44540.0,1790707289868,12238979877300,159336.0,42.0
4455,44550.0,1790707289878,12238989930000,159289.0,54.0
4456,44560.0,1790707289888,12238999939700,159143.0,54.0
4457,44570.0,1790707289898,12239010044300,159212.0,57.0
4458,44580.0,1790707289908,12239019577400,159179.0,37.0
4459,44590.0,1790707289971,12239082557400,159320.0,36.0
4460,44600.0,1790707290024,12239135537000,159368.0,41.0
4461,44610.0,1790707290025,12239137035500,159522.0,36.0
4462,44620.0,1790707290026,12239138321500,159515.0,38.0
4463,44630.0,1790707290028,12239139552000,159579.0,49.0
4464,44640.0,1790707290029,12239140908200,159502.0,44.0
4465,44650.0,1790707290030,12239142181300,159624.0,42.0
4466,44660.0,1790707290032,12239143654400,159596.0,45.0
4467,44670.0,1790707290033,12239145152300,159731.0,56.0
4468,44680.0,1790707290035,12239146529300,159740.0,43.0
4469,44690.0,1790707290036,12239147768000,159974.0,32.0
4470,44700.0,1790707290037,12239148966500,160139.0,30.0
4471,44710.0,1790707290038,12239150313400,160486.0,35.0
4472,44720.0,1790707290051,12239163222800,160688.0,34.0
4473,44730.0,1790707290058,12239170193000,160918.0,36.0
4474,44740.0,1790707290068,12239180398100,161018.0,29.0
4475,44750.0,1790707290078,12239190231400,161178.0,50.0
4476,44760.0,1790707290088,12239200323900,160989.0,42.0
4477,44770.0,1790707290098,12239210245700,160755.0,34.0
4478,44780.0,1790707290108,12239219994100,160379.0,29.0
4479,44790.0,1790707290118,12239230067100,160196.0,34.0
4480,44800.0,1790707290128,12239240104400,160044.0,27.0
4481,44810.0,1790707290138,12239250219200,160114.0,34.0
4482,44820.0,1790707290148,12239260155900,160038.0,40.0
4483,44830.0,1790707290158,12239270203000,160000.0,31.0
4484,44840.0,1790707290168,12239280264200,159828.0,49.0
4485,44850.0,1790707290178,12239290235100,159744.0,43.0
4486,44860.0,1790707290188,12239300270600,159570.0,60.0
4487,44870.0,1790707290198,12239310332400,159513.0,47.0
4488,44880.0,1790707290208,12239320293500,159366.0,38.0
4489,44890.0,1790707290218,12239330390400,159458.0,47.0
4490,44900.0,1790707290228,12239340410300,159445.0,37.0
4491,44910.0,1790707290238,12239350453800,159571.0,33.0
4492,44920.0,1790707290249,12239360732200,159505.0,40.0
4493,44930.0,1790707290259,12239370560200,159549.0,35.0
4494,44940.0,1790707290269,12239380595900,159511.0,31.0
4495,44950.0,1790707290279,12239390668000,159672.0,39.0
4496,44960.0,1790707290289,12239400764800,159661.0,34.0
4497,44970.0,1790707290299,12239410779000,159813.0,35.0
4498,44980.0,1790707290309,12239420771800,159797.0,45.0
4499,44990.0,1790707290319,12239430793200,159901.0,38.0
4500,45000.0,1790707290329,12239440490500,159790.0,42.0
4501,45010.0,1790707290339,12239450640900,159835.0,41.0
4502,45020.0,1790707290349,12239460928900,159775.0,37.0
4503,45030.0,1790707290359,12239470814300,159843.0,19.0
4504,45040.0,1790707290369,12239480928500,159810.0,45.0
4505,45050.0,1790707290379,12239491078300,159936.0,49.0
4506,45060.0,1790707290389,12239500877700,159939.0,38.0
4507,45070.0,1790707290399,12239511119900,160084.0,34.0
4508,45080.0,1790707290409,12239520819000,160042.0,39.0
4509,45090.0,1790707290419,12239531188000,160184.0,48.0
4510,45100.0,1790707290429,12239540934600,160159.0,42.0
4511,45110.0,1790707290439,12239550890400,160328.0,44.0
4512,45120.0,1790707290449,12239561018600,160345.0,39.0
4513,45130.0,1790707290459,12239571033600,160557.0,31.0
4514,45140.0,1790707290469,12239581018900,160630.0,28.0
4515,45150.0,1790707290479,12239591094500,160822.0,21.0
4516,45160.0,1790707290489,12239601095600,160805.0,40.0
4517,45170.0,1790707290499,12239611370200,160935.0,35.0
4518,45180.0,1790707290509,12239621124200,160860.0,41.0
4519,45190.0,1790707290519,12239631231000,160912.0,35.0
4520,45200.0,1790707290529,12239641169700,160681.0,38.0
4521,45210.0,1790707290539,12239651254500,160530.0,28.0
4522,45220.0,1790707290549,12239661403000,160167.0,29.0
4523,45230.0,1790707290559,12239671048100,160007.0,34.0
4524,45240.0,1790707290569,12239681025000,159833.0,21.0
4525,45250.0,1790707290579,12239691090600,159904.0,19.0
4526,45260.0,1790707290589,12239701091400,159839.0,29.0
4527,45270.0,1790707290599,12239711189800,159934.0,32.0
4528,45280.0,1790707290609,12239721207800,159889.0,40.0
4529,45290.0,1790707290619,12239731243500,160026.0,32.0
4530,45300.0,1790707290629,12239741269100,159968.0,31.0
4531,45310.0,1790707290639,12239751288700,160049.0,37.0
4532,45320.0,1790707290649,12239761464600,159975.0,43.0
4533,45330.0,1790707290659,12239771392800,159990.0,27.0
4534,45340.0,1790707290669,12239781417600,159866.0,38.0
4535,45350.0,1790707290679,12239791449000,159906.0,41.0
4536,45360.0,1790707290689,12239801403300,159688.0,43.0
4537,45370.0,1790707290700,12239811829800,159559.0,18.0
4538,45380.0,1790707290710,12239821948500,159207.0,36.0
4539,45390.0,1790707290720,12239831865500,159138.0,36.0
4540,45400.0,1790707290730,12239841702300,159077.0,52.0
4541,45410.0,1790707290740,12239851781300,159216.0,47.0
4542,45420.0,1790707290750,12239862092100,159213.0,33.0
4543,45430.0,1790707290760,12239871736800,159520.0,40.0
4544,45440.0,1790707290770,12239882436900,159659.0,38.0
4545,45450.0,1790707290781,12239893353700,160004.0,39.0
4546,45460.0,1790707290790,12239902117700,160131.0,39.0
4547,45470.0,1790707290800,12239911842600,160344.0,25.0
4548,45480.0,1790707290810,12239921843300,160266.0,33.0
4549,45490.0,1790707290820,12239932116300,160349.0,31.0
4550,45500.0,1790707290830,12239942439200,160125.0,56.0
4551,45510.0,1790707290840,12239952244900,160010.0,37.0
4552,45520.0,1790707290850,12239962307300,159732.0,44.0
4553,45530.0,1790707290860,12239972072300,159720.0,45.0
4554,45540.0,1790707290870,12239982348400,159567.0,38.0
4555,45550.0,1790707290880,12239992420000,159513.0,33.0
4556,45560.0,1790707290891,12240002719500,159343.0,19.0
4557,45570.0,1790707290901,12240012596500,159331.0,25.0
4558,45580.0,1790707290917,12240028553300,159081.0,43.0
4559,45590.0,1790707290921,12240032909000,158896.0,29.0
4560,45600.0,1790707291039,12240150828700,158457.0,27.0
4561,45610.0,1790707291040,12240152320700,158271.0,48.0
4562,45620.0,1790707291042,12240153592000,157949.0,41.0
4563,45630.0,1790707291043,12240154845200,157764.0,47.0
4564,45640.0,1790707291044,12240156088700,157433.0,54.0
4565,45650.0,1790707291045,12240157368600,157318.0,32.0
4566,45660.0,1790707291047,12240158632300,157099.0,39.0
4567,45670.0,1790707291048,12240160112900,157045.0,47.0
4568,45680.0,1790707291050,12240161587000,156864.0,25.0
4569,45690.0,1790707291051,12240162805000,157017.0,35.0
4570,45700.0,1790707291052,12240163980400,157066.0,48.0
4571,45710.0,1790707291053,12240165139100,157272.0,36.0
4572,45720.0,1790707291054,12240166266800,157308.0,41.0
4573,45730.0,1790707291060,12240172227800,157578.0,47.0
4574,45740.0,1790707291070,12240182286100,157660.0,49.0
4575,45750.0,1790707291081,12240192644200,157924.0,33.0
4576,45760.0,1790707291090,12240202326100,158018.0,47.0
4577,45770.0,1790707291100,12240212341500,158304.0,28.0
4578,45780.0,1790707291110,12240222427700,158451.0,33.0
4579,45790.0,1790707291120,12240232449400,158733.0,31.0
4580,45800.0,1790707291131,12240242480300,158793.0,25.0
4581,45810.0,1790707291141,12240252521100,159049.0,23.0
4582,45820.0,1790707291151,12240262508900,159151.0,23.0
4583,45830.0,1790707291161,12240272562800,159401.0,41.0
4584,45840.0,1790707291171,12240282613200,159508.0,30.0
4585,45850.0,1790707291181,12240292822600,159676.0,45.0
4586,45860.0,1790707291191,12240302661500,159601.0,51.0
4587,45870.0,1790707291200,12240312424100,159641.0,21.0
4588,45880.0,1790707291210,12240322442000,159529.0,22.0
4589,45890.0,1790707291221,12240332468700,159573.0,34.0
4590,45900.0,1790707291230,12240342448400,159521.0,39.0
4591,45910.0,1790707291241,12240352603600,159625.0,26.0
4592,45920.0,1790707291251,12240362661900,159533.0,47.0
4593,45930.0,1790707291261,12240372629700,159525.0,48.0
4594,45940.0,1790707291271,12240382647100,159319.0,47.0
4595,45950.0,1790707291281,12240392656000,159238.0,43.0
4596,45960.0,1790707291291,12240402958600,159090.0,33.0
4597,45970.0,1790707291301,12240412749800,159234.0,39.0
4598,45980.0,1790707291311,12240422834000,159269.0,45.0
4599,45990.0,1790707291321,12240432916900,159434.0,38.0
4600,46000.0,1790707291331,12240442896500,159476.0,38.0
4601,46010.0,1790707291341,12240452940000,159687.0,38.0
4602,46020.0,1790707291351,12240463095100,159805.0,23.0
4603,46030.0,1790707291361,12240473138200,160028.0,45.0
4604,46040.0,1790707291371,12240483423200,160083.0,55.0
4605,46050.0,1790707291381,12240493108000,160290.0,54.0
4606,46060.0,1790707291391,12240503426600,160293.0,34.0
4607,46070.0,1790707291401,12240513410400,160357.0,42.0
4608,46080.0,1790707291411,12240523171700,160194.0,44.0
4609,46090.0,1790707291421,12240532989700,160160.0,42.0
4610,46100.0,1790707291431,12240543111700,160014.0,39.0
4611,46110.0,1790707291441,12240552976200,160038.0,37.0
4612,46120.0,1790707291451,12240563057000,159979.0,42.0
4613,46130.0,1790707291461,12240573021600,160071.0,37.0
4614,46140.0,1790707291471,12240583069500,159992.0,41.0
4615,46150.0,1790707291481,12240593196700,160021.0,41.0
4616,46160.0,1790707291491,12240603161600,159872.0,37.0
4617,46170.0,1790707291501,12240613191000,159854.0,38.0
4618,46180.0,1790707291511,12240623191400,159790.0,48.0
4619,46190.0,1790707291521,12240633259500,159923.0,43.0
4620,46200.0,1790707291531,12240643372600,159993.0,41.0
4621,46210.0,1790707291541,12240653320000,160188.0,32.0
4622,46220.0,1790707291551,12240663398900,160220.0,28.0
4623,46230.0,1790707291561,12240673365800,160272.0,35.0
4624,46240.0,1790707291571,12240683403200,160197.0,43.0
4625,46250.0,1790707291582,12240693603500,160283.0,50.0
4626,46260.0,1790707291592,12240703478900,160215.0,38.0
4627,46270.0,1790707291602,12240713475000,160143.0,53.0
4628,46280.0,1790707291612,12240723530300,159950.0,28.0
4629,46290.0,1790707291622,12240733645300,159926.0,48.0
4630,46300.0,1790707291632,12240743688600,159869.0,38.0
4631,46310.0,1790707291642,12240753660800,159890.0,47.0
4632,46320.0,1790707291651,12240763405300,159804.0,34.0
4633,46330.0,1790707291661,12240773449700,159885.0,43.0
4634,46340.0,1790707291672,12240783560800,159848.0,39.0
4635,46350.0,1790707291682,12240793525500,159758.0,37.0
4636,46360.0,1790707291692,12240803493600,159441.0,36.0
4637,46370.0,1790707291702,12240813572400,159205.0,35.0
4638,46380.0,1790707291712,12240824015900,158872.0,41.0
4639,46390.0,1790707291722,12240833966500,158667.0,47.0
4640,46400.0,1790707291732,12240843765000,158452.0,51.0
4641,46410.0,1790707291742,12240853919400,158351.0,46.0
4642,46420.0,1790707291752,12240864061200,158194.0,39.0
4643,46430.0,1790707291762,12240874109900,158217.0,33.0
4644,46440.0,1790707291772,12240884115800,158158.0,47.0
4645,46450.0,1790707291782,12240894218500,158240.0,35.0
4646,46460.0,1790707291793,12240905355500,158281.0,25.0
4647,46470.0,1790707291803,12240914872100,158435.0,39.0
4648,46480.0,1790707291814,12240925803200,158425.0,42.0
4649,46490.0,1790707291823,12240934988200,158481.0,45.0
4650,46500.0,1790707291832,12240944423800,158510.0,48.0
4651,46510.0,1790707291842,12240954439200,158647.0,49.0
4652,46520.0,1790707291852,12240964156200,158701.0,50.0
4653,46530.0,1790707291862,12240973907900,158933.0,39.0
4654,46540.0,1790707291872,12240983951200,159074.0,37.0
4655,46550.0,1790707291882,12240993997700,159293.0,26.0
4656,46560.0,1790707291893,12241005259300,159368.0,34.0
4657,46570.0,1790707291919,12241030493700,159594.0,45.0
4658,46580.0,1790707291921,12241032661400,159757.0,34.0
4659,46590.0,1790707291922,12241034432900,159949.0,36.0
4660,46600.0,1790707291987,12241099164600,159973.0,34.0
4661,46610.0,1790707292040,12241151776600,159996.0,51.0
4662,46620.0,1790707292041,12241153284200,159920.0,53.0
4663,46630.0,1790707292043,12241154586000,159855.0,43.0
4664,46640.0,1790707292044,12241155857700,159703.0,43.0
4665,46650.0,1790707292045,12241157104400,159670.0,34.0
4666,46660.0,1790707292047,12241158884500,159636.0,28.0
4667,46670.0,1790707292048,12241160465100,159654.0,32.0
4668,46680.0,1790707292050,12241161892800,159588.0,37.0
4669,46690.0,1790707292051,12241163157800,159586.0,39.0
4670,46700.0,1790707292052,12241164416200,159490.0,54.0
4671,46710.0,1790707292054,12241165838700,159657.0,44.0
4672,46720.0,1790707292055,12241167169200,159770.0,46.0
4673,46730.0,1790707292064,12241176315300,159892.0,58.0
4674,46740.0,1790707292073,12241184614500,159786.0,58.0
4675,46750.0,1790707292082,12241194256000,159814.0,52.0
4676,46760.0,1790707292092,12241204428200,159716.0,36.0
4677,46770.0,1790707292102,12241214331000,159825.0,38.0
4678,46780.0,1790707292112,12241224448700,159773.0,41.0
4679,46790.0,1790707292122,12241234436200,159740.0,47.0
4680,46800.0,1790707292133,12241244517900,159630.0,44.0
4681,46810.0,1790707292143,12241254551500,159687.0,31.0
4682,46820.0,1790707292153,12241264533600,159725.0,48.0
4683,46830.0,1790707292163,12241274857900,159926.0,40.0
4684,46840.0,1790707292173,12241284568500,160060.0,50.0
4685,46850.0,1790707292183,12241294715800,160249.0,52.0
4686,46860.0,1790707292193,12241304684300,160320.0,59.0
4687,46870.0,1790707292203,12241314735400,160453.0,44.0
4688,46880.0,1790707292213,12241324850700,160519.0,43.0
4689,46890.0,1790707292223,12241334808900,160643.0,43.0
4690,46900.0,1790707292233,12241344839400,160713.0,34.0
4691,46910.0,1790707292243,12241354905900,160844.0,35.0
4692,46920.0,1790707292253,12241365005200,160808.0,58.0
4693,46930.0,1790707292263,12241374977000,160790.0,51.0
4694,46940.0,1790707292273,12241384978900,160651.0,50.0
4695,46950.0,1790707292283,12241395155300,160659.0,51.0
4696,46960.0,1790707292293,12241405030600,160579.0,50.0
4697,46970.0,1790707292303,12241415104800,160546.0,48.0
4698,46980.0,1790707292313,12241424866300,160551.0,45.0
4699,46990.0,1790707292323,12241434877700,160671.0,34.0
4700,47000.0,1790707292333,12241444905500,160730.0,39.0
4701,47010.0,1790707292343,12241454883700,160819.0,53.0
4702,47020.0,1790707292353,12241465026300,160770.0,38.0
4703,47030.0,1790707292363,12241475248100,160806.0,48.0
4704,47040.0,1790707292373,12241485059600,160777.0,55.0
4705,47050.0,1790707292383,12241495283500,160803.0,60.0
4706,47060.0,1790707292393,12241505440400,160758.0,42.0
4707,47070.0,1790707292404,12241515871700,160739.0,49.0
4708,47080.0,1790707292414,12241525645000,160672.0,26.0
4709,47090.0,1790707292424,12241535640400,160716.0,47.0
4710,47100.0,1790707292434,12241545800900,160708.0,41.0
4711,47110.0,1790707292443,12241555299200,160743.0,40.0
4712,47120.0,1790707292453,12241565382400,160726.0,46.0
4713,47130.0,1790707292464,12241575848400,160749.0,46.0
4714,47140.0,1790707292473,12241585414300,160670.0,45.0
4715,47150.0,1790707292484,12241595809400,160623.0,43.0
4716,47160.0,1790707292493,12241605402800,160537.0,48.0
4717,47170.0,1790707292504,12241615516500,160523.0,42.0
4718,47180.0,1790707292513,12241625465400,160478.0,46.0
4719,47190.0,1790707292523,12241635222600,160401.0,40.0
4720,47200.0,1790707292533,12241645388100,160278.0,46.0
4721,47210.0,1790707292543,12241655341100,160116.0,32.0
4722,47220.0,1790707292553,12241665368600,159810.0,34.0
4723,47230.0,1790707292564,12241675656600,159564.0,48.0
4724,47240.0,1790707292573,12241685393200,159351.0,53.0
4725,47250.0,1790707292584,12241695534600,159281.0,37.0
4726,47260.0,1790707292593,12241705393000,159281.0,42.0
4727,47270.0,1790707292604,12241715472100,159362.0,40.0
4728,47280.0,1790707292614,12241725514600,159416.0,44.0
4729,47290.0,1790707292624,12241735868500,159583.0,45.0
4730,47300.0,1790707292634,12241745615500,159802.0,46.0
4731,47310.0,1790707292644,12241755625600,160102.0,42.0
4732,47320.0,1790707292654,12241765701800,160388.0,37.0
4733,47330.0,1790707292664,12241775972200,160650.0,28.0
4734,47340.0,1790707292674,12241785776600,160741.0,39.0
4735,47350.0,1790707292684,12241795782000,160855.0,39.0
4736,47360.0,1790707292694,12241805887600,160981.0,56.0
4737,47370.0,1790707292704,12241815928500,161128.0,58.0
4738,47380.0,1790707292714,12241825941300,161302.0,48.0
4739,47390.0,1790707292724,12241836047000,161537.0,64.0
4740,47400.0,1790707292734,12241845753100,161736.0,55.0
4741,47410.0,1790707292744,12241855660500,161900.0,44.0
4742,47420.0,1790707292754,12241865775100,162046.0,57.0
4743,47430.0,1790707292764,12241875840300,162123.0,36.0
4744,47440.0,1790707292774,12241885817200,162152.0,36.0
4745,47450.0,1790707292784,12241896238300,162121.0,52.0
4746,47460.0,1790707292794,12241906166700,162001.0,57.0
4747,47470.0,1790707292804,12241916097900,161910.0,43.0
4748,47480.0,1790707292814,12241926297500,161822.0,51.0
4749,47490.0,1790707292824,12241936296100,161784.0,51.0
4750,47500.0,1790707292834,12241946318400,161722.0,54.0
4751,47510.0,1790707292844,12241956228700,161733.0,42.0
4752,47520.0,1790707292855,12241966598100,161757.0,44.0
4753,47530.0,1790707292864,12241976184400,161790.0,39.0
4754,47540.0,1790707292875,12241986675400,161811.0,53.0
4755,47550.0,1790707292885,12241996760200,161780.0,31.0
4756,47560.0,1790707292895,12242006801800,161747.0,60.0
4757,47570.0,1790707292906,12242017963500,161664.0,51.0
4758,47580.0,1790707293024,12242136036100,161576.0,62.0
4759,47590.0,1790707293027,12242139269100,161539.0,42.0
4760,47600.0,1790707293029,12242141460600,161561.0,30.0
4761,47610.0,1790707293031,12242143191200,161564.0,33.0
4762,47620.0,1790707293033,12242144717400,161500.0,54.0
4763,47630.0,1790707293034,12242146192500,161351.0,24.0
4764,47640.0,1790707293036,12242147796900,161230.0,48.0
4765,47650.0,1790707293037,12242149095400,161129.0,39.0
4766,47660.0,1790707293038,12242150445000,161045.0,53.0
4767,47670.0,1790707293040,12242151752200,160995.0,35.0
4768,47680.0,1790707293041,12242153078100,161059.0,54.0
4769,47690.0,1790707293043,12242154658300,161197.0,36.0
4770,47700.0,1790707293044,12242156047900,161360.0,42.0
4771,47710.0,1790707293046,12242157570600,161550.0,37.0
4772,47720.0,1790707293055,12242166771300,161696.0,52.0
4773,47730.0,1790707293065,12242176764500,161766.0,43.0
4774,47740.0,1790707293075,12242186652200,161864.0,42.0
4775,47750.0,1790707293085,12242196604300,161843.0,44.0
4776,47760.0,1790707293095,12242206713900,161808.0,47.0
4777,47770.0,1790707293105,12242216676400,161806.0,39.0
4778,47780.0,1790707293115,12242226710800,161886.0,48.0
4779,47790.0,1790707293125,12242236731600,161978.0,59.0
4780,47800.0,1790707293135,12242246793300,161100.0,50.0
4781,47810.0,1790707293145,12242256506000,161148.0,44.0
4782,47820.0,1790707293155,12242266548100,161557.0,41.0
4783,47830.0,1790707293165,12242276616000,161352.0,57.0
4784,47840.0,1790707293175,12242286551900,161376.0,35.0
4785,47850.0,1790707293185,12242296677600,161473.0,39.0
4786,47860.0,1790707293195,12242306758000,161462.0,43.0
4787,47870.0,1790707293205,12242316810900,161268.0,43.0
4788,47880.0,1790707293215,12242326874900,161006.0,41.0
4789,47890.0,1790707293225,12242336764300,160670.0,47.0
4790,47900.0,1790707293235,12242346845500,160312.0,52.0
4791,47910.0,1790707293245,12242356954900,159884.0,46.0
4792,47920.0,1790707293255,12242366978500,159585.0,44.0
4793,47930.0,1790707293265,12242376950000,159376.0,45.0
4794,47940.0,1790707293275,12242386926900,159307.0,48.0
4795,47950.0,1790707293285,12242397081000,159184.0,32.0
4796,47960.0,1790707293295,12242407282400,159099.0,47.0
4797,47970.0,1790707293305,12242417102100,158982.0,41.0
4798,47980.0,1790707293315,12242427136400,158937.0,33.0
4799,47990.0,1790707293325,12242437115700,158886.0,55.0
4800,48000.0,1790707293335,12242447244900,158855.0,52.0
4801,48010.0,1790707293345,12242457220800,158750.0,45.0
4802,48020.0,1790707293355,12242467000300,158729.0,38.0
4803,48030.0,1790707293365,12242477014200,158786.0,34.0
4804,48040.0,1790707293375,12242487269000,158825.0,32.0
4805,48050.0,1790707293386,12242497636200,158909.0,17.0
4806,48060.0,1790707293396,12242507676700,159058.0,35.0
4807,48070.0,1790707293406,12242517506900,159106.0,46.0
4808,48080.0,1790707293416,12242527517600,159212.0,40.0
4809,48090.0,1790707293425,12242537309600,159222.0,50.0
4810,48100.0,1790707293436,12242547501000,159253.0,52.0
4811,48110.0,1790707293445,12242557372100,159258.0,50.0
4812,48120.0,1790707293455,12242567363900,159355.0,50.0
4813,48130.0,1790707293465,12242577328700,159405.0,53.0
4814,48140.0,1790707293475,12242587364100,159385.0,44.0
4815,48150.0,1790707293486,12242597469400,159228.0,48.0
4816,48160.0,1790707293496,12242607654900,159171.0,38.0
4817,48170.0,1790707293506,12242617525900,159130.0,38.0
4818,48180.0,1790707293516,12242627566100,159166.0,44.0
4819,48190.0,1790707293526,12242637565200,159164.0,25.0
4820,48200.0,1790707293536,12242647658200,159288.0,46.0
4821,48210.0,1790707293546,12242657669600,159371.0,51.0
4822,48220.0,1790707293556,12242667625800,159525.0,41.0
4823,48230.0,1790707293566,12242677730100,159532.0,35.0
4824,48240.0,1790707293575,12242687431500,159598.0,44.0
4825,48250.0,1790707293586,12242697525700,159555.0,43.0
4826,48260.0,1790707293596,12242707474500,159535.0,41.0
4827,48270.0,1790707293606,12242717505400,159495.0,46.0
4828,48280.0,1790707293616,12242727550000,159559.0,24.0
4829,48290.0,1790707293626,12242737632600,159572.0,34.0
4830,48300.0,1790707293636,12242747691500,159651.0,29.0
4831,48310.0,1790707293646,12242757760200,159686.0,34.0
4832,48320.0,1790707293656,12242767767900,159844.0,42.0
4833,48330.0,1790707293666,12242777799400,159930.0,47.0
4834,48340.0,1790707293676,12242787812700,160079.0,47.0
4835,48350.0,1790707293686,12242797868800,160160.0,49.0
4836,48360.0,1790707293696,12242807931600,160239.0,40.0
4837,48370.0,1790707293706,12242817905400,160244.0,41.0
4838,48380.0,1790707293716,12242827979300,160351.0,39.0
4839,48390.0,1790707293726,12242838014300,160399.0,49.0
4840,48400.0,1790707293736,12242848070400,160474.0,36.0
4841,48410.0,1790707293746,12242858370600,160446.0,45.0
4842,48420.0,1790707293757,12242868508200,160423.0,36.0
4843,48430.0,1790707293766,12242878427000,160305.0,46.0
4844,48440.0,1790707293776,12242888195700,160265.0,43.0
4845,48450.0,1790707293787,12242899224900,160170.0,44.0
4846,48460.0,1790707293798,12242909732900,160152.0,49.0
4847,48470.0,1790707293807,12242918896200,160117.0,46.0
4848,48480.0,1790707293817,12242928622900,160202.0,44.0
4849,48490.0,1790707293827,12242939441600,160227.0,44.0
4850,48500.0,1790707293837,12242949403500,160262.0,41.0
4851,48510.0,1790707293848,12242959772800,160137.0,38.0
4852,48520.0,1790707293858,12242969812700,160045.0,47.0
4853,48530.0,1790707293868,12242979939200,159876.0,49.0
4854,48540.0,1790707293878,12242989849800,159854.0,43.0
4855,48550.0,1790707293888,12243000130500,159828.0,49.0
4856,48560.0,1790707293898,12243009842500,159899.0,53.0
4857,48570.0,1790707293919,12243031398600,159892.0,39.0
4858,48580.0,1790707293922,12243033566600,159987.0,39.0
4859,48590.0,1790707294036,12243147692900,159996.0,45.0
4860,48600.0,1790707294038,12243150243300,160127.0,34.0
4861,48610.0,1790707294040,12243151637300,160161.0,37.0
4862,48620.0,1790707294041,12243153048900,160219.0,47.0
4863,48630.0,1790707294042,12243154280500,160091.0,53.0
4864,48640.0,1790707294044,12243155499100,160059.0,50.0
4865,48650.0,1790707294045,12243156936400,159858.0,48.0
4866,48660.0,1790707294046,12243158326900,159748.0,58.0
4867,48670.0,1790707294048,12243159647100,159432.0,55.0
4868,48680.0,1790707294049,12243160859200,159324.0,45.0
4869,48690.0,1790707294050,12243162040700,159206.0,28.0
4870,48700.0,1790707294051,12243163206900,159300.0,34.0
4871,48710.0,1790707294055,12243166557900,159272.0,29.0
4872,48720.0,1790707294057,12243168491900,159332.0,20.0
4873,48730.0,1790707294067,12243178575200,159279.0,28.0
4874,48740.0,1790707294077,12243188567300,159412.0,27.0
4875,48750.0,1790707294087,12243198647300,159386.0,43.0
4876,48760.0,1790707294097,12243208622200,159401.0,34.0
4877,48770.0,1790707294107,12243218753500,159308.0,37.0
4878,48780.0,1790707294117,12243228729800,159425.0,47.0
4879,48790.0,1790707294127,12243238769200,159452.0,43.0
4880,48800.0,1790707294137,12243248762900,159573.0,49.0
4881,48810.0,1790707294147,12243258849900,159581.0,47.0
4882,48820.0,1790707294157,12243268871500,159698.0,37.0
4883,48830.0,1790707294167,12243278941800,159569.0,32.0
4884,48840.0,1790707294177,12243288929600,159465.0,34.0
4885,48850.0,1790707294187,12243299035600,159300.0,27.0
4886,48860.0,1790707294197,12243309064600,159219.0,37.0
4887,48870.0,1790707294207,12243319039700,159038.0,49.0
4888,48880.0,1790707294217,12243329121300,159015.0,49.0
4889,48890.0,1790707294227,12243339176800,158940.0,44.0
4890,48900.0,1790707294237,12243348837700,159060.0,52.0
4891,48910.0,1790707294247,12243358877300,159024.0,43.0
4892,48920.0,1790707294257,12243368872600,159075.0,37.0
4893,48930.0,1790707294267,12243378965200,159081.0,34.0
4894,48940.0,1790707294277,12243388965200,159114.0,35.0
4895,48950.0,1790707294287,12243399057500,159059.0,41.0
4896,48960.0,1790707294297,12243409095100,159104.0,37.0
4897,48970.0,1790707294307,12243419046600,159031.0,40.0
4898,48980.0,1790707294317,12243429219500,159117.0,48.0
4899,48990.0,1790707294327,12243439250300,159079.0,58.0
4900,49000.0,1790707294337,12243449258100,159213.0,54.0
4901,49010.0,1790707294348,12243459472500,159277.0,43.0
4902,49020.0,1790707294357,12243469383100,159463.0,44.0
4903,49030.0,1790707294368,12243479657300,159490.0,48.0
4904,49040.0,1790707294378,12243489713300,159622.0,42.0
4905,49050.0,1790707294388,12243499819800,159678.0,37.0
4906,49060.0,1790707294398,12243509688000,159858.0,40.0
4907,49070.0,1790707294408,12243519538300,159883.0,39.0
4908,49080.0,1790707294418,12243529611200,160038.0,43.0
4909,49090.0,1790707294428,12243539587600,160080.0,69.0
4910,49100.0,1790707294438,12243549570900,160215.0,56.0
4911,49110.0,1790707294448,12243559627500,160221.0,42.0
4912,49120.0,1790707294458,12243569585500,160347.0,51.0
4913,49130.0,1790707294468,12243579473200,160396.0,40.0
4914,49140.0,1790707294478,12243589498500,160560.0,41.0
4915,49150.0,1790707294487,12243599434600,160521.0,44.0
4916,49160.0,1790707294497,12243609457400,160553.0,49.0
4917,49170.0,1790707294507,12243619460800,160464.0,38.0
4918,49180.0,1790707294518,12243629558600,160562.0,54.0
4919,49190.0,1790707294528,12243639857400,160594.0,45.0
4920,49200.0,1790707294538,12243649590200,160740.0,43.0
4921,49210.0,1790707294548,12243659632700,160710.0,43.0
4922,49220.0,1790707294558,12243669659900,160842.0,55.0
4923,49230.0,1790707294568,12243679741000,160799.0,45.0
4924,49240.0,1790707294578,12243689848300,160853.0,54.0
4925,49250.0,1790707294588,12243699783500,160830.0,36.0
4926,49260.0,1790707294598,12243709901400,160928.0,42.0
4927,49270.0,1790707294608,12243720218900,160928.0,31.0
4928,49280.0,1790707294618,12243729947400,161025.0,48.0
4929,49290.0,1790707294628,12243740197500,160953.0,37.0
4930,49300.0,1790707294638,12243750249500,161038.0,45.0
4931,49310.0,1790707294648,12243760107500,161012.0,46.0
4932,49320.0,1790707294658,12243769856900,161068.0,42.0
4933,49330.0,1790707294668,12243779805900,161005.0,32.0
4934,49340.0,1790707294678,12243790027200,161042.0,30.0
4935,49350.0,1790707294688,12243800022700,161013.0,35.0
4936,49360.0,1790707294698,12243810203100,161109.0,29.0
4937,49370.0,1790707294708,12243820318700,161049.0,38.0
4938,49380.0,1790707294719,12243831221400,161099.0,37.0
4939,49390.0,1790707294728,12243840442200,161071.0,33.0
4940,49400.0,1790707294738,12243850065000,161097.0,23.0
4941,49410.0,1790707294751,12243862716400,160869.0,47.0
4942,49420.0,1790707294763,12243875049100,160774.0,35.0
4943,49430.0,1790707294768,12243880417800,160597.0,43.0
4944,49440.0,1790707294855,12243966858200,160626.0,39.0
4945,49450.0,1790707294923,12244035273100,160457.0,32.0
4946,49460.0,1790707294925,12244036881800,160413.0,54.0
4947,49470.0,1790707294926,12244038244200,160269.0,30.0
4948,49480.0,1790707294929,12244040684000,160282.0,37.0
4949,49490.0,1790707294931,12244042931100,160181.0,40.0
4950,49500.0,1790707294932,12244044315300,160242.0,40.0
4951,49510.0,1790707294934,12244045670200,160209.0,48.0
4952,49520.0,1790707294935,12244046960900,160351.0,44.0
4953,49530.0,1790707294936,12244048293200,160332.0,52.0
4954,49540.0,1790707294938,12244049642100,160379.0,40.0
4955,49550.0,1790707294939,12244051134700,160307.0,41.0
4956,49560.0,1790707294940,12244052467000,159899.0,31.0
4957,49570.0,1790707294942,12244053747200,159977.0,23.0
4958,49580.0,1790707294943,12244055144500,160165.0,50.0
4959,49590.0,1790707294948,12244060063500,159848.0,32.0
4960,49600.0,1790707294950,12244061667000,159897.0,40.0
4961,49610.0,1790707294951,12244063391400,159871.0,41.0
4962,49620.0,1790707294959,12244070563900,159890.0,33.0
4963,49630.0,1790707294969,12244080602300,159797.0,40.0
4964,49640.0,1790707294979,12244090889900,159828.0,32.0
4965,49650.0,1790707294989,12244100959100,159728.0,40.0
4966,49660.0,1790707294999,12244111201400,159753.0,30.0
4967,49670.0,1790707295009,12244120962200,159557.0,28.0
4968,49680.0,1790707295019,12244130811600,159521.0,31.0
4969,49690.0,1790707295030,12244141696200,159348.0,28.0
4970,49700.0,1790707295039,12244151135600,159350.0,40.0
4971,49710.0,1790707295049,12244160805900,159148.0,37.0
4972,49720.0,1790707295059,12244171069000,159048.0,35.0
4973,49730.0,1790707295069,12244181134900,158772.0,53.0
4974,49740.0,1790707295080,12244192080400,158747.0,46.0
4975,49750.0,1790707295102,12244213729500,158740.0,30.0
4976,49760.0,1790707295109,12244220511700,158990.0,32.0
4977,49770.0,1790707295111,12244222783400,159143.0,22.0
4978,49780.0,1790707295119,12244231130800,159346.0,22.0
4979,49790.0,1790707295129,12244241106000,159310.0,29.0
4980,49800.0,1790707295139,12244250996000,159418.0,21.0
4981,49810.0,1790707295149,12244260864000,159444.0,27.0
4982,49820.0,1790707295159,12244270949000,159638.0,28.0
4983,49830.0,1790707295169,12244281200200,159671.0,36.0
4984,49840.0,1790707295179,12244291089800,159812.0,32.0
4985,49850.0,1790707295189,12244300979600,159771.0,27.0
4986,49860.0,1790707295199,12244311056300,159884.0,35.0
4987,49870.0,1790707295209,12244321072700,159835.0,29.0
4988,49880.0,1790707295219,12244331110800,159939.0,21.0
4989,49890.0,1790707295229,12244341458800,159886.0,17.0
4990,49900.0,1790707295239,12244351260500,160038.0,36.0
4991,49910.0,1790707295249,12244361320700,160012.0,26.0
4992,49920.0,1790707295259,12244371331600,160168.0,43.0
4993,49930.0,1790707295269,12244381338900,160145.0,36.0
4994,49940.0,1790707295279,12244391350000,160262.0,41.0
4995,49950.0,1790707295290,12244401532000,160227.0,47.0
4996,49960.0,1790707295299,12244411229500,160278.0,40.0
4997,49970.0,1790707295311,12244422658500,160230.0,39.0
4998,49980.0,1790707295321,12244432682800,160392.0,19.0
4999,49990.0,1790707295331,12244442727100,160321.0,26.0
5000,50000.0,1790707295341,12244452859100,160451.0,26.0
5001,50010.0,1790707295351,12244462874500,160388.0,28.0
5002,50020.0,1790707295362,12244473552600,160553.0,40.0
5003,50030.0,1790707295371,12244482992300,160557.0,46.0
5004,50040.0,1790707295381,12244493098600,160766.0,38.0
5005,50050.0,1790707295391,12244503379100,160738.0,45.0
5006,50060.0,1790707295401,12244513388300,160894.0,37.0
5007,50070.0,1790707295413,12244524559700,160859.0,44.0
5008,50080.0,1790707295421,12244533142600,160971.0,38.0
5009,50090.0,1790707295431,12244543094500,160942.0,32.0
5010,50100.0,1790707295442,12244553656300,161011.0,43.0
5011,50110.0,1790707295452,12244563571100,160866.0,37.0
5012,50120.0,1790707295462,12244573479000,160936.0,37.0
5013,50130.0,1790707295472,12244583626500,160843.0,33.0
5014,50140.0,1790707295482,12244593892900,160924.0,54.0
5015,50150.0,1790707295491,12244603076100,160833.0,37.0
5016,50160.0,1790707295501,12244613168800,160877.0,53.0
5017,50170.0,1790707295512,12244623583200,160857.0,44.0
5018,50180.0,1790707295520,12244632343700,161000.0,36.0
5019,50190.0,1790707295530,12244641852800,160954.0,42.0
5020,50200.0,1790707295540,12244651738000,161006.0,42.0
5021,50210.0,1790707295550,12244662336400,160782.0,37.0
5022,50220.0,1790707295561,12244672709100,160663.0,36.0
5023,50230.0,1790707295570,12244681756000,160350.0,33.0
5024,50240.0,1790707295580,12244691727400,160216.0,35.0
5025,50250.0,1790707295590,12244701869300,159957.0,37.0
5026,50260.0,1790707295600,12244711889600,159899.0,31.0
5027,50270.0,1790707295610,12244722050100,159749.0,44.0
5028,50280.0,1790707295620,12244732384900,159799.0,44.0
5029,50290.0,1790707295630,12244742295700,159711.0,41.0
5030,50300.0,1790707295640,12244752335600,159717.0,30.0
5031,50310.0,1790707295650,12244762169400,159613.0,46.0
5032,50320.0,1790707295660,12244772393100,159725.0,29.0
5033,50330.0,1790707295670,12244782121700,159698.0,41.0
5034,50340.0,1790707295680,12244792249200,159782.0,25.0
5035,50350.0,1790707295691,12244802559400,159723.0,42.0
5036,50360.0,1790707295702,12244813586400,159826.0,25.0
5037,50370.0,1790707295712,12244824316500,159747.0,43.0
5038,50380.0,1790707295737,12244848881200,159791.0,32.0
5039,50390.0,1790707295739,12244851092600,159721.0,35.0
5040,50400.0,1790707295740,12244852335700,159784.0,47.0
5041,50410.0,1790707295812,12244924258400,159778.0,44.0
5042,50420.0,1790707295874,12244986334300,159968.0,33.0
5043,50430.0,1790707295876,12244988233700,160058.0,19.0
5044,50440.0,1790707295878,12244990034500,160254.0,30.0
5045,50450.0,1790707295879,12244991305400,160275.0,27.0
5046,50460.0,1790707295881,12244992506900,160420.0,41.0
5047,50470.0,1790707295882,12244993652000,160350.0,29.0
5048,50480.0,1790707295883,12244994920400,160366.0,34.0
5049,50490.0,1790707295884,12244996207900,160281.0,46.0
5050,50500.0,1790707295886,12244997472100,160319.0,34.0
5051,50510.0,1790707295887,12244998675200,160252.0,50.0
5052,50520.0,1790707295888,12245000076200,160297.0,46.0
5053,50530.0,1790707295890,12245001561600,160220.0,44.0
5054,50540.0,1790707295891,12245003026100,160303.0,30.0
5055,50550.0,1790707295893,12245005157800,160222.0,31.0
5056,50560.0,1790707295901,12245012668700,160263.0,51.0
5057,50570.0,1790707295911,12245023260400,160195.0,32.0
5058,50580.0,1790707295921,12245032722500,160254.0,37.0
5059,50590.0,1790707295931,12245042802500,160179.0,41.0
5060,50600.0,1790707295941,12245052774500,160232.0,51.0
5061,50610.0,1790707295951,12245062799400,160112.0,39.0
5062,50620.0,1790707295961,12245072897700,160086.0,37.0
5063,50630.0,1790707295971,12245082890800,159977.0,43.0
5064,50640.0,1790707295981,12245092935100,160000.0,53.0
5065,50650.0,1790707295991,12245102570900,159958.0,52.0
5066,50660.0,1790707296001,12245112692300,160065.0,44.0
5067,50670.0,1790707296011,12245122766200,160064.0,52.0
5068,50680.0,1790707296021,12245132713400,160135.0,34.0
5069,50690.0,1790707296031,12245142847200,160092.0,34.0
5070,50700.0,1790707296041,12245152773000,160155.0,35.0
5071,50710.0,1790707296051,12245162852900,160089.0,28.0
5072,50720.0,1790707296061,12245172882100,160107.0,47.0
5073,50730.0,1790707296071,12245182911500,160006.0,39.0
5074,50740.0,1790707296081,12245192921600,160054.0,48.0
5075,50750.0,1790707296091,12245202924200,159993.0,39.0
5076,50760.0,1790707296101,12245213017000,160025.0,44.0
5077,50770.0,1790707296111,12245223104100,159973.0,37.0
5078,50780.0,1790707296122,12245233657100,160053.0,30.0
5079,50790.0,1790707296131,12245243151700,160026.0,36.0
5080,50800.0,1790707296142,12245253529900,160130.0,41.0
5081,50810.0,1790707296153,12245264674200,160066.0,42.0
5082,50820.0,1790707296163,12245274770900,160100.0,41.0
5083,50830.0,1790707296173,12245285188400,160024.0,32.0
5084,50840.0,1790707296182,12245294216700,160036.0,48.0
5085,50850.0,1790707296191,12245303459700,159951.0,54.0
5086,50860.0,1790707296202,12245313485000,159976.0,48.0
5087,50870.0,1790707296212,12245323501900,159935.0,23.0
5088,50880.0,1790707296222,12245333528000,160024.0,32.0
5089,50890.0,1790707296232,12245343469100,160046.0,45.0
5090,50900.0,1790707296242,12245353637200,160127.0,35.0
5091,50910.0,1790707296252,12245363562100,160078.0,54.0
5092,50920.0,1790707296262,12245373708800,160141.0,43.0
5093,50930.0,1790707296272,12245383643300,160058.0,45.0
5094,50940.0,1790707296282,12245394041100,160016.0,45.0
5095,50950.0,1790707296292,12245404159900,159830.0,42.0
5096,50960.0,1790707296302,12245414435500,159694.0,44.0
5097,50970.0,1790707296313,12245425228300,159479.0,33.0
5098,50980.0,1790707296324,12245435581600,159444.0,48.0
5099,50990.0,1790707296334,12245445722300,159318.0,48.0
5100,51000.0,1790707296343,12245455141800,159243.0,38.0
5101,51010.0,1790707296354,12245465795900,159115.0,36.0
5102,51020.0,1790707296364,12245475737100,159118.0,38.0
5103,51030.0,1790707296373,12245484714000,159090.0,52.0
5104,51040.0,1790707296383,12245495309700,159127.0,36.0
5105,51050.0,1790707296393,12245504735800,159113.0,44.0
5106,51060.0,1790707296403,12245515454700,159210.0,46.0
5107,51070.0,1790707296413,12245524769900,159254.0,47.0
5108,51080.0,1790707296423,12245535016800,159360.0,39.0
5109,51090.0,1790707296433,12245545191500,159383.0,43.0
5110,51100.0,1790707296443,12245554508200,159481.0,41.0
5111,51110.0,1790707296453,12245565122100,159482.0,48.0
5112,51120.0,1790707296463,12245574555800,159529.0,26.0
5113,51130.0,1790707296473,12245584759100,159485.0,55.0
5114,51140.0,1790707296483,12245594896300,159485.0,52.0
5115,51150.0,1790707296493,12245604880300,159373.0,52.0
5116,51160.0,1790707296503,12245615418500,159311.0,48.0
5117,51170.0,1790707296513,12245624826500,159176.0,49.0
5118,51180.0,1790707296523,12245635397200,159186.0,32.0
5119,51190.0,1790707296533,12245645261800,159141.0,47.0
5120,51200.0,1790707296544,12245655908300,159188.0,30.0
5121,51210.0,1790707296554,12245665530200,159135.0,42.0
5122,51220.0,1790707296563,12245675022600,159171.0,20.0
5123,51230.0,1790707296574,12245685547200,159138.0,43.0
5124,51240.0,1790707296583,12245695245500,159193.0,55.0
5125,51250.0,1790707296594,12245705638400,159158.0,64.0
5126,51260.0,1790707296603,12245715014800,159186.0,45.0
5127,51270.0,1790707296613,12245725141900,159186.0,45.0
5128,51280.0,1790707296623,12245735127200,159262.0,45.0
5129,51290.0,1790707296633,12245744585300,159238.0,27.0
5130,51300.0,1790707296643,12245754837200,159305.0,38.0
5131,51310.0,1790707296653,12245764650900,159308.0,37.0
5132,51320.0,1790707296662,12245774398100,159394.0,40.0
5133,51330.0,1790707296672,12245784202000,159351.0,53.0
5134,51340.0,1790707296683,12245794582100,159375.0,43.0
5135,51350.0,1790707296693,12245804663900,159337.0,51.0
5136,51360.0,1790707296702,12245814259800,159389.0,57.0
5137,51370.0,1790707296716,12245828255700,159359.0,47.0
5138,51380.0,1790707296786,12245898465200,159411.0,43.0
5139,51390.0,1790707296843,12245954942100,159374.0,49.0
5140,51400.0,1790707296845,12245957261200,159447.0,40.0
5141,51410.0,1790707296847,12245958703300,159402.0,41.0
5142,51420.0,1790707296848,12245959980500,159456.0,46.0
5143,51430.0,1790707296849,12245961225800,159463.0,57.0
5144,51440.0,1790707296850,12245962406100,159543.0,62.0
5145,51450.0,1790707296852,12245963592100,159548.0,58.0
5146,51460.0,1790707296853,12245964823900,159544.0,53.0
5147,51470.0,1790707296854,12245966132400,159437.0,54.0
5148,51480.0,1790707296855,12245967381100,159391.0,48.0
5149,51490.0,1790707296857,12245968587700,159333.0,39.0
5150,51500.0,1790707296858,12245969753200,159367.0,47.0
5151,51510.0,1790707296859,12245971390400,159386.0,39.0
5152,51520.0,1790707296863,12245974785100,159493.0,50.0
5153,51530.0,1790707296873,12245984566200,159599.0,41.0
5154,51540.0,1790707296883,12245994605600,159757.0,37.0
5155,51550.0,1790707296893,12246004651100,159857.0,45.0
5156,51560.0,1790707296903,12246014729300,159970.0,44.0
5157,51570.0,1790707296913,12246024737300,160017.0,30.0
5158,51580.0,1790707296923,12246034770000,160079.0,42.0
5159,51590.0,1790707296933,12246044833200,160090.0,45.0
5160,51600.0,1790707296943,12246054932000,160077.0,44.0
5161,51610.0,1790707296953,12246064776000,160031.0,35.0
5162,51620.0,1790707296963,12246074958100,160086.0,27.0
5163,51630.0,1790707296973,12246084855800,160090.0,42.0
5164,51640.0,1790707296983,12246094919500,160184.0,58.0
5165,51650.0,1790707296993,12246104983800,160293.0,31.0
5166,51660.0,1790707297003,12246115006500,160426.0,46.0
5167,51670.0,1790707297013,12246125374100,160554.0,44.0
5168,51680.0,1790707297023,12246134779600,160655.0,42.0
5169,51690.0,1790707297033,12246144801900,160638.0,47.0
5170,51700.0,1790707297043,12246154787400,160683.0,46.0
5171,51710.0,1790707297053,12246164772900,160637.0,47.0
5172,51720.0,1790707297063,12246174901300,160518.0,38.0
5173,51730.0,1790707297073,12246184952600,160356.0,27.0
5174,51740.0,1790707297083,12246194958100,160262.0,41.0
5175,51750.0,1790707297093,12246205299000,160130.0,51.0
5176,51760.0,1790707297103,12246215457800,160065.0,41.0
5177,51770.0,1790707297113,12246225401800,159920.0,41.0
5178,51780.0,1790707297124,12246235559100,159800.0,35.0
5179,51790.0,1790707297133,12246245162400,159688.0,57.0
5180,51800.0,1790707297143,12246255452900,159638.0,38.0
5181,51810.0,1790707297154,12246265674900,159591.0,44.0
5182,51820.0,1790707297164,12246275620400,159625.0,39.0
5183,51830.0,1790707297174,12246285562900,159647.0,38.0
5184,51840.0,1790707297184,12246295757900,159699.0,42.0
5185,51850.0,1790707297194,12246305844200,159727.0,49.0
5186,51860.0,1790707297204,12246315645800,159793.0,54.0
5187,51870.0,1790707297214,12246325820300,159804.0,49.0
5188,51880.0,1790707297224,12246335657400,159791.0,63.0
5189,51890.0,1790707297234,12246345505400,159760.0,53.0
5190,51900.0,1790707297244,12246355526500,159790.0,54.0
5191,51910.0,1790707297253,12246365452800,159780.0,58.0
5192,51920.0,1790707297264,12246375543400,159736.0,39.0
5193,51930.0,1790707297274,12246385573200,159699.0,57.0
5194,51940.0,1790707297284,12246395608000,159763.0,49.0
5195,51950.0,1790707297294,12246405754800,159856.0,47.0
5196,51960.0,1790707297304,12246415997500,159900.0,31.0
5197,51970.0,1790707297314,12246426012700,159880.0,45.0
5198,51980.0,1790707297388,12246500463500,159909.0,48.0
5199,51990.0,1790707297409,12246521140800,159980.0,50.0
5200,52000.0,1790707297415,12246527431800,160113.0,48.0
5201,52010.0,1790707297469,12246580886800,160200.0,50.0
5202,52020.0,1790707297470,12246582309700,160277.0,55.0
5203,52030.0,1790707297472,12246583530200,160377.0,47.0
5204,52040.0,1790707297473,12246584728300,160456.0,32.0
5205,52050.0,1790707297474,12246585869200,160447.0,47.0
5206,52060.0,1790707297475,12246587393100,160403.0,49.0
5207,52070.0,1790707297477,12246589047300,160393.0,39.0
5208,52080.0,1790707297478,12246590365800,160477.0,58.0
5209,52090.0,1790707297480,12246591567300,160585.0,66.0
5210,52100.0,1790707297481,12246592640000,160672.0,57.0
5211,52110.0,1790707297482,12246593629700,160707.0,62.0
5212,52120.0,1790707297483,12246594654300,160745.0,37.0
5213,52130.0,1790707297484,12246595657400,160771.0,41.0
5214,52140.0,1790707297485,12246596608100,160770.0,49.0
5215,52150.0,1790707297494,12246605751000,160732.0,43.0
5216,52160.0,1790707297504,12246615828800,160646.0,60.0
5217,52170.0,1790707297514,12246625816900,160568.0,45.0
5218,52180.0,1790707297524,12246635825400,160529.0,50.0
5219,52190.0,1790707297534,12246645956900,160570.0,55.0
5220,52200.0,1790707297544,12246656013200,160617.0,45.0
5221,52210.0,1790707297554,12246666058000,160608.0,64.0
5222,52220.0,1790707297564,12246676246600,160618.0,53.0
5223,52230.0,1790707297574,12246686053100,160678.0,54.0
5224,52240.0,1790707297584,12246696044700,160720.0,56.0
5225,52250.0,1790707297594,12246706154200,160747.0,42.0
5226,52260.0,1790707297604,12246716143100,160764.0,40.0
5227,52270.0,1790707297614,12246726172000,160692.0,36.0
5228,52280.0,1790707297624,12246736335700,160577.0,46.0
5229,52290.0,1790707297634,12246746352000,160556.0,46.0
5230,52300.0,1790707297644,12246756396100,160551.0,38.0
5231,52310.0,1790707297655,12246766505500,160571.0,48.0
5232,52320.0,1790707297664,12246776427400,160618.0,56.0
5233,52330.0,1790707297675,12246786532500,160675.0,48.0
5234,52340.0,1790707297684,12246796441200,160743.0,39.0
5235,52350.0,1790707297695,12246806513000,160751.0,42.0
5236,52360.0,1790707297704,12246816218100,160712.0,39.0
5237,52370.0,1790707297714,12246826422400,160690.0,43.0
5238,52380.0,1790707297729,12246841104400,160599.0,48.0
5239,52390.0,1790707297739,12246850738400,160554.0,55.0
5240,52400.0,1790707297796,12246907611800,160467.0,53.0
5241,52410.0,1790707297842,12246953994900,160506.0,54.0
5242,52420.0,1790707297844,12246956132800,160561.0,55.0
5243,52430.0,1790707297848,12246960313200,160650.0,37.0
5244,52440.0,1790707297850,12246961786900,160727.0,35.0
5245,52450.0,1790707297853,12246965433300,160814.0,37.0
5246,52460.0,1790707297855,12246966898600,160820.0,44.0
5247,52470.0,1790707297860,12246972453600,160844.0,29.0
5248,52480.0,1790707297865,12246977362000,160817.0,46.0
5249,52490.0,1790707297867,12246978772000,160767.0,42.0
5250,52500.0,1790707297868,12246980030000,160664.0,59.0
5251,52510.0,1790707297869,12246981248800,160651.0,43.0
5252,52520.0,1790707297871,12246982478300,160541.0,53.0
5253,52530.0,1790707297875,12246986713600,160448.0,58.0
5254,52540.0,1790707297885,12246996605900,160305.0,41.0
5255,52550.0,1790707297895,12247006838200,160206.0,36.0
5256,52560.0,1790707297905,12247016656200,160091.0,38.0
5257,52570.0,1790707297915,12247026733000,160031.0,35.0
5258,52580.0,1790707297925,12247036780300,159960.0,45.0
5259,52590.0,1790707297936,12247047675300,160026.0,47.0
5260,52600.0,1790707297946,12247057535800,159992.0,46.0
5261,52610.0,1790707297955,12247066817800,159987.0,48.0
5262,52620.0,1790707297965,12247076877700,159969.0,45.0
5263,52630.0,1790707297975,12247087273200,160062.0,36.0
5264,52640.0,1790707297985,12247096929200,160109.0,51.0
5265,52650.0,1790707297995,12247106940500,160128.0,36.0
5266,52660.0,1790707298005,12247117040600,160136.0,53.0
5267,52670.0,1790707298015,12247127210500,160186.0,31.0
5268,52680.0,1790707298025,12247137120300,160157.0,34.0
5269,52690.0,1790707298035,12247147068700,160141.0,43.0
5270,52700.0,1790707298045,12247157169000,160067.0,32.0
5271,52710.0,1790707298055,12247167241800,160025.0,51.0
5272,52720.0,1790707298065,12247177202300,159973.0,56.0
5273,52730.0,1790707298075,12247187461200,159989.0,44.0
5274,52740.0,1790707298085,12247196952700,159956.0,54.0
5275,52750.0,1790707298095,12247207400200,160022.0,30.0
5276,52760.0,1790707298105,12247217011300,160068.0,49.0
5277,52770.0,1790707298115,12247227071400,160130.0,34.0
5278,52780.0,1790707298125,12247237117900,160112.0,33.0
5279,52790.0,1790707298135,12247247132300,160098.0,40.0
5280,52800.0,1790707298145,12247257240300,160056.0,36.0
5281,52810.0,1790707298155,12247267223100,160037.0,55.0
5282,52820.0,1790707298165,12247277270900,159988.0,49.0
5283,52830.0,1790707298175,12247287301400,160047.0,46.0
5284,52840.0,1790707298185,12247297378400,160085.0,39.0
5285,52850.0,1790707298195,12247307453700,160247.0,49.0
5286,52860.0,1790707298205,12247317455600,160392.0,25.0
5287,52870.0,1790707298215,12247327433900,160530.0,38.0
5288,52880.0,1790707298226,12247337643700,160595.0,44.0
5289,52890.0,1790707298236,12247347636900,160650.0,30.0
5290,52900.0,1790707298246,12247358298000,160632.0,44.0
5291,52910.0,1790707298257,12247368613000,160660.0,37.0
5292,52920.0,1790707298266,12247378063400,160587.0,48.0
5293,52930.0,1790707298276,12247387825600,160561.0,52.0
5294,52940.0,1790707298286,12247398388800,160534.0,41.0
5295,52950.0,1790707298296,12247408168000,160614.0,36.0
5296,52960.0,1790707298306,12247418302600,160581.0,34.0
5297,52970.0,1790707298316,12247428354800,160591.0,30.0
5298,52980.0,1790707298327,12247439166700,160567.0,41.0
5299,52990.0,1790707298336,12247448464100,160622.0,29.0
5300,53000.0,1790707298346,12247458404700,160569.0,42.0
5301,53010.0,1790707298357,12247468545400,160615.0,44.0
5302,53020.0,1790707298367,12247478608000,160567.0,56.0
5303,53030.0,1790707298377,12247488509300,160635.0,33.0
5304,53040.0,1790707298387,12247498866700,160562.0,61.0
5305,53050.0,1790707298397,12247508578200,160594.0,38.0
5306,53060.0,1790707298408,12247519629700,160468.0,38.0
5307,53070.0,1790707298417,12247529004700,160428.0,31.0
5308,53080.0,1790707298427,12247538682700,160327.0,32.0
5309,53090.0,1790707298437,12247548535700,160367.0,40.0
5310,53100.0,1790707298446,12247558105400,160342.0,47.0
5311,53110.0,1790707298458,12247569777200,160508.0,35.0
5312,53120.0,1790707298468,12247579942100,160562.0,44.0
5313,53130.0,1790707298478,12247589608800,160731.0,46.0
5314,53140.0,1790707298486,12247598105800,160775.0,29.0
5315,53150.0,1790707298496,12247608134100,160958.0,42.0
5316,53160.0,1790707298506,12247618028700,160960.0,48.0
5317,53170.0,1790707298516,12247627881200,161006.0,39.0
5318,53180.0,1790707298526,12247637938400,160937.0,26.0
5319,53190.0,1790707298536,12247648180200,160961.0,36.0
5320,53200.0,1790707298546,12247657947500,160874.0,27.0
5321,53210.0,1790707298556,12247667989100,160921.0,36.0
5322,53220.0,1790707298566,12247678105300,160897.0,28.0
5323,53230.0,1790707298576,12247688174500,161009.0,40.0
5324,53240.0,1790707298586,12247698106600,160935.0,38.0
5325,53250.0,1790707298596,12247708178100,160921.0,42.0
5326,53260.0,1790707298606,12247718279100,160698.0,52.0
5327,53270.0,1790707298616,12247728282000,160521.0,39.0
5328,53280.0,1790707298626,12247738271500,160236.0,28.0
5329,53290.0,1790707298636,12247748320700,160170.0,38.0
5330,53300.0,1790707298646,12247758372600,160017.0,36.0
5331,53310.0,1790707298656,12247768359700,159956.0,36.0
5332,53320.0,1790707298666,12247778445500,159780.0,51.0
5333,53330.0,1790707298677,12247788475000,159816.0,38.0
5334,53340.0,1790707298687,12247798522800,159771.0,44.0
5335,53350.0,1790707298697,12247808574800,159880.0,43.0
5336,53360.0,1790707298706,12247818261800,159934.0,39.0
5337,53370.0,1790707298716,12247828351800,160192.0,44.0
5338,53380.0,1790707298726,12247838339600,160352.0,39.0
5339,53390.0,1790707298736,12247848391400,160509.0,31.0
5340,53400.0,1790707298746,12247858437700,160492.0,39.0
5341,53410.0,1790707298756,12247868445100,160543.0,32.0
5342,53420.0,1790707298767,12247878495400,160458.0,36.0
5343,53430.0,1790707298777,12247888667000,160453.0,34.0
5344,53440.0,1790707298787,12247898538100,160330.0,37.0
5345,53450.0,1790707298797,12247908628500,160370.0,46.0
5346,53460.0,1790707298809,12247921457500,160353.0,53.0
5347,53470.0,1790707298817,12247928631800,160455.0,42.0
5348,53480.0,1790707298832,12247944084700,160483.0,41.0
5349,53490.0,1790707298837,12247949127500,160628.0,31.0
5350,53500.0,1790707298913,12248024562200,160640.0,44.0
5351,53510.0,1790707298981,12248092630200,160701.0,32.0
5352,53520.0,1790707298982,12248094243800,160650.0,37.0
5353,53530.0,1790707298984,12248095665500,160742.0,43.0
5354,53540.0,1790707298985,12248096952400,160678.0,49.0
5355,53550.0,1790707298986,12248098251100,160629.0,53.0
5356,53560.0,1790707298988,12248099506800,160465.0,55.0
5357,53570.0,1790707298989,12248100871100,160433.0,49.0
5358,53580.0,1790707298990,12248102307300,160344.0,49.0
5359,53590.0,1790707298992,12248103845600,160347.0,40.0
5360,53600.0,1790707298993,12248105193200,160259.0,33.0
5361,53610.0,1790707298994,12248106466200,160305.0,30.0
5362,53620.0,1790707298996,12248107757300,160246.0,37.0
5363,53630.0,1790707298997,12248108925800,160332.0,31.0
5364,53640.0,1790707298998,12248110199200,160324.0,54.0
5365,53650.0,1790707299000,12248111612000,160472.0,47.0
5366,53660.0,1790707299007,12248119170300,160477.0,58.0
5367,53670.0,1790707299017,12248129015900,160633.0,50.0
5368,53680.0,1790707299027,12248139198100,160660.0,53.0
5369,53690.0,1790707299037,12248149210700,160751.0,41.0
5370,53700.0,1790707299047,12248159198200,160729.0,46.0
5371,53710.0,1790707299057,12248169238700,160842.0,48.0
5372,53720.0,1790707299067,12248179211300,160796.0,39.0
5373,53730.0,1790707299077,12248189295400,160875.0,25.0
5374,53740.0,1790707299087,12248199304300,160857.0,46.0
5375,53750.0,1790707299097,12248209351600,161001.0,47.0
5376,53760.0,1790707299107,12248219409100,161014.0,48.0
5377,53770.0,1790707299117,12248229102200,161134.0,39.0
5378,53780.0,1790707299127,12248239188700,161136.0,44.0
5379,53790.0,1790707299137,12248249187200,161227.0,27.0
5380,53800.0,1790707299147,12248259140100,161140.0,37.0
5381,53810.0,1790707299157,12248269254700,161131.0,38.0
5382,53820.0,1790707299167,12248279294500,160919.0,35.0
5383,53830.0,1790707299177,12248289383600,160814.0,40.0
5384,53840.0,1790707299188,12248299544800,160644.0,46.0
5385,53850.0,1790707299198,12248309470800,160657.0,48.0
5386,53860.0,1790707299208,12248319845900,160509.0,49.0
5387,53870.0,1790707299219,12248330505400,160519.0,39.0
5388,53880.0,1790707299228,12248340427400,160514.0,39.0
5389,53890.0,1790707299239,12248351073500,160664.0,33.0
5390,53900.0,1790707299249,12248361080100,160727.0,41.0
5391,53910.0,1790707299259,12248371127400,160877.0,42.0
5392,53920.0,1790707299269,12248381243600,160873.0,46.0
5393,53930.0,1790707299279,12248391291000,161005.0,45.0
5394,53940.0,1790707299289,12248401444000,161058.0,31.0
5395,53950.0,1790707299299,12248411224400,161241.0,46.0
5396,53960.0,1790707299308,12248420359900,161300.0,49.0
5397,53970.0,1790707299318,12248430297700,161439.0,32.0
5398,53980.0,1790707299328,12248439926700,161387.0,36.0
5399,53990.0,1790707299338,12248450052500,161442.0,47.0
5400,54000.0,1790707299348,12248460043800,161368.0,34.0
5401,54010.0,1790707299358,12248469981300,161401.0,42.0
5402,54020.0,1790707299368,12248480288000,161251.0,32.0
5403,54030.0,1790707299379,12248490693800,161235.0,51.0
5404,54040.0,1790707299389,12248500919600,161131.0,46.0
5405,54050.0,1790707299399,12248511361100,161177.0,54.0
5406,54060.0,1790707299409,12248521142500,161054.0,40.0
5407,54070.0,1790707299420,12248532220000,161080.0,35.0
5408,54080.0,1790707299430,12248541717400,161005.0,42.0
5409,54090.0,1790707299440,12248551759800,161030.0,29.0
5410,54100.0,1790707299450,12248562093500,160910.0,31.0
5411,54110.0,1790707299459,12248571248400,161047.0,36.0
5412,54120.0,1790707299469,12248581244300,161024.0,38.0
5413,54130.0,1790707299480,12248591677400,161024.0,49.0
5414,54140.0,1790707299490,12248602223100,160919.0,48.0
5415,54150.0,1790707299499,12248611447200,160989.0,39.0
5416,54160.0,1790707299510,12248621509900,160911.0,48.0
5417,54170.0,1790707299520,12248632080400,161045.0,39.0
5418,54180.0,1790707299529,12248641119400,161062.0,43.0
5419,54190.0,1790707299539,12248651190500,161130.0,40.0
5420,54200.0,1790707299549,12248661132700,161023.0,29.0
5421,54210.0,1790707299559,12248670596800,161098.0,20.0
5422,54220.0,1790707299569,12248680677000,161023.0,17.0
5423,54230.0,1790707299579,12248690535100,161108.0,40.0
5424,54240.0,1790707299588,12248700354500,160941.0,36.0
5425,54250.0,1790707299599,12248710802700,160894.0,47.0
5426,54260.0,1790707299609,12248720818300,160717.0,34.0
5427,54270.0,1790707299619,12248731004000,160689.0,32.0
5428,54280.0,1790707299629,12248740523900,160538.0,37.0
5429,54290.0,1790707299639,12248751078700,160564.0,38.0
5430,54300.0,1790707299649,12248761353200,160519.0,39.0
5431,54310.0,1790707299659,12248771136200,160688.0,22.0
5432,54320.0,1790707299669,12248781078900,160752.0,26.0
5433,54330.0,1790707299679,12248791234300,160974.0,19.0
5434,54340.0,1790707299689,12248801015600,161016.0,29.0
5435,54350.0,1790707299699,12248810964100,161216.0,43.0
5436,54360.0,1790707299709,12248820871600,161255.0,34.0
5437,54370.0,1790707299719,12248830708000,161438.0,35.0
5438,54380.0,1790707299729,12248840538400,161402.0,47.0
5439,54390.0,1790707299804,12248916321200,161468.0,26.0
5440,54400.0,1790707299870,12248981539400,161393.0,49.0
5441,54410.0,1790707299871,12248982986700,161540.0,32.0
5442,54420.0,1790707299872,12248984294300,161572.0,36.0
5443,54430.0,1790707299874,12248986329400,161779.0,54.0
5444,54440.0,1790707299877,12248988545500,161840.0,42.0
5445,54450.0,1790707299878,12248989860200,162101.0,31.0
5446,54460.0,1790707299879,12248991126700,162135.0,46.0
5447,54470.0,1790707299880,12248992453900,162263.0,38.0
5448,54480.0,1790707299882,12248993782100,162126.0,42.0
5449,54490.0,1790707299886,12248997920300,162078.0,46.0
5450,54500.0,1790707299887,12248999456000,161893.0,36.0
5451,54510.0,1790707299889,12249001085000,161943.0,28.0
5452,54520.0,1790707299892,12249003868900,161824.0,30.0
5453,54530.0,1790707299894,12249005688000,161845.0,46.0
5454,54540.0,1790707299895,12249007100600,161722.0,34.0
5455,54550.0,1790707299899,12249010988100,161821.0,30.0
5456,54560.0,1790707299909,12249021360500,161780.0,36.0
5457,54570.0,1790707299919,12249031113500,161883.0,27.0
5458,54580.0,1790707299929,12249041127200,161836.0,47.0
5459,54590.0,1790707299939,12249051146900,161862.0,47.0
5460,54600.0,1790707299949,12249061137200,161671.0,54.0
5461,54610.0,1790707299959,12249070894900,161640.0,45.0
5462,54620.0,1790707299969,12249080905000,161545.0,43.0
5463,54630.0,1790707299979,12249090968900,161604.0,39.0
5464,54640.0,1790707299989,12249100940500,161505.0,42.0
5465,54650.0,1790707299999,12249111022500,161553.0,37.0
5466,54660.0,1790707300009,12249121048600,161518.0,41.0
5467,54670.0,1790707300019,12249131046200,161651.0,39.0
5468,54680.0,1790707300029,12249141218700,161659.0,48.0
5469,54690.0,1790707300039,12249151205300,161845.0,31.0
5470,54700.0,1790707300049,12249161182500,161890.0,34.0
5471,54710.0,1790707300059,12249171260000,162052.0,34.0
5472,54720.0,1790707300069,12249181380500,162041.0,43.0
5473,54730.0,1790707300079,12249191279700,162118.0,33.0
5474,54740.0,1790707300089,12249201456700,162051.0,35.0
5475,54750.0,1790707300099,12249211466400,162192.0,35.0
5476,54760.0,1790707300110,12249221482800,162205.0,32.0
5477,54770.0,1790707300120,12249231542600,162318.0,36.0
5478,54780.0,1790707300130,12249242467100,162212.0,24.0
5479,54790.0,1790707300140,12249251691400,162240.0,34.0
5480,54800.0,1790707300150,12249261535400,162069.0,31.0
5481,54810.0,1790707300159,12249271363100,162045.0,38.0
5482,54820.0,1790707300172,12249283555600,161876.0,41.0
5483,54830.0,1790707300180,12249291970500,161831.0,46.0
5484,54840.0,1790707300190,12249302219300,161547.0,27.0
5485,54850.0,1790707300200,12249312090500,161459.0,33.0
5486,54860.0,1790707300210,12249322203100,161295.0,34.0
5487,54870.0,1790707300220,12249332052300,161276.0,38.0
5488,54880.0,1790707300230,12249342313300,161124.0,51.0
5489,54890.0,1790707300240,12249352283400,161144.0,38.0
5490,54900.0,1790707300250,12249362146000,161018.0,38.0
5491,54910.0,1790707300260,12249372168100,161057.0,34.0
5492,54920.0,1790707300270,12249382264100,161020.0,50.0
5493,54930.0,1790707300281,12249392506500,161087.0,29.0
5494,54940.0,1790707300290,12249402329600,161054.0,38.0
5495,54950.0,1790707300301,12249412768500,161178.0,43.0
5496,54960.0,1790707300311,12249422790800,161222.0,29.0
5497,54970.0,1790707300321,12249432668700,161422.0,42.0
5498,54980.0,1790707300331,12249442858900,161489.0,44.0
5499,54990.0,1790707300341,12249452631400,161630.0,51.0
5500,55000.0,1790707300351,12249463183900,161585.0,42.0
5501,55010.0,1790707300360,12249472262200,161643.0,34.0
5502,55020.0,1790707300370,12249482115600,161562.0,29.0
5503,55030.0,1790707300380,12249492074900,161651.0,42.0
5504,55040.0,1790707300390,12249501889600,161575.0,32.0
5505,55050.0,1790707300400,12249511970200,161657.0,40.0
5506,55060.0,1790707300410,12249522219600,161590.0,37.0
5507,55070.0,1790707300421,12249532582100,161698.0,31.0
5508,55080.0,1790707300431,12249542674700,161719.0,50.0
5509,55090.0,1790707300440,12249552232000,161854.0,52.0
5510,55100.0,1790707300451,12249562582400,161784.0,46.0
5511,55110.0,1790707300461,12249573330600,161833.0,39.0
5512,55120.0,1790707300472,12249583699800,161723.0,49.0
5513,55130.0,1790707300482,12249594151500,161745.0,31.0
5514,55140.0,1790707300492,12249603564000,161662.0,40.0
5515,55150.0,1790707300502,12249614054600,161760.0,40.0
5516,55160.0,1790707300512,12249624143900,161696.0,31.0
5517,55170.0,1790707300522,12249634005900,161750.0,37.0
5518,55180.0,1790707300532,12249643703000,161757.0,40.0
5519,55190.0,1790707300542,12249653745500,161980.0,42.0
5520,55200.0,1790707300552,12249664287800,162039.0,44.0
5521,55210.0,1790707300562,12249674227300,162173.0,41.0
5522,55220.0,1790707300572,12249684180200,162170.0,46.0
5523,55230.0,1790707300582,12249693989600,162228.0,38.0
5524,55240.0,1790707300592,12249703619300,162116.0,46.0
5525,55250.0,1790707300602,12249714123200,162085.0,30.0
5526,55260.0,1790707300612,12249723649800,161956.0,33.0
5527,55270.0,1790707300622,12249734284400,161895.0,30.0
5528,55280.0,1790707300632,12249744242700,161740.0,33.0
5529,55290.0,1790707300642,12249753887600,161801.0,38.0
5530,55300.0,1790707300652,12249764396400,161763.0,49.0
5531,55310.0,1790707300662,12249774337100,161813.0,45.0
5532,55320.0,1790707300673,12249784513900,161711.0,53.0
5533,55330.0,1790707300682,12249793828100,161715.0,43.0
5534,55340.0,1790707300692,12249803752500,161661.0,40.0
5535,55350.0,1790707300702,12249813879700,161661.0,43.0
5536,55360.0,1790707300712,12249823860800,161574.0,47.0
5537,55370.0,1790707300722,12249834168300,161531.0,40.0
5538,55380.0,1790707300744,12249856370400,161424.0,29.0
5539,55390.0,1790707300747,12249859248100,161421.0,51.0
5540,55400.0,1790707300752,12249863588800,161327.0,49.0
5541,55410.0,1790707300829,12249940732400,161430.0,35.0
5542,55420.0,1790707300892,12250004140600,161429.0,41.0
5543,55430.0,1790707300894,12250005948900,161587.0,41.0
5544,55440.0,1790707300895,12250007133400,161668.0,47.0
5545,55450.0,1790707300896,12250008244200,161801.0,43.0
5546,55460.0,1790707300897,12250009352100,161862.0,41.0
5547,55470.0,1790707300898,12250010450500,162068.0,44.0
5548,55480.0,1790707300900,12250011693800,162170.0,47.0
5549,55490.0,1790707300901,12250012958200,162432.0,19.0
5550,55500.0,1790707300902,12250014148900,162590.0,45.0
5551,55510.0,1790707300903,12250015280200,162811.0,44.0
5552,55520.0,1790707300905,12250016702600,162900.0,51.0
5553,55530.0,1790707300906,12250018215800,162993.0,56.0
5554,55540.0,1790707300908,12250019707100,162904.0,49.0
5555,55550.0,1790707300909,12250021046500,162946.0,32.0
5556,55560.0,1790707300911,12250022977400,162819.0,30.0
5557,55570.0,1790707300921,12250033352100,162677.0,35.0
5558,55580.0,1790707300931,12250043153200,162474.0,43.0
5559,55590.0,1790707300941,12250053178700,162354.0,31.0
5560,55600.0,1790707300951,12250063194100,162123.0,59.0
5561,55610.0,1790707300961,12250073224600,161904.0,54.0
5562,55620.0,1790707300971,12250083262500,161619.0,42.0
5563,55630.0,1790707300981,12250093334700,161462.0,45.0
5564,55640.0,1790707300991,12250103028500,161328.0,49.0
5565,55650.0,1790707301001,12250112971300,161338.0,37.0
5566,55660.0,1790707301011,12250123040900,161155.0,39.0
5567,55670.0,1790707301021,12250133003200,161108.0,42.0
5568,55680.0,1790707301031,12250143150400,161030.0,47.0
5569,55690.0,1790707301041,12250153161900,161061.0,45.0
5570,55700.0,1790707301051,12250163240800,161005.0,43.0
5571,55710.0,1790707301061,12250173173700,161076.0,50.0
5572,55720.0,1790707301071,12250183234000,161067.0,35.0
5573,55730.0,1790707301081,12250193314100,161112.0,54.0
5574,55740.0,1790707301091,12250203365900,161078.0,42.0
5575,55750.0,1790707301102,12250213490900,161196.0,44.0
5576,55760.0,1790707301111,12250223417400,161169.0,47.0
5577,55770.0,1790707301122,12250233538900,161182.0,40.0
5578,55780.0,1790707301133,12250244543700,161059.0,44.0
5579,55790.0,1790707301143,12250254763900,161060.0,36.0
5580,55800.0,1790707301153,12250264978400,161027.0,35.0
5581,55810.0,1790707301163,12250275012900,161077.0,41.0
5582,55820.0,1790707301173,12250285074600,161068.0,50.0
5583,55830.0,1790707301183,12250295105500,161144.0,49.0
5584,55840.0,1790707301193,12250304993100,161167.0,47.0
5585,55850.0,1790707301203,12250315136900,161207.0,40.0
5586,55860.0,1790707301213,12250325074300,161129.0,58.0
5587,55870.0,1790707301223,12250335263900,161068.0,57.0
5588,55880.0,1790707301233,12250344978100,160884.0,44.0
5589,55890.0,1790707301243,12250354915600,160773.0,37.0
5590,55900.0,1790707301253,12250365015600,160531.0,48.0
5591,55910.0,1790707301263,12250375094400,160399.0,40.0
5592,55920.0,1790707301273,12250384911800,160300.0,59.0
5593,55930.0,1790707301283,12250395162600,160295.0,63.0
5594,55940.0,1790707301293,12250405215400,160340.0,46.0
5595,55950.0,1790707301303,12250414953600,160596.0,42.0
5596,55960.0,1790707301313,12250425129900,160670.0,47.0
5597,55970.0,1790707301323,12250435143400,160783.0,45.0
5598,55980.0,1790707301333,12250445245800,160876.0,38.0
5599,55990.0,1790707301343,12250455261700,160980.0,62.0
5600,56000.0,1790707301353,12250465284300,161042.0,32.0
5601,56010.0,1790707301363,12250475314400,161132.0,35.0
5602,56020.0,1790707301373,12250485240600,161194.0,47.0
5603,56030.0,1790707301383,12250495247400,161297.0,43.0
5604,56040.0,1790707301393,12250505136500,161303.0,46.0
5605,56050.0,1790707301403,12250514600700,161345.0,37.0
5606,56060.0,1790707301412,12250524031900,161356.0,41.0
5607,56070.0,1790707301422,12250534332100,161376.0,38.0
5608,56080.0,1790707301432,12250543964200,161402.0,23.0
5609,56090.0,1790707301442,12250554205400,161485.0,46.0
5610,56100.0,1790707301452,12250564327500,161496.0,44.0
5611,56110.0,1790707301463,12250574642800,161560.0,39.0
5612,56120.0,1790707301472,12250584110000,161581.0,40.0
5613,56130.0,1790707301482,12250594143800,161621.0,46.0
5614,56140.0,1790707301493,12250604615100,161619.0,48.0
5615,56150.0,1790707301504,12250615788200,161671.0,52.0
5616,56160.0,1790707301514,12250626277900,161723.0,41.0
5617,56170.0,1790707301523,12250635244000,161840.0,50.0
5618,56180.0,1790707301532,12250644252900,161924.0,51.0
5619,56190.0,1790707301542,12250654318100,162048.0,44.0
5620,56200.0,1790707301554,12250665746500,162129.0,37.0
5621,56210.0,1790707301564,12250675789200,162181.0,38.0
5622,56220.0,1790707301573,12250684967100,162172.0,42.0
5623,56230.0,1790707301583,12250695004500,162157.0,55.0
5624,56240.0,1790707301593,12250704515700,162107.0,42.0
5625,56250.0,1790707301604,12250716034400,162031.0,53.0
5626,56260.0,1790707301615,12250726514500,161963.0,48.0
5627,56270.0,1790707301624,12250736422900,161957.0,55.0
5628,56280.0,1790707301634,12250746266800,161993.0,56.0
5629,56290.0,1790707301644,12250756453000,162044.0,38.0
5630,56300.0,1790707301655,12250766478300,162074.0,43.0
5631,56310.0,1790707301665,12250776550500,162146.0,54.0
5632,56320.0,1790707301674,12250786099400,162146.0,48.0
5633,56330.0,1790707301685,12250796847200,162137.0,43.0
5634,56340.0,1790707301695,12250806660200,162072.0,51.0
5635,56350.0,1790707301705,12250816808400,161991.0,51.0
5636,56360.0,1790707301715,12250826888500,161808.0,56.0
5637,56370.0,1790707301750,12250862433800,161715.0,59.0
5638,56380.0,1790707301754,12250866102400,161576.0,48.0
5639,56390.0,1790707301757,12250869033300,161481.0,45.0
5640,56400.0,1790707301760,12250872030500,161413.0,59.0
5641,56410.0,1790707301821,12250932881000,161393.0,54.0
5642,56420.0,1790707301903,12251015036600,161363.0,51.0
5643,56430.0,1790707301905,12251016879000,161402.0,47.0
5644,56440.0,1790707301907,12251018753200,161467.0,53.0
5645,56450.0,1790707301908,12251020257600,161484.0,41.0
5646,56460.0,1790707301910,12251021541500,161478.0,44.0
5647,56470.0,1790707301911,12251022790000,161462.0,51.0
5648,56480.0,1790707301912,12251024017500,161528.0,52.0
5649,56490.0,1790707301913,12251025382100,161578.0,46.0
5650,56500.0,1790707301915,12251027230200,161589.0,38.0
5651,56510.0,1790707301917,12251028710800,161622.0,51.0
5652,56520.0,1790707301918,12251030048700,161695.0,50.0
5653,56530.0,1790707301919,12251031273000,161733.0,50.0
5654,56540.0,1790707301920,12251032461500,161716.0,42.0
5655,56550.0,1790707301923,12251035101300,161683.0,31.0
5656,56560.0,1790707301925,12251036531100,161757.0,32.0
5657,56570.0,1790707301926,12251037774300,161855.0,35.0
5658,56580.0,1790707301933,12251045129900,161936.0,64.0
5659,56590.0,1790707301943,12251055194600,162020.0,51.0
5660,56600.0,1790707301953,12251065456000,162052.0,54.0
5661,56610.0,1790707301963,12251075242800,162123.0,43.0
5662,56620.0,1790707301974,12251085601900,162139.0,46.0
5663,56630.0,1790707301983,12251095282100,162141.0,38.0
5664,56640.0,1790707301993,12251105361900,162178.0,35.0
5665,56650.0,1790707302003,12251115383700,162233.0,53.0
5666,56660.0,1790707302013,12251125457800,162274.0,31.0
5667,56670.0,1790707302024,12251135473200,162261.0,62.0
5668,56680.0,1790707302034,12251145538100,162269.0,46.0
5669,56690.0,1790707302044,12251155540800,162303.0,61.0
5670,56700.0,1790707302053,12251165425600,162343.0,49.0
5671,56710.0,1790707302063,12251175295200,162330.0,43.0
5672,56720.0,1790707302073,12251185332300,162411.0,40.0
5673,56730.0,1790707302084,12251195624600,162425.0,48.0
5674,56740.0,1790707302093,12251205376500,162417.0,44.0
5675,56750.0,1790707302104,12251215712400,162357.0,33.0
5676,56760.0,1790707302113,12251225468100,162333.0,32.0
5677,56770.0,1790707302124,12251235469800,162295.0,41.0
5678,56780.0,1790707302134,12251245805900,162343.0,42.0
5679,56790.0,1790707302144,12251255619700,162340.0,38.0
5680,56800.0,1790707302154,12251265651100,162324.0,43.0
5681,56810.0,1790707302165,12251277386600,162341.0,60.0
5682,56820.0,1790707302175,12251287159300,162414.0,49.0
5683,56830.0,1790707302185,12251297141100,162450.0,48.0
5684,56840.0,1790707302195,12251307263500,162539.0,32.0
5685,56850.0,1790707302206,12251317992900,162495.0,38.0
5686,56860.0,1790707302216,12251327536100,162482.0,40.0
5687,56870.0,1790707302226,12251337609700,162416.0,51.0
5688,56880.0,1790707302236,12251347618100,162422.0,35.0
5689,56890.0,1790707302246,12251357629500,162421.0,51.0
5690,56900.0,1790707302256,12251367890600,162456.0,43.0
5691,56910.0,1790707302266,12251377853100,162476.0,50.0
5692,56920.0,1790707302275,12251387169800,162541.0,43.0
5693,56930.0,1790707302285,12251397075800,162563.0,39.0
5694,56940.0,1790707302295,12251407129100,162586.0,51.0
5695,56950.0,1790707302305,12251417180100,162517.0,29.0
5696,56960.0,1790707302315,12251427160400,162456.0,41.0
5697,56970.0,1790707302325,12251437120500,162349.0,27.0
5698,56980.0,1790707302335,12251447153500,162320.0,43.0
5699,56990.0,1790707302345,12251457318700,162290.0,34.0
5700,57000.0,1790707302355,12251467403400,162365.0,44.0
5701,57010.0,1790707302365,12251476964400,162427.0,48.0
5702,57020.0,1790707302375,12251487273700,162539.0,37.0
5703,57030.0,1790707302385,12251497300300,162665.0,44.0
5704,57040.0,1790707302395,12251507239200,162821.0,50.0
5705,57050.0,1790707302405,12251517463100,162902.0,37.0
5706,57060.0,1790707302416,12251527740300,163076.0,32.0
5707,57070.0,1790707302426,12251537681700,163130.0,41.0
5708,57080.0,1790707302435,12251547154600,163252.0,40.0
5709,57090.0,1790707302445,12251556855800,163229.0,40.0
5710,57100.0,1790707302455,12251566637900,163248.0,40.0
5711,57110.0,1790707302465,12251576625000,163210.0,34.0
5712,57120.0,1790707302475,12251586627200,163223.0,50.0
5713,57130.0,1790707302485,12251597248000,163134.0,45.0
5714,57140.0,1790707302495,12251606940600,163107.0,44.0
5715,57150.0,1790707302505,12251617034900,163040.0,42.0
5716,57160.0,1790707302514,12251626407400,163005.0,55.0
5717,57170.0,1790707302525,12251636761800,162903.0,49.0
5718,57180.0,1790707302536,12251648325300,162864.0,34.0
5719,57190.0,1790707302546,12251657917400,162726.0,25.0
5720,57200.0,1790707302555,12251667253600,162690.0,32.0
5721,57210.0,1790707302564,12251676332100,162590.0,34.0
5722,57220.0,1790707302575,12251686743400,162596.0,37.0
5723,57230.0,1790707302586,12251697965400,162515.0,42.0
5724,57240.0,1790707302596,12251708145500,162574.0,40.0
5725,57250.0,1790707302605,12251717311300,162612.0,23.0
5726,57260.0,1790707302615,12251726823600,162732.0,48.0
5727,57270.0,1790707302625,12251736746100,162759.0,52.0
5728,57280.0,1790707302635,12251746909400,162830.0,44.0
5729,57290.0,1790707302645,12251757101300,162779.0,30.0
5730,57300.0,1790707302655,12251766957600,162773.0,37.0
5731,57310.0,1790707302665,12251777086000,162708.0,44.0
5732,57320.0,1790707302675,12251787108800,162761.0,41.0
5733,57330.0,1790707302685,12251797132500,162703.0,39.0
5734,57340.0,1790707302695,12251807372900,162789.0,44.0
5735,57350.0,1790707302705,12251817431600,162767.0,54.0
5736,57360.0,1790707302716,12251827611300,162875.0,41.0
5737,57370.0,1790707302734,12251846438100,162900.0,48.0
5738,57380.0,1790707302737,12251848690500,162964.0,29.0
5739,57390.0,1790707302827,12251938545000,162917.0,57.0
5740,57400.0,1790707302882,12251993557200,162956.0,26.0
5741,57410.0,1790707302883,12251995003600,162844.0,51.0
5742,57420.0,1790707302884,12251996241900,162853.0,37.0
5743,57430.0,1790707302885,12251997412800,162766.0,32.0
5744,57440.0,1790707302887,12251998695600,162734.0,43.0
5745,57450.0,1790707302889,12252000664000,162625.0,45.0
5746,57460.0,1790707302890,12252002060500,162648.0,40.0
5747,57470.0,1790707302891,12252003339000,162612.0,45.0
5748,57480.0,1790707302893,12252004716300,162711.0,48.0
5749,57490.0,1790707302894,12252006110100,162684.0,43.0
5750,57500.0,1790707302896,12252007508700,162812.0,48.0
5751,57510.0,1790707302897,12252008778100,162900.0,32.0
5752,57520.0,1790707302898,12252010163900,163092.0,43.0
5753,57530.0,1790707302899,12252011416600,163114.0,52.0
5754,57540.0,1790707302901,12252012621500,163162.0,38.0
5755,57550.0,1790707302906,12252017611100,163117.0,42.0
5756,57560.0,1790707302916,12252027652100,163270.0,47.0
5757,57570.0,1790707302925,12252037383400,163258.0,53.0
5758,57580.0,1790707302935,12252047394300,163301.0,46.0
5759,57590.0,1790707302946,12252057501000,163216.0,43.0
5760,57600.0,1790707302955,12252067445800,163240.0,47.0
5761,57610.0,1790707302965,12252077223900,163149.0,36.0
5762,57620.0,1790707302975,12252087258600,163207.0,33.0
5763,57630.0,1790707302985,12252097268300,163145.0,32.0
5764,57640.0,1790707302995,12252107351900,163150.0,38.0
5765,57650.0,1790707303005,12252117385600,163051.0,37.0
5766,57660.0,1790707303015,12252127344900,163037.0,28.0
5767,57670.0,1790707303025,12252137375000,162914.0,37.0
5768,57680.0,1790707303036,12252147584300,162933.0,42.0
5769,57690.0,1790707303045,12252157460500,162822.0,43.0
5770,57700.0,1790707303056,12252167532000,162781.0,49.0
5771,57710.0,1790707303066,12252177546500,162661.0,54.0
5772,57720.0,1790707303076,12252187541000,162729.0,51.0
5773,57730.0,1790707303086,12252197813500,162711.0,52.0
5774,57740.0,1790707303096,12252207616800,162787.0,41.0
5775,57750.0,1790707303106,12252218287100,162773.0,36.0
5776,57760.0,1790707303116,12252227714500,162876.0,54.0
5777,57770.0,1790707303126,12252237862700,162850.0,37.0
5778,57780.0,1790707303136,12252247883500,162903.0,35.0
5779,57790.0,1790707303147,12252259387900,162832.0,27.0
5780,57800.0,1790707303157,12252269313800,162887.0,43.0
5781,57810.0,1790707303168,12252279774800,162828.0,45.0
5782,57820.0,1790707303179,12252290576100,162917.0,56.0
5783,57830.0,1790707303187,12252298727300,162833.0,49.0
5784,57840.0,1790707303196,12252307688500,162845.0,44.0
5785,57850.0,1790707303206,12252317744800,162770.0,33.0
5786,57860.0,1790707303216,12252328321000,162839.0,43.0
5787,57870.0,1790707303226,12252337955400,162750.0,34.0
5788,57880.0,1790707303236,12252348303200,162794.0,48.0
5789,57890.0,1790707303246,12252358262300,162682.0,49.0
5790,57900.0,1790707303256,12252368275600,162631.0,41.0
5791,57910.0,1790707303266,12252378299100,162424.0,39.0
5792,57920.0,1790707303277,12252388544700,162320.0,45.0
5793,57930.0,1790707303287,12252398899600,162119.0,46.0
5794,57940.0,1790707303297,12252408794800,162024.0,49.0
5795,57950.0,1790707303307,12252418633900,161831.0,40.0
5796,57960.0,1790707303317,12252428696000,161795.0,48.0
5797,57970.0,1790707303327,12252438939800,161651.0,47.0
5798,57980.0,1790707303337,12252448754900,161637.0,29.0
5799,57990.0,1790707303347,12252459002500,161534.0,39.0
5800,58000.0,1790707303357,12252469129700,161681.0,38.0
5801,58010.0,1790707303368,12252479948700,161684.0,48.0
5802,58020.0,1790707303378,12252490460600,161782.0,37.0
5803,58030.0,1790707303388,12252499988000,161756.0,60.0
5804,58040.0,1790707303399,12252510542500,161886.0,35.0
5805,58050.0,1790707303408,12252520125000,161853.0,49.0
5806,58060.0,1790707303418,12252529783200,161939.0,57.0
5807,58070.0,1790707303428,12252540109100,161892.0,28.0
5808,58080.0,1790707303438,12252550060000,161923.0,35.0
5809,58090.0,1790707303449,12252560546900,161807.0,33.0
5810,58100.0,1790707303458,12252569864600,161782.0,43.0
5811,58110.0,1790707303468,12252579960700,161665.0,35.0
5812,58120.0,1790707303477,12252589089900,161730.0,43.0
5813,58130.0,1790707303487,12252599002400,161687.0,53.0
5814,58140.0,1790707303497,12252608770800,161771.0,38.0
5815,58150.0,1790707303507,12252618611700,161705.0,56.0
5816,58160.0,1790707303517,12252629251900,161776.0,28.0
5817,58170.0,1790707303527,12252639102300,161695.0,46.0
5818,58180.0,1790707303537,12252649029100,161759.0,39.0
5819,58190.0,1790707303547,12252658917400,161640.0,40.0
5820,58200.0,1790707303557,12252669441800,161639.0,38.0
5821,58210.0,1790707303568,12252679621700,161543.0,40.0
5822,58220.0,1790707303577,12252689166300,161600.0,30.0
5823,58230.0,1790707303587,12252699423300,161568.0,37.0
5824,58240.0,1790707303598,12252709818200,161734.0,27.0
5825,58250.0,1790707303607,12252719006600,161723.0,27.0
5826,58260.0,1790707303618,12252729814500,161878.0,35.0
5827,58270.0,1790707303627,12252738730300,161891.0,39.0
5828,58280.0,1790707303639,12252750793800,161981.0,25.0
5829,58290.0,1790707303649,12252760598000,161954.0,33.0
5830,58300.0,1790707303658,12252770278700,161962.0,29.0
5831,58310.0,1790707303668,12252779850100,161861.0,36.0
5832,58320.0,1790707303678,12252789740100,161872.0,25.0
5833,58330.0,1790707303688,12252800275600,161763.0,42.0
5834,58340.0,1790707303698,12252809872000,161866.0,52.0
5835,58350.0,1790707303708,12252819930500,161815.0,39.0
5836,58360.0,1790707303730,12252841672500,161952.0,59.0
5837,58370.0,1790707303731,12252843180600,161974.0,40.0
5838,58380.0,1790707303804,12252915982000,162116.0,35.0
5839,58390.0,1790707303872,12252984122200,162089.0,31.0
5840,58400.0,1790707303874,12252986157700,162170.0,34.0
5841,58410.0,1790707303876,12252987663500,162078.0,35.0
5842,58420.0,1790707303877,12252988981100,162075.0,24.0
5843,58430.0,1790707303878,12252990278100,161956.0,42.0
5844,58440.0,1790707303880,12252991587000,161991.0,45.0
5845,58450.0,1790707303881,12252992944400,161899.0,42.0
5846,58460.0,1790707303882,12252994160100,161974.0,61.0
5847,58470.0,1790707303883,12252995347400,161933.0,42.0
5848,58480.0,1790707303885,12252996526800,162113.0,32.0
5849,58490.0,1790707303886,12252997616800,162145.0,32.0
5850,58500.0,1790707303887,12252998949000,162284.0,42.0
5851,58510.0,1790707303891,12253003106600,162277.0,40.0
5852,58520.0,1790707303893,12253004511900,162445.0,29.0
5853,58530.0,1790707303894,12253005845700,162424.0,21.0
5854,58540.0,1790707303897,12253009259600,162566.0,28.0
5855,58550.0,1790707303907,12253019381300,162540.0,39.0
5856,58560.0,1790707303917,12253029374300,162673.0,27.0
5857,58570.0,1790707303927,12253039369400,162689.0,16.0
5858,58580.0,1790707303938,12253049482800,162818.0,38.0
5859,58590.0,1790707303948,12253059532900,162789.0,41.0
5860,58600.0,1790707303958,12253069532800,162839.0,35.0
5861,58610.0,1790707303968,12253079571800,162745.0,22.0
5862,58620.0,1790707303978,12253089682100,162774.0,36.0
5863,58630.0,1790707303988,12253099895700,162681.0,43.0
5864,58640.0,1790707303998,12253109665200,162701.0,35.0
5865,58650.0,1790707304008,12253119705500,162532.0,33.0
5866,58660.0,1790707304018,12253129760300,162484.0,50.0
5867,58670.0,1790707304027,12253139401100,162223.0,53.0
5868,58680.0,1790707304038,12253149812700,162035.0,33.0
5869,58690.0,1790707304048,12253159914400,161692.0,33.0
5870,58700.0,1790707304058,12253169534700,161536.0,37.0
5871,58710.0,1790707304068,12253179580800,161303.0,40.0
5872,58720.0,1790707304078,12253189652900,161282.0,20.0
5873,58730.0,1790707304088,12253199663200,161112.0,30.0
5874,58740.0,1790707304098,12253209710100,161151.0,29.0
5875,58750.0,1790707304108,12253219753600,161079.0,30.0
5876,58760.0,1790707304118,12253229744800,161233.0,41.0
5877,58770.0,1790707304128,12253239804000,161268.0,44.0
5878,58780.0,1790707304138,12253249913700,161463.0,55.0
5879,58790.0,1790707304148,12253259846600,161540.0,30.0
5880,58800.0,1790707304158,12253270245400,161749.0,32.0
5881,58810.0,1790707304168,12253280245300,161795.0,28.0
5882,58820.0,1790707304178,12253290236200,161932.0,33.0
5883,58830.0,1790707304188,12253300403600,161874.0,28.0
5884,58840.0,1790707304198,12253310318300,161998.0,42.0
5885,58850.0,1790707304208,12253320386700,161962.0,39.0
5886,58860.0,1790707304218,12253330388200,162018.0,49.0
5887,58870.0,1790707304229,12253340615700,161912.0,33.0
5888,58880.0,1790707304238,12253350397900,161958.0,24.0
5889,58890.0,1790707304249,12253360565900,161856.0,46.0
5890,58900.0,1790707304259,12253370698000,161917.0,33.0
5891,58910.0,1790707304269,12253380910300,161831.0,53.0
5892,58920.0,1790707304279,12253390634100,161875.0,36.0
5893,58930.0,1790707304289,12253400563500,161768.0,31.0
5894,58940.0,1790707304299,12253410674000,161784.0,42.0
5895,58950.0,1790707304312,12253423849000,161645.0,41.0
5896,58960.0,1790707304318,12253430329300,161682.0,41.0
5897,58970.0,1790707304328,12253440352100,161618.0,42.0
5898,58980.0,1790707304339,12253450519900,161679.0,43.0
5899,58990.0,1790707304349,12253460574400,161592.0,40.0
5900,59000.0,1790707304359,12253470564100,161680.0,30.0
5901,59010.0,1790707304370,12253481471000,161633.0,30.0
5902,59020.0,1790707304379,12253490692200,161733.0,31.0
5903,59030.0,1790707304389,12253500624100,161693.0,29.0
5904,59040.0,1790707304399,12253510651600,161801.0,35.0
5905,59050.0,1790707304409,12253520777500,161760.0,40.0
5906,59060.0,1790707304419,12253530879000,161903.0,41.0
5907,59070.0,1790707304429,12253540979900,161900.0,43.0
5908,59080.0,1790707304439,12253550745000,162075.0,35.0
5909,59090.0,1790707304450,12253562060400,162182.0,42.0
5910,59100.0,1790707304460,12253571905400,162364.0,49.0
5911,59110.0,1790707304470,12253582199900,162352.0,31.0
5912,59120.0,1790707304479,12253591341600,162464.0,27.0
5913,59130.0,1790707304489,12253600887800,162480.0,26.0
5914,59140.0,1790707304499,12253610970100,162605.0,27.0
5915,59150.0,1790707304509,12253620819300,162575.0,42.0
5916,59160.0,1790707304519,12253631107500,162573.0,21.0
5917,59170.0,1790707304529,12253640666700,162420.0,34.0
5918,59180.0,1790707304540,12253652355100,162419.0,41.0
5919,59190.0,1790707304550,12253661561900,162306.0,34.0
5920,59200.0,1790707304559,12253671168500,162275.0,37.0
5921,59210.0,1790707304569,12253681058600,162110.0,46.0
5922,59220.0,1790707304579,12253690832900,162128.0,38.0
5923,59230.0,1790707304589,12253700815100,162000.0,26.0
5924,59240.0,1790707304599,12253710860400,162021.0,47.0
5925,59250.0,1790707304609,12253720907400,161857.0,42.0
5926,59260.0,1790707304619,12253731225600,161824.0,30.0
5927,59270.0,1790707304629,12253741270000,161722.0,46.0
5928,59280.0,1790707304639,12253751034800,161792.0,31.0
5929,59290.0,1790707304649,12253761067200,161708.0,42.0
5930,59300.0,1790707304659,12253771246800,161709.0,43.0
5931,59310.0,1790707304669,12253780819500,161515.0,49.0
5932,59320.0,1790707304679,12253790771400,161456.0,19.0
5933,59330.0,1790707304689,12253800897500,161349.0,35.0
5934,59340.0,1790707304699,12253810913200,161409.0,34.0
5935,59350.0,1790707304709,12253820997200,161427.0,30.0
5936,59360.0,1790707304719,12253831157200,161594.0,41.0
5937,59370.0,1790707304729,12253841060900,161708.0,52.0
5938,59380.0,1790707304739,12253851064000,161965.0,45.0
5939,59390.0,1790707304749,12253861107700,162009.0,44.0
5940,59400.0,1790707304759,12253871174900,162105.0,51.0
5941,59410.0,1790707304769,12253881207600,162059.0,46.0
5942,59420.0,1790707304779,12253891150700,162176.0,38.0
5943,59430.0,1790707304789,12253901190000,162082.0,36.0
5944,59440.0,1790707304799,12253911235400,162114.0,54.0
5945,59450.0,1790707304815,12253927033400,162046.0,38.0
5946,59460.0,1790707304869,12253980591600,162077.0,36.0
5947,59470.0,1790707304895,12254006886000,162028.0,44.0
5948,59480.0,1790707304959,12254070991400,162062.0,34.0
5949,59490.0,1790707304961,12254073022100,161947.0,49.0
5950,59500.0,1790707304963,12254074566100,161975.0,45.0
5951,59510.0,1790707304964,12254075859600,161938.0,42.0
5952,59520.0,1790707304965,12254077181500,161942.0,51.0
5953,59530.0,1790707304967,12254078508700,161792.0,42.0
5954,59540.0,1790707304968,12254079853400,161713.0,42.0
5955,59550.0,1790707304969,12254081447700,161639.0,35.0
5956,59560.0,1790707304972,12254083469500,161692.0,34.0
5957,59570.0,1790707304973,12254085011300,161657.0,36.0
5958,59580.0,1790707304975,12254086772400,161744.0,31.0
5959,59590.0,1790707304977,12254088514100,161788.0,54.0
5960,59600.0,1790707304978,12254090233700,161902.0,40.0
5961,59610.0,1790707304980,12254091746200,161938.0,37.0
5962,59620.0,1790707304982,12254093703800,162074.0,42.0
5963,59630.0,1790707304990,12254101724000,162066.0,57.0
5964,59640.0,1790707305000,12254111895100,162057.0,45.0
5965,59650.0,1790707305010,12254122227400,161882.0,22.0
5966,59660.0,1790707305020,12254131903500,161749.0,30.0
5967,59670.0,1790707305030,12254141740800,161555.0,33.0
5968,59680.0,1790707305040,12254152118500,161517.0,49.0
5969,59690.0,1790707305050,12254161767100,161477.0,37.0
5970,59700.0,1790707305060,12254172097700,161588.0,42.0
5971,59710.0,1790707305071,12254182651200,161653.0,42.0
5972,59720.0,1790707305080,12254191681100,161791.0,32.0
5973,59730.0,1790707305090,12254201696100,161806.0,44.0
5974,59740.0,1790707305100,12254211737200,161860.0,41.0
5975,59750.0,1790707305110,12254222020600,161794.0,27.0
5976,59760.0,1790707305120,12254232180000,161813.0,30.0
5977,59770.0,1790707305130,12254242019900,161722.0,35.0
5978,59780.0,1790707305140,12254252154200,161669.0,42.0
5979,59790.0,1790707305150,12254262103400,161602.0,39.0
5980,59800.0,1790707305160,12254272175300,161722.0,39.0
5981,59810.0,1790707305171,12254282783200,161786.0,39.0
5982,59820.0,1790707305180,12254292286400,161940.0,54.0
5983,59830.0,1790707305190,12254302039400,162005.0,44.0
5984,59840.0,1790707305200,12254312064100,162222.0,36.0
5985,59850.0,1790707305210,12254322117100,162305.0,40.0
5986,59860.0,1790707305221,12254332788600,162457.0,34.0
5987,59870.0,1790707305230,12254342237400,162451.0,53.0
5988,59880.0,1790707305241,12254352632400,162546.0,30.0
5989,59890.0,1790707305250,12254362327800,162482.0,45.0
5990,59900.0,1790707305260,12254372259000,162459.0,46.0
5991,59910.0,1790707305271,12254382721600,162307.0,39.0
5992,59920.0,1790707305280,12254392385300,162367.0,39.0
5993,59930.0,1790707305290,12254402447700,162363.0,50.0
5994,59940.0,1790707305300,12254412167200,162507.0,37.0
5995,59950.0,1790707305310,12254422331100,162532.0,34.0
5996,59960.0,1790707305322,12254433553200,162593.0,35.0
5997,59970.0,1790707305332,12254443598200,162485.0,46.0
5998,59980.0,1790707305342,12254453559900,162455.0,37.0
5999,59990.0,1790707305352,12254464240500,162307.0,54.0
6000,60000.0,1790707305362,12254474102500,162244.0,48.0
6001,60010.0,1790707305372,12254484153500,162109.0,60.0
6002,60020.0,1790707305382,12254494151200,162029.0,53.0
6003,60030.0,1790707305392,12254504436500,161893.0,54.0
6004,60040.0,1790707305403,12254514551100,161895.0,43.0
6005,60050.0,1790707305413,12254524510000,161838.0,39.0
6006,60060.0,1790707305423,12254534661000,161905.0,38.0
6007,60070.0,1790707305432,12254544025600,161953.0,43.0
6008,60080.0,1790707305442,12254553864700,162098.0,47.0
6009,60090.0,1790707305452,12254563994100,162145.0,32.0
6010,60100.0,1790707305462,12254573950300,162239.0,51.0
6011,60110.0,1790707305472,12254583599800,162147.0,67.0
6012,60120.0,1790707305482,12254593907200,162200.0,51.0
6013,60130.0,1790707305492,12254604014800,162206.0,49.0
6014,60140.0,1790707305501,12254613445400,162053.0,55.0
6015,60150.0,1790707305511,12254623362900,161780.0,27.0
6016,60160.0,1790707305521,12254633228300,161685.0,50.0
6017,60170.0,1790707305531,12254642690800,161479.0,42.0
6018,60180.0,1790707305541,12254652809500,161412.0,42.0
6019,60190.0,1790707305551,12254662917600,161342.0,55.0
6020,60200.0,1790707305561,12254673079600,161297.0,37.0
6021,60210.0,1790707305571,12254682882200,161157.0,33.0
6022,60220.0,1790707305581,12254692810300,161129.0,39.0
6023,60230.0,1790707305591,12254702945200,160943.0,53.0
6024,60240.0,1790707305601,12254713199100,160774.0,51.0
6025,60250.0,1790707305611,12254723161400,160584.0,33.0
6026,60260.0,1790707305621,12254733070200,160502.0,44.0
6027,60270.0,1790707305631,12254742957100,160424.0,41.0
6028,60280.0,1790707305641,12254753067000,160409.0,37.0
6029,60290.0,1790707305652,12254764070800,160367.0,41.0
6030,60300.0,1790707305662,12254773505200,160440.0,52.0
6031,60310.0,1790707305671,12254783172700,160454.0,32.0
6032,60320.0,1790707305682,12254793530500,160560.0,35.0
6033,60330.0,1790707305692,12254803669000,160601.0,51.0
6034,60340.0,1790707305702,12254814138800,160623.0,45.0
6035,60350.0,1790707305712,12254823798400,160588.0,42.0
6036,60360.0,1790707305722,12254833579500,160610.0,35.0
6037,60370.0,1790707305732,12254844124300,160611.0,51.0
6038,60380.0,1790707305742,12254854007800,160634.0,54.0
6039,60390.0,1790707305752,12254864429600,160587.0,31.0
6040,60400.0,1790707305762,12254873696200,160608.0,47.0
6041,60410.0,1790707305772,12254883589900,160578.0,44.0
6042,60420.0,1790707305782,12254893478600,160602.0,36.0
6043,60430.0,1790707305792,12254903649900,160599.0,50.0
6044,60440.0,1790707305802,12254914051700,160648.0,51.0
6045,60450.0,1790707305812,12254923687000,160659.0,46.0
6046,60460.0,1790707305821,12254933403200,160704.0,39.0
6047,60470.0,1790707305832,12254943872100,160758.0,60.0
6048,60480.0,1790707305842,12254953806300,160760.0,55.0
6049,60490.0,1790707305852,12254964303600,160693.0,34.0
6050,60500.0,1790707305862,12254973949500,160625.0,53.0
6051,60510.0,1790707305872,12254984020900,160589.0,41.0
6052,60520.0,1790707305882,12254994149000,160625.0,42.0
6053,60530.0,1790707305900,12255012096400,160663.0,61.0
6054,60540.0,1790707305902,12255013890300,160709.0,81.0
6055,60550.0,1790707305971,12255083056100,160696.0,49.0
6056,60560.0,1790707306026,12255137919700,160702.0,50.0
6057,60570.0,1790707306027,12255139297000,160722.0,61.0
6058,60580.0,1790707306029,12255140530400,160723.0,52.0
6059,60590.0,1790707306030,12255141698600,160667.0,58.0
6060,60600.0,1790707306031,12255142843600,160659.0,37.0
6061,60610.0,1790707306032,12255143963100,160725.0,51.0
6062,60620.0,1790707306033,12255145098500,160803.0,36.0
6063,60630.0,1790707306034,12255146206700,161005.0,46.0
6064,60640.0,1790707306036,12255147533500,161235.0,45.0
6065,60650.0,1790707306039,12255151284700,161464.0,54.0
6066,60660.0,1790707306041,12255152560100,161658.0,45.0
6067,60670.0,1790707306042,12255153654000,161780.0,56.0
6068,60680.0,1790707306043,12255154800200,161900.0,61.0
6069,60690.0,1790707306052,12255164118300,162026.0,54.0
6070,60700.0,1790707306062,12255174159300,162000.0,62.0
6071,60710.0,1790707306072,12255184091100,161900.0,49.0
6072,60720.0,1790707306082,12255194088800,161829.0,28.0
6073,60730.0,1790707306092,12255204196500,161778.0,36.0
6074,60740.0,1790707306102,12255214309000,161731.0,30.0
6075,60750.0,1790707306112,12255224134400,161692.0,37.0
6076,60760.0,1790707306122,12255234392900,161611.0,52.0
6077,60770.0,1790707306132,12255244158500,161569.0,55.0
6078,60780.0,1790707306142,12255254182500,161508.0,49.0
6079,60790.0,1790707306153,12255264497600,161444.0,60.0
6080,60800.0,1790707306162,12255274004900,161352.0,59.0
6081,60810.0,1790707306172,12255284186600,161276.0,45.0
6082,60820.0,1790707306182,12255294030600,161190.0,14.0
6083,60830.0,1790707306192,12255304019100,161158.0,39.0
6084,60840.0,1790707306202,12255314311500,161113.0,36.0
6085,60850.0,1790707306212,12255324213500,161115.0,49.0
6086,60860.0,1790707306222,12255334201000,161109.0,58.0
6087,60870.0,1790707306232,12255344199600,161123.0,54.0
6088,60880.0,1790707306242,12255354259000,161096.0,46.0
6089,60890.0,1790707306253,12255364924100,161067.0,48.0
6090,60900.0,1790707306262,12255374340200,161059.0,46.0
6091,60910.0,1790707306272,12255384378200,161147.0,38.0
6092,60920.0,1790707306282,12255394385300,161287.0,37.0
6093,60930.0,1790707306293,12255404477000,161433.0,45.0
6094,60940.0,1790707306303,12255414569500,161580.0,37.0
6095,60950.0,1790707306313,12255424571600,161807.0,53.0
6096,60960.0,1790707306323,12255434549900,162009.0,50.0
6097,60970.0,1790707306333,12255444570700,162222.0,45.0
6098,60980.0,1790707306343,12255454566200,162424.0,55.0
6099,60990.0,1790707306352,12255464305200,162579.0,44.0
6100,61000.0,1790707306362,12255474331800,162600.0,49.0
6101,61010.0,1790707306372,12255484399800,162491.0,46.0
6102,61020.0,1790707306382,12255494407900,162391.0,37.0
6103,61030.0,1790707306393,12255504541700,162309.0,49.0
6104,61040.0,1790707306403,12255514562200,162257.0,51.0
6105,61050.0,1790707306413,12255524804800,162320.0,42.0
6106,61060.0,1790707306442,12255553517400,162365.0,54.0
6107,61070.0,1790707306443,12255555333300,162361.0,40.0
6108,61080.0,1790707306460,12255571886900,162289.0,36.0
6109,61090.0,1790707306466,12255577806200,161588.0,37.0
6110,61100.0,1790707306468,12255579478000,161123.0,31.0
6111,61110.0,1790707306473,12255584746200,161082.0,33.0
6112,61120.0,1790707306483,12255594774900,160926.0,35.0
6113,61130.0,1790707306493,12255604818400,160819.0,39.0
6114,61140.0,1790707306503,12255614932100,160813.0,48.0
6115,61150.0,1790707306513,12255624883200,160732.0,58.0
6116,61160.0,1790707306523,12255634931300,160785.0,49.0
6117,61170.0,1790707306533,12255645013700,160826.0,48.0
6118,61180.0,1790707306543,12255655062800,160787.0,61.0
6119,61190.0,1790707306553,12255665328000,160830.0,36.0
6120,61200.0,1790707306563,12255675075200,160778.0,19.0
6121,61210.0,1790707306573,12255684934100,160771.0,46.0
6122,61220.0,1790707306584,12255695536700,160727.0,45.0
6123,61230.0,1790707306593,12255705311100,160765.0,43.0
6124,61240.0,1790707306603,12255715436400,160815.0,43.0
6125,61250.0,1790707306613,12255725358300,160925.0,53.0
6126,61260.0,1790707306623,12255735385800,160944.0,42.0
6127,61270.0,1790707306633,12255745410100,161038.0,56.0
6128,61280.0,1790707306644,12255755491500,161058.0,53.0
6129,61290.0,1790707306654,12255765641400,161127.0,35.0
6130,61300.0,1790707306664,12255775615400,161058.0,40.0
6131,61310.0,1790707306674,12255785566000,161093.0,32.0
6132,61320.0,1790707306684,12255795641600,161068.0,43.0
6133,61330.0,1790707306694,12255805942400,161105.0,38.0
6134,61340.0,1790707306704,12255815731200,161139.0,38.0
6135,61350.0,1790707306714,12255826170400,161239.0,54.0
6136,61360.0,1790707306724,12255836217700,161279.0,43.0
6137,61370.0,1790707306735,12255846687100,161347.0,52.0
6138,61380.0,1790707306744,12255856330500,161386.0,53.0
6139,61390.0,1790707306754,12255865724100,161512.0,41.0
6140,61400.0,1790707306764,12255876107900,161529.0,32.0
6141,61410.0,1790707306774,12255886058200,161571.0,39.0
6142,61420.0,1790707306784,12255895882800,161517.0,32.0
6143,61430.0,1790707306794,12255905786800,161553.0,31.0
6144,61440.0,1790707306804,12255916042500,161573.0,27.0
6145,61450.0,1790707306813,12255925458600,161626.0,59.0
6146,61460.0,1790707306824,12255935683100,161446.0,44.0
6147,61470.0,1790707306834,12255945995500,161550.0,43.0
6148,61480.0,1790707306844,12255955711800,161569.0,36.0
6149,61490.0,1790707306854,12255965757900,161603.0,50.0
6150,61500.0,1790707306864,12255975809600,161540.0,49.0
6151,61510.0,1790707306874,12255985553200,161595.0,37.0
6152,61520.0,1790707306884,12255996395800,161487.0,44.0
6153,61530.0,1790707306894,12256006387700,161438.0,37.0
6154,61540.0,1790707306905,12256016949800,161383.0,44.0
6155,61550.0,1790707306914,12256025895700,161387.0,57.0
6156,61560.0,1790707306983,12256094815000,161370.0,45.0
6157,61570.0,1790707307031,12256142513100,161337.0,47.0
6158,61580.0,1790707307032,12256144113700,161220.0,37.0
6159,61590.0,1790707307034,12256145633100,161232.0,39.0
6160,61600.0,1790707307035,12256147199200,161133.0,39.0
6161,61610.0,1790707307037,12256148841700,161140.0,45.0
6162,61620.0,1790707307038,12256150307900,161129.0,43.0
6163,61630.0,1790707307040,12256151524700,161223.0,29.0
6164,61640.0,1790707307041,12256152802800,161198.0,46.0
6165,61650.0,1790707307042,12256154128600,161314.0,35.0
6166,61660.0,1790707307044,12256155834300,161312.0,42.0
6167,61670.0,1790707307047,12256159453700,161385.0,40.0
6168,61680.0,1790707307049,12256160897200,161334.0,51.0
6169,61690.0,1790707307054,12256165985200,161388.0,34.0
6170,61700.0,1790707307064,12256175953300,161130.0,42.0
6171,61710.0,1790707307074,12256186021600,161148.0,35.0
6172,61720.0,1790707307084,12256196205400,161178.0,40.0
6173,61730.0,1790707307094,12256206010400,161234.0,45.0
6174,61740.0,1790707307104,12256216110200,161213.0,36.0
6175,61750.0,1790707307114,12256226104400,161299.0,36.0
6176,61760.0,1790707307124,12256236158200,161312.0,30.0
6177,61770.0,1790707307134,12256246350700,161429.0,23.0
6178,61780.0,1790707307144,12256256288500,161373.0,35.0
6179,61790.0,1790707307154,12256266241100,161407.0,40.0
6180,61800.0,1790707307164,12256276317800,161323.0,46.0
6181,61810.0,1790707307174,12256286356200,161389.0,50.0
6182,61820.0,1790707307184,12256296209500,161279.0,50.0
6183,61830.0,1790707307194,12256306331700,161275.0,45.0
6184,61840.0,1790707307204,12256316313800,161235.0,37.0
6185,61850.0,1790707307215,12256326831400,161247.0,21.0
6186,61860.0,1790707307224,12256336387000,161179.0,34.0
6187,61870.0,1790707307234,12256346467500,161235.0,37.0
6188,61880.0,1790707307245,12256356616900,161199.0,51.0
6189,61890.0,1790707307254,12256366295800,161245.0,38.0
6190,61900.0,1790707307265,12256376512500,161235.0,40.0
6191,61910.0,1790707307275,12256386541700,161128.0,50.0
6192,61920.0,1790707307285,12256396677200,161027.0,47.0
6193,61930.0,1790707307295,12256406579100,161158.0,44.0
6194,61940.0,1790707307305,12256416614600,161108.0,37.0
6195,61950.0,1790707307315,12256426688600,161117.0,46.0
6196,61960.0,1790707307325,12256436718300,161057.0,44.0
6197,61970.0,1790707307335,12256446603700,161106.0,46.0
6198,61980.0,1790707307345,12256456667900,161008.0,35.0
6199,61990.0,1790707307355,12256466602100,161018.0,46.0
6200,62000.0,1790707307365,12256476691200,160997.0,46.0
6201,62010.0,1790707307375,12256486681800,161064.0,46.0
6202,62020.0,1790707307385,12256496715200,161075.0,50.0
6203,62030.0,1790707307395,12256506715200,161243.0,39.0
6204,62040.0,1790707307405,12256516738100,161283.0,54.0
6205,62050.0,1790707307415,12256526528400,161415.0,45.0
6206,62060.0,1790707307425,12256536617300,161414.0,44.0
6207,62070.0,1790707307435,12256546677200,161457.0,46.0
6208,62080.0,1790707307446,12256558007100,161397.0,31.0
6209,62090.0,1790707307456,12256567722100,161431.0,52.0
6210,62100.0,1790707307466,12256578130900,161367.0,45.0
6211,62110.0,1790707307476,12256588136300,161382.0,60.0
6212,62120.0,1790707307486,12256598176700,161325.0,37.0
6213,62130.0,1790707307496,12256608278800,161443.0,35.0
6214,62140.0,1790707307506,12256618278600,161449.0,56.0
6215,62150.0,1790707307517,12256628634000,161565.0,67.0
6216,62160.0,1790707307527,12256638636000,161601.0,40.0
6217,62170.0,1790707307536,12256648282400,161743.0,40.0
6218,62180.0,1790707307547,12256658733500,161638.0,22.0
6219,62190.0,1790707307557,12256669385600,161743.0,54.0
6220,62200.0,1790707307566,12256677488600,161736.0,28.0
6221,62210.0,1790707307575,12256687321200,161743.0,47.0
6222,62220.0,1790707307585,12256697253900,161714.0,52.0
6223,62230.0,1790707307595,12256707205300,161741.0,56.0
6224,62240.0,1790707307605,12256717228200,161693.0,46.0
6225,62250.0,1790707307615,12256727242700,161746.0,43.0
6226,62260.0,1790707307625,12256737338900,161647.0,43.0
6227,62270.0,1790707307635,12256747211900,161748.0,39.0
6228,62280.0,1790707307645,12256757086800,161688.0,39.0
6229,62290.0,1790707307655,12256767297700,161757.0,49.0
6230,62300.0,1790707307665,12256777153400,161709.0,32.0
6231,62310.0,1790707307675,12256787213200,161842.0,27.0
6232,62320.0,1790707307685,12256797250900,161816.0,49.0
6233,62330.0,1790707307695,12256807285000,161885.0,48.0
6234,62340.0,1790707307705,12256817350200,161836.0,37.0
6235,62350.0,1790707307715,12256827263700,161935.0,49.0
6236,62360.0,1790707307725,12256837436600,161860.0,50.0
6237,62370.0,1790707307735,12256847461200,161938.0,47.0
6238,62380.0,1790707307746,12256857944300,161919.0,42.0
6239,62390.0,1790707307756,12256867875700,162008.0,40.0
6240,62400.0,1790707307766,12256877928600,161949.0,42.0
6241,62410.0,1790707307776,12256887979300,162032.0,32.0
6242,62420.0,1790707307786,12256897627300,162018.0,48.0
6243,62430.0,1790707307796,12256908114300,162118.0,47.0
6244,62440.0,1790707307806,12256918152000,162071.0,49.0
6245,62450.0,1790707307817,12256928667700,162126.0,39.0
6246,62460.0,1790707307827,12256938540900,162073.0,40.0
6247,62470.0,1790707307836,12256948039700,162133.0,39.0
6248,62480.0,1790707307846,12256958268500,162061.0,55.0
6249,62490.0,1790707307856,12256968079600,162101.0,43.0
6250,62500.0,1790707307866,12256978094100,162009.0,32.0
6251,62510.0,1790707307876,12256987810200,162044.0,41.0
6252,62520.0,1790707307886,12256998088500,161948.0,46.0
6253,62530.0,1790707307896,12257008164700,161937.0,30.0
6254,62540.0,1790707307912,12257023904100,161766.0,45.0
6255,62550.0,1790707307981,12257093227000,161687.0,45.0
6256,62560.0,1790707308030,12257142168700,161513.0,37.0
6257,62570.0,1790707308032,12257143629600,161554.0,46.0
6258,62580.0,1790707308033,12257144885200,161503.0,37.0
6259,62590.0,1790707308034,12257146423800,161601.0,35.0
6260,62600.0,1790707308036,12257147844000,161592.0,49.0
6261,62610.0,1790707308037,12257149031100,161718.0,31.0
6262,62620.0,1790707308038,12257150182400,161674.0,32.0
6263,62630.0,1790707308039,12257151444100,161788.0,31.0
6264,62640.0,1790707308041,12257152578000,161753.0,29.0
6265,62650.0,1790707308042,12257153732200,161874.0,38.0
6266,62660.0,1790707308043,12257154980200,161816.0,46.0
6267,62670.0,1790707308044,12257156150200,161896.0,42.0
6268,62680.0,1790707308046,12257158158700,161814.0,16.0
6269,62690.0,1790707308056,12257167936000,161852.0,42.0
6270,62700.0,1790707308066,12257178077000,161767.0,32.0
6271,62710.0,1790707308076,12257188013100,161818.0,30.0
6272,62720.0,1790707308086,12257198071600,161719.0,40.0
6273,62730.0,1790707308096,12257208049500,161828.0,28.0
6274,62740.0,1790707308106,12257218167300,161794.0,38.0
6275,62750.0,1790707308116,12257228330100,161901.0,35.0
6276,62760.0,1790707308126,12257238191400,161879.0,38.0
6277,62770.0,1790707308136,12257248258000,161945.0,30.0
6278,62780.0,1790707308146,12257258274600,161870.0,27.0
6279,62790.0,1790707308156,12257268355600,161942.0,51.0
6280,62800.0,1790707308167,12257278521100,161881.0,27.0
6281,62810.0,1790707308176,12257288404500,161979.0,45.0
6282,62820.0,1790707308186,12257298452500,161968.0,32.0
6283,62830.0,1790707308197,12257308537900,162028.0,41.0
6284,62840.0,1790707308207,12257318534800,161927.0,18.0
6285,62850.0,1790707308217,12257328521600,161963.0,38.0
6286,62860.0,1790707308227,12257338577200,161841.0,13.0
6287,62870.0,1790707308237,12257348630200,161916.0,17.0
6288,62880.0,1790707308247,12257358677200,161835.0,34.0
6289,62890.0,1790707308257,12257368788300,161922.0,25.0
6290,62900.0,1790707308267,12257378729800,161885.0,43.0
6291,62910.0,1790707308277,12257388813000,161967.0,44.0
6292,62920.0,1790707308287,12257398781000,161935.0,51.0
6293,62930.0,1790707308297,12257408903100,162056.0,24.0
6294,62940.0,1790707308307,12257418969300,162010.0,27.0
6295,62950.0,1790707308317,12257428864500,162143.0,35.0
6296,62960.0,1790707308327,12257438933000,162128.0,34.0
6297,62970.0,1790707308337,12257449025500,162245.0,26.0
6298,62980.0,1790707308347,12257459153400,162162.0,52.0
6299,62990.0,1790707308357,12257469187000,162186.0,33.0
6300,63000.0,1790707308367,12257479055000,162092.0,57.0
6301,63010.0,1790707308377,12257489279300,162184.0,60.0
6302,63020.0,1790707308387,12257499314300,162076.0,51.0
6303,63030.0,1790707308398,12257509781100,162119.0,48.0
6304,63040.0,1790707308408,12257519652800,162028.0,27.0
6305,63050.0,1790707308417,12257529173900,162107.0,31.0
6306,63060.0,1790707308428,12257539908100,162009.0,49.0
6307,63070.0,1790707308438,12257549834400,162138.0,33.0
6308,63080.0,1790707308447,12257559404400,162094.0,34.0
6309,63090.0,1790707308458,12257569964100,162229.0,44.0
6310,63100.0,1790707308468,12257579667100,162202.0,38.0
6311,63110.0,1790707308478,12257590167900,162306.0,43.0
6312,63120.0,1790707308488,12257600235200,162241.0,53.0
6313,63130.0,1790707308498,12257610388700,162363.0,39.0
6314,63140.0,1790707308508,12257620412300,162329.0,41.0
6315,63150.0,1790707308518,12257629588300,162459.0,30.0
6316,63160.0,1790707308527,12257639069500,162406.0,31.0
6317,63170.0,1790707308537,12257649045700,162490.0,49.0
6318,63180.0,1790707308547,12257659055800,162452.0,31.0
6319,63190.0,1790707308557,12257669114200,162553.0,35.0
6320,63200.0,1790707308567,12257679167300,162506.0,38.0
6321,63210.0,1790707308578,12257689656300,162614.0,52.0
6322,63220.0,1790707308587,12257699255400,162572.0,42.0
6323,63230.0,1790707308598,12257709603700,162708.0,49.0
6324,63240.0,1790707308608,12257719781000,162663.0,44.0
6325,63250.0,1790707308618,12257729588900,162827.0,39.0
6326,63260.0,1790707308628,12257739884400,162915.0,38.0
6327,63270.0,1790707308638,12257749884700,163091.0,32.0
6328,63280.0,1790707308648,12257760060200,163008.0,45.0
6329,63290.0,1790707308658,12257770223100,163154.0,17.0
6330,63300.0,1790707308668,12257780119700,162978.0,31.0
6331,63310.0,1790707308678,12257790092800,162976.0,44.0
6332,63320.0,1790707308688,12257800087700,162773.0,39.0
6333,63330.0,1790707308698,12257809843200,162746.0,22.0
6334,63340.0,1790707308708,12257819756900,162561.0,49.0
6335,63350.0,1790707308718,12257829539700,162576.0,40.0
6336,63360.0,1790707308728,12257839828900,162439.0,38.0
6337,63370.0,1790707308738,12257849621400,162467.0,22.0
6338,63380.0,1790707308748,12257859578300,162471.0,45.0
6339,63390.0,1790707308759,12257870883500,162634.0,30.0
6340,63400.0,1790707308769,12257881028400,162489.0,32.0
6341,63410.0,1790707308779,12257891315500,162536.0,25.0
6342,63420.0,1790707308789,12257901105500,162427.0,46.0
6343,63430.0,1790707308800,12257911653600,162472.0,51.0
6344,63440.0,1790707308809,12257921394100,162365.0,48.0
6345,63450.0,1790707308819,12257931210000,162343.0,31.0
6346,63460.0,1790707308829,12257940858500,162253.0,46.0
6347,63470.0,1790707308839,12257950957500,162189.0,41.0
6348,63480.0,1790707308849,12257961311300,162176.0,35.0
6349,63490.0,1790707308859,12257971041200,162177.0,35.0
6350,63500.0,1790707308869,12257981042700,162125.0,38.0
6351,63510.0,1790707308879,12257991151200,162275.0,29.0
6352,63520.0,1790707308889,12258001188200,162336.0,41.0
6353,63530.0,1790707308908,12258019743600,162508.0,38.0
6354,63540.0,1790707308910,12258021962500,162449.0,53.0
6355,63550.0,1790707308981,12258093382100,162539.0,44.0
6356,63560.0,1790707309028,12258139795200,162444.0,44.0
6357,63570.0,1790707309029,12258141345300,162453.0,34.0
6358,63580.0,1790707309031,12258142641200,162334.0,41.0
6359,63590.0,1790707309032,12258143910700,162439.0,33.0
6360,63600.0,1790707309034,12258145641800,162483.0,45.0
6361,63610.0,1790707309035,12258147285600,162623.0,43.0
6362,63620.0,1790707309037,12258148838300,162614.0,40.0
6363,63630.0,1790707309038,12258150380500,162683.0,35.0
6364,63640.0,1790707309040,12258152199400,162617.0,35.0
6365,63650.0,1790707309042,12258153769600,162626.0,31.0
6366,63660.0,1790707309043,12258155141200,162589.0,31.0
6367,63670.0,1790707309044,12258156376600,162728.0,53.0
6368,63680.0,1790707309048,12258160233100,162756.0,50.0
6369,63690.0,1790707309058,12258170292000,162835.0,44.0
6370,63700.0,1790707309068,12258180354700,162868.0,49.0
6371,63710.0,1790707309078,12258190429500,162982.0,38.0
6372,63720.0,1790707309088,12258200432600,162925.0,44.0
6373,63730.0,1790707309099,12258210503000,162952.0,36.0
6374,63740.0,1790707309109,12258220482100,162903.0,64.0
6375,63750.0,1790707309119,12258230528200,162895.0,43.0
6376,63760.0,1790707309129,12258240543000,162856.0,43.0
6377,63770.0,1790707309139,12258250615800,162945.0,41.0
6378,63780.0,1790707309149,12258260817900,162947.0,50.0
6379,63790.0,1790707309159,12258270672000,163002.0,34.0
6380,63800.0,1790707309168,12258280399000,162979.0,47.0
6381,63810.0,1790707309178,12258290431700,163006.0,26.0
6382,63820.0,1790707309188,12258300461800,163002.0,41.0
6383,63830.0,1790707309199,12258310576300,162985.0,48.0
6384,63840.0,1790707309209,12258320531900,162870.0,38.0
6385,63850.0,1790707309219,12258330595900,162881.0,37.0
6386,63860.0,1790707309229,12258340563300,162809.0,55.0
6387,63870.0,1790707309239,12258350649800,162881.0,42.0
6388,63880.0,1790707309249,12258360878100,162840.0,46.0
6389,63890.0,1790707309259,12258370714300,162872.0,45.0
6390,63900.0,1790707309269,12258380782500,162796.0,58.0
6391,63910.0,1790707309279,12258390839700,162831.0,40.0
6392,63920.0,1790707309289,12258400896900,162732.0,43.0
6393,63930.0,1790707309299,12258411140800,162746.0,42.0
6394,63940.0,1790707309310,12258422280300,162668.0,28.0
6395,63950.0,1790707309320,12258432290500,162699.0,42.0
6396,63960.0,1790707309330,12258442285600,162725.0,31.0
6397,63970.0,1790707309340,12258452269700,162849.0,49.0
6398,63980.0,1790707309352,12258463538400,162891.0,32.0
6399,63990.0,1790707309361,12258472602800,162996.0,42.0
6400,64000.0,1790707309370,12258481772100,162955.0,54.0
6401,64010.0,1790707309380,12258492009400,163023.0,56.0
6402,64020.0,1790707309390,12258501643900,162985.0,32.0
6403,64030.0,1790707309400,12258511701200,163052.0,37.0
6404,64040.0,1790707309410,12258521748600,163021.0,44.0
6405,64050.0,1790707309420,12258531590500,163097.0,32.0
6406,64060.0,1790707309430,12258541959000,163092.0,25.0
6407,64070.0,1790707309440,12258551969400,163162.0,28.0
6408,64080.0,1790707309450,12258561769500,163161.0,44.0
6409,64090.0,1790707309460,12258572033200,163203.0,50.0
6410,64100.0,1790707309470,12258581771400,163133.0,54.0
6411,64110.0,1790707309480,12258592363400,163162.0,37.0
6412,64120.0,1790707309490,12258602090200,163103.0,52.0
6413,64130.0,1790707309500,12258612004600,163132.0,59.0
6414,64140.0,1790707309511,12258622511400,162985.0,66.0
6415,64150.0,1790707309520,12258631899600,162949.0,35.0
6416,64160.0,1790707309531,12258642556300,162821.0,28.0
6417,64170.0,1790707309541,12258652615300,162768.0,42.0
6418,64180.0,1790707309550,12258662133000,162651.0,36.0
6419,64190.0,1790707309561,12258672605500,162656.0,43.0
6420,64200.0,1790707309570,12258682187600,162624.0,39.0
6421,64210.0,1790707309581,12258692630300,162643.0,46.0
6422,64220.0,1790707309591,12258702608200,162584.0,48.0
6423,64230.0,1790707309600,12258712307800,162604.0,51.0
6424,64240.0,1790707309610,12258722253700,162542.0,56.0
6425,64250.0,1790707309620,12258732189200,162557.0,48.0
6426,64260.0,1790707309630,12258742218800,162480.0,66.0
6427,64270.0,1790707309640,12258752049600,162520.0,50.0
6428,64280.0,1790707309650,12258761803200,162509.0,52.0
6429,64290.0,1790707309661,12258773404800,162619.0,50.0
6430,64300.0,1790707309671,12258783445400,162627.0,42.0
6431,64310.0,1790707309682,12258793598200,162691.0,36.0
6432,64320.0,1790707309692,12258803550500,162686.0,34.0
6433,64330.0,1790707309701,12258813222800,162702.0,49.0
6434,64340.0,1790707309712,12258823535900,162675.0,54.0
6435,64350.0,1790707309722,12258833519500,162687.0,41.0
6436,64360.0,1790707309731,12258842738700,162683.0,67.0
6437,64370.0,1790707309740,12258852295100,162749.0,48.0
6438,64380.0,1790707309750,12258862140000,162730.0,44.0
6439,64390.0,1790707309760,12258871973400,162741.0,44.0
6440,64400.0,1790707309770,12258882139600,162717.0,32.0
6441,64410.0,1790707309780,12258892424300,162717.0,54.0
6442,64420.0,1790707309790,12258902219500,162616.0,40.0
6443,64430.0,1790707309800,12258912047700,162539.0,50.0
6444,64440.0,1790707309811,12258922529100,162493.0,50.0
6445,64450.0,1790707309821,12258932696900,162487.0,47.0
6446,64460.0,1790707309830,12258942281800,162494.0,47.0
6447,64470.0,1790707309840,12258952345900,162616.0,31.0
6448,64480.0,1790707309850,12258962179200,162719.0,41.0
6449,64490.0,1790707309861,12258972513900,162867.0,47.0
6450,64500.0,1790707309871,12258982530100,162932.0,38.0
6451,64510.0,1790707309881,12258992988200,162921.0,37.0
6452,64520.0,1790707309891,12259002947200,162953.0,27.0
6453,64530.0,1790707309901,12259012510800,162939.0,34.0
6454,64540.0,1790707309918,12259029766700,162875.0,40.0
6455,64550.0,1790707309921,12259033160000,162869.0,54.0
6456,64560.0,1790707309942,12259054445700,162874.0,47.0
6457,64570.0,1790707309987,12259099415400,162890.0,47.0
6458,64580.0,1790707310040,12259152306800,162831.0,42.0
6459,64590.0,1790707310042,12259153552000,162884.0,51.0
6460,64600.0,1790707310043,12259154580500,162890.0,50.0
6461,64610.0,1790707310044,12259155532800,162916.0,41.0
6462,64620.0,1790707310044,12259156458200,162914.0,45.0
6463,64630.0,1790707310045,12259157365900,162940.0,44.0
6464,64640.0,1790707310046,12259158269100,162956.0,45.0
6465,64650.0,1790707310047,12259159173700,162985.0,58.0
6466,64660.0,1790707310048,12259160248700,162970.0,51.0
6467,64670.0,1790707310049,12259161396800,163037.0,45.0
6468,64680.0,1790707310051,12259162488900,163056.0,49.0
6469,64690.0,1790707310060,12259172293500,163108.0,53.0
6470,64700.0,1790707310070,12259182395900,163092.0,49.0
6471,64710.0,1790707310080,12259192373200,163084.0,36.0
6472,64720.0,1790707310090,12259202427100,163034.0,45.0
6473,64730.0,1790707310101,12259212486800,163032.0,43.0
6474,64740.0,1790707310111,12259222493000,163056.0,65.0
6475,64750.0,1790707310121,12259232613900,163096.0,60.0
6476,64760.0,1790707310131,12259242560900,163142.0,56.0
6477,64770.0,1790707310141,12259252625800,163191.0,53.0
6478,64780.0,1790707310151,12259262677900,163215.0,72.0
6479,64790.0,1790707310161,12259272657500,163251.0,65.0
6480,64800.0,1790707310171,12259282751600,163255.0,54.0
6481,64810.0,1790707310181,12259292821200,163297.0,59.0
6482,64820.0,1790707310191,12259302932300,163369.0,42.0
6483,64830.0,1790707310201,12259312903700,163391.0,39.0
6484,64840.0,1790707310211,12259322930700,163386.0,45.0
6485,64850.0,1790707310221,12259332961800,163348.0,55.0
6486,64860.0,1790707310231,12259343115000,163295.0,54.0
6487,64870.0,1790707310241,12259353044000,163238.0,54.0
6488,64880.0,1790707310251,12259363153400,163145.0,44.0
6489,64890.0,1790707310262,12259374165500,163055.0,62.0
6490,64900.0,1790707310272,12259384055900,162959.0,45.0
6491,64910.0,1790707310282,12259394421600,162890.0,45.0
6492,64920.0,1790707310292,12259403907400,162908.0,46.0
6493,64930.0,1790707310302,12259413706700,162897.0,55.0
6494,64940.0,1790707310312,12259423632800,162936.0,45.0
6495,64950.0,1790707310321,12259433442800,162947.0,37.0
6496,64960.0,1790707310331,12259443260400,163014.0,38.0
6497,64970.0,1790707310341,12259453301500,162951.0,55.0
6498,64980.0,1790707310351,12259463108000,162989.0,45.0
6499,64990.0,1790707310361,12259473315400,162915.0,54.0
6500,65000.0,1790707310371,12259483350200,162911.0,57.0
6501,65010.0,1790707310382,12259493657100,162865.0,57.0
6502,65020.0,1790707310391,12259503442700,162853.0,45.0
6503,65030.0,1790707310402,12259513819300,162821.0,48.0
6504,65040.0,1790707310412,12259523986300,162807.0,46.0
6505,65050.0,1790707310422,12259534133400,162851.0,51.0
6506,65060.0,1790707310432,12259543884400,162893.0,39.0
6507,65070.0,1790707310442,12259554389400,162924.0,48.0
6508,65080.0,1790707310452,12259564291700,163050.0,59.0
6509,65090.0,1790707310462,12259574460300,163099.0,44.0
6510,65100.0,1790707310472,12259584193300,163217.0,62.0
6511,65110.0,1790707310482,12259593922000,163253.0,36.0
6512,65120.0,1790707310492,12259604246500,163319.0,32.0
6513,65130.0,1790707310502,12259614051500,163334.0,35.0
6514,65140.0,1790707310513,12259624631500,163357.0,37.0
6515,65150.0,1790707310523,12259634653000,163341.0,28.0
6516,65160.0,1790707310532,12259644305600,163325.0,52.0
6517,65170.0,1790707310543,12259654772000,163244.0,45.0
6518,65180.0,1790707310552,12259664316800,163295.0,53.0
6519,65190.0,1790707310563,12259674860800,163265.0,45.0
6520,65200.0,1790707310573,12259685033900,163347.0,46.0
6521,65210.0,1790707310582,12259694393700,163399.0,32.0
6522,65220.0,1790707310592,12259704350900,163517.0,36.0
6523,65230.0,1790707310602,12259714115300,163575.0,26.0
6524,65240.0,1790707310612,12259723684100,163577.0,41.0
6525,65250.0,1790707310622,12259733785600,163583.0,35.0
6526,65260.0,1790707310632,12259743767800,163586.0,38.0
6527,65270.0,1790707310642,12259753831300,163584.0,36.0
6528,65280.0,1790707310652,12259763864300,163571.0,37.0
6529,65290.0,1790707310662,12259774159700,163500.0,43.0
6530,65300.0,1790707310672,12259784175300,163495.0,42.0
6531,65310.0,1790707310682,12259793689900,163428.0,45.0
6532,65320.0,1790707310692,12259803948900,163444.0,53.0
6533,65330.0,1790707310702,12259813964100,163418.0,47.0
6534,65340.0,1790707310712,12259824134800,163436.0,35.0
6535,65350.0,1790707310722,12259834153200,163374.0,44.0
6536,65360.0,1790707310732,12259843892000,163413.0,32.0
6537,65370.0,1790707310742,12259854361900,163389.0,64.0
6538,65380.0,1790707310752,12259864335900,163431.0,47.0
6539,65390.0,1790707310763,12259874496000,163442.0,47.0
6540,65400.0,1790707310773,12259884557500,163507.0,43.0
6541,65410.0,1790707310782,12259894211300,163535.0,46.0
6542,65420.0,1790707310793,12259904677300,163593.0,30.0
6543,65430.0,1790707310802,12259914394800,163564.0,32.0
6544,65440.0,1790707310812,12259924113400,163579.0,25.0
6545,65450.0,1790707310822,12259934110500,163538.0,31.0
6546,65460.0,1790707310832,12259944272400,163531.0,52.0
6547,65470.0,1790707310842,12259954233000,163472.0,45.0
6548,65480.0,1790707310852,12259964291200,163545.0,48.0
6549,65490.0,1790707310862,12259974282100,163628.0,46.0
6550,65500.0,1790707310872,12259984266600,163767.0,40.0
6551,65510.0,1790707310882,12259994042300,163798.0,57.0
6552,65520.0,1790707310892,12260004154500,163860.0,43.0
6553,65530.0,1790707310907,12260018892100,163830.0,54.0
6554,65540.0,1790707310977,12260088799600,163827.0,26.0
6555,65550.0,1790707311037,12260149117500,163779.0,54.0
6556,65560.0,1790707311039,12260151217900,163747.0,39.0
6557,65570.0,1790707311041,12260152589700,163768.0,47.0
6558,65580.0,1790707311042,12260153825000,163805.0,40.0
6559,65590.0,1790707311043,12260155044700,163800.0,27.0
6560,65600.0,1790707311044,12260156244900,163863.0,49.0
6561,65610.0,1790707311045,12260157424100,163812.0,57.0
6562,65620.0,1790707311047,12260158590300,163808.0,41.0
6563,65630.0,1790707311048,12260160414400,163725.0,35.0
6564,65640.0,1790707311050,12260162334400,163685.0,31.0
6565,65650.0,1790707311052,12260163722400,163569.0,34.0
6566,65660.0,1790707311053,12260165004500,163493.0,38.0
6567,65670.0,1790707311054,12260166323500,163411.0,46.0
6568,65680.0,1790707311056,12260167646300,163382.0,49.0
6569,65690.0,1790707311063,12260174704300,163281.0,37.0
6570,65700.0,1790707311073,12260184779500,163271.0,51.0
6571,65710.0,1790707311083,12260194790000,163193.0,53.0
6572,65720.0,1790707311093,12260204792700,163281.0,40.0
6573,65730.0,1790707311103,12260214524500,163299.0,29.0
6574,65740.0,1790707311113,12260224573000,163405.0,37.0
6575,65750.0,1790707311123,12260234695300,163365.0,29.0
6576,65760.0,1790707311133,12260244648400,163401.0,28.0
6577,65770.0,1790707311143,12260254665500,163403.0,53.0
6578,65780.0,1790707311153,12260264958600,163407.0,44.0
6579,65790.0,1790707311163,12260274775900,163294.0,42.0
6580,65800.0,1790707311173,12260284799000,163250.0,43.0
6581,65810.0,1790707311183,12260294912700,163168.0,49.0
6582,65820.0,1790707311193,12260304848700,163157.0,51.0
6583,65830.0,1790707311203,12260314939000,163105.0,29.0
6584,65840.0,1790707311213,12260324874700,163126.0,27.0
6585,65850.0,1790707311223,12260334993300,163101.0,34.0
6586,65860.0,1790707311233,12260345338300,163187.0,37.0
6587,65870.0,1790707311243,12260355119000,163147.0,26.0
6588,65880.0,1790707311253,12260365136700,163209.0,37.0
6589,65890.0,1790707311263,12260375126300,163151.0,36.0
6590,65900.0,1790707311273,12260385261000,163207.0,54.0
6591,65910.0,1790707311284,12260396088300,163158.0,41.0
6592,65920.0,1790707311294,12260405869100,163209.0,41.0
6593,65930.0,1790707311303,12260415005000,163164.0,24.0
6594,65940.0,1790707311314,12260426432300,163247.0,28.0
6595,65950.0,1790707311324,12260436208400,163220.0,46.0
6596,65960.0,1790707311334,12260446120400,163367.0,37.0
6597,65970.0,1790707311344,12260455929700,163434.0,37.0
6598,65980.0,1790707311354,12260465864100,163614.0,38.0
6599,65990.0,1790707311364,12260476263800,163663.0,46.0
6600,66000.0,1790707311374,12260485861500,163764.0,39.0
6601,66010.0,1790707311384,12260495494200,163781.0,37.0
6602,66020.0,1790707311394,12260506010700,163826.0,42.0
6603,66030.0,1790707311404,12260515793900,163769.0,53.0
6604,66040.0,1790707311414,12260526360800,163845.0,35.0
6605,66050.0,1790707311424,12260536315300,163828.0,46.0
6606,66060.0,1790707311434,12260545735800,163893.0,30.0
6607,66070.0,1790707311444,12260556000600,163763.0,31.0
6608,66080.0,1790707311454,12260565869500,163796.0,36.0
6609,66090.0,1790707311464,12260576381600,163754.0,51.0
6610,66100.0,1790707311474,12260586195000,163805.0,36.0
6611,66110.0,1790707311484,12260595935400,163725.0,37.0
6612,66120.0,1790707311496,12260607698900,163745.0,45.0
6613,66130.0,1790707311505,12260617430400,163636.0,47.0
6614,66140.0,1790707311514,12260626250300,163648.0,39.0
6615,66150.0,1790707311524,12260635910300,163554.0,33.0
6616,66160.0,1790707311534,12260645555700,163593.0,41.0
6617,66170.0,1790707311544,12260655783300,163543.0,51.0
6618,66180.0,1790707311554,12260665953800,163612.0,31.0
6619,66190.0,1790707311564,12260676013800,163600.0,37.0
6620,66200.0,1790707311574,12260685586600,163693.0,60.0
6621,66210.0,1790707311584,12260696093100,163627.0,47.0
6622,66220.0,1790707311594,12260705693500,163664.0,46.0
6623,66230.0,1790707311605,12260717267600,163620.0,48.0
6624,66240.0,1790707311616,12260727835300,163641.0,50.0
6625,66250.0,1790707311625,12260736966700,163567.0,27.0
6626,66260.0,1790707311634,12260746243500,163677.0,30.0
6627,66270.0,1790707311644,12260755775900,163648.0,33.0
6628,66280.0,1790707311655,12260767387700,163697.0,40.0
6629,66290.0,1790707311666,12260777853200,163611.0,39.0
6630,66300.0,1790707311675,12260786926000,163623.0,47.0
6631,66310.0,1790707311685,12260796709700,163533.0,37.0
6632,66320.0,1790707311695,12260806612600,163497.0,52.0
6633,66330.0,1790707311705,12260816756300,163387.0,50.0
6634,66340.0,1790707311715,12260826604000,163477.0,45.0
6635,66350.0,1790707311725,12260836766500,163439.0,41.0
6636,66360.0,1790707311735,12260846565700,163543.0,52.0
6637,66370.0,1790707311745,12260856537900,163522.0,39.0
6638,66380.0,1790707311755,12260866696600,163539.0,38.0
6639,66390.0,1790707311764,12260876339400,163407.0,63.0
6640,66400.0,1790707311775,12260886628100,163325.0,53.0
6641,66410.0,1790707311785,12260896522600,163120.0,52.0
6642,66420.0,1790707311795,12260906720500,163019.0,46.0
6643,66430.0,1790707311805,12260916759900,162876.0,51.0
6644,66440.0,1790707311817,12260928618100,162962.0,49.0
6645,66450.0,1790707311826,12260937753700,162934.0,36.0
6646,66460.0,1790707311836,12260947702100,163082.0,41.0
6647,66470.0,1790707311845,12260957191300,163090.0,31.0
6648,66480.0,1790707311855,12260967042800,163031.0,31.0
6649,66490.0,1790707311865,12260976826400,162883.0,45.0
6650,66500.0,1790707311876,12260988231000,162990.0,39.0
6651,66510.0,1790707311886,12260998336700,162942.0,34.0
6652,66520.0,1790707311896,12261007541000,163021.0,40.0
6653,66530.0,1790707311913,12261024631000,162926.0,52.0
6654,66540.0,1790707311915,12261026729400,163000.0,47.0
6655,66550.0,1790707311979,12261090743100,162863.0,49.0
6656,66560.0,1790707312029,12261141198500,162918.0,33.0
6657,66570.0,1790707312031,12261142825800,162875.0,39.0
6658,66580.0,1790707312032,12261144089000,162976.0,34.0
6659,66590.0,1790707312036,12261147875600,162945.0,40.0
6660,66600.0,1790707312037,12261149069000,163004.0,36.0
6661,66610.0,1790707312038,12261150273900,162944.0,35.0
6662,66620.0,1790707312040,12261151524900,163023.0,44.0
6663,66630.0,1790707312041,12261152691000,162965.0,40.0
6664,66640.0,1790707312042,12261153868400,163054.0,52.0
6665,66650.0,1790707312043,12261155054900,163000.0,38.0
6666,66660.0,1790707312044,12261156206700,163080.0,43.0
6667,66670.0,1790707312045,12261157384900,163022.0,36.0
6668,66680.0,1790707312055,12261166722000,163114.0,36.0
6669,66690.0,1790707312065,12261176791700,163040.0,34.0
6670,66700.0,1790707312075,12261186818700,163027.0,38.0
6671,66710.0,1790707312085,12261196901500,162898.0,47.0
6672,66720.0,1790707312095,12261206897000,162948.0,39.0
6673,66730.0,1790707312105,12261216966900,162913.0,39.0
6674,66740.0,1790707312115,12261226864100,163014.0,41.0
6675,66750.0,1790707312125,12261236666600,163007.0,37.0
6676,66760.0,1790707312135,12261246737300,163205.0,33.0
6677,66770.0,1790707312145,12261256761400,163159.0,40.0
6678,66780.0,1790707312155,12261266832200,163248.0,18.0
6679,66790.0,1790707312165,12261276872000,163171.0,24.0
6680,66800.0,1790707312175,12261286866100,163229.0,25.0
6681,66810.0,1790707312185,12261296865700,163159.0,29.0
6682,66820.0,1790707312195,12261306933700,163248.0,34.0
6683,66830.0,1790707312205,12261317030000,163175.0,43.0
6684,66840.0,1790707312215,12261327009600,163257.0,30.0
6685,66850.0,1790707312225,12261337117900,163216.0,33.0
6686,66860.0,1790707312235,12261347136300,163333.0,42.0
6687,66870.0,1790707312245,12261357196100,163289.0,38.0
6688,66880.0,1790707312255,12261367239400,163373.0,21.0
6689,66890.0,1790707312265,12261377199000,163332.0,37.0
6690,66900.0,1790707312275,12261387261800,163452.0,32.0
6691,66910.0,1790707312286,12261397628300,163383.0,32.0
6692,66920.0,1790707312296,12261408249200,163456.0,39.0
6693,66930.0,1790707312306,12261417985200,163360.0,30.0
6694,66940.0,1790707312315,12261427428300,163412.0,44.0
6695,66950.0,1790707312326,12261438116500,163307.0,22.0
6696,66960.0,1790707312336,12261448166800,163404.0,45.0
6697,66970.0,1790707312346,12261457912800,163399.0,44.0
6698,66980.0,1790707312356,12261467784800,163540.0,35.0
6699,66990.0,1790707312366,12261478008200,163489.0,28.0
6700,67000.0,1790707312376,12261487963400,163592.0,25.0
6701,67010.0,1790707312386,12261497925400,163579.0,5.0
6702,67020.0,1790707312397,12261508606600,163664.0,20.0
6703,67030.0,1790707312406,12261518343700,163599.0,37.0
6704,67040.0,1790707312416,12261527835200,163672.0,13.0
6705,67050.0,1790707312427,12261538550900,163584.0,42.0
6706,67060.0,1790707312437,12261548527200,163636.0,41.0
6707,67070.0,1790707312447,12261558963500,163543.0,31.0
6708,67080.0,1790707312456,12261568128100,163582.0,44.0
6709,67090.0,1790707312466,12261577936000,163511.0,47.0
6710,67100.0,1790707312476,12261587768200,163587.0,33.0
6711,67110.0,1790707312486,12261597699000,163538.0,34.0
6712,67120.0,1790707312496,12261607858400,163619.0,27.0
6713,67130.0,1790707312506,12261617766600,163538.0,23.0
6714,67140.0,1790707312516,12261627767000,163570.0,42.0
6715,67150.0,1790707312526,12261637808300,163388.0,44.0
6716,67160.0,1790707312536,12261647854400,163352.0,39.0
6717,67170.0,1790707312546,12261658064200,163159.0,44.0
6718,67180.0,1790707312556,12261667953200,163198.0,52.0
6719,67190.0,1790707312566,12261677945800,163087.0,37.0
6720,67200.0,1790707312576,12261687679800,163166.0,39.0
6721,67210.0,1790707312586,12261697738300,163091.0,31.0
6722,67220.0,1790707312596,12261707925800,163208.0,25.0
6723,67230.0,1790707312606,12261717786800,163204.0,38.0
6724,67240.0,1790707312616,12261727807600,163322.0,24.0
6725,67250.0,1790707312626,12261738169400,163299.0,37.0
6726,67260.0,1790707312636,12261748337200,163394.0,54.0
6727,67270.0,1790707312646,12261758283900,163329.0,36.0
6728,67280.0,1790707312656,12261767990300,163350.0,49.0
6729,67290.0,1790707312666,12261778194800,163212.0,45.0
6730,67300.0,1790707312677,12261788874200,163193.0,46.0
6731,67310.0,1790707312687,12261798721800,163105.0,21.0
6732,67320.0,1790707312697,12261808846500,163137.0,50.0
6733,67330.0,1790707312707,12261818772300,162981.0,46.0
6734,67340.0,1790707312717,12261828683300,163009.0,23.0
6735,67350.0,1790707312727,12261838621400,162898.0,46.0
6736,67360.0,1790707312736,12261848428800,162945.0,41.0
6737,67370.0,1790707312746,12261858317800,162779.0,37.0
6738,67380.0,1790707312757,12261868960200,162790.0,31.0
6739,67390.0,1790707312766,12261878348800,162666.0,35.0
6740,67400.0,1790707312777,12261888511700,162688.0,32.0
6741,67410.0,1790707312787,12261898549500,162547.0,30.0
6742,67420.0,1790707312797,12261908827200,162590.0,45.0
6743,67430.0,1790707312807,12261918595400,162506.0,33.0
6744,67440.0,1790707312816,12261928394500,162595.0,34.0
6745,67450.0,1790707312827,12261938673700,162539.0,36.0
6746,67460.0,1790707312837,12261948755900,162725.0,45.0
6747,67470.0,1790707312847,12261958674800,162707.0,30.0
6748,67480.0,1790707312857,12261969059300,162817.0,37.0
6749,67490.0,1790707312867,12261979252900,162766.0,35.0
6750,67500.0,1790707312877,12261989236300,162879.0,46.0
6751,67510.0,1790707312888,12261999680400,162812.0,42.0
6752,67520.0,1790707312897,12262009213200,162885.0,45.0
6753,67530.0,1790707312919,12262031319600,162812.0,40.0
6754,67540.0,1790707312922,12262033864600,162906.0,30.0
6755,67550.0,1790707312995,12262107324700,162906.0,34.0
6756,67560.0,1790707313055,12262166976900,163029.0,32.0
6757,67570.0,1790707313057,12262169000100,162995.0,36.0
6758,67580.0,1790707313058,12262170308200,163114.0,43.0
6759,67590.0,1790707313060,12262171516700,163086.0,27.0
6760,67600.0,1790707313061,12262172872200,163189.0,46.0
6761,67610.0,1790707313062,12262174163400,163193.0,47.0
6762,67620.0,1790707313064,12262175641100,163265.0,46.0
6763,67630.0,1790707313065,12262177011900,163165.0,39.0
6764,67640.0,1790707313066,12262178298700,163222.0,29.0
6765,67650.0,1790707313068,12262179519900,163143.0,27.0
6766,67660.0,1790707313069,12262180798800,163198.0,33.0
6767,67670.0,1790707313070,12262182002200,163201.0,39.0
6768,67680.0,1790707313071,12262183197800,163327.0,31.0
6769,67690.0,1790707313072,12262184360800,163350.0,37.0
6770,67700.0,1790707313077,12262188819100,163519.0,52.0
6771,67710.0,1790707313087,12262198879200,163544.0,39.0
6772,67720.0,1790707313097,12262209141100,163665.0,47.0
6773,67730.0,1790707313107,12262218968200,163652.0,52.0
6774,67740.0,1790707313117,12262229026100,163762.0,49.0
6775,67750.0,1790707313127,12262238986800,163690.0,46.0
6776,67760.0,1790707313137,12262249065500,163699.0,41.0
6777,67770.0,1790707313147,12262259147500,163577.0,51.0
6778,67780.0,1790707313157,12262269171300,163578.0,36.0
6779,67790.0,1790707313167,12262279176400,163487.0,48.0
6780,67800.0,1790707313177,12262289177600,163579.0,39.0
6781,67810.0,1790707313187,12262299301500,163638.0,46.0
6782,67820.0,1790707313197,12262308971100,163808.0,47.0
6783,67830.0,1790707313207,12262318996800,163853.0,34.0
6784,67840.0,1790707313217,12262329032400,163953.0,42.0
6785,67850.0,1790707313227,12262339064200,163916.0,47.0
6786,67860.0,1790707313237,12262349141700,163959.0,33.0
6787,67870.0,1790707313247,12262359246300,163877.0,36.0
6788,67880.0,1790707313257,12262369147100,163865.0,30.0
6789,67890.0,1790707313267,12262379209500,163734.0,44.0
6790,67900.0,1790707313277,12262389314100,163728.0,47.0
6791,67910.0,1790707313287,12262399328200,163582.0,45.0
6792,67920.0,1790707313297,12262409319300,163514.0,42.0
6793,67930.0,1790707313307,12262419336300,163357.0,28.0
6794,67940.0,1790707313317,12262429357700,163242.0,41.0
6795,67950.0,1790707313327,12262439432700,163067.0,33.0
6796,67960.0,1790707313338,12262449494900,163025.0,35.0
6797,67970.0,1790707313348,12262459520500,162872.0,39.0
6798,67980.0,1790707313358,12262469529500,162784.0,32.0
6799,67990.0,1790707313368,12262479570600,162587.0,47.0
6800,68000.0,1790707313378,12262489619900,162530.0,45.0
6801,68010.0,1790707313388,12262499668700,162418.0,54.0
6802,68020.0,1790707313398,12262509885000,162506.0,41.0
6803,68030.0,1790707313408,12262519662500,162516.0,49.0
6804,68040.0,1790707313417,12262529425700,162611.0,39.0
6805,68050.0,1790707313427,12262539451800,162626.0,43.0
6806,68060.0,1790707313438,12262549481700,162750.0,33.0
6807,68070.0,1790707313448,12262559574800,162782.0,35.0
6808,68080.0,1790707313458,12262569720100,162921.0,31.0
6809,68090.0,1790707313468,12262579755400,162948.0,62.0
6810,68100.0,1790707313478,12262589783200,163029.0,38.0
6811,68110.0,1790707313488,12262599801700,162968.0,42.0
6812,68120.0,1790707313498,12262609874100,162985.0,38.0
6813,68130.0,1790707313508,12262620149700,162849.0,45.0
6814,68140.0,1790707313518,12262630030300,162805.0,35.0
6815,68150.0,1790707313528,12262640333700,162677.0,48.0
6816,68160.0,1790707313538,12262649911400,162649.0,53.0
6817,68170.0,1790707313548,12262660318100,162627.0,37.0
6818,68180.0,1790707313558,12262670228200,162717.0,27.0
6819,68190.0,1790707313568,12262680051000,162718.0,45.0
6820,68200.0,1790707313578,12262690066000,162800.0,33.0
6821,68210.0,1790707313588,12262700040100,162760.0,53.0
6822,68220.0,1790707313598,12262710050900,162846.0,41.0
6823,68230.0,1790707313608,12262719765400,162878.0,52.0
6824,68240.0,1790707313618,12262729854400,162982.0,28.0
6825,68250.0,1790707313628,12262739839100,163030.0,37.0
6826,68260.0,1790707313638,12262749887700,163168.0,40.0
6827,68270.0,1790707313648,12262759960400,163223.0,36.0
6828,68280.0,1790707313658,12262769969300,163354.0,36.0
6829,68290.0,1790707313668,12262780011700,163388.0,37.0
6830,68300.0,1790707313678,12262790116300,163457.0,33.0
6831,68310.0,1790707313688,12262800150600,163427.0,53.0
6832,68320.0,1790707313698,12262810173200,163471.0,48.0
6833,68330.0,1790707313708,12262820228900,163458.0,45.0
6834,68340.0,1790707313718,12262830197900,163509.0,32.0
6835,68350.0,1790707313728,12262840459300,163448.0,45.0
6836,68360.0,1790707313738,12262850353300,163504.0,46.0
6837,68370.0,1790707313748,12262860325800,163440.0,41.0
6838,68380.0,1790707313758,12262870339500,163467.0,47.0
6839,68390.0,1790707313768,12262880382300,163408.0,25.0
6840,68400.0,1790707313779,12262890700600,163437.0,42.0
6841,68410.0,1790707313789,12262900483100,163387.0,47.0
6842,68420.0,1790707313799,12262910532400,163421.0,56.0
6843,68430.0,1790707313809,12262920563500,163420.0,58.0
6844,68440.0,1790707313819,12262930578300,163494.0,51.0
6845,68450.0,1790707313829,12262940841400,163469.0,60.0
6846,68460.0,1790707313838,12262950402700,163559.0,42.0
6847,68470.0,1790707313848,12262960398700,163537.0,55.0
6848,68480.0,1790707313858,12262970388100,163565.0,45.0
6849,68490.0,1790707313869,12262980712900,163520.0,61.0
6850,68500.0,1790707313879,12262990638900,163528.0,44.0
6851,68510.0,1790707313889,12263000941400,163445.0,40.0
6852,68520.0,1790707313899,12263010928900,163478.0,47.0
6853,68530.0,1790707313915,12263027312200,163508.0,44.0
6854,68540.0,1790707313921,12263032852300,163570.0,39.0
6855,68550.0,1790707313990,12263102180300,163526.0,42.0
6856,68560.0,1790707314045,12263156915400,163517.0,44.0
6857,68570.0,1790707314049,12263160913600,163432.0,40.0
6858,68580.0,1790707314051,12263162488500,163398.0,45.0
6859,68590.0,1790707314052,12263163817400,163397.0,43.0
6860,68600.0,1790707314053,12263165121700,163324.0,47.0
6861,68610.0,1790707314054,12263166320300,163320.0,38.0
6862,68620.0,1790707314056,12263167469100,163356.0,38.0
6863,68630.0,1790707314057,12263168623600,163370.0,45.0
6864,68640.0,1790707314058,12263169812600,163399.0,33.0
6865,68650.0,1790707314059,12263171139800,163377.0,55.0
6866,68660.0,1790707314060,12263172460100,163412.0,59.0
6867,68670.0,1790707314062,12263173799300,163397.0,51.0
6868,68680.0,1790707314063,12263175369700,163395.0,50.0
6869,68690.0,1790707314069,12263180907800,163365.0,44.0
6870,68700.0,1790707314079,12263190961100,163359.0,58.0
6871,68710.0,1790707314089,12263200883600,163287.0,27.0
6872,68720.0,1790707314099,12263210970800,163192.0,35.0
6873,68730.0,1790707314109,12263220980000,163030.0,39.0
6874,68740.0,1790707314119,12263231073600,162918.0,32.0
6875,68750.0,1790707314129,12263241057500,162768.0,38.0
6876,68760.0,1790707314139,12263251045100,162671.0,46.0
6877,68770.0,1790707314149,12263261104400,162514.0,37.0
6878,68780.0,1790707314159,12263271167200,162417.0,45.0
6879,68790.0,1790707314169,12263281213300,162323.0,40.0
6880,68800.0,1790707314179,12263291244500,162271.0,38.0
6881,68810.0,1790707314189,12263301289600,162229.0,37.0
6882,68820.0,1790707314199,12263311336800,162258.0,40.0
6883,68830.0,1790707314209,12263321429000,162215.0,44.0
6884,68840.0,1790707314219,12263331437500,162229.0,61.0
6885,68850.0,1790707314230,12263341641500,162212.0,51.0
6886,68860.0,1790707314239,12263351466600,162266.0,51.0
6887,68870.0,1790707314250,12263361495300,162235.0,43.0
6888,68880.0,1790707314260,12263371532700,162247.0,54.0
6889,68890.0,1790707314270,12263381607900,162215.0,33.0
6890,68900.0,1790707314279,12263391401300,162227.0,45.0
6891,68910.0,1790707314289,12263401318600,162222.0,48.0
6892,68920.0,1790707314299,12263411425300,162261.0,61.0
6893,68930.0,1790707314309,12263421456900,162259.0,50.0
6894,68940.0,1790707314319,12263431464400,162310.0,44.0
6895,68950.0,1790707314330,12263441491600,162387.0,54.0
6896,68960.0,1790707314339,12263451461700,162467.0,60.0
6897,68970.0,1790707314350,12263461513000,162531.0,58.0
6898,68980.0,1790707314360,12263471543500,162557.0,51.0
6899,68990.0,1790707314370,12263481606200,162556.0,55.0
6900,69000.0,1790707314380,12263491847700,162552.0,46.0
6901,69010.0,1790707314390,12263501585300,162514.0,57.0
6902,69020.0,1790707314400,12263511752100,162458.0,51.0
6903,69030.0,1790707314410,12263521717400,162443.0,52.0
6904,69040.0,1790707314420,12263531784800,162413.0,49.0
6905,69050.0,1790707314430,12263541805200,162378.0,35.0
6906,69060.0,1790707314440,12263551872100,162411.0,45.0
6907,69070.0,1790707314450,12263561912700,162505.0,49.0
6908,69080.0,1790707314460,12263571908300,162485.0,40.0
6909,69090.0,1790707314470,12263581935000,162517.0,50.0
6910,69100.0,1790707314480,12263591978800,162558.0,47.0
6911,69110.0,1790707314490,12263601669400,162617.0,61.0
6912,69120.0,1790707314500,12263611890500,162640.0,33.0
6913,69130.0,1790707314510,12263621922700,162696.0,51.0
6914,69140.0,1790707314520,12263631913100,162687.0,50.0
6915,69150.0,1790707314530,12263642036200,162650.0,38.0
6916,69160.0,1790707314540,12263652049400,162620.0,60.0
6917,69170.0,1790707314550,12263662224600,162593.0,55.0
6918,69180.0,1790707314560,12263672186500,162523.0,60.0
6919,69190.0,1790707314570,12263682228500,162506.0,39.0
6920,69200.0,1790707314580,12263692326900,162467.0,49.0
6921,69210.0,1790707314590,12263702392000,162500.0,42.0
6922,69220.0,1790707314601,12263712580300,162541.0,38.0
6923,69230.0,1790707314610,12263722195300,162640.0,38.0
6924,69240.0,1790707314620,12263732208700,162671.0,38.0
6925,69250.0,1790707314631,12263742736900,162703.0,54.0
6926,69260.0,1790707314640,12263752235900,162699.0,34.0
6927,69270.0,1790707314650,12263762310000,162731.0,37.0
6928,69280.0,1790707314660,12263772304100,162696.0,40.0
6929,69290.0,1790707314670,12263782439800,162700.0,49.0
6930,69300.0,1790707314680,12263792442600,162643.0,40.0
6931,69310.0,1790707314691,12263802475200,162623.0,45.0
6932,69320.0,1790707314701,12263812702100,162666.0,45.0
6933,69330.0,1790707314711,12263822606200,162763.0,56.0
6934,69340.0,1790707314720,12263832230100,162792.0,49.0
6935,69350.0,1790707314731,12263843164700,162859.0,37.0
6936,69360.0,1790707314741,12263853399400,162881.0,33.0
6937,69370.0,1790707314752,12263863633700,162945.0,48.0
6938,69380.0,1790707314762,12263873836200,162960.0,29.0
6939,69390.0,1790707314771,12263883266900,163012.0,52.0
6940,69400.0,1790707314781,12263893084400,162989.0,54.0
6941,69410.0,1790707314791,12263902983200,162973.0,40.0
6942,69420.0,1790707314801,12263912987800,162869.0,44.0
6943,69430.0,1790707314812,12263923668700,162788.0,31.0
6944,69440.0,1790707314821,12263933127500,162713.0,58.0
6945,69450.0,1790707314831,12263942978200,162710.0,39.0
6946,69460.0,1790707314841,12263953376000,162712.0,37.0
6947,69470.0,1790707314851,12263962775700,162695.0,55.0
6948,69480.0,1790707314862,12263974219300,162648.0,27.0
6949,69490.0,1790707314872,12263984155600,162645.0,64.0
6950,69500.0,1790707314883,12263995166300,162608.0,38.0
6951,69510.0,1790707314893,12264004578000,162567.0,41.0
6952,69520.0,1790707314902,12264013475500,162486.0,38.0
6953,69530.0,1790707314916,12264028134600,162424.0,42.0
6954,69540.0,1790707314921,12264032788400,162340.0,39.0
6955,69550.0,1790707314988,12264099988200,162308.0,44.0
6956,69560.0,1790707315049,12264161050800,162233.0,43.0
6957,69570.0,1790707315052,12264164230900,162246.0,37.0
6958,69580.0,1790707315054,12264166232500,162218.0,28.0
6959,69590.0,1790707315056,12264167773400,162258.0,33.0
6960,69600.0,1790707315057,12264169120300,162283.0,40.0
6961,69610.0,1790707315058,12264170434600,162324.0,51.0
6962,69620.0,1790707315060,12264171753500,162300.0,53.0
6963,69630.0,1790707315062,12264173491500,162293.0,42.0
6964,69640.0,1790707315064,12264176394500,162261.0,47.0
6965,69650.0,1790707315066,12264178161900,162230.0,32.0
6966,69660.0,1790707315068,12264179818400,162172.0,40.0
6967,69670.0,1790707315069,12264181299200,162153.0,32.0
6968,69680.0,1790707315071,12264182553200,162101.0,35.0
6969,69690.0,1790707315072,12264183732000,162112.0,42.0
6970,69700.0,1790707315082,12264193606900,162075.0,36.0
6971,69710.0,1790707315091,12264203332500,162098.0,45.0
6972,69720.0,1790707315101,12264213347400,162080.0,46.0
6973,69730.0,1790707315111,12264223200400,162104.0,51.0
6974,69740.0,1790707315121,12264233046200,162078.0,50.0
6975,69750.0,1790707315131,12264243351200,162062.0,37.0
6976,69760.0,1790707315141,12264253170900,162043.0,28.0
6977,69770.0,1790707315151,12264263253700,162102.0,43.0
6978,69780.0,1790707315161,12264273467200,162159.0,27.0
6979,69790.0,1790707315171,12264283264600,162247.0,46.0
6980,69800.0,1790707315182,12264293585900,162320.0,37.0
6981,69810.0,1790707315191,12264303343900,162448.0,49.0
6982,69820.0,1790707315201,12264313405000,162470.0,48.0
6983,69830.0,1790707315212,12264324109200,162555.0,48.0
6984,69840.0,1790707315222,12264333527400,162601.0,34.0
6985,69850.0,1790707315232,12264343711900,162705.0,26.0
6986,69860.0,1790707315242,12264353519100,162735.0,39.0
6987,69870.0,1790707315252,12264363933600,162786.0,41.0
6988,69880.0,1790707315262,12264373678200,162779.0,34.0
6989,69890.0,1790707315272,12264383717700,162829.0,46.0
6990,69900.0,1790707315282,12264393712200,162797.0,43.0
6991,69910.0,1790707315292,12264403673400,162834.0,35.0
6992,69920.0,1790707315302,12264413747900,162841.0,45.0
6993,69930.0,1790707315312,12264423556600,162951.0,57.0
6994,69940.0,1790707315322,12264433559300,162969.0,28.0
6995,69950.0,1790707315332,12264443556900,163109.0,34.0
6996,69960.0,1790707315342,12264453531700,163131.0,39.0
6997,69970.0,1790707315352,12264463556500,163234.0,36.0
6998,69980.0,1790707315362,12264473588200,163189.0,35.0
6999,69990.0,1790707315372,12264483649700,163227.0,34.0
7000,70000.0,1790707315382,12264493907300,163119.0,46.0
7001,70010.0,1790707315437,12264548979800,163150.0,53.0
7002,70020.0,1790707315439,12264550684800,163179.0,43.0
7003,70030.0,1790707315440,12264551947300,163313.0,27.0
7004,70040.0,1790707315441,12264553182600,163400.0,39.0
7005,70050.0,1790707315443,12264554475700,163381.0,52.0
7006,70060.0,1790707315444,12264555838700,163246.0,43.0
7007,70070.0,1790707315452,12264564176800,163330.0,35.0
7008,70080.0,1790707315462,12264574172100,163416.0,34.0
7009,70090.0,1790707315472,12264584070700,163605.0,29.0
7010,70100.0,1790707315482,12264594040900,163670.0,34.0
7011,70110.0,1790707315492,12264604054900,163779.0,51.0
7012,70120.0,1790707315502,12264614183500,163678.0,44.0
7013,70130.0,1790707315512,12264624272400,163603.0,55.0
7014,70140.0,1790707315522,12264634145900,163387.0,38.0
7015,70150.0,1790707315532,12264644219800,163263.0,50.0
7016,70160.0,1790707315542,12264653914500,163002.0,34.0
7017,70170.0,1790707315552,12264664034500,162821.0,24.0
7018,70180.0,1790707315562,12264674078100,162593.0,40.0
7019,70190.0,1790707315572,12264684157400,162510.0,42.0
7020,70200.0,1790707315582,12264694148900,162389.0,36.0
7021,70210.0,1790707315592,12264704138400,162367.0,59.0
7022,70220.0,1790707315602,12264714134900,162293.0,50.0
7023,70230.0,1790707315612,12264724204800,162336.0,46.0
7024,70240.0,1790707315622,12264734230100,162247.0,45.0
7025,70250.0,1790707315632,12264744347600,162269.0,47.0
7026,70260.0,1790707315642,12264754325500,162204.0,43.0
7027,70270.0,1790707315652,12264764393600,162231.0,36.0
7028,70280.0,1790707315662,12264774404200,162145.0,46.0
7029,70290.0,1790707315673,12264784573300,162122.0,47.0
7030,70300.0,1790707315683,12264794695100,161985.0,49.0
7031,70310.0,1790707315693,12264804703000,162086.0,41.0
7032,70320.0,1790707315703,12264814768700,161967.0,44.0
7033,70330.0,1790707315713,12264824884100,161967.0,50.0
7034,70340.0,1790707315723,12264834742700,161959.0,51.0
7035,70350.0,1790707315733,12264844584400,162052.0,34.0
7036,70360.0,1790707315743,12264854613100,162000.0,42.0
7037,70370.0,1790707315753,12264864760000,162086.0,40.0
7038,70380.0,1790707315763,12264874781800,162068.0,35.0
7039,70390.0,1790707315773,12264884569600,162139.0,42.0
7040,70400.0,1790707315783,12264894638900,162064.0,26.0
7041,70410.0,1790707315793,12264904601600,162093.0,42.0
7042,70420.0,1790707315803,12264914622000,162078.0,35.0
7043,70430.0,1790707315813,12264924614100,162177.0,42.0
7044,70440.0,1790707315823,12264934975400,162156.0,30.0
7045,70450.0,1790707315833,12264944893700,162253.0,52.0
7046,70460.0,1790707315843,12264954927900,162216.0,49.0
7047,70470.0,1790707315853,12264964721300,162262.0,46.0
7048,70480.0,1790707315863,12264974876300,162189.0,51.0
7049,70490.0,1790707315874,12264985928800,162265.0,43.0
7050,70500.0,1790707315884,12264996111900,162224.0,29.0
7051,70510.0,1790707315894,12265006149100,162298.0,44.0
7052,70520.0,1790707315930,12265041810700,162244.0,44.0
7053,70530.0,1790707315936,12265048030000,162334.0,71.0
7054,70540.0,1790707315940,12265052344000,162330.0,60.0
7055,70550.0,1790707315947,12265059233400,162443.0,45.0
7056,70560.0,1790707316036,12265148453300,162453.0,40.0
7057,70570.0,1790707316093,12265204949800,162564.0,53.0
7058,70580.0,1790707316095,12265206687100,162591.0,51.0
7059,70590.0,1790707316096,12265208152400,162712.0,25.0
7060,70600.0,1790707316097,12265209408500,162670.0,42.0
7061,70610.0,1790707316099,12265210623100,162712.0,37.0
7062,70620.0,1790707316100,12265211879400,162586.0,29.0
7063,70630.0,1790707316101,12265213103900,162567.0,43.0
7064,70640.0,1790707316102,12265214272900,162503.0,54.0
7065,70650.0,1790707316103,12265215414500,162607.0,37.0
7066,70660.0,1790707316105,12265216554300,162610.0,43.0
7067,70670.0,1790707316106,12265217817000,162702.0,39.0
7068,70680.0,1790707316107,12265219002900,162633.0,32.0
7069,70690.0,1790707316108,12265220193200,162754.0,35.0
7070,70700.0,1790707316109,12265221405600,162726.0,39.0
7071,70710.0,1790707316111,12265222877800,162821.0,43.0
7072,70720.0,1790707316115,12265226613600,162795.0,48.0
7073,70730.0,1790707316116,12265227930500,162858.0,45.0
7074,70740.0,1790707316123,12265235431300,162745.0,46.0
7075,70750.0,1790707316134,12265245504300,162770.0,37.0
7076,70760.0,1790707316143,12265255383700,162736.0,52.0
7077,70770.0,1790707316153,12265265258600,162861.0,34.0
7078,70780.0,1790707316163,12265275254300,162870.0,34.0
7079,70790.0,1790707316173,12265285344200,163049.0,45.0
7080,70800.0,1790707316183,12265295396300,163050.0,33.0
7081,70810.0,1790707316193,12265305380500,163146.0,21.0
7082,70820.0,1790707316203,12265315463100,163078.0,29.0
7083,70830.0,1790707316214,12265325502300,163077.0,42.0
7084,70840.0,1790707316224,12265335544000,162940.0,26.0
7085,70850.0,1790707316234,12265345666100,162976.0,40.0
7086,70860.0,1790707316244,12265355660300,162905.0,34.0
7087,70870.0,1790707316254,12265365638300,163047.0,43.0
7088,70880.0,1790707316264,12265375665400,163115.0,51.0
7089,70890.0,1790707316274,12265385674300,163216.0,30.0
7090,70900.0,1790707316284,12265395788500,163175.0,50.0
7091,70910.0,1790707316294,12265405778700,163257.0,36.0
7092,70920.0,1790707316304,12265416054800,163185.0,41.0
7093,70930.0,1790707316314,12265426049800,163225.0,39.0
7094,70940.0,1790707316324,12265435902400,163250.0,44.0
7095,70950.0,1790707316334,12265445988900,163369.0,34.0
7096,70960.0,1790707316344,12265456250600,163267.0,40.0
7097,70970.0,1790707316354,12265465964700,163210.0,38.0
7098,70980.0,1790707316364,12265475878900,162924.0,35.0
7099,70990.0,1790707316374,12265485818600,162829.0,36.0
7100,71000.0,1790707316384,12265495967500,162631.0,23.0
7101,71010.0,1790707316394,12265506151000,162649.0,25.0
7102,71020.0,1790707316404,12265515922900,162544.0,31.0
7103,71030.0,1790707316414,12265525902800,162573.0,33.0
7104,71040.0,1790707316424,12265535920500,162389.0,34.0
7105,71050.0,1790707316434,12265545999800,162427.0,47.0
7106,71060.0,1790707316444,12265556203800,162374.0,39.0
7107,71070.0,1790707316454,12265566051400,162498.0,38.0
7108,71080.0,1790707316464,12265576119400,162495.0,41.0
7109,71090.0,1790707316474,12265586095700,162608.0,30.0
7110,71100.0,1790707316484,12265596163900,162503.0,29.0
7111,71110.0,1790707316494,12265606268100,162551.0,30.0
7112,71120.0,1790707316504,12265616239800,162461.0,23.0
7113,71130.0,1790707316514,12265626317100,162489.0,20.0
7114,71140.0,1790707316524,12265636273600,162365.0,24.0
7115,71150.0,1790707316534,12265646337600,162416.0,35.0
7116,71160.0,1790707316544,12265656464700,162315.0,29.0
7117,71170.0,1790707316554,12265666426200,162335.0,37.0
7118,71180.0,1790707316565,12265676626100,162281.0,37.0
7119,71190.0,1790707316574,12265686465200,162348.0,42.0
7120,71200.0,1790707316584,12265696218800,162278.0,24.0
7121,71210.0,1790707316594,12265706454300,162370.0,29.0
7122,71220.0,1790707316604,12265716304800,162311.0,31.0
7123,71230.0,1790707316614,12265726329300,162402.0,37.0
7124,71240.0,1790707316624,12265736301700,162295.0,30.0
7125,71250.0,1790707316634,12265746437200,162372.0,35.0
7126,71260.0,1790707316645,12265756522900,162269.0,27.0
7127,71270.0,1790707316655,12265766496200,162381.0,49.0
7128,71280.0,1790707316665,12265776527400,162265.0,24.0
7129,71290.0,1790707316675,12265786557700,162341.0,44.0
7130,71300.0,1790707316685,12265796607300,162254.0,23.0
7131,71310.0,1790707316695,12265806735000,162330.0,39.0
7132,71320.0,1790707316705,12265816681900,162246.0,52.0
7133,71330.0,1790707316715,12265826718300,162294.0,26.0
7134,71340.0,1790707316725,12265836737900,162133.0,32.0
7135,71350.0,1790707316735,12265846791100,162125.0,42.0
7136,71360.0,1790707316745,12265856836600,161995.0,33.0
7137,71370.0,1790707316755,12265866830400,162078.0,50.0
7138,71380.0,1790707316765,12265876893800,162026.0,49.0
7139,71390.0,1790707316775,12265886964200,162105.0,44.0
7140,71400.0,1790707316785,12265896711700,162077.0,45.0
7141,71410.0,1790707316795,12265907020600,162244.0,29.0
7142,71420.0,1790707316805,12265916709100,162242.0,19.0
7143,71430.0,1790707316815,12265926978000,162349.0,50.0
7144,71440.0,1790707316825,12265937369100,162263.0,42.0
7145,71450.0,1790707316835,12265947159800,162322.0,11.0
7146,71460.0,1790707316845,12265957340500,162257.0,26.0
7147,71470.0,1790707316855,12265967235000,162260.0,38.0
7148,71480.0,1790707316865,12265977343400,162109.0,38.0
7149,71490.0,1790707316875,12265987285400,162091.0,36.0
7150,71500.0,1790707316885,12265997071900,161865.0,49.0
7151,71510.0,1790707316895,12266007123400,161923.0,39.0
7152,71520.0,1790707316905,12266017039400,161844.0,39.0
7153,71530.0,1790707316973,12266085214900,161900.0,42.0
7154,71540.0,1790707317022,12266134433500,161904.0,29.0
7155,71550.0,1790707317024,12266135805500,162029.0,31.0
7156,71560.0,1790707317025,12266137074900,161993.0,31.0
7157,71570.0,1790707317027,12266138556700,162105.0,40.0
7158,71580.0,1790707317028,12266140058000,162050.0,32.0
7159,71590.0,1790707317029,12266141326300,162174.0,44.0
7160,71600.0,1790707317031,12266142532300,162139.0,33.0
7161,71610.0,1790707317032,12266143690800,162218.0,44.0
7162,71620.0,1790707317033,12266144886900,162119.0,43.0
7163,71630.0,1790707317034,12266146056000,162117.0,40.0
7164,71640.0,1790707317035,12266147248500,161894.0,37.0
7165,71650.0,1790707317037,12266148496200,161777.0,43.0
7166,71660.0,1790707317046,12266158321400,161549.0,35.0
7167,71670.0,1790707317055,12266167242500,161504.0,33.0
7168,71680.0,1790707317065,12266177338400,161393.0,46.0
7169,71690.0,1790707317076,12266187582900,161383.0,49.0
7170,71700.0,1790707317085,12266197380200,161291.0,30.0
7171,71710.0,1790707317095,12266207417200,161310.0,34.0
7172,71720.0,1790707317106,12266217613100,161234.0,26.0
7173,71730.0,1790707317116,12266227531400,161272.0,37.0
7174,71740.0,1790707317126,12266237502900,161240.0,32.0
7175,71750.0,1790707317136,12266247600000,161297.0,42.0
7176,71760.0,1790707317146,12266257668400,161282.0,23.0
7177,71770.0,1790707317156,12266267758100,161398.0,35.0
7178,71780.0,1790707317166,12266277794200,161401.0,45.0
7179,71790.0,1790707317176,12266287822800,161457.0,48.0
7180,71800.0,1790707317186,12266297748500,161336.0,39.0
7181,71810.0,1790707317196,12266308058500,161299.0,44.0
7182,71820.0,1790707317206,12266317863500,161242.0,38.0
7183,71830.0,1790707317216,12266327588500,161310.0,46.0
7184,71840.0,1790707317226,12266337674300,161273.0,35.0
7185,71850.0,1790707317236,12266347641400,161303.0,40.0
7186,71860.0,1790707317246,12266358021500,161212.0,38.0
7187,71870.0,1790707317256,12266367772000,161223.0,29.0
7188,71880.0,1790707317266,12266378017900,161119.0,39.0
7189,71890.0,1790707317276,12266388007900,161170.0,31.0
7190,71900.0,1790707317286,12266397849000,161171.0,41.0
7191,71910.0,1790707317296,12266408185800,161334.0,38.0
7192,71920.0,1790707317306,12266417888400,161406.0,42.0
7193,71930.0,1790707317316,12266427879300,161620.0,47.0
7194,71940.0,1790707317326,12266438141900,161744.0,55.0
7195,71950.0,1790707317336,12266448048600,161877.0,39.0
7196,71960.0,1790707317346,12266458247300,161797.0,18.0
7197,71970.0,1790707317356,12266468041100,161806.0,32.0
7198,71980.0,1790707317366,12266478089800,161766.0,43.0
7199,71990.0,1790707317376,12266488321700,161810.0,42.0
7200,72000.0,1790707317386,12266498187000,161727.0,41.0
7201,72010.0,1790707317396,12266508379500,161765.0,43.0
7202,72020.0,1790707317406,12266518194500,161773.0,44.0
7203,72030.0,1790707317416,12266528243500,161916.0,33.0
7204,72040.0,1790707317426,12266538020600,161914.0,53.0
7205,72050.0,1790707317436,12266548015100,162063.0,28.0
7206,72060.0,1790707317446,12266558079500,162063.0,39.0
7207,72070.0,1790707317456,12266568045300,162227.0,42.0
7208,72080.0,1790707317466,12266578190200,162214.0,35.0
7209,72090.0,1790707317476,12266588229500,162276.0,42.0
7210,72100.0,1790707317486,12266598189900,162277.0,40.0
7211,72110.0,1790707317497,12266608471900,162324.0,61.0
7212,72120.0,1790707317506,12266618236400,162263.0,54.0
7213,72130.0,1790707317516,12266628306100,162295.0,47.0
7214,72140.0,1790707317526,12266638327800,162236.0,34.0
7215,72150.0,1790707317536,12266648341600,162306.0,29.0
7216,72160.0,1790707317546,12266658416700,162332.0,49.0
7217,72170.0,1790707317556,12266668429200,162446.0,16.0
7218,72180.0,1790707317567,12266678565700,162491.0,40.0
7219,72190.0,1790707317577,12266688654900,162565.0,32.0
7220,72200.0,1790707317587,12266698573700,162559.0,48.0
7221,72210.0,1790707317597,12266708674200,162577.0,42.0
7222,72220.0,1790707317607,12266718688500,162486.0,56.0
7223,72230.0,1790707317617,12266728845700,162516.0,53.0
7224,72240.0,1790707317627,12266738852200,162416.0,39.0
7225,72250.0,1790707317637,12266748484500,162405.0,40.0
7226,72260.0,1790707317647,12266758480600,162339.0,36.0
7227,72270.0,1790707317657,12266768477400,162404.0,36.0
7228,72280.0,1790707317667,12266778583800,162355.0,39.0
7229,72290.0,1790707317677,12266788795000,162476.0,38.0
7230,72300.0,1790707317687,12266798644600,162560.0,33.0
7231,72310.0,1790707317697,12266808715700,162727.0,39.0
7232,72320.0,1790707317707,12266818712500,162813.0,44.0
7233,72330.0,1790707317717,12266828913100,162941.0,48.0
7234,72340.0,1790707317727,12266838864200,162931.0,52.0
7235,72350.0,1790707317737,12266848840800,162962.0,42.0
7236,72360.0,1790707317747,12266858866700,162832.0,37.0
7237,72370.0,1790707317757,12266868897400,162751.0,37.0
7238,72380.0,1790707317767,12266878908300,162573.0,42.0
7239,72390.0,1790707317777,12266889110900,162465.0,38.0
7240,72400.0,1790707317787,12266898980200,162316.0,30.0
7241,72410.0,1790707317797,12266909447900,162288.0,42.0
7242,72420.0,1790707317807,12266919473300,162237.0,36.0
7243,72430.0,1790707317817,12266929427700,162267.0,39.0
7244,72440.0,1790707317827,12266939465500,162237.0,44.0
7245,72450.0,1790707317838,12266949643200,162260.0,55.0
7246,72460.0,1790707317847,12266959261200,162186.0,47.0
7247,72470.0,1790707317857,12266969136200,162210.0,40.0
7248,72480.0,1790707317867,12266978952100,162156.0,46.0
7249,72490.0,1790707317877,12266989211100,162209.0,40.0
7250,72500.0,1790707317888,12266999944800,162181.0,53.0
7251,72510.0,1790707317906,12267018310800,162201.0,37.0
7252,72520.0,1790707317909,12267020615500,162126.0,48.0
7253,72530.0,1790707317974,12267086440700,162113.0,41.0
7254,72540.0,1790707318030,12267141552700,162053.0,53.0
7255,72550.0,1790707318031,12267143187500,162138.0,60.0
7256,72560.0,1790707318033,12267144566200,162170.0,54.0
7257,72570.0,1790707318034,12267145887700,162241.0,59.0
7258,72580.0,1790707318035,12267147213600,162221.0,43.0
7259,72590.0,1790707318036,12267148461700,162224.0,57.0
7260,72600.0,1790707318038,12267149706100,162135.0,38.0
7261,72610.0,1790707318039,12267150951700,162123.0,48.0
7262,72620.0,1790707318040,12267152130600,162060.0,44.0
7263,72630.0,1790707318041,12267153462700,162105.0,37.0
7264,72640.0,1790707318043,12267154941400,162099.0,49.0
7265,72650.0,1790707318047,12267159012500,162198.0,37.0
7266,72660.0,1790707318049,12267160486400,162242.0,45.0
7267,72670.0,1790707318057,12267169319100,162340.0,51.0
7268,72680.0,1790707318067,12267179453100,162309.0,53.0
7269,72690.0,1790707318077,12267189413000,162353.0,37.0
7270,72700.0,1790707318088,12267199505300,162332.0,43.0
7271,72710.0,1790707318098,12267209537900,162395.0,42.0
7272,72720.0,1790707318108,12267219578300,162415.0,37.0
7273,72730.0,1790707318118,12267229592500,162475.0,56.0
7274,72740.0,1790707318128,12267239642700,162474.0,49.0
7275,72750.0,1790707318138,12267249649400,162530.0,45.0
7276,72760.0,1790707318148,12267259735200,162572.0,37.0
7277,72770.0,1790707318158,12267270122100,162691.0,36.0
7278,72780.0,1790707318168,12267279805000,162792.0,40.0
7279,72790.0,1790707318178,12267289886200,162968.0,47.0
7280,72800.0,1790707318188,12267299853600,163051.0,43.0
7281,72810.0,1790707318198,12267309901500,163145.0,34.0
7282,72820.0,1790707318208,12267320019900,163037.0,55.0
7283,72830.0,1790707318218,12267329941900,163093.0,31.0
7284,72840.0,1790707318228,12267339988800,163057.0,43.0
7285,72850.0,1790707318238,12267349964100,163114.0,52.0
7286,72860.0,1790707318248,12267360080400,163096.0,48.0
7287,72870.0,1790707318258,12267370094500,163127.0,50.0
7288,72880.0,1790707318268,12267380084600,163141.0,51.0
7289,72890.0,1790707318278,12267390148100,163103.0,43.0
7290,72900.0,1790707318288,12267399847500,163073.0,48.0
7291,72910.0,1790707318298,12267409926100,163117.0,52.0
7292,72920.0,1790707318309,12267421102100,163074.0,39.0
7293,72930.0,1790707318318,12267429988700,163060.0,37.0
7294,72940.0,1790707318328,12267440168900,162985.0,36.0
7295,72950.0,1790707318338,12267450073800,162974.0,52.0
7296,72960.0,1790707318348,12267460127700,162890.0,53.0
7297,72970.0,1790707318358,12267470208500,162845.0,42.0
7298,72980.0,1790707318368,12267480233600,162806.0,54.0
7299,72990.0,1790707318378,12267490278300,162867.0,66.0
7300,73000.0,1790707318389,12267500477400,162928.0,49.0
7301,73010.0,1790707318398,12267510283200,163039.0,47.0
7302,73020.0,1790707318409,12267520600100,163017.0,42.0
7303,73030.0,1790707318418,12267530412900,163015.0,40.0
7304,73040.0,1790707318429,12267540479700,162975.0,53.0
7305,73050.0,1790707318439,12267550492500,162935.0,60.0
7306,73060.0,1790707318449,12267560504600,162887.0,60.0
7307,73070.0,1790707318459,12267570637800,162883.0,48.0
7308,73080.0,1790707318469,12267580586400,162839.0,43.0
7309,73090.0,1790707318479,12267590588600,162787.0,55.0
7310,73100.0,1790707318489,12267600670700,162777.0,49.0
7311,73110.0,1790707318498,12267610346000,162746.0,39.0
7312,73120.0,1790707318508,12267620336200,162721.0,55.0
7313,73130.0,1790707318518,12267630469700,162706.0,48.0
7314,73140.0,1790707318529,12267640523000,162661.0,35.0
7315,73150.0,1790707318539,12267650473900,162681.0,51.0
7316,73160.0,1790707318549,12267660555700,162666.0,46.0
7317,73170.0,1790707318559,12267670621500,162666.0,57.0
7318,73180.0,1790707318569,12267680709500,162687.0,53.0
7319,73190.0,1790707318579,12267690623300,162739.0,45.0
7320,73200.0,1790707318589,12267700631800,162788.0,50.0
7321,73210.0,1790707318599,12267710678100,162800.0,42.0
7322,73220.0,1790707318609,12267720992400,162896.0,54.0
7323,73230.0,1790707318619,12267730806500,162960.0,51.0
7324,73240.0,1790707318629,12267740841700,162837.0,46.0
7325,73250.0,1790707318639,12267750940100,162743.0,47.0
7326,73260.0,1790707318649,12267760879900,162737.0,43.0
7327,73270.0,1790707318659,12267771136700,162695.0,56.0
7328,73280.0,1790707318669,12267781022000,162646.0,52.0
7329,73290.0,1790707318679,12267790995800,162601.0,56.0
7330,73300.0,1790707318689,12267801023300,162549.0,42.0
7331,73310.0,1790707318699,12267810755700,162482.0,67.0
7332,73320.0,1790707318709,12267821128200,162429.0,47.0
7333,73330.0,1790707318719,12267831028100,162398.0,44.0
7334,73340.0,1790707318729,12267840815300,162321.0,43.0
7335,73350.0,1790707318739,12267850925300,162279.0,37.0
7336,73360.0,1790707318749,12267860915900,162267.0,44.0
7337,73370.0,1790707318759,12267871103400,162313.0,43.0
7338,73380.0,1790707318769,12267880976500,162408.0,36.0
7339,73390.0,1790707318779,12267891005400,162460.0,41.0
7340,73400.0,1790707318790,12267901679600,162530.0,39.0
7341,73410.0,1790707318799,12267911461600,162569.0,53.0
7342,73420.0,1790707318810,12267921549000,162645.0,52.0
7343,73430.0,1790707318820,12267931482300,162657.0,59.0
7344,73440.0,1790707318830,12267941682900,162661.0,49.0
7345,73450.0,1790707318839,12267951440500,162644.0,50.0
7346,73460.0,1790707318850,12267962083100,162671.0,41.0
7347,73470.0,1790707318860,12267972383000,162729.0,23.0
7348,73480.0,1790707318869,12267981452800,162781.0,42.0
7349,73490.0,1790707318880,12267991490300,162821.0,43.0
7350,73500.0,1790707318891,12268002662000,162885.0,48.0
7351,73510.0,1790707318909,12268021384100,162898.0,35.0
7352,73520.0,1790707318912,12268024287500,162943.0,46.0
7353,73530.0,1790707318920,12268032361600,162876.0,50.0
7354,73540.0,1790707318999,12268110501400,162875.0,35.0
7355,73550.0,1790707319051,12268162550600,162919.0,34.0
7356,73560.0,1790707319052,12268163776700,162977.0,33.0
7357,73570.0,1790707319053,12268164935000,162955.0,36.0
7358,73580.0,1790707319054,12268166006600,162985.0,43.0
7359,73590.0,1790707319055,12268167086300,162984.0,41.0
7360,73600.0,1790707319056,12268168163600,163029.0,42.0
7361,73610.0,1790707319057,12268169362000,163005.0,47.0
7362,73620.0,1790707319059,12268170729300,162996.0,62.0
7363,73630.0,1790707319060,12268171862000,162935.0,50.0
7364,73640.0,1790707319061,12268172890900,162932.0,46.0
7365,73650.0,1790707319062,12268173856200,162942.0,60.0
7366,73660.0,1790707319063,12268174796400,162983.0,33.0
7367,73670.0,1790707319064,12268175696800,162977.0,40.0
7368,73680.0,1790707319070,12268181809700,162996.0,47.0
7369,73690.0,1790707319080,12268191822400,162923.0,51.0
7370,73700.0,1790707319090,12268201815300,162945.0,50.0
7371,73710.0,1790707319100,12268212004700,162872.0,42.0
7372,73720.0,1790707319110,12268222009800,162892.0,38.0
7373,73730.0,1790707319120,12268231697400,162824.0,46.0
7374,73740.0,1790707319130,12268241715900,162848.0,26.0
7375,73750.0,1790707319140,12268251748100,162831.0,35.0
7376,73760.0,1790707319150,12268261827900,162825.0,27.0
7377,73770.0,1790707319160,12268271810400,162788.0,42.0
7378,73780.0,1790707319170,12268281785600,162850.0,41.0
7379,73790.0,1790707319180,12268291851800,162866.0,28.0
7380,73800.0,1790707319190,12268301885200,162912.0,35.0
7381,73810.0,1790707319200,12268312018100,162918.0,32.0
7382,73820.0,1790707319210,12268322071300,162966.0,39.0
7383,73830.0,1790707319220,12268331992800,162937.0,40.0
7384,73840.0,1790707319230,12268342195300,162998.0,45.0
7385,73850.0,1790707319241,12268352562500,162976.0,45.0
7386,73860.0,1790707319250,12268362123900,162953.0,44.0
7387,73870.0,1790707319260,12268372138200,162812.0,43.0
7388,73880.0,1790707319270,12268382122500,162714.0,41.0
7389,73890.0,1790707319280,12268392190400,162540.0,46.0
7390,73900.0,1790707319290,12268402362000,162416.0,43.0
7391,73910.0,1790707319300,12268412272400,162239.0,35.0
7392,73920.0,1790707319310,12268422461600,162197.0,57.0
7393,73930.0,1790707319320,12268432366400,162122.0,46.0
7394,73940.0,1790707319330,12268442379000,162121.0,47.0
7395,73950.0,1790707319341,12268452567300,162074.0,54.0
7396,73960.0,1790707319350,12268462165700,162092.0,44.0
7397,73970.0,1790707319360,12268472359100,162065.0,47.0
7398,73980.0,1790707319370,12268482210600,162101.0,31.0
7399,73990.0,1790707319381,12268492663600,162041.0,44.0
7400,74000.0,1790707319390,12268502445600,162025.0,36.0
7401,74010.0,1790707319400,12268512365300,161963.0,30.0
7402,74020.0,1790707319411,12268522676600,162037.0,49.0
7403,74030.0,1790707319420,12268532421100,162079.0,43.0
7404,74040.0,1790707319430,12268542439300,162194.0,56.0
7405,74050.0,1790707319441,12268552487400,162242.0,44.0
7406,74060.0,1790707319451,12268562554200,162312.0,50.0
7407,74070.0,1790707319461,12268572534000,162237.0,46.0
7408,74080.0,1790707319471,12268582549300,162213.0,41.0
7409,74090.0,1790707319481,12268592661500,162065.0,36.0
7410,74100.0,1790707319491,12268602891700,161976.0,25.0
7411,74110.0,1790707319501,12268612736900,161810.0,34.0
7412,74120.0,1790707319511,12268622948600,161831.0,46.0
7413,74130.0,1790707319521,12268632786200,161824.0,49.0
7414,74140.0,1790707319531,12268642984600,161904.0,41.0
7415,74150.0,1790707319541,12268653208600,161848.0,38.0
7416,74160.0,1790707319551,12268662884600,161929.0,53.0
7417,74170.0,1790707319561,12268672955800,161857.0,39.0
7418,74180.0,1790707319571,12268683041600,161985.0,49.0
7419,74190.0,1790707319581,12268692681700,161984.0,50.0
7420,74200.0,1790707319591,12268702737500,162119.0,29.0
7421,74210.0,1790707319601,12268712715500,162135.0,35.0
7422,74220.0,1790707319611,12268723125400,162275.0,24.0
7423,74230.0,1790707319621,12268732830800,162299.0,48.0
7424,74240.0,1790707319631,12268742892300,162331.0,45.0
7425,74250.0,1790707319641,12268752903100,162236.0,65.0
7426,74260.0,1790707319651,12268762846600,162310.0,37.0
7427,74270.0,1790707319661,12268773054100,162289.0,54.0
7428,74280.0,1790707319671,12268783084400,162407.0,35.0
7429,74290.0,1790707319681,12268793071400,162481.0,46.0
7430,74300.0,1790707319691,12268803301400,162568.0,52.0
7431,74310.0,1790707319701,12268813126400,162438.0,43.0
7432,74320.0,1790707319711,12268823246000,162528.0,29.0
7433,74330.0,1790707319721,12268833197700,162495.0,26.0
7434,74340.0,1790707319731,12268843274600,162476.0,43.0
7435,74350.0,1790707319741,12268853427900,162393.0,53.0
7436,74360.0,1790707319751,12268863311000,162381.0,43.0
7437,74370.0,1790707319761,12268873198400,162287.0,35.0
7438,74380.0,1790707319771,12268883206600,162311.0,37.0
7439,74390.0,1790707319781,12268893106600,162253.0,42.0
7440,74400.0,1790707319792,12268903583200,162298.0,39.0
7441,74410.0,1790707319801,12268913183400,162334.0,40.0
7442,74420.0,1790707319811,12268923244700,162455.0,42.0
7443,74430.0,1790707319821,12268933255500,162438.0,36.0
7444,74440.0,1790707319831,12268943258700,162532.0,38.0
7445,74450.0,1790707319842,12268953941500,162519.0,46.0
7446,74460.0,1790707319852,12268963769100,162635.0,38.0
7447,74470.0,1790707319862,12268973715300,162609.0,41.0
7448,74480.0,1790707319872,12268983756200,162701.0,39.0
7449,74490.0,1790707319882,12268994071500,162660.0,38.0
7450,74500.0,1790707319892,12269003818800,162734.0,41.0
7451,74510.0,1790707319902,12269013970700,162705.0,55.0
7452,74520.0,1790707319912,12269023993400,162788.0,28.0
7453,74530.0,1790707319922,12269033828800,162744.0,26.0
7454,74540.0,1790707319932,12269044138100,162839.0,34.0
7455,74550.0,1790707319942,12269053985900,162839.0,30.0
7456,74560.0,1790707320007,12269118533700,162932.0,46.0
7457,74570.0,1790707320062,12269173940700,162896.0,45.0
7458,74580.0,1790707320065,12269177132300,162861.0,46.0
7459,74590.0,1790707320067,12269178501700,162745.0,43.0
7460,74600.0,1790707320068,12269179718500,162679.0,47.0
7461,74610.0,1790707320069,12269180859400,162547.0,47.0
7462,74620.0,1790707320070,12269182058100,162508.0,49.0
7463,74630.0,1790707320071,12269183243600,162378.0,23.0
7464,74640.0,1790707320072,12269184442700,162385.0,33.0
7465,74650.0,1790707320074,12269185910900,162302.0,36.0
7466,74660.0,1790707320075,12269187304400,162370.0,56.0
7467,74670.0,1790707320077,12269188540400,162344.0,54.0
7468,74680.0,1790707320078,12269189725400,162436.0,51.0
7469,74690.0,1790707320082,12269193939500,162483.0,35.0
7470,74700.0,1790707320092,12269203958500,162524.0,29.0
7471,74710.0,1790707320102,12269213932400,162423.0,56.0
7472,74720.0,1790707320112,12269223995100,162483.0,26.0
7473,74730.0,1790707320122,12269234106600,162389.0,33.0
7474,74740.0,1790707320132,12269244133100,162447.0,27.0
7475,74750.0,1790707320142,12269254285800,162362.0,37.0
7476,74760.0,1790707320152,12269264441600,162408.0,41.0
7477,74770.0,1790707320162,12269274207300,162282.0,36.0
7478,74780.0,1790707320172,12269284197100,162264.0,37.0
7479,74790.0,1790707320182,12269293948500,162200.0,37.0
7480,74800.0,1790707320192,12269304309300,162345.0,39.0
7481,74810.0,1790707320202,12269314319600,162334.0,37.0
7482,74820.0,1790707320212,12269324095300,162424.0,38.0
7483,74830.0,1790707320222,12269334092700,162406.0,35.0
7484,74840.0,1790707320232,12269344135300,162492.0,35.0
7485,74850.0,1790707320242,12269354153000,162415.0,29.0
7486,74860.0,1790707320252,12269364094900,162490.0,41.0
7487,74870.0,1790707320262,12269374185300,162399.0,38.0
7488,74880.0,1790707320272,12269384222600,162437.0,34.0
7489,74890.0,1790707320282,12269394256100,162383.0,43.0
7490,74900.0,1790707320292,12269404257000,162431.0,42.0
7491,74910.0,1790707320302,12269414301600,162374.0,51.0
7492,74920.0,1790707320312,12269424432200,162495.0,37.0
7493,74930.0,1790707320323,12269434475400,162493.0,51.0
7494,74940.0,1790707320332,12269444459500,162596.0,34.0
7495,74950.0,1790707320343,12269454517900,162590.0,38.0
7496,74960.0,1790707320353,12269464561400,162702.0,34.0
7497,74970.0,1790707320363,12269474718700,162678.0,41.0
7498,74980.0,1790707320373,12269484739000,162778.0,41.0
7499,74990.0,1790707320383,12269494627800,162793.0,47.0
7500,75000.0,1790707320393,12269504650500,162921.0,55.0
7501,75010.0,1790707320402,12269514459100,162927.0,55.0
7502,75020.0,1790707320413,12269524603500,162999.0,40.0
7503,75030.0,1790707320422,12269534425800,162961.0,26.0
7504,75040.0,1790707320432,12269544435100,163044.0,39.0
7505,75050.0,1790707320443,12269554499200,162960.0,36.0
7506,75060.0,1790707320453,12269564559600,163010.0,35.0
7507,75070.0,1790707320463,12269574605000,162954.0,38.0
7508,75080.0,1790707320473,12269584673900,163021.0,40.0
7509,75090.0,1790707320483,12269594637900,162964.0,43.0
7510,75100.0,1790707320493,12269604758300,163019.0,21.0
7511,75110.0,1790707320503,12269614741100,162998.0,37.0
7512,75120.0,1790707320513,12269624781800,163109.0,37.0
7513,75130.0,1790707320523,12269634832600,163058.0,34.0
7514,75140.0,1790707320533,12269644850200,163171.0,24.0
7515,75150.0,1790707320543,12269654894200,163149.0,37.0
7516,75160.0,1790707320553,12269665438200,163224.0,29.0
7517,75170.0,1790707320563,12269675030100,163135.0,24.0
7518,75180.0,1790707320573,12269685113200,163193.0,33.0
7519,75190.0,1790707320583,12269695117200,163093.0,46.0
7520,75200.0,1790707320593,12269705154300,163115.0,31.0
7521,75210.0,1790707320603,12269715150300,162954.0,40.0
7522,75220.0,1790707320613,12269725244100,162974.0,33.0
7523,75230.0,1790707320623,12269735129600,162853.0,27.0
7524,75240.0,1790707320648,12269759870200,162901.0,14.0
7525,75250.0,1790707320662,12269774138800,162819.0,14.0
7526,75260.0,1790707320672,12269783925900,162876.0,26.0
7527,75270.0,1790707320684,12269796412200,162815.0,31.0
7528,75280.0,1790707320700,12269811553000,162843.0,28.0
7529,75290.0,1790707320703,12269815115200,162713.0,34.0
7530,75300.0,1790707320705,12269816831000,162717.0,35.0
7531,75310.0,1790707320707,12269818633800,162605.0,36.0
7532,75320.0,1790707320717,12269828883500,162626.0,38.0
7533,75330.0,1790707320733,12269845396200,162491.0,41.0
7534,75340.0,1790707320751,12269862897100,162520.0,39.0
7535,75350.0,1790707320755,12269867216500,162443.0,31.0
7536,75360.0,1790707320757,12269868980000,162507.0,41.0
7537,75370.0,1790707320784,12269895986700,162419.0,24.0
7538,75380.0,1790707320791,12269902645000,162535.0,26.0
7539,75390.0,1790707320796,12269907492100,162514.0,35.0
7540,75400.0,1790707320798,12269909839500,162631.0,46.0
7541,75410.0,1790707320804,12269915783600,162631.0,43.0
7542,75420.0,1790707320814,12269925679900,162729.0,40.0
7543,75430.0,1790707320824,12269935674000,162682.0,48.0
7544,75440.0,1790707320833,12269945341100,162783.0,38.0
7545,75450.0,1790707320846,12269957997400,162705.0,48.0
7546,75460.0,1790707320923,12270034886200,162775.0,33.0
7547,75470.0,1790707320998,12270109741800,162654.0,49.0
7548,75480.0,1790707321000,12270112360600,162766.0,34.0
7549,75490.0,1790707321002,12270113834700,162822.0,49.0
7550,75500.0,1790707321003,12270115291500,163028.0,35.0
7551,75510.0,1790707321005,12270116616800,162938.0,50.0
7552,75520.0,1790707321006,12270118143800,163036.0,41.0
7553,75530.0,1790707321008,12270120252300,162939.0,51.0
7554,75540.0,1790707321010,12270121493600,162955.0,51.0
7555,75550.0,1790707321011,12270122752500,162882.0,32.0
7556,75560.0,1790707321012,12270123929500,162917.0,31.0
7557,75570.0,1790707321013,12270125195800,162814.0,31.0
7558,75580.0,1790707321015,12270126544600,162826.0,45.0
7559,75590.0,1790707321016,12270127994800,162675.0,37.0
7560,75600.0,1790707321017,12270129313000,162721.0,44.0
7561,75610.0,1790707321019,12270130659100,162672.0,41.0
7562,75620.0,1790707321020,12270131963100,162781.0,47.0
7563,75630.0,1790707321024,12270136337500,162730.0,51.0
7564,75640.0,1790707321034,12270146141700,162833.0,44.0
7565,75650.0,1790707321044,12270156103400,162797.0,60.0
7566,75660.0,1790707321054,12270165977600,162875.0,37.0
7567,75670.0,1790707321064,12270175862700,162816.0,25.0
7568,75680.0,1790707321075,12270186512300,162897.0,40.0
7569,75690.0,1790707321084,12270195956300,162854.0,28.0
7570,75700.0,1790707321094,12270206015000,163006.0,40.0
7571,75710.0,1790707321104,12270216088700,162979.0,29.0
7572,75720.0,1790707321114,12270226023400,163158.0,33.0
7573,75730.0,1790707321124,12270236171600,163107.0,31.0
7574,75740.0,1790707321134,12270246089100,163193.0,44.0
7575,75750.0,1790707321144,12270256178000,163113.0,45.0
7576,75760.0,1790707321154,12270266152600,163102.0,47.0
7577,75770.0,1790707321164,12270276348000,162994.0,22.0
7578,75780.0,1790707321174,12270286241500,163066.0,27.0
7579,75790.0,1790707321184,12270296256200,163047.0,29.0
7580,75800.0,1790707321195,12270306530300,163189.0,28.0
7581,75810.0,1790707321204,12270316384200,163207.0,35.0
7582,75820.0,1790707321214,12270326349600,163347.0,39.0
7583,75830.0,1790707321224,12270336421500,163330.0,41.0
7584,75840.0,1790707321235,12270346786300,163449.0,48.0
7585,75850.0,1790707321244,12270356360000,163389.0,32.0
7586,75860.0,1790707321255,12270366532700,163446.0,40.0
7587,75870.0,1790707321265,12270376669900,163396.0,27.0
7588,75880.0,1790707321275,12270386519800,163451.0,47.0
7589,75890.0,1790707321285,12270396523000,163432.0,35.0
7590,75900.0,1790707321307,12270418758100,163516.0,18.0
7591,75910.0,1790707321315,12270426834700,163462.0,45.0
7592,75920.0,1790707321326,12270438451100,163546.0,44.0
7593,75930.0,1790707321343,12270454726100,163528.0,46.0
7594,75940.0,1790707321344,12270455997100,163652.0,58.0
7595,75950.0,1790707321345,12270457317800,163631.0,51.0
7596,75960.0,1790707321355,12270466966300,163708.0,57.0
7597,75970.0,1790707321365,12270476877000,163523.0,46.0
7598,75980.0,1790707321375,12270486702500,163579.0,31.0
7599,75990.0,1790707321385,12270496763300,163492.0,31.0
7600,76000.0,1790707321396,12270507699300,163530.0,31.0
7601,76010.0,1790707321406,12270517823300,163464.0,33.0
7602,76020.0,1790707321416,12270528151800,163525.0,13.0
7603,76030.0,1790707321426,12270538183200,163433.0,53.0
7604,76040.0,1790707321436,12270548362500,163464.0,56.0
7605,76050.0,1790707321446,12270558242100,163420.0,54.0
7606,76060.0,1790707321457,12270568783000,163479.0,43.0
7607,76070.0,1790707321467,12270578557300,163452.0,47.0
7608,76080.0,1790707321477,12270588674900,163523.0,45.0
7609,76090.0,1790707321486,12270598418000,163415.0,37.0
7610,76100.0,1790707321496,12270608262900,163403.0,33.0
7611,76110.0,1790707321506,12270618414500,163249.0,53.0
7612,76120.0,1790707321517,12270628672000,163205.0,34.0
7613,76130.0,1790707321527,12270638560200,163061.0,56.0
7614,76140.0,1790707321537,12270648612400,163034.0,33.0
7615,76150.0,1790707321547,12270658685000,162942.0,39.0
7616,76160.0,1790707321557,12270668871600,162968.0,54.0
7617,76170.0,1790707321567,12270678578700,162919.0,58.0
7618,76180.0,1790707321577,12270688632000,163055.0,33.0
7619,76190.0,1790707321587,12270698813200,163073.0,44.0
7620,76200.0,1790707321596,12270707732200,163156.0,41.0
7621,76210.0,1790707321606,12270718102700,163103.0,39.0
7622,76220.0,1790707321616,12270727513600,163080.0,33.0
7623,76230.0,1790707321625,12270737253700,163015.0,42.0
7624,76240.0,1790707321635,12270747344300,162989.0,43.0
7625,76250.0,1790707321645,12270757293200,162858.0,53.0
7626,76260.0,1790707321655,12270767411400,162810.0,51.0
7627,76270.0,1790707321665,12270777461100,162722.0,52.0
7628,76280.0,1790707321675,12270787407100,162710.0,38.0
7629,76290.0,1790707321685,12270797189400,162659.0,34.0
7630,76300.0,1790707321695,12270807245700,162738.0,33.0
7631,76310.0,1790707321705,12270817263100,162715.0,31.0
7632,76320.0,1790707321715,12270827366300,162777.0,32.0
7633,76330.0,1790707321726,12270837534400,162758.0,32.0
7634,76340.0,1790707321801,12270912785300,162763.0,38.0
7635,76350.0,1790707321868,12270980115900,162729.0,54.0
7636,76360.0,1790707321872,12270983625600,162770.0,39.0
7637,76370.0,1790707321874,12270985902700,162697.0,45.0
7638,76380.0,1790707321875,12270987465000,162768.0,48.0
7639,76390.0,1790707321877,12270988821900,162747.0,45.0
7640,76400.0,1790707321878,12270990110600,162827.0,49.0
7641,76410.0,1790707321879,12270991353200,162855.0,41.0
7642,76420.0,1790707321881,12270992581000,162973.0,46.0
7643,76430.0,1790707321882,12270993886600,162987.0,45.0
7644,76440.0,1790707321883,12270995125500,163079.0,49.0
7645,76450.0,1790707321884,12270996438700,163026.0,40.0
7646,76460.0,1790707321886,12270997859000,163136.0,43.0
7647,76470.0,1790707321887,12270999429000,163119.0,32.0
7648,76480.0,1790707321889,12271001171500,163200.0,49.0
7649,76490.0,1790707321891,12271002509300,163196.0,40.0
7650,76500.0,1790707321896,12271007660600,163248.0,44.0
7651,76510.0,1790707321906,12271018012800,163161.0,46.0
7652,76520.0,1790707321916,12271027691400,163137.0,42.0
7653,76530.0,1790707321926,12271038019400,163099.0,30.0
7654,76540.0,1790707321936,12271047855400,163194.0,37.0
7655,76550.0,1790707321946,12271057803400,163219.0,46.0
7656,76560.0,1790707321956,12271067937000,163288.0,40.0
7657,76570.0,1790707321966,12271077901800,163308.0,50.0
7658,76580.0,1790707321976,12271087977100,163424.0,45.0
7659,76590.0,1790707321986,12271097944300,163437.0,30.0
7660,76600.0,1790707321996,12271108021100,163456.0,42.0
7661,76610.0,1790707322006,12271118035100,163436.0,36.0
7662,76620.0,1790707322016,12271128124600,163477.0,38.0
7663,76630.0,1790707322026,12271138082000,163340.0,54.0
7664,76640.0,1790707322036,12271148067100,163287.0,35.0
7665,76650.0,1790707322046,12271158236700,163136.0,54.0
7666,76660.0,1790707322056,12271168324500,163029.0,47.0
7667,76670.0,1790707322066,12271178327000,162887.0,45.0
7668,76680.0,1790707322076,12271188306700,162867.0,59.0
7669,76690.0,1790707322087,12271198638400,162848.0,50.0
7670,76700.0,1790707322096,12271208018600,163010.0,46.0
7671,76710.0,1790707322107,12271218665600,163071.0,60.0
7672,76720.0,1790707322118,12271230114800,163141.0,50.0
7673,76730.0,1790707322188,12271299697300,163065.0,47.0
7674,76740.0,1790707322248,12271359472300,163072.0,59.0
7675,76750.0,1790707322252,12271364436200,162981.0,50.0
7676,76760.0,1790707322254,12271365986900,162961.0,34.0
7677,76770.0,1790707322256,12271367565400,162890.0,61.0
7678,76780.0,1790707322257,12271369073700,162878.0,40.0
7679,76790.0,1790707322258,12271370382000,162800.0,53.0
7680,76800.0,1790707322260,12271371622600,162812.0,41.0
7681,76810.0,1790707322261,12271372854900,162778.0,45.0
7682,76820.0,1790707322262,12271374069200,162817.0,39.0
7683,76830.0,1790707322263,12271375322800,162758.0,35.0
7684,76840.0,1790707322265,12271376607200,162753.0,47.0
7685,76850.0,1790707322266,12271377833000,162710.0,48.0
7686,76860.0,1790707322267,12271379041900,162704.0,45.0
7687,76870.0,1790707322269,12271380966200,162643.0,48.0
7688,76880.0,1790707322277,12271388763700,162646.0,53.0
7689,76890.0,1790707322287,12271399103200,162568.0,37.0
7690,76900.0,1790707322296,12271408425300,162533.0,48.0
7691,76910.0,1790707322306,12271418436800,162448.0,40.0
7692,76920.0,1790707322316,12271428449400,162446.0,43.0
7693,76930.0,1790707322327,12271438500200,162465.0,32.0
7694,76940.0,1790707322337,12271448577100,162536.0,42.0
7695,76950.0,1790707322347,12271458592100,162521.0,36.0
7696,76960.0,1790707322357,12271468624500,162563.0,46.0
7697,76970.0,1790707322367,12271478610400,162546.0,37.0
7698,76980.0,1790707322377,12271488744800,162579.0,46.0
7699,76990.0,1790707322387,12271498748700,162549.0,43.0
7700,77000.0,1790707322397,12271508792000,162569.0,62.0
7701,77010.0,1790707322407,12271518833500,162580.0,46.0
7702,77020.0,1790707322417,12271528900300,162686.0,30.0
7703,77030.0,1790707322427,12271538959200,162717.0,59.0
7704,77040.0,1790707322437,12271548992000,162774.0,27.0
7705,77050.0,1790707322447,12271558987400,162767.0,45.0
7706,77060.0,1790707322457,12271569449400,162786.0,50.0
7707,77070.0,1790707322467,12271579344800,162754.0,43.0
7708,77080.0,1790707322477,12271589116000,162793.0,49.0
7709,77090.0,1790707322488,12271599509100,162787.0,44.0
7710,77100.0,1790707322498,12271609528100,162837.0,51.0
7711,77110.0,1790707322508,12271620162800,162857.0,50.0
7712,77120.0,1790707322517,12271628954900,162916.0,53.0
7713,77130.0,1790707322527,12271639009600,162949.0,44.0
7714,77140.0,1790707322537,12271649098400,163029.0,44.0
7715,77150.0,1790707322547,12271659123500,163039.0,34.0
7716,77160.0,1790707322557,12271669125000,163108.0,56.0
7717,77170.0,1790707322568,12271679556000,163129.0,53.0
7718,77180.0,1790707322577,12271689361000,163190.0,61.0
7719,77190.0,1790707322589,12271700834700,163245.0,43.0
7720,77200.0,1790707322599,12271711176900,163288.0,58.0
7721,77210.0,1790707322609,12271721050400,163300.0,55.0
7722,77220.0,1790707322619,12271731097500,163333.0,43.0
7723,77230.0,1790707322629,12271741410500,163349.0,48.0
7724,77240.0,1790707322639,12271751426400,163394.0,59.0
7725,77250.0,1790707322648,12271760008200,163413.0,50.0
7726,77260.0,1790707322658,12271769753400,163468.0,53.0
7727,77270.0,1790707322668,12271779875200,163513.0,55.0
7728,77280.0,1790707322678,12271790280100,163535.0,64.0
7729,77290.0,1790707322688,12271800402100,163522.0,65.0
7730,77300.0,1790707322698,12271809723300,163546.0,60.0
7731,77310.0,1790707322708,12271819776500,163514.0,47.0
7732,77320.0,1790707322720,12271831992400,163476.0,53.0
7733,77330.0,1790707322799,12271911379400,163417.0,50.0
7734,77340.0,1790707322859,12271971310800,163381.0,48.0
7735,77350.0,1790707322864,12271975734500,163387.0,49.0
7736,77360.0,1790707322865,12271977193300,163354.0,59.0
7737,77370.0,1790707322867,12271978476800,163349.0,53.0
7738,77380.0,1790707322868,12271979666800,163363.0,51.0
7739,77390.0,1790707322869,12271980882400,163378.0,48.0
7740,77400.0,1790707322870,12271982249900,163411.0,45.0
7741,77410.0,1790707322872,12271983886500,163432.0,62.0
7742,77420.0,1790707322874,12271985670300,163432.0,51.0
7743,77430.0,1790707322875,12271987063300,163424.0,55.0
7744,77440.0,1790707322876,12271988367100,163418.0,55.0
7745,77450.0,1790707322878,12271989661600,163439.0,36.0
7746,77460.0,1790707322879,12271990910300,163444.0,55.0
7747,77470.0,1790707322880,12271992252700,163405.0,48.0
7748,77480.0,1790707322882,12271993592300,163402.0,40.0
7749,77490.0,1790707322888,12272000315000,163335.0,60.0
7750,77500.0,1790707322898,12272010014100,163326.0,44.0
7751,77510.0,1790707322908,12272020044800,163285.0,39.0
7752,77520.0,1790707322918,12272030055500,163254.0,66.0
7753,77530.0,1790707322928,12272039780200,163238.0,46.0
7754,77540.0,1790707322938,12272049911900,163188.0,42.0
7755,77550.0,1790707322948,12272059812600,163199.0,64.0
7756,77560.0,1790707322958,12272069914500,163197.0,44.0
7757,77570.0,1790707322968,12272079985700,163216.0,49.0
7758,77580.0,1790707322978,12272089972700,163177.0,40.0
7759,77590.0,1790707322988,12272100018800,163126.0,44.0
7760,77600.0,1790707322998,12272110073500,163015.0,43.0
7761,77610.0,1790707323008,12272120149600,162894.0,48.0
7762,77620.0,1790707323018,12272130142900,162776.0,61.0
7763,77630.0,1790707323028,12272140193900,162723.0,44.0
7764,77640.0,1790707323038,12272150187200,162681.0,48.0
7765,77650.0,1790707323049,12272160560000,162699.0,36.0
7766,77660.0,1790707323058,12272170271500,162736.0,44.0
7767,77670.0,1790707323069,12272180585000,162861.0,38.0
7768,77680.0,1790707323078,12272190341200,162976.0,37.0
7769,77690.0,1790707323089,12272200657600,163061.0,61.0
7770,77700.0,1790707323099,12272210486700,163139.0,50.0
7771,77710.0,1790707323109,12272220674200,163253.0,46.0
7772,77720.0,1790707323119,12272230634200,163289.0,42.0
7773,77730.0,1790707323129,12272240633700,163361.0,56.0
7774,77740.0,1790707323138,12272250391000,163355.0,55.0
7775,77750.0,1790707323148,12272260356300,163399.0,40.0
7776,77760.0,1790707323158,12272270465800,163387.0,43.0
7777,77770.0,1790707323168,12272280406900,163408.0,54.0
7778,77780.0,1790707323178,12272290443500,163387.0,42.0
7779,77790.0,1790707323188,12272300402100,163363.0,41.0
7780,77800.0,1790707323199,12272310577300,163305.0,45.0
7781,77810.0,1790707323209,12272320576900,163316.0,50.0
7782,77820.0,1790707323219,12272330857200,163317.0,41.0
7783,77830.0,1790707323229,12272340634300,163345.0,38.0
7784,77840.0,1790707323239,12272350650500,163329.0,50.0
7785,77850.0,1790707323250,12272362132300,163405.0,36.0
7786,77860.0,1790707323260,12272372328700,163421.0,31.0
7787,77870.0,1790707323271,12272382766900,163517.0,28.0
7788,77880.0,1790707323280,12272392314100,163557.0,30.0
7789,77890.0,1790707323290,12272401566100,163612.0,44.0
7790,77900.0,1790707323299,12272411225200,163634.0,47.0
7791,77910.0,1790707323309,12272421235500,163709.0,52.0
7792,77920.0,1790707323319,12272431065800,163722.0,35.0
7793,77930.0,1790707323329,12272441355400,163752.0,63.0
7794,77940.0,1790707323339,12272451418400,163729.0,52.0
7795,77950.0,1790707323349,12272461350700,163767.0,53.0
7796,77960.0,1790707323359,12272470867600,163792.0,37.0
7797,77970.0,1790707323369,12272481201600,163795.0,21.0
7798,77980.0,1790707323380,12272491648300,163721.0,41.0
7799,77990.0,1790707323389,12272501350700,163691.0,47.0
7800,78000.0,1790707323400,12272511692700,163677.0,46.0
7801,78010.0,1790707323410,12272521687100,163712.0,41.0
7802,78020.0,1790707323419,12272531280100,163759.0,49.0
7803,78030.0,1790707323429,12272541213600,163812.0,34.0
7804,78040.0,1790707323439,12272551263200,163804.0,45.0
7805,78050.0,1790707323449,12272561062600,163835.0,51.0
7806,78060.0,1790707323460,12272571519700,163813.0,43.0
7807,78070.0,1790707323470,12272581562700,163832.0,28.0
7808,78080.0,1790707323480,12272591538400,163780.0,39.0
7809,78090.0,1790707323490,12272601559800,163813.0,29.0
7810,78100.0,1790707323500,12272611724300,163773.0,26.0
7811,78110.0,1790707323510,12272621623700,163812.0,44.0
7812,78120.0,1790707323520,12272632173400,163787.0,36.0
7813,78130.0,1790707323530,12272642086400,163871.0,32.0
7814,78140.0,1790707323540,12272652178700,163898.0,42.0
7815,78150.0,1790707323550,12272662102100,163955.0,45.0
7816,78160.0,1790707323560,12272672164700,163942.0,42.0
7817,78170.0,1790707323571,12272682560500,164019.0,48.0
7818,78180.0,1790707323579,12272691265800,164042.0,49.0
7819,78190.0,1790707323590,12272701684400,164104.0,50.0
7820,78200.0,1790707323600,12272711543300,164066.0,26.0
7821,78210.0,1790707323610,12272721621000,164083.0,33.0
7822,78220.0,1790707323620,12272731517800,163989.0,36.0
7823,78230.0,1790707323630,12272741936300,164005.0,27.0
7824,78240.0,1790707323640,12272751761000,163952.0,30.0
7825,78250.0,1790707323650,12272762066600,163985.0,38.0
7826,78260.0,1790707323660,12272772428700,163920.0,51.0
7827,78270.0,1790707323671,12272783412300,163994.0,45.0
7828,78280.0,1790707323681,12272792930600,163930.0,53.0
7829,78290.0,1790707323691,12272802890100,163964.0,49.0
7830,78300.0,1790707323701,12272812965600,163924.0,48.0
7831,78310.0,1790707323711,12272823153600,163892.0,55.0
7832,78320.0,1790707323737,12272848495500,163769.0,48.0
7833,78330.0,1790707323740,12272852298400,163714.0,38.0
7834,78340.0,1790707323742,12272853958100,163543.0,37.0
7835,78350.0,1790707323813,12272924696800,163412.0,41.0
7836,78360.0,1790707323819,12272930733600,163212.0,43.0
7837,78370.0,1790707323829,12272940899500,163173.0,57.0
7838,78380.0,1790707323884,12272996127800,163071.0,42.0
7839,78390.0,1790707323886,12272997869800,163108.0,42.0
7840,78400.0,1790707323888,12272999528100,163030.0,43.0
7841,78410.0,1790707323890,12273001615400,163071.0,46.0
7842,78420.0,1790707323891,12273002948700,163099.0,43.0
7843,78430.0,1790707323893,12273004498200,163286.0,49.0
7844,78440.0,1790707323894,12273006022100,163276.0,38.0
7845,78450.0,1790707323895,12273007414900,163304.0,41.0
7846,78460.0,1790707323897,12273009128200,163217.0,35.0
7847,78470.0,1790707323899,12273010828400,163220.0,53.0
7848,78480.0,1790707323900,12273012228600,163170.0,38.0
7849,78490.0,1790707323902,12273013964800,163206.0,44.0
7850,78500.0,1790707323905,12273016879700,163046.0,38.0
7851,78510.0,1790707323910,12273022179000,163003.0,44.0
7852,78520.0,1790707323920,12273032429400,162880.0,40.0
7853,78530.0,1790707323930,12273042154100,162866.0,46.0
7854,78540.0,1790707323940,12273052261200,162816.0,39.0
7855,78550.0,1790707323950,12273062296300,162863.0,37.0
7856,78560.0,1790707323960,12273072361300,162760.0,46.0
7857,78570.0,1790707323971,12273082632700,162748.0,35.0
7858,78580.0,1790707323981,12273092503000,162685.0,42.0
7859,78590.0,1790707323990,12273102436700,162766.0,32.0
7860,78600.0,1790707324001,12273112500400,162710.0,44.0
7861,78610.0,1790707324011,12273122536900,162812.0,44.0
7862,78620.0,1790707324021,12273132780500,162823.0,44.0
7863,78630.0,1790707324031,12273142539800,162950.0,51.0
7864,78640.0,1790707324040,12273152268700,163018.0,39.0
7865,78650.0,1790707324050,12273162325200,163187.0,38.0
7866,78660.0,1790707324060,12273172331200,163194.0,29.0
7867,78670.0,1790707324070,12273182443400,163302.0,46.0
7868,78680.0,1790707324080,12273192299400,163279.0,33.0
7869,78690.0,1790707324090,12273202416500,163358.0,42.0
7870,78700.0,1790707324100,12273212469200,163265.0,43.0
7871,78710.0,1790707324113,12273225061600,163318.0,28.0
7872,78720.0,1790707324121,12273232560000,163269.0,28.0
7873,78730.0,1790707324131,12273242636900,163332.0,42.0
7874,78740.0,1790707324141,12273253040000,163310.0,46.0
7875,78750.0,1790707324151,12273263110600,163411.0,61.0
7876,78760.0,1790707324161,12273272648800,163441.0,43.0
7877,78770.0,1790707324171,12273282678900,163553.0,36.0
7878,78780.0,1790707324181,12273293249800,163570.0,34.0
7879,78790.0,1790707324191,12273303037200,163633.0,46.0
7880,78800.0,1790707324201,12273313177900,163553.0,29.0
7881,78810.0,1790707324211,12273322914100,163551.0,27.0
7882,78820.0,1790707324224,12273335508700,163466.0,42.0
7883,78830.0,1790707324233,12273344507100,163467.0,58.0
7884,78840.0,1790707324243,12273354717100,163373.0,44.0
7885,78850.0,1790707324253,12273365248400,163369.0,50.0
7886,78860.0,1790707324263,12273375189800,163284.0,39.0
7887,78870.0,1790707324272,12273384336700,163288.0,43.0
7888,78880.0,1790707324283,12273394715700,163288.0,24.0
7889,78890.0,1790707324293,12273404646900,163386.0,36.0
7890,78900.0,1790707324303,12273415139200,163399.0,41.0
7891,78910.0,1790707324313,12273424803400,163473.0,36.0
7892,78920.0,1790707324323,12273434510600,163397.0,35.0
7893,78930.0,1790707324332,12273443825500,163423.0,42.0
7894,78940.0,1790707324341,12273453379700,163315.0,60.0
7895,78950.0,1790707324352,12273463505200,163317.0,40.0
7896,78960.0,1790707324362,12273473633800,163263.0,30.0
7897,78970.0,1790707324372,12273483557800,163305.0,33.0
7898,78980.0,1790707324382,12273493686600,163206.0,46.0
7899,78990.0,1790707324392,12273503588500,163250.0,27.0
7900,79000.0,1790707324402,12273513735100,163184.0,36.0
7901,79010.0,1790707324412,12273523887900,163229.0,35.0
7902,79020.0,1790707324422,12273534011100,163175.0,52.0
7903,79030.0,1790707324432,12273544465200,163266.0,41.0
7904,79040.0,1790707324443,12273554877300,163274.0,47.0
7905,79050.0,1790707324453,12273564658500,163375.0,39.0
7906,79060.0,1790707324463,12273574921500,163330.0,45.0
7907,79070.0,1790707324473,12273584823500,163379.0,45.0
7908,79080.0,1790707324483,12273594715100,163297.0,47.0
7909,79090.0,1790707324493,12273604576600,163268.0,37.0
7910,79100.0,1790707324503,12273614719200,163110.0,30.0
7911,79110.0,1790707324513,12273624823600,163050.0,48.0
7912,79120.0,1790707324523,12273634605800,162859.0,35.0
7913,79130.0,1790707324533,12273644687400,162807.0,32.0
7914,79140.0,1790707324543,12273654823800,162645.0,34.0
7915,79150.0,1790707324552,12273663917200,162662.0,30.0
7916,79160.0,1790707324562,12273673909600,162611.0,47.0
7917,79170.0,1790707324572,12273683983800,162694.0,38.0
7918,79180.0,1790707324582,12273694096000,162659.0,36.0
7919,79190.0,1790707324592,12273704281300,162750.0,62.0
7920,79200.0,1790707324603,12273714821100,162713.0,38.0
7921,79210.0,1790707324612,12273724346700,162824.0,27.0
7922,79220.0,1790707324622,12273734285600,162790.0,49.0
7923,79230.0,1790707324632,12273743985200,162859.0,31.0
7924,79240.0,1790707324642,12273753888800,162755.0,32.0
7925,79250.0,1790707324653,12273764624800,162802.0,33.0
7926,79260.0,1790707324663,12273774505200,162740.0,38.0
7927,79270.0,1790707324672,12273784003100,162801.0,40.0
7928,79280.0,1790707324683,12273794598400,162732.0,43.0
7929,79290.0,1790707324692,12273804413900,162720.0,28.0
7930,79300.0,1790707324703,12273814819500,162588.0,31.0
7931,79310.0,1790707324713,12273824581900,162651.0,46.0
7932,79320.0,1790707324729,12273840504800,162582.0,42.0
7933,79330.0,1790707324732,12273844342200,162695.0,24.0
7934,79340.0,1790707324814,12273926034500,162639.0,21.0
7935,79350.0,1790707324871,12273982661100,162723.0,22.0
7936,79360.0,1790707324872,12273984249500,162707.0,39.0
7937,79370.0,1790707324873,12273985450900,162852.0,25.0
7938,79380.0,1790707324875,12273986695900,162882.0,47.0
7939,79390.0,1790707324876,12273987985400,162987.0,35.0
7940,79400.0,1790707324877,12273989202200,162934.0,33.0
7941,79410.0,1790707324878,12273990351800,163015.0,27.0
7942,79420.0,1790707324880,12273991661600,162964.0,42.0
7943,79430.0,1790707324881,12273992935600,163062.0,32.0
7944,79440.0,1790707324882,12273994226400,162992.0,36.0
7945,79450.0,1790707324883,12273995450500,163025.0,22.0
7946,79460.0,1790707324885,12273996904500,162931.0,32.0
7947,79470.0,1790707324886,12273998273300,162986.0,22.0
7948,79480.0,1790707324888,12273999821200,162926.0,40.0
7949,79490.0,1790707324892,12274004353200,162986.0,26.0
7950,79500.0,1790707324903,12274014518900,162944.0,36.0
7951,79510.0,1790707324913,12274024534400,162996.0,27.0
7952,79520.0,1790707324923,12274034618400,162879.0,45.0
7953,79530.0,1790707324933,12274044542700,162965.0,43.0
7954,79540.0,1790707324943,12274054656300,162896.0,38.0
7955,79550.0,1790707324952,12274064462300,162973.0,31.0
7956,79560.0,1790707324962,12274074325000,162912.0,33.0
7957,79570.0,1790707324972,12274084425700,163012.0,22.0
7958,79580.0,1790707324982,12274094380700,162974.0,33.0
7959,79590.0,1790707324993,12274104760600,163076.0,24.0
7960,79600.0,1790707325002,12274114410700,163036.0,32.0
7961,79610.0,1790707325012,12274124467100,163156.0,28.0
7962,79620.0,1790707325023,12274134681900,163132.0,41.0
7963,79630.0,1790707325033,12274144683300,163255.0,48.0
7964,79640.0,1790707325043,12274154705300,163259.0,31.0
7965,79650.0,1790707325053,12274164589900,163348.0,33.0
7966,79660.0,1790707325063,12274174661000,163337.0,36.0
7967,79670.0,1790707325073,12274184874300,163457.0,36.0
7968,79680.0,1790707325083,12274194739900,163428.0,31.0
7969,79690.0,1790707325093,12274205090700,163546.0,38.0
7970,79700.0,1790707325103,12274215353600,163476.0,32.0
7971,79710.0,1790707325113,12274225330100,163533.0,32.0
7972,79720.0,1790707325123,12274234958600,163423.0,42.0
7973,79730.0,1790707325134,12274245870600,163434.0,46.0
7974,79740.0,1790707325143,12274255427300,163326.0,47.0
7975,79750.0,1790707325153,12274265420100,163329.0,43.0
7976,79760.0,1790707325164,12274275755600,163166.0,54.0
7977,79770.0,1790707325173,12274285415000,163103.0,57.0
7978,79780.0,1790707325184,12274295857300,162956.0,45.0
7979,79790.0,1790707325193,12274305324700,162983.0,39.0
7980,79800.0,1790707325203,12274315250000,162868.0,34.0
7981,79810.0,1790707325214,12274325907700,162843.0,34.0
7982,79820.0,1790707325223,12274335361300,162740.0,33.0
7983,79830.0,1790707325233,12274345310200,162813.0,28.0
7984,79840.0,1790707325243,12274355249700,162778.0,27.0
7985,79850.0,1790707325253,12274365194700,162846.0,36.0
7986,79860.0,1790707325264,12274375710700,162772.0,35.0
7987,79870.0,1790707325274,12274385784200,162904.0,35.0
7988,79880.0,1790707325284,12274395733000,162867.0,35.0
7989,79890.0,1790707325293,12274405165900,162929.0,29.0
7990,79900.0,1790707325306,12274418041100,162848.0,26.0
7991,79910.0,1790707325314,12274425573900,162947.0,26.0
7992,79920.0,1790707325323,12274435249200,162951.0,15.0
7993,79930.0,1790707325333,12274445363100,163108.0,18.0
7994,79940.0,1790707325343,12274455391600,163147.0,40.0
7995,79950.0,1790707325354,12274465486300,163152.0,41.0
7996,79960.0,1790707325363,12274475390100,163095.0,30.0
7997,79970.0,1790707325375,12274486478900,163156.0,30.0
7998,79980.0,1790707325384,12274496267400,163095.0,35.0
7999,79990.0,1790707325394,12274505866600,163083.0,47.0
8000,80000.0,1790707325404,12274515753600,163022.0,39.0
8001,80010.0,1790707325414,12274525698500,163063.0,43.0
8002,80020.0,1790707325424,12274535947300,162996.0,44.0
8003,80030.0,1790707325434,12274545784000,163052.0,42.0
8004,80040.0,1790707325444,12274555488900,163043.0,26.0
8005,80050.0,1790707325455,12274566991200,163136.0,34.0
8006,80060.0,1790707325465,12274577092000,163116.0,39.0
8007,80070.0,1790707325474,12274586467900,163225.0,36.0
8008,80080.0,1790707325484,12274596324800,163186.0,40.0
8009,80090.0,1790707325494,12274605856700,163265.0,40.0
8010,80100.0,1790707325505,12274617323600,163216.0,42.0
8011,80110.0,1790707325515,12274626532100,163301.0,38.0
8012,80120.0,1790707325524,12274636168900,163223.0,57.0
8013,80130.0,1790707325535,12274646757300,163286.0,50.0
8014,80140.0,1790707325544,12274655882600,163234.0,40.0
8015,80150.0,1790707325554,12274665939900,163340.0,53.0
8016,80160.0,1790707325565,12274676492600,163349.0,60.0
8017,80170.0,1790707325574,12274686292700,163490.0,28.0
8018,80180.0,1790707325584,12274696248600,163555.0,37.0
8019,80190.0,1790707325595,12274706629200,163728.0,41.0
8020,80200.0,1790707325605,12274716572700,163754.0,45.0
8021,80210.0,1790707325615,12274726724100,163853.0,40.0
8022,80220.0,1790707325625,12274736802600,163682.0,41.0
8023,80230.0,1790707325635,12274747269100,163690.0,41.0
8024,80240.0,1790707325645,12274757008800,163551.0,54.0
8025,80250.0,1790707325655,12274766978300,163534.0,36.0
8026,80260.0,1790707325665,12274776822200,163415.0,45.0
8027,80270.0,1790707325675,12274786635000,163463.0,29.0
8028,80280.0,1790707325685,12274796977800,163441.0,37.0
8029,80290.0,1790707325695,12274806770300,163538.0,35.0
8030,80300.0,1790707325705,12274816747300,163551.0,39.0
8031,80310.0,1790707325715,12274826867400,163654.0,39.0
8032,80320.0,1790707325728,12274840013000,163676.0,51.0
8033,80330.0,1790707325801,12274912899300,163780.0,44.0
8034,80340.0,1790707325861,12274972899600,163736.0,43.0
8035,80350.0,1790707325864,12274976292800,163793.0,54.0
8036,80360.0,1790707325866,12274977723500,163751.0,33.0
8037,80370.0,1790707325867,12274978971100,163786.0,26.0
8038,80380.0,1790707325869,12274980612600,163725.0,49.0
8039,80390.0,1790707325871,12274983253200,163802.0,43.0
8040,80400.0,1790707325873,12274984568100,163774.0,36.0
8041,80410.0,1790707325875,12274986570900,163885.0,43.0
8042,80420.0,1790707325878,12274989541400,163861.0,42.0
8043,80430.0,1790707325879,12274990827300,163925.0,38.0
8044,80440.0,1790707325880,12274992057900,163877.0,48.0
8045,80450.0,1790707325881,12274993337900,163866.0,33.0
8046,80460.0,1790707325883,12274994644700,163821.0,50.0
8047,80470.0,1790707325884,12274995945500,163864.0,41.0
8048,80480.0,1790707325885,12274997294500,163815.0,36.0
8049,80490.0,1790707325894,12275006439600,163866.0,26.0
8050,80500.0,1790707325905,12275016525300,163880.0,34.0
8051,80510.0,1790707325915,12275026484000,163999.0,44.0
8052,80520.0,1790707325925,12275036510800,164049.0,39.0
8053,80530.0,1790707325935,12275046745600,164094.0,40.0
8054,80540.0,1790707325945,12275056630000,164055.0,44.0
8055,80550.0,1790707325955,12275066664000,164063.0,30.0
8056,80560.0,1790707325965,12275076788800,163990.0,47.0
8057,80570.0,1790707325975,12275086753400,163964.0,55.0
8058,80580.0,1790707325985,12275096878100,163773.0,43.0
8059,80590.0,1790707325995,12275106785100,163684.0,44.0
8060,80600.0,1790707326005,12275116847400,163590.0,41.0
8061,80610.0,1790707326015,12275126854500,163620.0,38.0
8062,80620.0,1790707326025,12275137081900,163606.0,36.0
8063,80630.0,1790707326035,12275146902700,163572.0,28.0
8064,80640.0,1790707326045,12275156996400,163505.0,55.0
8065,80650.0,1790707326055,12275167090200,163567.0,52.0
8066,80660.0,1790707326065,12275177016300,163573.0,45.0
8067,80670.0,1790707326075,12275187220300,163632.0,48.0
8068,80680.0,1790707326085,12275197004400,163625.0,47.0
8069,80690.0,1790707326095,12275206860500,163765.0,39.0
8070,80700.0,1790707326105,12275216790200,163818.0,28.0
8071,80710.0,1790707326115,12275226863500,163907.0,28.0
8072,80720.0,1790707326125,12275236897000,163870.0,50.0
8073,80730.0,1790707326138,12275249728500,163875.0,34.0
8074,80740.0,1790707326145,12275257002500,163783.0,40.0
8075,80750.0,1790707326155,12275267032400,163716.0,53.0
8076,80760.0,1790707326165,12275277063700,163532.0,54.0
8077,80770.0,1790707326175,12275287073700,163384.0,48.0
8078,80780.0,1790707326185,12275297103600,163151.0,48.0
8079,80790.0,1790707326195,12275307196100,163097.0,57.0
8080,80800.0,1790707326205,12275317232100,163085.0,57.0
8081,80810.0,1790707326215,12275327260200,163215.0,43.0
8082,80820.0,1790707326225,12275337314600,163229.0,41.0
8083,80830.0,1790707326235,12275347316600,163309.0,51.0
8084,80840.0,1790707326245,12275357332900,163329.0,50.0
8085,80850.0,1790707326256,12275367477700,163420.0,38.0
8086,80860.0,1790707326266,12275377715000,163411.0,60.0
8087,80870.0,1790707326276,12275387623800,163432.0,41.0
8088,80880.0,1790707326287,12275399448500,163369.0,52.0
8089,80890.0,1790707326296,12275408444800,163357.0,58.0
8090,80900.0,1790707326306,12275418444100,163247.0,56.0
8091,80910.0,1790707326317,12275428669500,163154.0,30.0
8092,80920.0,1790707326327,12275438492000,163025.0,32.0
8093,80930.0,1790707326337,12275448613200,163007.0,49.0
8094,80940.0,1790707326347,12275458577800,162999.0,33.0
8095,80950.0,1790707326356,12275468182900,163011.0,44.0
8096,80960.0,1790707326366,12275477936300,163010.0,60.0
8097,80970.0,1790707326376,12275487716400,163025.0,58.0
8098,80980.0,1790707326386,12275498128900,162983.0,44.0
8099,80990.0,1790707326396,12275508158800,162992.0,42.0
8100,81000.0,1790707326406,12275518075200,162923.0,42.0
8101,81010.0,1790707326418,12275529736200,162934.0,45.0
8102,81020.0,1790707326428,12275539642800,163016.0,33.0
8103,81030.0,1790707326437,12275549411400,163173.0,43.0
8104,81040.0,1790707326448,12275559636200,163173.0,37.0
8105,81050.0,1790707326458,12275569681400,163332.0,51.0
8106,81060.0,1790707326468,12275580229800,163402.0,32.0
8107,81070.0,1790707326477,12275589392700,163461.0,41.0
8108,81080.0,1790707326487,12275599002100,163465.0,50.0
8109,81090.0,1790707326496,12275608446500,163471.0,42.0
8110,81100.0,1790707326506,12275618243800,163445.0,47.0
8111,81110.0,1790707326516,12275628111800,163466.0,34.0
8112,81120.0,1790707326527,12275638525800,163491.0,46.0
8113,81130.0,1790707326536,12275648004400,163604.0,40.0
8114,81140.0,1790707326546,12275658287300,163660.0,57.0
8115,81150.0,1790707326556,12275668126200,163724.0,38.0
8116,81160.0,1790707326566,12275678406700,163708.0,51.0
8117,81170.0,1790707326577,12275688664400,163689.0,41.0
8118,81180.0,1790707326587,12275698742300,163612.0,51.0
8119,81190.0,1790707326596,12275708437900,163575.0,49.0
8120,81200.0,1790707326607,12275719211800,163492.0,56.0
8121,81210.0,1790707326618,12275730313700,163457.0,53.0
8122,81220.0,1790707326628,12275740321800,163471.0,46.0
8123,81230.0,1790707326638,12275750045900,163506.0,28.0
8124,81240.0,1790707326648,12275759552500,163554.0,35.0
8125,81250.0,1790707326658,12275769686000,163662.0,42.0
8126,81260.0,1790707326668,12275780193000,163721.0,47.0
8127,81270.0,1790707326678,12275789717100,163788.0,39.0
8128,81280.0,1790707326688,12275799770800,163787.0,58.0
8129,81290.0,1790707326697,12275809264400,163705.0,62.0
8130,81300.0,1790707326707,12275819260700,163581.0,51.0
8131,81310.0,1790707326718,12275830413800,163467.0,49.0
8132,81320.0,1790707326738,12275849690900,163347.0,50.0
8133,81330.0,1790707326740,12275851768700,163302.0,60.0
8134,81340.0,1790707326812,12275924127200,163291.0,45.0
8135,81350.0,1790707326878,12275989824400,163326.0,53.0
8136,81360.0,1790707326879,12275991220500,163394.0,33.0
8137,81370.0,1790707326881,12275992564400,163474.0,60.0
8138,81380.0,1790707326882,12275993894100,163556.0,66.0
8139,81390.0,1790707326883,12275995094500,163665.0,63.0
8140,81400.0,1790707326885,12275996672900,163804.0,58.0
8141,81410.0,1790707326887,12275999432000,163866.0,55.0
8142,81420.0,1790707326889,12276000840900,163845.0,61.0
8143,81430.0,1790707326890,12276002086400,163789.0,50.0
8144,81440.0,1790707326891,12276003218900,163656.0,39.0
8145,81450.0,1790707326892,12276004267700,163517.0,44.0
8146,81460.0,1790707326893,12276005349700,163429.0,49.0
8147,81470.0,1790707326894,12276006432800,163368.0,58.0
8148,81480.0,1790707326896,12276007566600,163292.0,60.0
8149,81490.0,1790707326897,12276008769200,163241.0,47.0
8150,81500.0,1790707326907,12276018843800,163320.0,41.0
8151,81510.0,1790707326917,12276028940600,163463.0,63.0
8152,81520.0,1790707326927,12276039295200,163573.0,51.0
8153,81530.0,1790707326937,12276048846700,163575.0,49.0
8154,81540.0,1790707326947,12276058685700,163564.0,44.0
8155,81550.0,1790707326957,12276068747700,163531.0,36.0
8156,81560.0,1790707326967,12276078679100,163445.0,41.0
8157,81570.0,1790707326977,12276088883200,163379.0,52.0
8158,81580.0,1790707326987,12276098866200,163396.0,49.0
8159,81590.0,1790707326997,12276108882500,163432.0,46.0
8160,81600.0,1790707327007,12276119002500,163461.0,48.0
8161,81610.0,1790707327017,12276129358900,163412.0,62.0
8162,81620.0,1790707327027,12276138979500,163407.0,59.0
8163,81630.0,1790707327037,12276148969800,163408.0,40.0
8164,81640.0,1790707327047,12276159085800,163393.0,36.0
8165,81650.0,1790707327057,12276169107800,163315.0,41.0
8166,81660.0,1790707327067,12276179188000,163335.0,37.0
8167,81670.0,1790707327077,12276189326800,163378.0,39.0
8168,81680.0,1790707327087,12276199224000,163427.0,31.0
8169,81690.0,1790707327097,12276209273900,163438.0,47.0
8170,81700.0,1790707327107,12276219289300,163523.0,55.0
8171,81710.0,1790707327118,12276229495500,163582.0,43.0
8172,81720.0,1790707327128,12276239694600,163693.0,55.0
8173,81730.0,1790707327138,12276250193700,163767.0,46.0
8174,81740.0,1790707327148,12276259623800,163851.0,44.0
8175,81750.0,1790707327157,12276269365200,163834.0,26.0
8176,81760.0,1790707327167,12276279336100,163778.0,42.0
8177,81770.0,1790707327177,12276289439500,163693.0,37.0
8178,81780.0,1790707327189,12276300718800,163657.0,39.0
8179,81790.0,1790707327199,12276310637100,163621.0,21.0
8180,81800.0,1790707327208,12276320458300,163651.0,26.0
8181,81810.0,1790707327218,12276330246000,163741.0,45.0
8182,81820.0,1790707327228,12276339796700,163791.0,47.0
8183,81830.0,1790707327238,12276350052600,163759.0,57.0
8184,81840.0,1790707327248,12276359979000,163728.0,50.0
8185,81850.0,1790707327259,12276371108700,163641.0,35.0
8186,81860.0,1790707327269,12276381349200,163618.0,46.0
8187,81870.0,1790707327279,12276391416400,163621.0,31.0
8188,81880.0,1790707327289,12276401467900,163722.0,44.0
8189,81890.0,1790707327300,12276411742500,163817.0,33.0
8190,81900.0,1790707327310,12276421503800,163947.0,47.0
8191,81910.0,1790707327319,12276431330000,163988.0,35.0
8192,81920.0,1790707327330,12276441640100,164037.0,51.0
8193,81930.0,1790707327339,12276451317400,164031.0,46.0
8194,81940.0,1790707327349,12276461377700,164084.0,55.0
8195,81950.0,1790707327359,12276471004500,164108.0,43.0
8196,81960.0,1790707327369,12276480567400,164146.0,46.0
8197,81970.0,1790707327379,12276490530000,164177.0,41.0
8198,81980.0,1790707327388,12276500290500,164287.0,19.0
8199,81990.0,1790707327399,12276510636800,164307.0,46.0
8200,82000.0,1790707327408,12276520215900,164329.0,18.0
8201,82010.0,1790707327418,12276530008300,164215.0,49.0
8202,82020.0,1790707327428,12276540357200,164164.0,28.0
8203,82030.0,1790707327438,12276550437500,164026.0,42.0
8204,82040.0,1790707327449,12276560539600,163951.0,41.0
8205,82050.0,1790707327459,12276570865700,163816.0,43.0
8206,82060.0,1790707327469,12276580833200,163786.0,39.0
8207,82070.0,1790707327479,12276591314900,163803.0,39.0
8208,82080.0,1790707327489,12276600975000,163916.0,47.0
8209,82090.0,1790707327499,12276611364600,163978.0,44.0
8210,82100.0,1790707327510,12276621495200,164117.0,47.0
8211,82110.0,1790707327519,12276631169600,164294.0,34.0
8212,82120.0,1790707327529,12276641441600,164348.0,40.0
8213,82130.0,1790707327540,12276651534200,164326.0,37.0
8214,82140.0,1790707327550,12276661675400,164382.0,32.0
8215,82150.0,1790707327559,12276671184300,164292.0,33.0
8216,82160.0,1790707327570,12276681581200,164252.0,40.0
8217,82170.0,1790707327580,12276691725000,164069.0,62.0
8218,82180.0,1790707327590,12276701821600,163918.0,42.0
8219,82190.0,1790707327599,12276711190400,163747.0,56.0
8220,82200.0,1790707327610,12276721671100,163689.0,52.0
8221,82210.0,1790707327619,12276731364400,163637.0,54.0
8222,82220.0,1790707327629,12276741051400,163700.0,59.0
8223,82230.0,1790707327639,12276751095700,163677.0,49.0
8224,82240.0,1790707327649,12276760735500,163725.0,33.0
8225,82250.0,1790707327659,12276770578500,163655.0,32.0
8226,82260.0,1790707327669,12276780491200,163627.0,33.0
8227,82270.0,1790707327679,12276790912500,163582.0,37.0
8228,82280.0,1790707327689,12276800987500,163608.0,36.0
8229,82290.0,1790707327699,12276810966400,163560.0,51.0
8230,82300.0,1790707327709,12276821371600,163620.0,25.0
8231,82310.0,1790707327718,12276830455500,163640.0,44.0
8232,82320.0,1790707327787,12276898741200,163770.0,54.0
8233,82330.0,1790707327854,12276966237500,163865.0,33.0
8234,82340.0,1790707327858,12276969759600,164033.0,35.0
8235,82350.0,1790707327859,12276971241200,164084.0,25.0
8236,82360.0,1790707327861,12276972597300,164218.0,32.0
8237,82370.0,1790707327862,12276973820600,164217.0,34.0
8238,82380.0,1790707327863,12276975001000,164293.0,37.0
8239,82390.0,1790707327864,12276976174900,164173.0,34.0
8240,82400.0,1790707327865,12276977355700,164143.0,29.0
8241,82410.0,1790707327867,12276978771800,164087.0,43.0
8242,82420.0,1790707327869,12276980685900,164119.0,38.0
8243,82430.0,1790707327870,12276982192800,164085.0,35.0
8244,82440.0,1790707327872,12276983599600,164156.0,44.0
8245,82450.0,1790707327873,12276985158100,164107.0,29.0
8246,82460.0,1790707327875,12276986656000,164177.0,45.0
8247,82470.0,1790707327879,12276991335300,164153.0,29.0
8248,82480.0,1790707327889,12277000899300,164202.0,29.0
8249,82490.0,1790707327899,12277010909500,164165.0,46.0
8250,82500.0,1790707327909,12277020983400,164239.0,37.0
8251,82510.0,1790707327919,12277031361600,164220.0,41.0
8252,82520.0,1790707327929,12277041002500,164295.0,39.0
8253,82530.0,1790707327939,12277051066100,164276.0,45.0
8254,82540.0,1790707327949,12277061093700,164333.0,24.0
8255,82550.0,1790707327959,12277071256400,164288.0,47.0
8256,82560.0,1790707327969,12277081202200,164320.0,25.0
8257,82570.0,1790707327979,12277091159600,164254.0,29.0
8258,82580.0,1790707327989,12277101202700,164321.0,40.0
8259,82590.0,1790707327999,12277111274800,164310.0,43.0
8260,82600.0,1790707328009,12277121318400,164407.0,43.0
8261,82610.0,1790707328019,12277131295600,164505.0,44.0
8262,82620.0,1790707328029,12277141329600,164568.0,42.0
8263,82630.0,1790707328040,12277151667100,164703.0,41.0
8264,82640.0,1790707328049,12277161138000,164747.0,54.0
8265,82650.0,1790707328059,12277171231700,164746.0,34.0
8266,82660.0,1790707328069,12277181226700,164819.0,41.0
8267,82670.0,1790707328079,12277191205400,164724.0,23.0
8268,82680.0,1790707328089,12277201321700,164743.0,43.0
8269,82690.0,1790707328101,12277213118600,164583.0,47.0
8270,82700.0,1790707328111,12277223166400,164586.0,37.0
8271,82710.0,1790707328121,12277232837300,164399.0,38.0
8272,82720.0,1790707328131,12277242825700,164344.0,50.0
8273,82730.0,1790707328141,12277253373000,164208.0,59.0
8274,82740.0,1790707328151,12277263442500,164161.0,44.0
8275,82750.0,1790707328161,12277273279700,163952.0,42.0
8276,82760.0,1790707328171,12277282843100,163906.0,37.0
8277,82770.0,1790707328180,12277291894600,163753.0,35.0
8278,82780.0,1790707328190,12277302357100,163734.0,42.0
8279,82790.0,1790707328200,12277312212900,163638.0,35.0
8280,82800.0,1790707328210,12277322032500,163639.0,42.0
8281,82810.0,1790707328220,12277332162800,163588.0,30.0
8282,82820.0,1790707328230,12277341762700,163632.0,47.0
8283,82830.0,1790707328240,12277352047900,163580.0,56.0
8284,82840.0,1790707328250,12277361853800,163704.0,48.0
8285,82850.0,1790707328260,12277371981500,163690.0,34.0
8286,82860.0,1790707328270,12277382330500,163794.0,56.0
8287,82870.0,1790707328281,12277393170200,163696.0,47.0
8288,82880.0,1790707328292,12277403900700,163734.0,45.0
8289,82890.0,1790707328301,12277412804400,163600.0,43.0
8290,82900.0,1790707328310,12277421784800,163632.0,39.0
8291,82910.0,1790707328320,12277432087500,163517.0,34.0
8292,82920.0,1790707328330,12277441870300,163510.0,33.0
8293,82930.0,1790707328340,12277451963100,163415.0,44.0
8294,82940.0,1790707328350,12277462365000,163496.0,41.0
8295,82950.0,1790707328360,12277471924000,163465.0,45.0
8296,82960.0,1790707328372,12277483682200,163557.0,42.0
8297,82970.0,1790707328381,12277492970100,163500.0,53.0
8298,82980.0,1790707328391,12277502704200,163631.0,35.0
8299,82990.0,1790707328400,12277512216100,163612.0,35.0
8300,83000.0,1790707328410,12277522146400,163728.0,34.0
8301,83010.0,1790707328420,12277532383400,163640.0,33.0
8302,83020.0,1790707328430,12277542198300,163692.0,45.0
8303,83030.0,1790707328440,12277552326200,163600.0,36.0
8304,83040.0,1790707328452,12277564365400,163691.0,47.0
8305,83050.0,1790707328462,12277573801300,163658.0,47.0
8306,83060.0,1790707328472,12277583492500,163714.0,59.0
8307,83070.0,1790707328481,12277592698500,163595.0,45.0
8308,83080.0,1790707328490,12277602440600,163612.0,33.0
8309,83090.0,1790707328500,12277612091500,163547.0,50.0
8310,83100.0,1790707328510,12277622255200,163638.0,33.0
8311,83110.0,1790707328520,12277632315500,163600.0,36.0
8312,83120.0,1790707328532,12277643726300,163687.0,29.0
8313,83130.0,1790707328542,12277653956800,163665.0,40.0
8314,83140.0,1790707328552,12277663529500,163765.0,38.0
8315,83150.0,1790707328561,12277672875500,163730.0,55.0
8316,83160.0,1790707328571,12277682765600,163831.0,44.0
8317,83170.0,1790707328581,12277693299200,163770.0,61.0
8318,83180.0,1790707328591,12277703059500,163849.0,46.0
8319,83190.0,1790707328601,12277713009900,163764.0,32.0
8320,83200.0,1790707328611,12277723440000,163799.0,45.0
8321,83210.0,1790707328621,12277733407700,163707.0,24.0
8322,83220.0,1790707328631,12277743455400,163707.0,33.0
8323,83230.0,1790707328641,12277753430000,163589.0,27.0
8324,83240.0,1790707328651,12277763308100,163542.0,41.0
8325,83250.0,1790707328661,12277773457500,163413.0,41.0
8326,83260.0,1790707328671,12277783445100,163465.0,46.0
8327,83270.0,1790707328682,12277793750500,163363.0,35.0
8328,83280.0,1790707328692,12277803485000,163381.0,56.0
8329,83290.0,1790707328702,12277813501700,163284.0,49.0
8330,83300.0,1790707328712,12277823818500,163412.0,34.0
8331,83310.0,1790707328733,12277844842600,163430.0,24.0
8332,83320.0,1790707328735,12277846899900,163531.0,29.0
8333,83330.0,1790707328810,12277921619800,163437.0,29.0
8334,83340.0,1790707328871,12277982574500,163561.0,38.0
8335,83350.0,1790707328873,12277985140900,163595.0,26.0
8336,83360.0,1790707328875,12277986496700,163779.0,39.0
8337,83370.0,1790707328876,12277987736900,163831.0,33.0
8338,83380.0,1790707328877,12277988910300,163927.0,37.0
8339,83390.0,1790707328878,12277990114900,163920.0,32.0
8340,83400.0,1790707328879,12277991283700,164059.0,35.0
8341,83410.0,1790707328881,12277992515600,163990.0,43.0
8342,83420.0,1790707328882,12277993761500,164017.0,22.0
8343,83430.0,1790707328883,12277995335400,163891.0,26.0
8344,83440.0,1790707328885,12277996849400,163862.0,31.0
8345,83450.0,1790707328886,12277998213100,163640.0,15.0
8346,83460.0,1790707328887,12277999462000,163563.0,36.0
8347,83470.0,1790707328889,12278000890700,163347.0,35.0
8348,83480.0,1790707328891,12278003214700,163382.0,42.0
8349,83490.0,1790707328901,12278013360000,163336.0,31.0
8350,83500.0,1790707328911,12278022947000,163428.0,37.0
8351,83510.0,1790707328921,12278033310400,163399.0,38.0
8352,83520.0,1790707328931,12278043050200,163482.0,25.0
8353,83530.0,1790707328941,12278053130800,163355.0,22.0
8354,83540.0,1790707328951,12278063139400,163396.0,24.0
8355,83550.0,1790707328961,12278073134800,163231.0,29.0
8356,83560.0,1790707328971,12278083259100,163225.0,40.0
8357,83570.0,1790707328981,12278093258200,163083.0,43.0
8358,83580.0,1790707328991,12278103296800,163153.0,44.0
8359,83590.0,1790707329001,12278113284200,163116.0,33.0
8360,83600.0,1790707329011,12278123389500,163227.0,42.0
8361,83610.0,1790707329021,12278133390500,163181.0,25.0
8362,83620.0,1790707329032,12278143520300,163317.0,37.0
8363,83630.0,1790707329041,12278153417300,163218.0,40.0
8364,83640.0,1790707329052,12278163519000,163240.0,30.0
8365,83650.0,1790707329062,12278173520800,163181.0,41.0
8366,83660.0,1790707329072,12278183818800,163287.0,46.0
8367,83670.0,1790707329082,12278193643800,163256.0,53.0
8368,83680.0,1790707329092,12278203698300,163352.0,45.0
8369,83690.0,1790707329102,12278213476800,163289.0,52.0
8370,83700.0,1790707329111,12278223459000,163391.0,36.0
8371,83710.0,1790707329123,12278235048400,163368.0,47.0
8372,83720.0,1790707329134,12278245793800,163489.0,38.0
8373,83730.0,1790707329143,12278255211300,163471.0,47.0
8374,83740.0,1790707329154,12278265514500,163589.0,32.0
8375,83750.0,1790707329164,12278275825400,163564.0,29.0
8376,83760.0,1790707329174,12278285547000,163693.0,38.0
8377,83770.0,1790707329183,12278295184600,163650.0,37.0
8378,83780.0,1790707329193,12278305148200,163723.0,51.0
8379,83790.0,1790707329203,12278315069100,163693.0,26.0
8380,83800.0,1790707329213,12278325312200,163793.0,34.0
8381,83810.0,1790707329223,12278335066400,163743.0,37.0
8382,83820.0,1790707329233,12278345227300,163789.0,25.0
8383,83830.0,1790707329243,12278355198500,163779.0,35.0
8384,83840.0,1790707329253,12278365163200,163882.0,34.0
8385,83850.0,1790707329263,12278375161700,163831.0,34.0
8386,83860.0,1790707329273,12278385351000,163911.0,44.0
8387,83870.0,1790707329283,12278395425700,163897.0,42.0
8388,83880.0,1790707329294,12278405545500,163974.0,43.0
8389,83890.0,1790707329303,12278415330400,163920.0,40.0
8390,83900.0,1790707329313,12278425441900,164021.0,38.0
8391,83910.0,1790707329323,12278435134100,164008.0,39.0
8392,83920.0,1790707329333,12278445323300,164132.0,20.0
8393,83930.0,1790707329343,12278455170500,164131.0,45.0
8394,83940.0,1790707329353,12278465216600,164248.0,21.0
8395,83950.0,1790707329363,12278475023700,164172.0,34.0
8396,83960.0,1790707329373,12278485385700,164223.0,26.0
8397,83970.0,1790707329384,12278495497000,164122.0,41.0
8398,83980.0,1790707329393,12278505126400,164166.0,31.0
8399,83990.0,1790707329403,12278514758700,164084.0,35.0
8400,84000.0,1790707329412,12278524411000,164075.0,28.0
8401,84010.0,1790707329423,12278534653400,163954.0,49.0
8402,84020.0,1790707329433,12278544530900,163984.0,49.0
8403,84030.0,1790707329443,12278555116700,163959.0,35.0
8404,84040.0,1790707329453,12278565217200,164127.0,41.0
8405,84050.0,1790707329463,12278575203500,164168.0,30.0
8406,84060.0,1790707329473,12278584733100,164329.0,21.0
8407,84070.0,1790707329483,12278594667900,164308.0,34.0
8408,84080.0,1790707329493,12278604562100,164392.0,39.0
8409,84090.0,1790707329503,12278614526000,164350.0,45.0
8410,84100.0,1790707329513,12278625257900,164437.0,50.0
8411,84110.0,1790707329523,12278634553400,164373.0,42.0
8412,84120.0,1790707329533,12278644723300,164449.0,38.0
8413,84130.0,1790707329543,12278654761100,164435.0,32.0
8414,84140.0,1790707329553,12278664898100,164474.0,42.0
8415,84150.0,1790707329563,12278674955500,164398.0,38.0
8416,84160.0,1790707329573,12278684530100,164404.0,37.0
8417,84170.0,1790707329583,12278694591600,164306.0,32.0
8418,84180.0,1790707329593,12278705022000,164337.0,31.0
8419,84190.0,1790707329603,12278715353900,164203.0,41.0
8420,84200.0,1790707329614,12278725541300,164173.0,33.0
8421,84210.0,1790707329623,12278735448000,164001.0,39.0
8422,84220.0,1790707329633,12278745247900,164018.0,42.0
8423,84230.0,1790707329644,12278755919000,163897.0,52.0
8424,84240.0,1790707329654,12278765909600,163949.0,39.0
8425,84250.0,1790707329664,12278775566100,163872.0,30.0
8426,84260.0,1790707329674,12278786247400,163914.0,43.0
8427,84270.0,1790707329684,12278796264700,163917.0,52.0
8428,84280.0,1790707329695,12278806763900,164130.0,37.0
8429,84290.0,1790707329705,12278816632500,164214.0,37.0
8430,84300.0,1790707329732,12278843690400,164319.0,36.0
8431,84310.0,1790707329733,12278845088000,164242.0,40.0
8432,84320.0,1790707329734,12278846309200,164224.0,30.0
8433,84330.0,1790707329788,12278900359100,164132.0,56.0
8434,84340.0,1790707329864,12278975556300,164098.0,40.0
8435,84350.0,1790707329868,12278980409300,163933.0,48.0
8436,84360.0,1790707329870,12278981956100,163893.0,47.0
8437,84370.0,1790707329871,12278983332500,163795.0,44.0
8438,84380.0,1790707329873,12278984671000,163839.0,36.0
8439,84390.0,1790707329874,12278985920000,163871.0,41.0
8440,84400.0,1790707329875,12278987129200,164010.0,34.0
8441,84410.0,1790707329876,12278988371400,164080.0,36.0
8442,84420.0,1790707329878,12278989567500,164197.0,46.0
8443,84430.0,1790707329879,12278990901500,164208.0,37.0
8444,84440.0,1790707329880,12278992130500,164214.0,47.0
8445,84450.0,1790707329882,12278993866000,164111.0,50.0
8446,84460.0,1790707329883,12278995329800,164063.0,39.0
8447,84470.0,1790707329885,12278996696600,163961.0,36.0
8448,84480.0,1790707329893,12279005324600,163971.0,45.0
8449,84490.0,1790707329903,12279015405800,163939.0,24.0
8450,84500.0,1790707329913,12279025420000,164011.0,31.0
8451,84510.0,1790707329924,12279035590400,164020.0,36.0
8452,84520.0,1790707329933,12279045465000,164149.0,49.0
8453,84530.0,1790707329943,12279055441800,164134.0,41.0
8454,84540.0,1790707329954,12279065526600,164252.0,46.0
8455,84550.0,1790707329964,12279075603400,164324.0,44.0
8456,84560.0,1790707329974,12279085628600,164268.0,37.0
8457,84570.0,1790707329983,12279095309600,164271.0,37.0
8458,84580.0,1790707329993,12279105297100,164335.0,32.0
8459,84590.0,1790707330003,12279115389400,164242.0,32.0
8460,84600.0,1790707330013,12279125392900,164223.0,43.0
8461,84610.0,1790707330023,12279135445800,164141.0,42.0
8462,84620.0,1790707330034,12279145472800,164170.0,33.0
8463,84630.0,1790707330044,12279155546500,164129.0,55.0
8464,84640.0,1790707330054,12279165547700,164200.0,52.0
8465,84650.0,1790707330064,12279175581100,164190.0,44.0
8466,84660.0,1790707330074,12279186015500,164299.0,39.0
8467,84670.0,1790707330084,12279196150700,164337.0,47.0
8468,84680.0,1790707330094,12279205779900,164491.0,35.0
8469,84690.0,1790707330104,12279216209300,164491.0,35.0
8470,84700.0,1790707330115,12279226940300,164401.0,36.0
8471,84710.0,1790707330125,12279237272000,164319.0,32.0
8472,84720.0,1790707330135,12279247247900,164225.0,54.0
8473,84730.0,1790707330145,12279257332100,164086.0,39.0
8474,84740.0,1790707330156,12279267634800,164041.0,45.0
8475,84750.0,1790707330166,12279277755500,163962.0,43.0
8476,84760.0,1790707330176,12279287882800,163985.0,46.0
8477,84770.0,1790707330186,12279297802400,163937.0,37.0
8478,84780.0,1790707330195,12279307209800,164029.0,45.0
8479,84790.0,1790707330205,12279316955000,164004.0,46.0
8480,84800.0,1790707330215,12279326882900,164047.0,29.0
8481,84810.0,1790707330225,12279336874200,163972.0,48.0
8482,84820.0,1790707330235,12279346871900,163957.0,39.0
8483,84830.0,1790707330245,12279356923200,163885.0,40.0
8484,84840.0,1790707330255,12279366921200,163902.0,42.0
8485,84850.0,1790707330265,12279376944100,163840.0,47.0
8486,84860.0,1790707330275,12279387002900,163830.0,57.0
8487,84870.0,1790707330285,12279396935900,163778.0,58.0
8488,84880.0,1790707330295,12279406876100,163751.0,45.0
8489,84890.0,1790707330305,12279417095300,163636.0,51.0
8490,84900.0,1790707330315,12279427151700,163575.0,54.0
8491,84910.0,1790707330325,12279437138600,163489.0,47.0
8492,84920.0,1790707330335,12279447127100,163466.0,40.0
8493,84930.0,1790707330345,12279457388600,163409.0,57.0
8494,84940.0,1790707330356,12279467554100,163410.0,37.0
8495,84950.0,1790707330365,12279477327800,163395.0,55.0
8496,84960.0,1790707330375,12279486991600,163420.0,51.0
8497,84970.0,1790707330386,12279497577900,163393.0,40.0
8498,84980.0,1790707330396,12279507646500,163424.0,48.0
8499,84990.0,1790707330406,12279517735800,163412.0,35.0
8500,85000.0,1790707330414,12279526257400,163388.0,48.0
8501,85010.0,1790707330425,12279536607500,163321.0,47.0
8502,85020.0,1790707330435,12279546913600,163279.0,43.0
8503,85030.0,1790707330445,12279556999400,163196.0,37.0
8504,85040.0,1790707330455,12279567222700,163150.0,40.0
8505,85050.0,1790707330465,12279577090800,163115.0,35.0
8506,85060.0,1790707330475,12279587412000,163068.0,38.0
8507,85070.0,1790707330486,12279597737800,162969.0,55.0
8508,85080.0,1790707330496,12279608204200,162917.0,35.0
8509,85090.0,1790707330506,12279618108500,162786.0,44.0
8510,85100.0,1790707330516,12279627816200,162736.0,58.0
8511,85110.0,1790707330526,12279638126100,162691.0,49.0
8512,85120.0,1790707330536,12279648257200,162690.0,48.0
8513,85130.0,1790707330546,12279658398400,162712.0,50.0
8514,85140.0,1790707330556,12279668349500,162808.0,39.0
8515,85150.0,1790707330566,12279677945900,162821.0,36.0
8516,85160.0,1790707330576,12279688413400,162872.0,39.0
8517,85170.0,1790707330586,12279698350200,162929.0,31.0
8518,85180.0,1790707330596,12279708405500,162963.0,42.0
8519,85190.0,1790707330607,12279718492500,163010.0,44.0
8520,85200.0,1790707330616,12279728113600,163066.0,37.0
8521,85210.0,1790707330626,12279738419700,163102.0,44.0
8522,85220.0,1790707330636,12279747750200,163211.0,52.0
8523,85230.0,1790707330646,12279758456600,163268.0,51.0
8524,85240.0,1790707330656,12279767767100,163387.0,45.0
8525,85250.0,1790707330665,12279777369600,163332.0,35.0
8526,85260.0,1790707330675,12279787085200,163347.0,36.0
8527,85270.0,1790707330685,12279796988300,163319.0,39.0
8528,85280.0,1790707330695,12279806996600,163290.0,42.0
8529,85290.0,1790707330705,12279817437500,163249.0,72.0
8530,85300.0,1790707330718,12279830374000,163244.0,54.0
8531,85310.0,1790707330798,12279909852800,163234.0,52.0
8532,85320.0,1790707330862,12279974065300,163277.0,52.0
8533,85330.0,1790707330864,12279975813600,163327.0,63.0
8534,85340.0,1790707330865,12279977452300,163391.0,52.0
8535,85350.0,1790707330867,12279979072700,163429.0,49.0
8536,85360.0,1790707330868,12279980274000,163433.0,52.0
8537,85370.0,1790707330870,12279981479600,163428.0,45.0
8538,85380.0,1790707330871,12279982642700,163430.0,57.0
8539,85390.0,1790707330872,12279983797000,163394.0,61.0
8540,85400.0,1790707330873,12279984930900,163355.0,52.0
8541,85410.0,1790707330874,12279986118500,163290.0,62.0
8542,85420.0,1790707330875,12279987401000,163218.0,58.0
8543,85430.0,1790707330877,12279988619900,163173.0,59.0
8544,85440.0,1790707330878,12279989858700,163144.0,47.0
8545,85450.0,1790707330879,12279991464000,163144.0,48.0
8546,85460.0,1790707330881,12279993095200,163213.0,46.0
8547,85470.0,1790707330885,12279997341700,163226.0,45.0
8548,85480.0,1790707330895,12280007396900,163290.0,54.0
8549,85490.0,1790707330905,12280017383800,163297.0,51.0
8550,85500.0,1790707330916,12280027567000,163327.0,49.0
8551,85510.0,1790707330925,12280037434400,163351.0,41.0
8552,85520.0,1790707330936,12280047489500,163337.0,41.0
8553,85530.0,1790707330946,12280057558200,163344.0,51.0
8554,85540.0,1790707330956,12280067603600,163353.0,56.0
8555,85550.0,1790707330966,12280077642400,163422.0,56.0
8556,85560.0,1790707330976,12280087598300,163413.0,51.0
8557,85570.0,1790707330986,12280097689400,163364.0,29.0
8558,85580.0,1790707330996,12280107681800,163291.0,43.0
8559,85590.0,1790707331006,12280117779900,163199.0,35.0
8560,85600.0,1790707331016,12280127820800,163102.0,53.0
8561,85610.0,1790707331026,12280137909800,163005.0,52.0
8562,85620.0,1790707331036,12280147846800,162891.0,45.0
8563,85630.0,1790707331046,12280157981200,162817.0,54.0
8564,85640.0,1790707331056,12280167630800,162787.0,46.0
8565,85650.0,1790707331066,12280178029400,162796.0,55.0
8566,85660.0,1790707331076,12280187908800,162866.0,52.0
8567,85670.0,1790707331086,12280198045900,162978.0,44.0
8568,85680.0,1790707331097,12280208808700,163036.0,43.0
8569,85690.0,1790707331107,12280218973600,163089.0,48.0
8570,85700.0,1790707331117,12280228967500,163070.0,53.0
8571,85710.0,1790707331127,12280238488200,163067.0,46.0
8572,85720.0,1790707331136,12280248425100,163016.0,52.0
8573,85730.0,1790707331146,12280258459500,163026.0,47.0
8574,85740.0,1790707331157,12280268475300,163093.0,50.0
8575,85750.0,1790707331167,12280278560800,163202.0,52.0
8576,85760.0,1790707331177,12280288661100,163241.0,48.0
8577,85770.0,1790707331187,12280298757200,163279.0,34.0
8578,85780.0,1790707331197,12280309035300,163281.0,40.0
8579,85790.0,1790707331207,12280318926300,163298.0,38.0
8580,85800.0,1790707331217,12280328601800,163278.0,28.0
8581,85810.0,1790707331227,12280338637000,163299.0,28.0
8582,85820.0,1790707331237,12280348471000,163263.0,63.0
8583,85830.0,1790707331246,12280358340900,163345.0,43.0
8584,85840.0,1790707331257,12280368680000,163419.0,44.0
8585,85850.0,1790707331267,12280378735300,163573.0,47.0
8586,85860.0,1790707331277,12280388639300,163687.0,44.0
8587,85870.0,1790707331287,12280398586700,163771.0,36.0
8588,85880.0,1790707331297,12280408601400,163652.0,32.0
8589,85890.0,1790707331307,12280418692600,163815.0,32.0
8590,85900.0,1790707331317,12280428712200,163930.0,31.0
8591,85910.0,1790707331327,12280438921000,163981.0,52.0
8592,85920.0,1790707331337,12280448935500,163968.0,43.0
8593,85930.0,1790707331347,12280459237900,163918.0,42.0
8594,85940.0,1790707331358,12280469962200,163804.0,48.0
8595,85950.0,1790707331368,12280479794100,163775.0,56.0
8596,85960.0,1790707331378,12280489870700,163787.0,40.0
8597,85970.0,1790707331388,12280499943900,163900.0,40.0
8598,85980.0,1790707331398,12280510035600,163970.0,26.0
8599,85990.0,1790707331407,12280519435900,164011.0,32.0
8600,86000.0,1790707331418,12280529990600,163959.0,38.0
8601,86010.0,1790707331428,12280539525900,164004.0,55.0
8602,86020.0,1790707331437,12280549323000,164067.0,46.0
8603,86030.0,1790707331447,12280558953000,164101.0,46.0
8604,86040.0,1790707331457,12280569198400,164085.0,45.0
8605,86050.0,1790707331467,12280579218000,164107.0,36.0
8606,86060.0,1790707331477,12280589281500,164003.0,49.0
8607,86070.0,1790707331487,12280599255100,163938.0,31.0
8608,86080.0,1790707331498,12280609667800,163881.0,37.0
8609,86090.0,1790707331507,12280619132800,163838.0,38.0
8610,86100.0,1790707331518,12280629745800,163753.0,46.0
8611,86110.0,1790707331527,12280639395700,163722.0,37.0
8612,86120.0,1790707331538,12280649862200,163683.0,43.0
8613,86130.0,1790707331549,12280660599100,163718.0,39.0
8614,86140.0,1790707331559,12280670975400,163708.0,49.0
8615,86150.0,1790707331569,12280680933900,163760.0,33.0
8616,86160.0,1790707331579,12280691030400,163770.0,41.0
8617,86170.0,1790707331589,12280701013200,163828.0,32.0
8618,86180.0,1790707331599,12280710875200,163846.0,38.0
8619,86190.0,1790707331609,12280720601000,163893.0,38.0
8620,86200.0,1790707331618,12280729736700,163910.0,43.0
8621,86210.0,1790707331627,12280739401700,163956.0,40.0
8622,86220.0,1790707331638,12280749669500,163986.0,48.0
8623,86230.0,1790707331647,12280759346400,164054.0,39.0
8624,86240.0,1790707331658,12280769752400,164101.0,46.0
8625,86250.0,1790707331667,12280779434700,164133.0,43.0
8626,86260.0,1790707331677,12280789471500,164085.0,44.0
8627,86270.0,1790707331688,12280799632000,164058.0,21.0
8628,86280.0,1790707331698,12280809538600,163938.0,42.0
8629,86290.0,1790707331708,12280819998100,163879.0,29.0
8630,86300.0,1790707331726,12280838328700,163804.0,35.0
8631,86310.0,1790707331729,12280841385900,163835.0,22.0
8632,86320.0,1790707331797,12280909321300,163837.0,42.0
8633,86330.0,1790707331880,12280991783100,163897.0,37.0
8634,86340.0,1790707331882,12280993901200,163793.0,56.0
8635,86350.0,1790707331883,12280995236000,163769.0,31.0
8636,86360.0,1790707331884,12280996388200,163677.0,59.0
8637,86370.0,1790707331886,12280997522800,163688.0,37.0
8638,86380.0,1790707331887,12280998597800,163601.0,45.0
8639,86390.0,1790707331888,12280999646900,163598.0,34.0
8640,86400.0,1790707331889,12281000683800,163489.0,40.0
8641,86410.0,1790707331890,12281001668300,163540.0,30.0
8642,86420.0,1790707331891,12281002611900,163381.0,36.0
8643,86430.0,1790707331892,12281003537600,163419.0,30.0
8644,86440.0,1790707331892,12281004452700,163364.0,36.0
8645,86450.0,1790707331893,12281005360800,163476.0,46.0
8646,86460.0,1790707331895,12281007265400,163397.0,56.0
8647,86470.0,1790707331897,12281008532600,163440.0,27.0
8648,86480.0,1790707331898,12281010082400,163411.0,32.0
8649,86490.0,1790707331908,12281019591100,163452.0,42.0
8650,86500.0,1790707331918,12281029471400,163442.0,36.0
8651,86510.0,1790707331927,12281039430900,163490.0,45.0
8652,86520.0,1790707331938,12281049556600,163434.0,47.0
8653,86530.0,1790707331948,12281059975700,163525.0,46.0
8654,86540.0,1790707331958,12281069641000,163488.0,37.0
8655,86550.0,1790707331968,12281079717700,163542.0,31.0
8656,86560.0,1790707331978,12281089677700,163500.0,48.0
8657,86570.0,1790707331988,12281099809600,163570.0,32.0
8658,86580.0,1790707331998,12281109801000,163571.0,36.0
8659,86590.0,1790707332008,12281119802500,163657.0,29.0
8660,86600.0,1790707332018,12281129888900,163668.0,40.0
8661,86610.0,1790707332028,12281139851000,163706.0,43.0
8662,86620.0,1790707332038,12281149942100,163670.0,46.0
8663,86630.0,1790707332048,12281160295500,163641.0,39.0
8664,86640.0,1790707332058,12281170049900,163612.0,43.0
8665,86650.0,1790707332068,12281180103100,163695.0,49.0
8666,86660.0,1790707332078,12281190035600,163683.0,46.0
8667,86670.0,1790707332088,12281199685400,163756.0,40.0
8668,86680.0,1790707332100,12281212311200,163763.0,31.0
8669,86690.0,1790707332109,12281221176400,163835.0,44.0
8670,86700.0,1790707332119,12281230769500,163780.0,36.0
8671,86710.0,1790707332128,12281240206700,163809.0,35.0
8672,86720.0,1790707332138,12281249985800,163717.0,42.0
8673,86730.0,1790707332149,12281260529800,163732.0,48.0
8674,86740.0,1790707332158,12281270406400,163682.0,54.0
8675,86750.0,1790707332168,12281280204100,163769.0,43.0
8676,86760.0,1790707332178,12281290185200,163775.0,33.0
8677,86770.0,1790707332189,12281300479800,163866.0,39.0
8678,86780.0,1790707332199,12281310494300,163866.0,50.0
8679,86790.0,1790707332208,12281320409400,163976.0,48.0
8680,86800.0,1790707332218,12281330272900,163875.0,45.0
8681,86810.0,1790707332229,12281340658700,163892.0,52.0
8682,86820.0,1790707332238,12281350456100,163812.0,42.0
8683,86830.0,1790707332248,12281360373700,163850.0,50.0
8684,86840.0,1790707332259,12281370707500,163748.0,55.0
8685,86850.0,1790707332269,12281380695300,163839.0,38.0
8686,86860.0,1790707332279,12281390628000,163858.0,49.0
8687,86870.0,1790707332289,12281400561700,163972.0,45.0
8688,86880.0,1790707332299,12281410724000,163901.0,42.0
8689,86890.0,1790707332309,12281420569100,163988.0,35.0
8690,86900.0,1790707332319,12281430740700,163911.0,29.0
8691,86910.0,1790707332329,12281440708000,163908.0,50.0
8692,86920.0,1790707332339,12281450786800,163793.0,45.0
8693,86930.0,1790707332349,12281460601700,163797.0,41.0
8694,86940.0,1790707332359,12281470751600,163742.0,46.0
8695,86950.0,1790707332369,12281480692000,163777.0,53.0
8696,86960.0,1790707332379,12281490993700,163734.0,37.0
8697,86970.0,1790707332389,12281500741100,163822.0,43.0
8698,86980.0,1790707332399,12281510612300,163800.0,50.0
8699,86990.0,1790707332409,12281521217300,163871.0,31.0
8700,87000.0,1790707332419,12281530723800,163770.0,38.0
8701,87010.0,1790707332429,12281540664900,163730.0,42.0
8702,87020.0,1790707332439,12281551288800,163550.0,40.0
8703,87030.0,1790707332449,12281560814200,163510.0,29.0
8704,87040.0,1790707332459,12281570790600,163381.0,33.0
8705,87050.0,1790707332470,12281581505500,163361.0,39.0
8706,87060.0,1790707332479,12281591358500,163265.0,46.0
8707,87070.0,1790707332489,12281601377500,163316.0,48.0
8708,87080.0,1790707332499,12281610971400,163237.0,27.0
8709,87090.0,1790707332509,12281621224200,163286.0,31.0
8710,87100.0,1790707332519,12281631398400,163229.0,38.0
8711,87110.0,1790707332529,12281641472000,163268.0,29.0
8712,87120.0,1790707332540,12281651819900,163206.0,14.0
8713,87130.0,1790707332550,12281662012000,163305.0,45.0
8714,87140.0,1790707332560,12281672287000,163271.0,40.0
8715,87150.0,1790707332570,12281682206800,163345.0,33.0
8716,87160.0,1790707332580,12281692311500,163280.0,48.0
8717,87170.0,1790707332589,12281701439200,163294.0,19.0
8718,87180.0,1790707332599,12281711470400,163212.0,39.0
8719,87190.0,1790707332610,12281721523600,163240.0,29.0
8720,87200.0,1790707332620,12281731541800,163201.0,28.0
8721,87210.0,1790707332630,12281741896900,163281.0,29.0
8722,87220.0,1790707332640,12281752120400,163178.0,35.0
8723,87230.0,1790707332650,12281762019500,163236.0,33.0
8724,87240.0,1790707332660,12281772154400,163243.0,29.0
8725,87250.0,1790707332670,12281781995600,163356.0,30.0
8726,87260.0,1790707332680,12281792189500,163285.0,38.0
8727,87270.0,1790707332690,12281802054500,163383.0,44.0
8728,87280.0,1790707332700,12281812004100,163342.0,35.0
8729,87290.0,1790707332710,12281822122900,163461.0,40.0
8730,87300.0,1790707332720,12281832231600,163380.0,29.0
8731,87310.0,1790707332733,12281844524100,163387.0,47.0
8732,87320.0,1790707332811,12281923077700,163277.0,46.0
8733,87330.0,1790707332895,12282006755500,163326.0,20.0
8734,87340.0,1790707332902,12282014399500,163305.0,46.0
8735,87350.0,1790707332904,12282016185600,163470.0,38.0
8736,87360.0,1790707332906,12282017660000,163501.0,35.0
8737,87370.0,1790707332907,12282019027500,163579.0,32.0
8738,87380.0,1790707332908,12282020465100,163504.0,43.0
8739,87390.0,1790707332910,12282021956900,163526.0,33.0
8740,87400.0,1790707332911,12282023266300,163384.0,31.0
8741,87410.0,1790707332913,12282025315100,163380.0,5.0
8742,87420.0,1790707332916,12282028077800,163246.0,33.0
8743,87430.0,1790707332919,12282031060800,163267.0,35.0
8744,87440.0,1790707332921,12282032559500,163211.0,18.0
8745,87450.0,1790707332922,12282033902600,163283.0,43.0
8746,87460.0,1790707332923,12282035320500,163217.0,32.0
8747,87470.0,1790707332925,12282036617200,163307.0,41.0
8748,87480.0,1790707332926,12282038095700,163297.0,29.0
8749,87490.0,1790707332927,12282039432100,163362.0,40.0
8750,87500.0,1790707332929,12282040767800,163300.0,31.0
8751,87510.0,1790707332931,12282042503400,163359.0,24.0
8752,87520.0,1790707332940,12282051648700,163270.0,35.0
8753,87530.0,1790707332951,12282063171100,163307.0,25.0
8754,87540.0,1790707332960,12282071677600,163171.0,27.0
8755,87550.0,1790707332970,12282081922900,163182.0,36.0
8756,87560.0,1790707332980,12282091885300,163118.0,32.0
8757,87570.0,1790707332990,12282101765900,163188.0,31.0
8758,87580.0,1790707333000,12282111826400,163164.0,42.0
8759,87590.0,1790707333010,12282121880200,163318.0,36.0
8760,87600.0,1790707333020,12282131960500,163274.0,34.0
8761,87610.0,1790707333030,12282141954500,163468.0,46.0
8762,87620.0,1790707333040,12282151980300,163471.0,34.0
8763,87630.0,1790707333050,12282162065100,163599.0,47.0
8764,87640.0,1790707333060,12282172085100,163512.0,32.0
8765,87650.0,1790707333070,12282182121400,163634.0,36.0
8766,87660.0,1790707333080,12282192173700,163596.0,40.0
8767,87670.0,1790707333090,12282202093000,163683.0,39.0
8768,87680.0,1790707333101,12282212537200,163597.0,49.0
8769,87690.0,1790707333110,12282221895100,163666.0,28.0
8770,87700.0,1790707333120,12282232160500,163552.0,47.0
8771,87710.0,1790707333130,12282242179000,163599.0,30.0
8772,87720.0,1790707333140,12282252038200,163462.0,46.0
8773,87730.0,1790707333150,12282262156100,163452.0,42.0
8774,87740.0,1790707333161,12282273384700,163313.0,38.0
8775,87750.0,1790707333172,12282283706600,163302.0,44.0
8776,87760.0,1790707333182,12282293553700,163180.0,35.0
8777,87770.0,1790707333192,12282303644700,163194.0,46.0
8778,87780.0,1790707333202,12282313616300,163113.0,51.0
8779,87790.0,1790707333212,12282323898400,163179.0,41.0
8780,87800.0,1790707333222,12282333981700,163145.0,50.0
8781,87810.0,1790707333234,12282345686300,163248.0,45.0
8782,87820.0,1790707333242,12282354123800,163243.0,39.0
8783,87830.0,1790707333251,12282363245800,163372.0,45.0
8784,87840.0,1790707333261,12282373300700,163356.0,32.0
8785,87850.0,1790707333271,12282383115600,163459.0,28.0
8786,87860.0,1790707333281,12282393132600,163424.0,31.0
8787,87870.0,1790707333291,12282403337900,163487.0,39.0
8788,87880.0,1790707333302,12282413647300,163397.0,35.0
8789,87890.0,1790707333312,12282423938400,163417.0,36.0
8790,87900.0,1790707333321,12282433226100,163376.0,39.0
8791,87910.0,1790707333331,12282443457800,163524.0,32.0
8792,87920.0,1790707333341,12282453240300,163512.0,22.0
8793,87930.0,1790707333351,12282463356100,163622.0,29.0
8794,87940.0,1790707333362,12282473581800,163573.0,30.0
8795,87950.0,1790707333371,12282482675800,163689.0,33.0
8796,87960.0,1790707333381,12282492828900,163700.0,32.0
8797,87970.0,1790707333392,12282504245500,163793.0,19.0
8798,87980.0,1790707333402,12282514433200,163762.0,42.0
8799,87990.0,1790707333413,12282525323400,163812.0,32.0
8800,88000.0,1790707333423,12282534777900,163741.0,45.0
8801,88010.0,1790707333432,12282543790700,163756.0,50.0
8802,88020.0,1790707333443,12282555112100,163700.0,28.0
8803,88030.0,1790707333452,12282564282300,163771.0,27.0
8804,88040.0,1790707333462,12282573899900,163729.0,22.0
8805,88050.0,1790707333472,12282583964600,163804.0,35.0
8806,88060.0,1790707333482,12282593654900,163783.0,24.0
8807,88070.0,1790707333491,12282603263300,163916.0,50.0
8808,88080.0,1790707333502,12282614226700,163961.0,29.0
8809,88090.0,1790707333512,12282623505500,164064.0,42.0
8810,88100.0,1790707333521,12282632938800,164066.0,45.0
8811,88110.0,1790707333531,12282642876400,164195.0,34.0
8812,88120.0,1790707333541,12282653286800,164175.0,39.0
8813,88130.0,1790707333551,12282663242500,164237.0,46.0
8814,88140.0,1790707333561,12282673243800,164163.0,20.0
8815,88150.0,1790707333571,12282683436100,164253.0,30.0
8816,88160.0,1790707333581,12282693302700,164162.0,30.0
8817,88170.0,1790707333591,12282703461000,164233.0,43.0
8818,88180.0,1790707333602,12282713517900,164208.0,41.0
8819,88190.0,1790707333612,12282723772000,164296.0,47.0
8820,88200.0,1790707333622,12282733900300,164201.0,36.0
8821,88210.0,1790707333632,12282744009500,164188.0,40.0
8822,88220.0,1790707333642,12282754313700,164102.0,36.0
8823,88230.0,1790707333652,12282764423700,164105.0,35.0
8824,88240.0,1790707333663,12282774690400,164004.0,45.0
8825,88250.0,1790707333674,12282785522000,164068.0,34.0
8826,88260.0,1790707333683,12282794690800,164068.0,40.0
8827,88270.0,1790707333693,12282804743000,164236.0,31.0
8828,88280.0,1790707333703,12282814833600,164273.0,48.0
8829,88290.0,1790707333713,12282825010800,164388.0,43.0
8830,88300.0,1790707333742,12282854347400,164351.0,48.0
8831,88310.0,1790707333746,12282857781400,164377.0,49.0
8832,88320.0,1790707333747,12282859233600,164303.0,58.0
8833,88330.0,1790707333827,12282939444200,164302.0,39.0
8834,88340.0,1790707333887,12282999103500,164235.0,46.0
8835,88350.0,1790707333889,12283001017100,164256.0,46.0
8836,88360.0,1790707333890,12283002268100,164157.0,23.0
8837,88370.0,1790707333892,12283003528300,164188.0,33.0
8838,88380.0,1790707333893,12283004725300,164089.0,42.0
8839,88390.0,1790707333894,12283005932100,164163.0,51.0
8840,88400.0,1790707333896,12283007568500,164094.0,35.0
8841,88410.0,1790707333898,12283010247800,163994.0,41.0
8842,88420.0,1790707333900,12283011521700,163888.0,43.0
8843,88430.0,1790707333901,12283012822500,163917.0,39.0
8844,88440.0,1790707333902,12283014149500,163828.0,37.0
8845,88450.0,1790707333903,12283015465800,163892.0,22.0
8846,88460.0,1790707333905,12283016688700,163899.0,42.0
8847,88470.0,1790707333906,12283017965500,164019.0,32.0
8848,88480.0,1790707333907,12283019132800,163995.0,47.0
8849,88490.0,1790707333912,12283023863200,164030.0,45.0
8850,88500.0,1790707333922,12283034184800,164032.0,44.0
8851,88510.0,1790707333932,12283043669200,164115.0,34.0
8852,88520.0,1790707333942,12283053661700,164050.0,46.0
8853,88530.0,1790707333952,12283063730200,164096.0,36.0
8854,88540.0,1790707333962,12283073740800,164118.0,47.0
8855,88550.0,1790707333972,12283083823500,164243.0,42.0
8856,88560.0,1790707333982,12283093877800,164256.0,27.0
8857,88570.0,1790707333992,12283103867400,164336.0,41.0
8858,88580.0,1790707334002,12283113918500,164311.0,51.0
8859,88590.0,1790707334012,12283124026900,164311.0,41.0
8860,88600.0,1790707334022,12283134016700,164133.0,35.0
8861,88610.0,1790707334032,12283144087300,164129.0,38.0
8862,88620.0,1790707334042,12283154042000,164092.0,38.0
8863,88630.0,1790707334052,12283164060800,164156.0,43.0
8864,88640.0,1790707334062,12283174180700,164196.0,49.0
8865,88650.0,1790707334072,12283184187800,164342.0,34.0
8866,88660.0,1790707334082,12283194254500,164448.0,23.0
8867,88670.0,1790707334092,12283204240800,164521.0,26.0
8868,88680.0,1790707334102,12283214276200,164488.0,33.0
8869,88690.0,1790707334112,12283224329600,164567.0,34.0
8870,88700.0,1790707334189,12283301118100,164550.0,46.0
8871,88710.0,1790707334247,12283358988100,164563.0,55.0
8872,88720.0,1790707334249,12283360916800,164489.0,55.0
8873,88730.0,1790707334316,12283427661200,164520.0,48.0
8874,88740.0,1790707334365,12283477214800,164557.0,41.0
8875,88750.0,1790707334367,12283478526000,164642.0,41.0
8876,88760.0,1790707334368,12283479667500,164611.0,38.0
8877,88770.0,1790707334369,12283480731300,164667.0,47.0
8878,88780.0,1790707334370,12283481783600,164647.0,45.0
8879,88790.0,1790707334371,12283482782600,164686.0,42.0
8880,88800.0,1790707334372,12283483782300,164628.0,53.0
8881,88810.0,1790707334373,12283484754000,164648.0,49.0
8882,88820.0,1790707334374,12283485706600,164674.0,47.0
8883,88830.0,1790707334375,12283486697600,164731.0,56.0
8884,88840.0,1790707334376,12283487619900,164710.0,59.0
8885,88850.0,1790707334377,12283488511600,164778.0,52.0
8886,88860.0,1790707334377,12283489429700,164800.0,48.0
8887,88870.0,1790707334378,12283490459300,164875.0,49.0
8888,88880.0,1790707334379,12283491381100,164885.0,53.0
8889,88890.0,1790707334380,12283492322100,164964.0,47.0
8890,88900.0,1790707334381,12283493224600,164979.0,48.0
8891,88910.0,1790707334382,12283494114300,165049.0,37.0
8892,88920.0,1790707334383,12283495002900,165032.0,44.0
8893,88930.0,1790707334384,12283495888900,165065.0,45.0
8894,88940.0,1790707334385,12283496846100,165088.0,57.0
8895,88950.0,1790707334386,12283497933600,165187.0,48.0
8896,88960.0,1790707334387,12283498900800,165266.0,56.0
8897,88970.0,1790707334393,12283504604200,165413.0,46.0
8898,88980.0,1790707334403,12283514683900,165561.0,43.0
8899,88990.0,1790707334413,12283524757800,165781.0,41.0
8900,89000.0,1790707334423,12283534766900,165993.0,42.0
8901,89010.0,1790707334433,12283544840400,166159.0,37.0
8902,89020.0,1790707334443,12283554889900,166191.0,48.0
8903,89030.0,1790707334453,12283565047200,166262.0,52.0
8904,89040.0,1790707334464,12283575588100,166329.0,47.0
8905,89050.0,1790707334473,12283585073000,166426.0,36.0
8906,89060.0,1790707334483,12283595033200,166478.0,39.0
8907,89070.0,1790707334493,12283605100100,166566.0,40.0
8908,89080.0,1790707334503,12283615122300,166601.0,29.0
8909,89090.0,1790707334513,12283625105500,166670.0,48.0
8910,89100.0,1790707334523,12283635182300,166710.0,43.0
8911,89110.0,1790707334534,12283645495000,166758.0,32.0
8912,89120.0,1790707334543,12283655341000,166767.0,48.0
8913,89130.0,1790707334553,12283665306900,166802.0,41.0
8914,89140.0,1790707334563,12283675302400,166847.0,44.0
8915,89150.0,1790707334573,12283685285300,166946.0,45.0
8916,89160.0,1790707334583,12283695085700,166981.0,43.0
8917,89170.0,1790707334593,12283705126700,167074.0,33.0
8918,89180.0,1790707334603,12283715136900,167200.0,41.0
8919,89190.0,1790707334613,12283725185300,167464.0,35.0
8920,89200.0,1790707334624,12283735519300,167779.0,46.0
8921,89210.0,1790707334633,12283745260700,167942.0,44.0
8922,89220.0,1790707334643,12283755301100,167853.0,49.0
8923,89230.0,1790707334653,12283765281900,167780.0,39.0
8924,89240.0,1790707334664,12283775696400,167834.0,56.0
8925,89250.0,1790707334673,12283785347400,167946.0,41.0
8926,89260.0,1790707334684,12283795610700,167936.0,40.0
8927,89270.0,1790707334693,12283805451400,167976.0,48.0
8928,89280.0,1790707334704,12283815609300,168062.0,50.0
8929,89290.0,1790707334720,12283831537000,168126.0,53.0
8930,89300.0,1790707334724,12283835576700,168099.0,47.0
8931,89310.0,1790707334795,12283907221000,168195.0,60.0
8932,89320.0,1790707334865,12283977241400,168332.0,64.0
8933,89330.0,1790707334867,12283978861400,168455.0,48.0
8934,89340.0,1790707334868,12283980056700,168513.0,52.0
8935,89350.0,1790707334869,12283981174000,168492.0,58.0
8936,89360.0,1790707334870,12283982254000,168434.0,39.0
8937,89370.0,1790707334871,12283983370900,168431.0,48.0
8938,89380.0,1790707334873,12283984490800,168502.0,43.0
8939,89390.0,1790707334874,12283985597900,168607.0,51.0
8940,89400.0,1790707334875,12283986607900,168794.0,73.0
8941,89410.0,1790707334876,12283987627100,169017.0,62.0
8942,89420.0,1790707334877,12283988582800,169203.0,65.0
8943,89430.0,1790707334878,12283989685600,169450.0,66.0
8944,89440.0,1790707334879,12283991353500,169692.0,56.0
8945,89450.0,1790707334881,12283992638200,169734.0,61.0
8946,89460.0,1790707334884,12283995749600,169818.0,53.0
8947,89470.0,1790707334894,12284006136800,169918.0,51.0
8948,89480.0,1790707334904,12284015882200,170037.0,41.0
8949,89490.0,1790707334914,12284025967400,170060.0,36.0
8950,89500.0,1790707334924,12284035965900,170245.0,49.0
8951,89510.0,1790707334934,12284046070500,170554.0,51.0
8952,89520.0,1790707334944,12284056246900,170680.0,40.0
8953,89530.0,1790707334954,12284065838400,170705.0,46.0
8954,89540.0,1790707334964,12284076141500,170734.0,65.0
8955,89550.0,1790707334974,12284085907800,170786.0,52.0
8956,89560.0,1790707334984,12284095922100,170822.0,52.0
8957,89570.0,1790707334994,12284105922200,170786.0,50.0
8958,89580.0,1790707335004,12284115984500,170722.0,49.0
8959,89590.0,1790707335014,12284126022500,170356.0,59.0
8960,89600.0,1790707335024,12284136038500,169885.0,31.0
8961,89610.0,1790707335034,12284146130100,169126.0,56.0
8962,89620.0,1790707335044,12284156370900,166523.0,36.0
8963,89630.0,1790707335054,12284166221300,161022.0,57.0
8964,89640.0,1790707335064,12284176232900,152868.0,38.0
8965,89650.0,1790707335075,12284186525100,144161.0,41.0
8966,89660.0,1790707335084,12284196387800,136264.0,50.0
8967,89670.0,1790707335096,12284208374800,128421.0,48.0
8968,89680.0,1790707335106,12284217915000,120973.0,40.0
8969,89690.0,1790707335116,12284227917100,114465.0,49.0
8970,89700.0,1790707335126,12284238285300,107556.0,52.0
8971,89710.0,1790707335136,12284247856800,99861.0,44.0
8972,89720.0,1790707335146,12284257611100,91709.0,50.0
8973,89730.0,1790707335155,12284266850600,81412.0,51.0
8974,89740.0,1790707335165,12284276867200,70730.0,56.0
8975,89750.0,1790707335175,12284286747900,59471.0,64.0
8976,89760.0,1790707335185,12284296941400,48211.0,42.0
8977,89770.0,1790707335194,12284306409300,36441.0,43.0
8978,89780.0,1790707335205,12284316923300,25285.0,45.0
8979,89790.0,1790707335215,12284326871100,16997.0,41.0
8980,89800.0,1790707335225,12284337334200,11231.0,39.0
8981,89810.0,1790707335235,12284347320000,7558.0,54.0
8982,89820.0,1790707335245,12284357144000,5250.0,49.0
8983,89830.0,1790707335256,12284368039100,3744.0,49.0
8984,89840.0,1790707335266,12284377713800,2729.0,51.0
8985,89850.0,1790707335276,12284388142500,2056.0,56.0
8986,89860.0,1790707335286,12284398113200,1618.0,34.0
8987,89870.0,1790707335296,12284407751800,1372.0,22.0
8988,89880.0,1790707335306,12284418202500,1230.0,43.0
8989,89890.0,1790707335316,12284428173300,1171.0,36.0
8990,89900.0,1790707335326,12284437925000,1143.0,43.0
8991,89910.0,1790707335335,12284447469800,1128.0,38.0
8992,89920.0,1790707335345,12284457107900,1124.0,55.0
8993,89930.0,1790707335355,12284466991700,1137.0,49.0
8994,89940.0,1790707335366,12284477594600,1120.0,46.0
8995,89950.0,1790707335375,12284486883500,1109.0,33.0
8996,89960.0,1790707335385,12284496921100,1109.0,53.0
8997,89970.0,1790707335395,12284506974400,1117.0,40.0
8998,89980.0,1790707335405,12284517041400,1108.0,40.0
8999,89990.0,1790707335415,12284527125400,1111.0,35.0
9000,90000.0,1790707335425,12284537191800,1109.0,34.0
9001,90010.0,1790707335436,12284547686300,1108.0,38.0
9002,90020.0,1790707335445,12284557453900,1092.0,58.0
9003,90030.0,1790707335456,12284568295700,1106.0,55.0
9004,90040.0,1790707335467,12284578798400,1084.0,41.0
9005,90050.0,1790707335477,12284588757500,1100.0,50.0
9006,90060.0,1790707335487,12284598878700,1085.0,49.0
9007,90070.0,1790707335496,12284608358000,1078.0,42.0
9008,90080.0,1790707335507,12284618914100,1086.0,49.0
9009,90090.0,1790707335517,12284628990200,1086.0,39.0
9010,90100.0,1790707335527,12284638769700,1077.0,40.0
9011,90110.0,1790707335537,12284649017300,1078.0,45.0
9012,90120.0,1790707335547,12284658552600,1085.0,46.0
9013,90130.0,1790707335557,12284668478100,1073.0,49.0
9014,90140.0,1790707335566,12284678047000,1052.0,48.0
9015,90150.0,1790707335576,12284687555600,1064.0,46.0
9016,90160.0,1790707335586,12284698089700,1059.0,42.0
9017,90170.0,1790707335596,12284707764600,1032.0,40.0
9018,90180.0,1790707335606,12284717926700,1052.0,41.0
9019,90190.0,1790707335616,12284727904100,1055.0,33.0
9020,90200.0,1790707335626,12284737776100,1055.0,17.0
9021,90210.0,1790707335636,12284747962300,1055.0,30.0
9022,90220.0,1790707335646,12284757547900,1046.0,42.0
9023,90230.0,1790707335656,12284768208300,1053.0,45.0
9024,90240.0,1790707335666,12284778454600,1050.0,51.0
9025,90250.0,1790707335677,12284788792900,1035.0,37.0
9026,90260.0,1790707335686,12284797979500,1034.0,29.0
9027,90270.0,1790707335696,12284807896400,1046.0,48.0
9028,90280.0,1790707335706,12284818118400,1040.0,25.0
9029,90290.0,1790707335720,12284831607000,1062.0,31.0
9030,90300.0,1790707335793,12284905061800,1056.0,33.0
9031,90310.0,1790707335855,12284966495700,1040.0,23.0
9032,90320.0,1790707335856,12284968023900,1045.0,33.0
9033,90330.0,1790707335857,12284969464900,1044.0,33.0
9034,90340.0,1790707335859,12284970722900,1044.0,43.0
9035,90350.0,1790707335860,12284972224700,1045.0,48.0
9036,90360.0,1790707335863,12284974757600,1039.0,47.0
9037,90370.0,1790707335864,12284976235200,1029.0,34.0
9038,90380.0,1790707335866,12284977527200,1029.0,43.0
9039,90390.0,1790707335867,12284978860200,1020.0,42.0
9040,90400.0,1790707335868,12284980230000,1038.0,39.0
9041,90410.0,1790707335870,12284981830100,1034.0,11.0
9042,90420.0,1790707335872,12284983524400,1028.0,47.0
9043,90430.0,1790707335873,12284985066700,1049.0,30.0
9044,90440.0,1790707335874,12284986448200,1036.0,51.0
9045,90450.0,1790707335876,12284987835300,1037.0,43.0
9046,90460.0,1790707335886,12284997842800,1034.0,32.0
9047,90470.0,1790707335896,12285007895800,1025.0,33.0
9048,90480.0,1790707335906,12285017917600,1022.0,36.0
9049,90490.0,1790707335916,12285027896300,1016.0,38.0
9050,90500.0,1790707335926,12285037987800,1028.0,31.0
9051,90510.0,1790707335936,12285048014200,1035.0,33.0
9052,90520.0,1790707335946,12285058056500,1009.0,38.0
9053,90530.0,1790707335956,12285068128600,1022.0,34.0
9054,90540.0,1790707335966,12285078150900,1033.0,39.0
9055,90550.0,1790707335976,12285088310400,1019.0,38.0
9056,90560.0,1790707335986,12285098190400,1021.0,39.0
9057,90570.0,1790707335996,12285108256700,1026.0,38.0
9058,90580.0,1790707336006,12285117884400,1031.0,42.0
9059,90590.0,1790707336016,12285127999400,1033.0,29.0
9060,90600.0,1790707336026,12285138074000,1038.0,35.0
9061,90610.0,1790707336036,12285148186700,1044.0,34.0
9062,90620.0,1790707336046,12285158067700,1057.0,29.0
9063,90630.0,1790707336056,12285168058700,1044.0,47.0
9064,90640.0,1790707336066,12285178145500,1051.0,49.0
9065,90650.0,1790707336076,12285188336200,1064.0,55.0
9066,90660.0,1790707336087,12285198589400,1054.0,54.0
9067,90670.0,1790707336097,12285208688000,1080.0,41.0
9068,90680.0,1790707336107,12285219190300,1084.0,43.0
9069,90690.0,1790707336117,12285229185000,1100.0,37.0
9070,90700.0,1790707336127,12285239444700,1100.0,30.0
9071,90710.0,1790707336137,12285249404700,1089.0,33.0
9072,90720.0,1790707336147,12285259070500,1129.0,30.0
9073,90730.0,1790707336157,12285268842900,1128.0,32.0
9074,90740.0,1790707336167,12285278706000,1110.0,52.0
9075,90750.0,1790707336177,12285288720000,1131.0,47.0
9076,90760.0,1790707336187,12285298918300,1140.0,52.0
9077,90770.0,1790707336197,12285308996100,1127.0,51.0
9078,90780.0,1790707336207,12285318927500,1134.0,50.0
9079,90790.0,1790707336217,12285328517300,1146.0,63.0
9080,90800.0,1790707336228,12285340256700,1143.0,42.0
9081,90810.0,1790707336238,12285349838400,1158.0,48.0
9082,90820.0,1790707336247,12285359324300,1154.0,44.0
9083,90830.0,1790707336258,12285369492200,1159.0,42.0
9084,90840.0,1790707336267,12285379111600,1160.0,50.0
9085,90850.0,1790707336279,12285391459000,1150.0,44.0
9086,90860.0,1790707336287,12285398796500,1158.0,39.0
9087,90870.0,1790707336297,12285408797300,1157.0,49.0
9088,90880.0,1790707336307,12285418661700,1153.0,48.0
9089,90890.0,1790707336317,12285428752500,1173.0,38.0
9090,90900.0,1790707336327,12285438762800,1166.0,39.0
9091,90910.0,1790707336337,12285449076100,1164.0,50.0
9092,90920.0,1790707336347,12285458970600,1192.0,55.0
9093,90930.0,1790707336357,12285469126300,1199.0,19.0
9094,90940.0,1790707336368,12285480376700,1188.0,41.0
9095,90950.0,1790707336380,12285491524100,1185.0,61.0
9096,90960.0,1790707336389,12285500658200,1196.0,49.0
9097,90970.0,1790707336399,12285510705900,1174.0,40.0
9098,90980.0,1790707336408,12285520240900,1169.0,45.0
9099,90990.0,1790707336418,12285530160500,1173.0,40.0
9100,91000.0,1790707336428,12285539477900,1179.0,38.0
9101,91010.0,1790707336438,12285549544500,1189.0,33.0
9102,91020.0,1790707336448,12285559707400,1180.0,30.0
9103,91030.0,1790707336459,12285570602900,1201.0,37.0
9104,91040.0,1790707336468,12285579608400,1186.0,15.0
9105,91050.0,1790707336477,12285589405200,1189.0,29.0
9106,91060.0,1790707336488,12285599788100,1184.0,37.0
9107,91070.0,1790707336498,12285610036400,1183.0,51.0
9108,91080.0,1790707336508,12285620060100,1187.0,45.0
9109,91090.0,1790707336518,12285630088800,1189.0,45.0
9110,91100.0,1790707336528,12285639622700,1180.0,31.0
9111,91110.0,1790707336538,12285649862800,1191.0,32.0
9112,91120.0,1790707336548,12285659777700,1207.0,45.0
9113,91130.0,1790707336558,12285669640500,1216.0,31.0
9114,91140.0,1790707336567,12285679401300,1218.0,24.0
9115,91150.0,1790707336577,12285689319900,1224.0,39.0
9116,91160.0,1790707336588,12285699829600,1226.0,35.0
9117,91170.0,1790707336597,12285709360100,1247.0,37.0
9118,91180.0,1790707336609,12285721261700,1234.0,33.0
9119,91190.0,1790707336619,12285731284400,1237.0,27.0
9120,91200.0,1790707336629,12285740667400,1241.0,33.0
9121,91210.0,1790707336639,12285750917400,1237.0,18.0
9122,91220.0,1790707336649,12285760694900,1238.0,6.0
9123,91230.0,1790707336659,12285771064800,1236.0,21.0
9124,91240.0,1790707336669,12285780912900,1226.0,24.0
9125,91250.0,1790707336679,12285790942100,1222.0,30.0
9126,91260.0,1790707336689,12285801054100,1227.0,31.0
9127,91270.0,1790707336698,12285809749800,1227.0,32.0
9128,91280.0,1790707336708,12285820040600,1216.0,39.0
9129,91290.0,1790707336727,12285839315400,1216.0,38.0
9130,91300.0,1790707336729,12285840737700,1197.0,39.0
9131,91310.0,1790707336807,12285919245000,1209.0,47.0
9132,91320.0,1790707336892,12286004377900,1208.0,29.0
9133,91330.0,1790707336894,12286006230600,1204.0,25.0
9134,91340.0,1790707336898,12286009965400,1220.0,36.0
9135,91350.0,1790707336900,12286011473800,1213.0,30.0
9136,91360.0,1790707336901,12286012765000,1212.0,27.0
9137,91370.0,1790707336902,12286014056400,1202.0,39.0
9138,91380.0,1790707336903,12286015239200,1211.0,27.0
9139,91390.0,1790707336904,12286016365300,1196.0,20.0
9140,91400.0,1790707336906,12286017471200,1207.0,23.0
9141,91410.0,1790707336907,12286018690300,1212.0,30.0
9142,91420.0,1790707336908,12286020100600,1183.0,14.0
9143,91430.0,1790707336910,12286022143100,1205.0,8.0
9144,91440.0,1790707336914,12286026368700,1203.0,12.0
9145,91450.0,1790707336916,12286027825200,1201.0,7.0
9146,91460.0,1790707336917,12286029015800,1203.0,18.0
9147,91470.0,1790707336918,12286030190500,1185.0,21.0
9148,91480.0,1790707336919,12286031415300,1197.0,15.0
9149,91490.0,1790707336921,12286032561800,1189.0,15.0
9150,91500.0,1790707336928,12286039996600,1185.0,11.0
9151,91510.0,1790707336938,12286049996900,1188.0,17.0
9152,91520.0,1790707336948,12286060079600,1189.0,25.0
9153,91530.0,1790707336958,12286069988900,1188.0,9.0
9154,91540.0,1790707336968,12286080111500,1197.0,19.0
9155,91550.0,1790707336979,12286090810600,1209.0,19.0
9156,91560.0,1790707336988,12286100092700,1202.0,31.0
9157,91570.0,1790707336998,12286110217200,1188.0,23.0
9158,91580.0,1790707337008,12286120217700,1199.0,38.0
9159,91590.0,1790707337018,12286130273300,1193.0,24.0
9160,91600.0,1790707337028,12286140361100,1193.0,45.0
9161,91610.0,1790707337038,12286150306800,1209.0,50.0
9162,91620.0,1790707337048,12286160063500,1209.0,27.0
9163,91630.0,1790707337058,12286170077400,1223.0,30.0
9164,91640.0,1790707337068,12286180102500,1222.0,31.0
9165,91650.0,1790707337078,12286190166400,1237.0,47.0
9166,91660.0,1790707337088,12286200189100,1242.0,28.0
9167,91670.0,1790707337098,12286210281900,1247.0,26.0
9168,91680.0,1790707337108,12286220301100,1244.0,38.0
9169,91690.0,1790707337118,12286230354700,1261.0,39.0
9170,91700.0,1790707337128,12286240317000,1272.0,40.0
9171,91710.0,1790707337139,12286250576200,1292.0,38.0
9172,91720.0,1790707337149,12286260964600,1289.0,23.0
9173,91730.0,1790707337158,12286270495500,1320.0,42.0
9174,91740.0,1790707337170,12286281684600,1337.0,40.0
9175,91750.0,1790707337179,12286291047000,1358.0,27.0
9176,91760.0,1790707337190,12286301545400,1358.0,37.0
9177,91770.0,1790707337200,12286311873700,1377.0,38.0
9178,91780.0,1790707337210,12286322060300,1392.0,42.0
9179,91790.0,1790707337220,12286331683700,1413.0,52.0
9180,91800.0,1790707337230,12286341840800,1433.0,34.0
9181,91810.0,1790707337240,12286351852700,1438.0,39.0
9182,91820.0,1790707337250,12286362078300,1461.0,34.0
9183,91830.0,1790707337259,12286371033400,1449.0,32.0
9184,91840.0,1790707337269,12286381363000,1471.0,31.0
9185,91850.0,1790707337279,12286390836000,1491.0,31.0
9186,91860.0,1790707337290,12286401984400,1483.0,29.0
9187,91870.0,1790707337300,12286411473400,1502.0,25.0
9188,91880.0,1790707337310,12286421536500,1492.0,26.0
9189,91890.0,1790707337319,12286430800300,1503.0,23.0
9190,91900.0,1790707337329,12286440994500,1486.0,32.0
9191,91910.0,1790707337339,12286451078700,1507.0,34.0
9192,91920.0,1790707337350,12286462172000,1505.0,24.0
9193,91930.0,1790707337361,12286473031200,1495.0,27.0
9194,91940.0,1790707337370,12286482470300,1492.0,37.0
9195,91950.0,1790707337380,12286492011900,1483.0,36.0
9196,91960.0,1790707337389,12286501394800,1473.0,19.0
9197,91970.0,1790707337400,12286511476300,1489.0,13.0
9198,91980.0,1790707337410,12286521684000,1487.0,12.0
9199,91990.0,1790707337419,12286531053900,1491.0,24.0
9200,92000.0,1790707337429,12286541294700,1500.0,17.0
9201,92010.0,1790707337440,12286551474800,1504.0,28.0
9202,92020.0,1790707337449,12286561290600,1484.0,36.0
9203,92030.0,1790707337459,12286571471500,1492.0,38.0
9204,92040.0,1790707337470,12286581628200,1495.0,40.0
9205,92050.0,1790707337479,12286591252400,1503.0,33.0
9206,92060.0,1790707337489,12286601286500,1495.0,27.0
9207,92070.0,1790707337499,12286611405600,1508.0,39.0
9208,92080.0,1790707337509,12286621358400,1496.0,38.0
9209,92090.0,1790707337519,12286631111000,1500.0,33.0
9210,92100.0,1790707337529,12286641141100,1515.0,30.0
9211,92110.0,1790707337539,12286651170600,1507.0,32.0
9212,92120.0,1790707337550,12286661627100,1507.0,52.0
9213,92130.0,1790707337559,12286671267100,1519.0,40.0
9214,92140.0,1790707337570,12286681649500,1508.0,47.0
9215,92150.0,1790707337580,12286691605700,1505.0,40.0
9216,92160.0,1790707337590,12286701491800,1510.0,43.0
9217,92170.0,1790707337600,12286711939100,1523.0,37.0
9218,92180.0,1790707337610,12286721751300,1510.0,32.0
9219,92190.0,1790707337620,12286731728100,1514.0,34.0
9220,92200.0,1790707337630,12286741777300,1522.0,45.0
9221,92210.0,1790707337640,12286751624300,1499.0,36.0
9222,92220.0,1790707337650,12286761883700,1511.0,34.0
9223,92230.0,1790707337660,12286771593600,1506.0,42.0
9224,92240.0,1790707337670,12286781709300,1510.0,30.0
9225,92250.0,1790707337680,12286792176500,1500.0,42.0
9226,92260.0,1790707337690,12286802153500,1491.0,40.0
9227,92270.0,1790707337700,12286812132600,1509.0,45.0
9228,92280.0,1790707337710,12286821738400,1505.0,34.0
9229,92290.0,1790707337727,12286839237300,1514.0,47.0
9230,92300.0,1790707337729,12286841433500,1510.0,41.0
9231,92310.0,1790707337815,12286927272200,1511.0,36.0
9232,92320.0,1790707337885,12286996687200,1519.0,24.0
9233,92330.0,1790707337886,12286998010100,1509.0,38.0
9234,92340.0,1790707337887,12286999067000,1506.0,30.0
9235,92350.0,1790707337888,12287000056300,1526.0,41.0
9236,92360.0,1790707337889,12287001112800,1509.0,50.0
9237,92370.0,1790707337890,12287002156600,1517.0,46.0
9238,92380.0,1790707337892,12287003492900,1521.0,44.0
9239,92390.0,1790707337893,12287005279400,1504.0,50.0
9240,92400.0,1790707337895,12287006852500,1515.0,33.0
9241,92410.0,1790707337896,12287008018500,1510.0,38.0
9242,92420.0,1790707337897,12287009203400,1525.0,41.0
9243,92430.0,1790707337902,12287013530600,1540.0,31.0
9244,92440.0,1790707337903,12287014516300,1521.0,48.0
9245,92450.0,1790707337903,12287015436500,1526.0,38.0
9246,92460.0,1790707337904,12287016462700,1533.0,43.0
9247,92470.0,1790707337905,12287017396600,1516.0,47.0
9248,92480.0,1790707337910,12287022318800,1515.0,40.0
9249,92490.0,1790707337920,12287032114200,1501.0,40.0
9250,92500.0,1790707337930,12287041899100,1495.0,38.0
9251,92510.0,1790707337940,12287052449600,1504.0,32.0
9252,92520.0,1790707337950,12287062232600,1521.0,38.0
9253,92530.0,1790707337960,12287072133900,1514.0,32.0
9254,92540.0,1790707337970,12287082071000,1513.0,35.0
9255,92550.0,1790707337980,12287092073100,1518.0,38.0
9256,92560.0,1790707337990,12287102132500,1517.0,44.0
9257,92570.0,1790707338000,12287112059100,1520.0,52.0
9258,92580.0,1790707338010,12287122241300,1510.0,32.0
9259,92590.0,1790707338020,12287132129900,1503.0,32.0
9260,92600.0,1790707338030,12287142277000,1488.0,52.0
9261,92610.0,1790707338041,12287152557600,1497.0,28.0
9262,92620.0,1790707338050,12287162307300,1485.0,59.0
9263,92630.0,1790707338060,12287172381500,1474.0,44.0
9264,92640.0,1790707338071,12287182647500,1472.0,47.0
9265,92650.0,1790707338080,12287192383700,1475.0,28.0
9266,92660.0,1790707338090,12287202434500,1489.0,34.0
9267,92670.0,1790707338101,12287212701900,1486.0,47.0
9268,92680.0,1790707338111,12287223415000,1479.0,48.0
9269,92690.0,1790707338121,12287232798900,1491.0,59.0
9270,92700.0,1790707338132,12287243853500,1498.0,53.0
9271,92710.0,1790707338141,12287252903300,1489.0,50.0
9272,92720.0,1790707338151,12287262566700,1487.0,52.0
9273,92730.0,1790707338162,12287273881700,1485.0,45.0
9274,92740.0,1790707338171,12287282832100,1494.0,53.0
9275,92750.0,1790707338181,12287292551200,1494.0,29.0
9276,92760.0,1790707338190,12287302461200,1500.0,55.0
9277,92770.0,1790707338201,12287312589200,1490.0,49.0
9278,92780.0,1790707338211,12287322556200,1483.0,56.0
9279,92790.0,1790707338221,12287332559200,1480.0,66.0
9280,92800.0,1790707338231,12287342789200,1467.0,59.0
9281,92810.0,1790707338241,12287353125700,1468.0,59.0
9282,92820.0,1790707338251,12287362976400,1464.0,67.0
9283,92830.0,1790707338261,12287373191700,1466.0,68.0
9284,92840.0,1790707338271,12287382701800,1455.0,57.0
9285,92850.0,1790707338281,12287392719900,1460.0,72.0
9286,92860.0,1790707338293,12287404518300,1451.0,46.0
9287,92870.0,1790707338301,12287412997400,1442.0,50.0
9288,92880.0,1790707338311,12287422874600,1436.0,59.0
9289,92890.0,1790707338321,12287432952000,1426.0,43.0
9290,92900.0,1790707338331,12287443021300,1409.0,53.0
9291,92910.0,1790707338341,12287453193400,1402.0,62.0
9292,92920.0,1790707338351,12287463159200,1396.0,41.0
9293,92930.0,1790707338361,12287473172000,1391.0,57.0
9294,92940.0,1790707338371,12287483163800,1380.0,53.0
9295,92950.0,1790707338381,12287493423200,1368.0,60.0
9296,92960.0,1790707338392,12287503520000,1385.0,59.0
9297,92970.0,1790707338401,12287513140500,1377.0,21.0
9298,92980.0,1790707338411,12287523186300,1391.0,42.0
9299,92990.0,1790707338421,12287533234200,1368.0,32.0
9300,93000.0,1790707338431,12287543335600,1377.0,47.0
9301,93010.0,1790707338441,12287553325100,1381.0,55.0
9302,93020.0,1790707338452,12287563501900,1386.0,41.0
9303,93030.0,1790707338461,12287573439400,1388.0,34.0
9304,93040.0,1790707338472,12287583937200,1383.0,47.0
9305,93050.0,1790707338482,12287593674000,1401.0,49.0
9306,93060.0,1790707338493,12287604482500,1413.0,31.0
9307,93070.0,1790707338502,12287614017700,1428.0,42.0
9308,93080.0,1790707338512,12287623950800,1431.0,47.0
9309,93090.0,1790707338522,12287634227000,1430.0,36.0
9310,93100.0,1790707338532,12287644255900,1441.0,42.0
9311,93110.0,1790707338542,12287654112900,1439.0,67.0
9312,93120.0,1790707338552,12287664280400,1432.0,42.0
9313,93130.0,1790707338562,12287674176900,1420.0,72.0
9314,93140.0,1790707338572,12287684426200,1429.0,48.0
9315,93150.0,1790707338582,12287694088100,1438.0,51.0
9316,93160.0,1790707338592,12287704183900,1429.0,43.0
9317,93170.0,1790707338602,12287714057400,1423.0,42.0
9318,93180.0,1790707338612,12287723929400,1415.0,61.0
9319,93190.0,1790707338622,12287733900900,1421.0,59.0
9320,93200.0,1790707338632,12287743982100,1425.0,53.0
9321,93210.0,1790707338642,12287753857300,1416.0,71.0
9322,93220.0,1790707338652,12287764177000,1405.0,85.0
9323,93230.0,1790707338662,12287773928600,1396.0,78.0
9324,93240.0,1790707338672,12287784229800,1390.0,81.0
9325,93250.0,1790707338682,12287794319600,1386.0,72.0
9326,93260.0,1790707338692,12287804008200,1383.0,73.0
9327,93270.0,1790707338703,12287814971900,1368.0,62.0
9328,93280.0,1790707338714,12287825809700,1373.0,60.0
9329,93290.0,1790707338723,12287834684600,1359.0,82.0
9330,93300.0,1790707338733,12287844524300,1365.0,60.0
9331,93310.0,1790707338742,12287854125800,1361.0,71.0
9332,93320.0,1790707338752,12287864382100,1352.0,71.0
9333,93330.0,1790707338771,12287883049300,1343.0,71.0
9334,93340.0,1790707338775,12287887013700,1338.0,69.0
9335,93350.0,1790707338804,12287915566800,1328.0,64.0
9336,93360.0,1790707338815,12287926867700,1330.0,62.0
9337,93370.0,1790707338818,12287929752200,1324.0,63.0
9338,93380.0,1790707338820,12287931710300,1319.0,52.0
9339,93390.0,1790707338822,12287933818400,1318.0,55.0
9340,93400.0,1790707338832,12287944116400,1319.0,61.0
9341,93410.0,1790707338842,12287954183000,1316.0,50.0
9342,93420.0,1790707338852,12287964016500,1301.0,44.0
9343,93430.0,1790707338862,12287974065500,1305.0,37.0
9344,93440.0,1790707338873,12287985283600,1305.0,54.0
9345,93450.0,1790707338883,12287995386900,1284.0,69.0
9346,93460.0,1790707338894,12288006443500,1279.0,68.0
9347,93470.0,1790707338920,12288031625600,1286.0,49.0
9348,93480.0,1790707338922,12288033650300,1283.0,55.0
9349,93490.0,1790707338923,12288035463300,1269.0,56.0
9350,93500.0,1790707339034,12288146275500,1266.0,45.0
9351,93510.0,1790707339037,12288148810800,1278.0,47.0
9352,93520.0,1790707339038,12288150240700,1270.0,58.0
9353,93530.0,1790707339040,12288151490500,1244.0,56.0
9354,93540.0,1790707339041,12288152960900,1234.0,47.0
9355,93550.0,1790707339043,12288154502900,1248.0,53.0
9356,93560.0,1790707339044,12288156033900,1232.0,50.0
9357,93570.0,1790707339045,12288157375800,1220.0,48.0
9358,93580.0,1790707339047,12288158807000,1239.0,50.0
9359,93590.0,1790707339048,12288160088600,1232.0,53.0
9360,93600.0,1790707339049,12288161424200,1233.0,48.0
9361,93610.0,1790707339051,12288162665800,1226.0,45.0
9362,93620.0,1790707339052,12288164278100,1227.0,41.0
9363,93630.0,1790707339062,12288174350100,1244.0,39.0
9364,93640.0,1790707339072,12288184397300,1223.0,42.0
9365,93650.0,1790707339083,12288194490000,1228.0,45.0
9366,93660.0,1790707339093,12288204486000,1213.0,42.0
9367,93670.0,1790707339103,12288214508400,1219.0,44.0
9368,93680.0,1790707339113,12288224530300,1235.0,41.0
9369,93690.0,1790707339123,12288234513500,1208.0,50.0
9370,93700.0,1790707339133,12288244645400,1226.0,46.0
9371,93710.0,1790707339143,12288254668600,1219.0,40.0
9372,93720.0,1790707339153,12288264640800,1231.0,40.0
9373,93730.0,1790707339163,12288274707300,1242.0,46.0
9374,93740.0,1790707339173,12288284768400,1238.0,44.0
9375,93750.0,1790707339183,12288294808500,1248.0,47.0
9376,93760.0,1790707339193,12288304809200,1255.0,51.0
9377,93770.0,1790707339203,12288314874500,1245.0,65.0
9378,93780.0,1790707339213,12288324890200,1246.0,52.0
9379,93790.0,1790707339223,12288334870200,1253.0,47.0
9380,93800.0,1790707339233,12288344650900,1242.0,52.0
9381,93810.0,1790707339243,12288354742300,1255.0,34.0
9382,93820.0,1790707339253,12288364640900,1260.0,42.0
9383,93830.0,1790707339263,12288374699100,1257.0,35.0
9384,93840.0,1790707339273,12288384721400,1261.0,36.0
9385,93850.0,1790707339283,12288394794500,1269.0,47.0
9386,93860.0,1790707339296,12288407760200,1281.0,46.0
9387,93870.0,1790707339303,12288414745200,1264.0,31.0
9388,93880.0,1790707339314,12288425803000,1273.0,37.0
9389,93890.0,1790707339324,12288436461400,1284.0,53.0
9390,93900.0,1790707339335,12288446563600,1263.0,35.0
9391,93910.0,1790707339345,12288456530200,1269.0,63.0
9392,93920.0,1790707339354,12288465943900,1272.0,47.0
9393,93930.0,1790707339364,12288476137100,1270.0,50.0
9394,93940.0,1790707339374,12288486113100,1271.0,47.0
9395,93950.0,1790707339384,12288495638100,1274.0,48.0
9396,93960.0,1790707339394,12288505792000,1277.0,38.0
9397,93970.0,1790707339404,12288515586300,1278.0,33.0
9398,93980.0,1790707339414,12288525755800,1272.0,30.0
9399,93990.0,1790707339423,12288535298200,1283.0,47.0
9400,94000.0,1790707339433,12288545304900,1278.0,46.0
9401,94010.0,1790707339443,12288555418600,1288.0,54.0
9402,94020.0,1790707339453,12288565321200,1283.0,43.0
9403,94030.0,1790707339463,12288575427300,1275.0,44.0
9404,94040.0,1790707339474,12288585710600,1276.0,39.0
9405,94050.0,1790707339485,12288596915500,1293.0,37.0
9406,94060.0,1790707339494,12288606308900,1278.0,41.0
9407,94070.0,1790707339503,12288615438900,1282.0,35.0
9408,94080.0,1790707339514,12288625485000,1285.0,32.0
9409,94090.0,1790707339523,12288635467000,1285.0,29.0
9410,94100.0,1790707339534,12288645903100,1284.0,52.0
9411,94110.0,1790707339544,12288655765000,1279.0,47.0
9412,94120.0,1790707339554,12288666173200,1281.0,32.0
9413,94130.0,1790707339564,12288675519700,1285.0,58.0
9414,94140.0,1790707339574,12288685682600,1279.0,42.0
9415,94150.0,1790707339584,12288696175800,1275.0,31.0
9416,94160.0,1790707339594,12288705901900,1280.0,46.0
9417,94170.0,1790707339604,12288716335900,1288.0,55.0
9418,94180.0,1790707339614,12288725770900,1293.0,37.0
9419,94190.0,1790707339624,12288736244000,1308.0,41.0
9420,94200.0,1790707339634,12288745812700,1287.0,36.0
9421,94210.0,1790707339646,12288757702200,1297.0,43.0
9422,94220.0,1790707339655,12288767109600,1281.0,30.0
9423,94230.0,1790707339664,12288776223900,1295.0,47.0
9424,94240.0,1790707339674,12288786355900,1288.0,37.0
9425,94250.0,1790707339684,12288795950400,1282.0,51.0
9426,94260.0,1790707339694,12288806301200,1299.0,56.0
9427,94270.0,1790707339704,12288816317000,1288.0,43.0
9428,94280.0,1790707339714,12288825723600,1291.0,43.0
9429,94290.0,1790707339726,12288838408300,1291.0,32.0
9430,94300.0,1790707339735,12288846668500,1301.0,31.0
9431,94310.0,1790707339744,12288856437600,1282.0,40.0
9432,94320.0,1790707339755,12288866572000,1295.0,33.0
9433,94330.0,1790707339764,12288875927400,1287.0,47.0
9434,94340.0,1790707339774,12288886337200,1280.0,27.0
9435,94350.0,1790707339784,12288896143300,1288.0,53.0
9436,94360.0,1790707339794,12288906009300,1278.0,37.0
9437,94370.0,1790707339804,12288916004800,1284.0,40.0
9438,94380.0,1790707339814,12288926127900,1262.0,36.0
9439,94390.0,1790707339824,12288936468900,1260.0,33.0
9440,94400.0,1790707339834,12288946228500,1274.0,40.0
9441,94410.0,1790707339845,12288956594100,1258.0,42.0
9442,94420.0,1790707339855,12288966600600,1258.0,56.0
9443,94430.0,1790707339865,12288976686700,1269.0,45.0
9444,94440.0,1790707339874,12288986375200,1260.0,38.0
9445,94450.0,1790707339885,12288996722200,1264.0,31.0
9446,94460.0,1790707339895,12289006683400,1263.0,26.0
9447,94470.0,1790707339905,12289017466500,1261.0,43.0
9448,94480.0,1790707339918,12289029500700,1275.0,34.0
9449,94490.0,1790707339984,12289095474900,1263.0,38.0
9450,94500.0,1790707340031,12289143246700,1254.0,57.0
9451,94510.0,1790707340033,12289144830700,1265.0,35.0
9452,94520.0,1790707340034,12289146246400,1252.0,42.0
9453,94530.0,1790707340036,12289147500900,1256.0,46.0
9454,94540.0,1790707340037,12289148687700,1260.0,41.0
9455,94550.0,1790707340038,12289149894900,1252.0,46.0
9456,94560.0,1790707340039,12289151049900,1261.0,35.0
9457,94570.0,1790707340041,12289152543300,1265.0,48.0
9458,94580.0,1790707340042,12289154048600,1250.0,52.0
9459,94590.0,1790707340043,12289155349700,1255.0,24.0
9460,94600.0,1790707340045,12289156535100,1258.0,38.0
9461,94610.0,1790707340046,12289157695200,1247.0,38.0
9462,94620.0,1790707340055,12289166592900,1243.0,61.0
9463,94630.0,1790707340065,12289176713500,1221.0,61.0
9464,94640.0,1790707340075,12289186834700,1235.0,46.0
9465,94650.0,1790707340085,12289196681500,1227.0,50.0
9466,94660.0,1790707340095,12289206991400,1233.0,43.0
9467,94670.0,1790707340105,12289216710800,1242.0,46.0
9468,94680.0,1790707340115,12289226799400,1242.0,50.0
9469,94690.0,1790707340125,12289236897500,1242.0,43.0
9470,94700.0,1790707340135,12289246785500,1241.0,41.0
9471,94710.0,1790707340145,12289256882000,1247.0,42.0
9472,94720.0,1790707340155,12289266902000,1233.0,39.0
9473,94730.0,1790707340165,12289277004900,1253.0,45.0
9474,94740.0,1790707340175,12289287151400,1264.0,37.0
9475,94750.0,1790707340185,12289296973000,1253.0,51.0
9476,94760.0,1790707340195,12289307070900,1266.0,36.0
9477,94770.0,1790707340205,12289317082000,1254.0,45.0
9478,94780.0,1790707340215,12289327146600,1272.0,53.0
9479,94790.0,1790707340225,12289337102300,1283.0,47.0
9480,94800.0,1790707340235,12289346851500,1274.0,51.0
9481,94810.0,1790707340245,12289356933000,1299.0,36.0
9482,94820.0,1790707340255,12289366940500,1311.0,32.0
9483,94830.0,1790707340265,12289376974400,1317.0,42.0
9484,94840.0,1790707340275,12289386965300,1335.0,36.0
9485,94850.0,1790707340285,12289397066800,1345.0,28.0
9486,94860.0,1790707340295,12289407082300,1343.0,43.0
9487,94870.0,1790707340305,12289417071800,1365.0,31.0
9488,94880.0,1790707340315,12289427139500,1365.0,41.0
9489,94890.0,1790707340325,12289437188400,1382.0,39.0
9490,94900.0,1790707340335,12289447307000,1382.0,31.0
9491,94910.0,1790707340345,12289457295800,1397.0,36.0
9492,94920.0,1790707340355,12289467415700,1419.0,33.0
9493,94930.0,1790707340365,12289477337300,1435.0,33.0
9494,94940.0,1790707340375,12289487358600,1436.0,26.0
9495,94950.0,1790707340385,12289497402800,1456.0,20.0
9496,94960.0,1790707340395,12289507440400,1458.0,28.0
9497,94970.0,1790707340405,12289517438900,1462.0,12.0
9498,94980.0,1790707340415,12289527455700,1483.0,25.0
9499,94990.0,1790707340426,12289537532100,1489.0,36.0
9500,95000.0,1790707340436,12289547560400,1490.0,35.0
9501,95010.0,1790707340446,12289557592300,1489.0,24.0
9502,95020.0,1790707340455,12289567312500,1496.0,28.0
9503,95030.0,1790707340465,12289577357800,1487.0,28.0
9504,95040.0,1790707340475,12289587431600,1495.0,20.0
9505,95050.0,1790707340485,12289597433400,1489.0,25.0
9506,95060.0,1790707340496,12289607487900,1479.0,18.0
9507,95070.0,1790707340506,12289617573200,1497.0,45.0
9508,95080.0,1790707340516,12289627539500,1477.0,36.0
9509,95090.0,1790707340526,12289637645600,1466.0,41.0
9510,95100.0,1790707340536,12289647587100,1446.0,42.0
9511,95110.0,1790707340546,12289657635000,1433.0,43.0
9512,95120.0,1790707340556,12289667683100,1425.0,26.0
9513,95130.0,1790707340566,12289677701300,1410.0,16.0
9514,95140.0,1790707340576,12289687745500,1397.0,20.0
9515,95150.0,1790707340586,12289697746800,1389.0,23.0
9516,95160.0,1790707340596,12289707833400,1358.0,23.0
9517,95170.0,1790707340606,12289718147100,1353.0,18.0
9518,95180.0,1790707340616,12289727898900,1340.0,5.0
9519,95190.0,1790707340626,12289737948600,1335.0,19.0
9520,95200.0,1790707340636,12289747953100,1317.0,20.0
9521,95210.0,1790707340646,12289757988600,1299.0,15.0
9522,95220.0,1790707340656,12289768119300,1279.0,15.0
9523,95230.0,1790707340666,12289778053400,1280.0,21.0
9524,95240.0,1790707340677,12289788716900,1260.0,4.0
9525,95250.0,1790707340686,12289797810900,1263.0,8.0
9526,95260.0,1790707340696,12289807847600,1238.0,12.0
9527,95270.0,1790707340706,12289817985700,1264.0,12.0
9528,95280.0,1790707340716,12289827906800,1258.0,19.0
9529,95290.0,1790707340726,12289837905500,1266.0,28.0
9530,95300.0,1790707340736,12289847941400,1261.0,20.0
9531,95310.0,1790707340746,12289858088400,1244.0,35.0
9532,95320.0,1790707340756,12289868141700,1248.0,38.0
9533,95330.0,1790707340766,12289878114200,1252.0,42.0
9534,95340.0,1790707340776,12289888120600,1245.0,36.0
9535,95350.0,1790707340786,12289898428300,1242.0,41.0
9536,95360.0,1790707340815,12289926763200,1239.0,38.0
9537,95370.0,1790707340822,12289933582200,1245.0,29.0
9538,95380.0,1790707340838,12289949844000,1250.0,29.0
9539,95390.0,1790707340839,12289951200400,1245.0,45.0
9540,95400.0,1790707340841,12289952522900,1241.0,38.0
9541,95410.0,1790707340847,12289958481200,1258.0,40.0
9542,95420.0,1790707340857,12289968497200,1273.0,32.0
9543,95430.0,1790707340866,12289978469300,1279.0,34.0
9544,95440.0,1790707340877,12289988533700,1272.0,49.0
9545,95450.0,1790707340886,12289998289600,1280.0,47.0
9546,95460.0,1790707340897,12290008685100,1281.0,37.0
9547,95470.0,1790707340906,12290018360800,1292.0,33.0
9548,95480.0,1790707340958,12290069917700,1309.0,38.0
9549,95490.0,1790707341081,12290192981400,1315.0,31.0
9550,95500.0,1790707341082,12290194418900,1328.0,30.0
9551,95510.0,1790707341084,12290195669800,1339.0,41.0
9552,95520.0,1790707341085,12290196943900,1353.0,45.0
9553,95530.0,1790707341087,12290198750800,1345.0,46.0
9554,95540.0,1790707341088,12290200304900,1356.0,27.0
9555,95550.0,1790707341090,12290201781600,1366.0,38.0
9556,95560.0,1790707341092,12290204063400,1382.0,25.0
9557,95570.0,1790707341094,12290205510700,1388.0,29.0
9558,95580.0,1790707341096,12290207818900,1394.0,34.0
9559,95590.0,1790707341097,12290209216100,1405.0,23.0
9560,95600.0,1790707341098,12290210423700,1406.0,15.0
9561,95610.0,1790707341100,12290211570900,1415.0,31.0
9562,95620.0,1790707341101,12290212667900,1430.0,40.0
9563,95630.0,1790707341102,12290214028900,1445.0,32.0
9564,95640.0,1790707341104,12290215588700,1441.0,39.0
9565,95650.0,1790707341105,12290216675300,1443.0,19.0
9566,95660.0,1790707341106,12290217960300,1450.0,20.0
9567,95670.0,1790707341108,12290219718800,1445.0,22.0
9568,95680.0,1790707341117,12290228703800,1448.0,32.0
9569,95690.0,1790707341127,12290238772500,1464.0,27.0
9570,95700.0,1790707341137,12290248915100,1472.0,26.0
9571,95710.0,1790707341147,12290258981400,1484.0,27.0
9572,95720.0,1790707341157,12290268974200,1483.0,16.0
9573,95730.0,1790707341167,12290278873200,1485.0,29.0
9574,95740.0,1790707341177,12290288903300,1485.0,23.0
9575,95750.0,1790707341187,12290299177500,1494.0,21.0
9576,95760.0,1790707341197,12290309193600,1489.0,21.0
9577,95770.0,1790707341208,12290319802400,1476.0,44.0
9578,95780.0,1790707341217,12290329063100,1486.0,51.0
9579,95790.0,1790707341227,12290339123800,1502.0,50.0
9580,95800.0,1790707341237,12290349202400,1491.0,34.0
9581,95810.0,1790707341247,12290359243400,1503.0,25.0
9582,95820.0,1790707341257,12290369410500,1503.0,32.0
9583,95830.0,1790707341267,12290379307300,1519.0,42.0
9584,95840.0,1790707341277,12290389315500,1516.0,42.0
9585,95850.0,1790707341287,12290399394100,1509.0,30.0
9586,95860.0,1790707341297,12290409417800,1504.0,34.0
9587,95870.0,1790707341311,12290422592300,1489.0,47.0
9588,95880.0,1790707341318,12290430466200,1500.0,45.0
9589,95890.0,1790707341329,12290440735700,1492.0,59.0
9590,95900.0,1790707341339,12290450904500,1504.0,36.0
9591,95910.0,1790707341349,12290460967200,1494.0,32.0
9592,95920.0,1790707341359,12290470525400,1489.0,47.0
9593,95930.0,1790707341369,12290480961700,1496.0,35.0
9594,95940.0,1790707341379,12290491415200,1512.0,39.0
9595,95950.0,1790707341389,12290500992700,1497.0,40.0
9596,95960.0,1790707341399,12290511055800,1493.0,30.0
9597,95970.0,1790707341409,12290520891400,1508.0,38.0
9598,95980.0,1790707341419,12290531307500,1501.0,42.0
9599,95990.0,1790707341429,12290541056200,1488.0,45.0
9600,96000.0,1790707341440,12290551482200,1487.0,53.0
9601,96010.0,1790707341449,12290560773400,1493.0,64.0
9602,96020.0,1790707341459,12290570844500,1493.0,39.0
9603,96030.0,1790707341469,12290580504300,1518.0,29.0
9604,96040.0,1790707341478,12290589866400,1497.0,35.0
9605,96050.0,1790707341489,12290600868800,1494.0,41.0
9606,96060.0,1790707341498,12290609955200,1502.0,44.0
9607,96070.0,1790707341508,12290620039100,1502.0,45.0
9608,96080.0,1790707341519,12290631314900,1499.0,33.0
9609,96090.0,1790707341530,12290641936600,1484.0,38.0
9610,96100.0,1790707341541,12290652983300,1488.0,41.0
9611,96110.0,1790707341549,12290661424400,1502.0,45.0
9612,96120.0,1790707341560,12290671728600,1512.0,47.0
9613,96130.0,1790707341569,12290680561500,1502.0,51.0
9614,96140.0,1790707341579,12290690484400,1488.0,22.0
9615,96150.0,1790707341588,12290699852200,1494.0,29.0
9616,96160.0,1790707341598,12290709922500,1514.0,30.0
9617,96170.0,1790707341608,12290720051900,1495.0,26.0
9618,96180.0,1790707341619,12290731268300,1509.0,40.0
9619,96190.0,1790707341629,12290741417700,1499.0,35.0
9620,96200.0,1790707341640,12290751492900,1490.0,58.0
9621,96210.0,1790707341649,12290761303500,1494.0,61.0
9622,96220.0,1790707341661,12290772856900,1503.0,28.0
9623,96230.0,1790707341669,12290781468800,1485.0,43.0
9624,96240.0,1790707341680,12290791790400,1469.0,46.0
9625,96250.0,1790707341690,12290802333300,1489.0,53.0
9626,96260.0,1790707341700,12290811499600,1481.0,44.0
9627,96270.0,1790707341709,12290820821900,1492.0,44.0
9628,96280.0,1790707341719,12290830503000,1491.0,34.0
9629,96290.0,1790707341729,12290840996300,1487.0,29.0
9630,96300.0,1790707341739,12290851410400,1477.0,34.0
9631,96310.0,1790707341749,12290861041500,1491.0,41.0
9632,96320.0,1790707341759,12290870907200,1481.0,32.0
9633,96330.0,1790707341769,12290881183900,1468.0,35.0
9634,96340.0,1790707341779,12290891097100,1467.0,50.0
9635,96350.0,1790707341790,12290901620800,1459.0,46.0
9636,96360.0,1790707341799,12290911055600,1457.0,53.0
9637,96370.0,1790707341809,12290921216100,1445.0,44.0
9638,96380.0,1790707341820,12290932099000,1456.0,57.0
9639,96390.0,1790707341830,12290941649500,1453.0,37.0
9640,96400.0,1790707341840,12290952364500,1458.0,40.0
9641,96410.0,1790707341850,12290961691400,1450.0,30.0
9642,96420.0,1790707341860,12290971820500,1462.0,44.0
9643,96430.0,1790707341869,12290981346000,1452.0,56.0
9644,96440.0,1790707341879,12290990924900,1452.0,69.0
9645,96450.0,1790707341889,12291000893300,1440.0,47.0
9646,96460.0,1790707341899,12291010875700,1446.0,56.0
9647,96470.0,1790707341960,12291072356200,1454.0,69.0
9648,96480.0,1790707342011,12291123003300,1434.0,67.0
9649,96490.0,1790707342013,12291124492200,1447.0,48.0
9650,96500.0,1790707342014,12291125756500,1458.0,52.0
9651,96510.0,1790707342015,12291126978100,1455.0,52.0
9652,96520.0,1790707342016,12291128177400,1466.0,60.0
9653,96530.0,1790707342017,12291129319500,1461.0,51.0
9654,96540.0,1790707342018,12291130454000,1465.0,61.0
9655,96550.0,1790707342020,12291131624800,1451.0,58.0
9656,96560.0,1790707342021,12291132976400,1445.0,63.0
9657,96570.0,1790707342025,12291137208300,1452.0,60.0
9658,96580.0,1790707342027,12291138565100,1446.0,60.0
9659,96590.0,1790707342029,12291140643600,1443.0,62.0
9660,96600.0,1790707342039,12291151047500,1442.0,46.0
9661,96610.0,1790707342049,12291160787600,1449.0,55.0
9662,96620.0,1790707342059,12291170838900,1447.0,55.0
9663,96630.0,1790707342069,12291180854100,1446.0,53.0
9664,96640.0,1790707342079,12291190891500,1431.0,51.0
9665,96650.0,1790707342089,12291200929000,1422.0,47.0
9666,96660.0,1790707342099,12291210918900,1423.0,60.0
9667,96670.0,1790707342109,12291220988200,1426.0,49.0
9668,96680.0,1790707342119,12291231012300,1424.0,38.0
9669,96690.0,1790707342129,12291241057500,1422.0,46.0
9670,96700.0,1790707342139,12291251077900,1413.0,46.0
9671,96710.0,1790707342149,12291261083700,1421.0,42.0
9672,96720.0,1790707342159,12291271225600,1415.0,45.0
9673,96730.0,1790707342169,12291281186100,1425.0,44.0
9674,96740.0,1790707342179,12291291262400,1426.0,34.0
9675,96750.0,1790707342189,12291301337800,1420.0,46.0
9676,96760.0,1790707342199,12291311226600,1438.0,43.0
9677,96770.0,1790707342209,12291321350000,1420.0,40.0
9678,96780.0,1790707342219,12291331373600,1431.0,45.0
9679,96790.0,1790707342229,12291341432100,1420.0,48.0
9680,96800.0,1790707342240,12291351734100,1401.0,60.0
9681,96810.0,1790707342250,12291361569200,1415.0,39.0
9682,96820.0,1790707342259,12291371160900,1403.0,48.0
9683,96830.0,1790707342269,12291381313300,1404.0,33.0
9684,96840.0,1790707342279,12291391204800,1416.0,37.0
9685,96850.0,1790707342290,12291402028800,1424.0,55.0
9686,96860.0,1790707342300,12291412255200,1402.0,42.0
9687,96870.0,1790707342310,12291422206800,1405.0,65.0
9688,96880.0,1790707342320,12291432047800,1415.0,65.0
9689,96890.0,1790707342330,12291442099500,1418.0,62.0
9690,96900.0,1790707342340,12291452033800,1405.0,75.0
9691,96910.0,1790707342350,12291462091200,1408.0,63.0
9692,96920.0,1790707342360,12291471964200,1411.0,54.0
9693,96930.0,1790707342371,12291482608300,1420.0,64.0
9694,96940.0,1790707342381,12291492646800,1423.0,67.0
9695,96950.0,1790707342390,12291502236100,1413.0,74.0
9696,96960.0,1790707342401,12291512675800,1411.0,66.0
9697,96970.0,1790707342411,12291522645900,1426.0,57.0
9698,96980.0,1790707342421,12291532833700,1414.0,73.0
9699,96990.0,1790707342431,12291542840400,1420.0,63.0
9700,97000.0,1790707342441,12291552758400,1418.0,70.0
9701,97010.0,1790707342450,12291561962800,1417.0,67.0
9702,97020.0,1790707342460,12291571810300,1425.0,56.0
9703,97030.0,1790707342470,12291581636200,1434.0,54.0
9704,97040.0,1790707342481,12291592587300,1449.0,68.0
9705,97050.0,1790707342491,12291602533000,1438.0,54.0
9706,97060.0,1790707342501,12291612567100,1443.0,58.0
9707,97070.0,1790707342511,12291622613400,1432.0,54.0
9708,97080.0,1790707342521,12291632645900,1430.0,70.0
9709,97090.0,1790707342530,12291642424100,1426.0,56.0
9710,97100.0,1790707342540,12291652416200,1429.0,63.0
9711,97110.0,1790707342552,12291663574800,1424.0,62.0
9712,97120.0,1790707342562,12291673521400,1443.0,42.0
9713,97130.0,1790707342571,12291683272700,1450.0,54.0
9714,97140.0,1790707342581,12291693268100,1441.0,47.0
9715,97150.0,1790707342591,12291703035800,1422.0,49.0
9716,97160.0,1790707342601,12291713260100,1427.0,59.0
9717,97170.0,1790707342611,12291723005800,1411.0,58.0
9718,97180.0,1790707342621,12291733274300,1412.0,69.0
9719,97190.0,1790707342631,12291743457900,1388.0,57.0
9720,97200.0,1790707342641,12291753163100,1404.0,61.0
9721,97210.0,1790707342651,12291763149400,1384.0,66.0
9722,97220.0,1790707342661,12291773104400,1386.0,58.0
9723,97230.0,1790707342672,12291783922500,1377.0,54.0
9724,97240.0,1790707342681,12291793280900,1371.0,36.0
9725,97250.0,1790707342691,12291803042700,1387.0,51.0
9726,97260.0,1790707342702,12291813494300,1379.0,48.0
9727,97270.0,1790707342712,12291823531700,1389.0,44.0
9728,97280.0,1790707342722,12291833953900,1406.0,35.0
9729,97290.0,1790707342732,12291843478100,1419.0,49.0
9730,97300.0,1790707342741,12291853168700,1434.0,61.0
9731,97310.0,1790707342751,12291862864800,1460.0,47.0
9732,97320.0,1790707342761,12291872555800,1485.0,61.0
9733,97330.0,1790707342771,12291883039500,1513.0,46.0
9734,97340.0,1790707342781,12291892894100,1531.0,56.0
9735,97350.0,1790707342791,12291902537500,1570.0,41.0
9736,97360.0,1790707342801,12291912967200,1592.0,34.0
9737,97370.0,1790707342811,12291923029700,1599.0,40.0
9738,97380.0,1790707342821,12291933468700,1616.0,46.0
9739,97390.0,1790707342831,12291943187900,1622.0,48.0
9740,97400.0,1790707342841,12291952985000,1610.0,54.0
9741,97410.0,1790707342852,12291963654000,1609.0,46.0
9742,97420.0,1790707342862,12291973548100,1600.0,58.0
9743,97430.0,1790707342872,12291983884800,1571.0,46.0
9744,97440.0,1790707342881,12291993240300,1602.0,48.0
9745,97450.0,1790707342891,12292003380900,1594.0,44.0
9746,97460.0,1790707342912,12292023768000,1590.0,43.0
9747,97470.0,1790707342914,12292025987300,1591.0,45.0
9748,97480.0,1790707342988,12292100141900,1599.0,45.0
9749,97490.0,1790707343040,12292152461300,1605.0,40.0
9750,97500.0,1790707343042,12292154298500,1628.0,44.0
9751,97510.0,1790707343044,12292155673800,1621.0,54.0
9752,97520.0,1790707343045,12292156941800,1642.0,48.0
9753,97530.0,1790707343046,12292158186100,1642.0,53.0
9754,97540.0,1790707343048,12292159505100,1660.0,35.0
9755,97550.0,1790707343049,12292160807900,1660.0,43.0
9756,97560.0,1790707343050,12292162168900,1662.0,38.0
9757,97570.0,1790707343052,12292163491500,1678.0,39.0
9758,97580.0,1790707343053,12292164789000,1673.0,43.0
9759,97590.0,1790707343054,12292166075700,1656.0,39.0
9760,97600.0,1790707343056,12292168143300,1665.0,42.0
9761,97610.0,1790707343058,12292169825200,1663.0,46.0
9762,97620.0,1790707343061,12292173184400,1658.0,34.0
9763,97630.0,1790707343071,12292183330000,1646.0,42.0
9764,97640.0,1790707343081,12292193148400,1634.0,43.0
9765,97650.0,1790707343091,12292203212600,1621.0,53.0
9766,97660.0,1790707343101,12292213215500,1619.0,50.0
9767,97670.0,1790707343111,12292223302200,1631.0,51.0
9768,97680.0,1790707343121,12292233096400,1625.0,43.0
9769,97690.0,1790707343131,12292243035000,1647.0,35.0
9770,97700.0,1790707343141,12292253050100,1632.0,37.0
9771,97710.0,1790707343151,12292263085700,1642.0,38.0
9772,97720.0,1790707343161,12292273128300,1644.0,35.0
9773,97730.0,1790707343171,12292283388200,1646.0,36.0
9774,97740.0,1790707343181,12292293161900,1650.0,39.0
9775,97750.0,1790707343191,12292303224600,1645.0,41.0
9776,97760.0,1790707343201,12292313293700,1642.0,41.0
9777,97770.0,1790707343211,12292323303700,1625.0,32.0
9778,97780.0,1790707343221,12292333303000,1629.0,49.0
9779,97790.0,1790707343231,12292343344500,1640.0,39.0
9780,97800.0,1790707343241,12292353437700,1636.0,33.0
9781,97810.0,1790707343251,12292363408200,1628.0,39.0
9782,97820.0,1790707343262,12292373487500,1615.0,45.0
9783,97830.0,1790707343272,12292383533000,1641.0,33.0
9784,97840.0,1790707343282,12292393554900,1637.0,45.0
9785,97850.0,1790707343292,12292403947500,1636.0,31.0
9786,97860.0,1790707343302,12292414013700,1630.0,42.0
9787,97870.0,1790707343312,12292423989200,1626.0,49.0
9788,97880.0,1790707343324,12292436425800,1632.0,31.0
9789,97890.0,1790707343332,12292444295500,1620.0,54.0
9790,97900.0,1790707343342,12292454342000,1626.0,54.0
9791,97910.0,1790707343352,12292463831400,1627.0,42.0
9792,97920.0,1790707343362,12292473917400,1631.0,37.0
9793,97930.0,1790707343372,12292483612100,1628.0,29.0
9794,97940.0,1790707343382,12292494018400,1638.0,35.0
9795,97950.0,1790707343392,12292503946900,1639.0,31.0
9796,97960.0,1790707343402,12292514096700,1643.0,39.0
9797,97970.0,1790707343412,12292524173800,1641.0,53.0
9798,97980.0,1790707343422,12292533979100,1633.0,38.0
9799,97990.0,1790707343432,12292544377700,1640.0,39.0
9800,98000.0,1790707343442,12292554435300,1640.0,38.0
9801,98010.0,1790707343453,12292564592000,1622.0,52.0
9802,98020.0,1790707343463,12292574634800,1641.0,42.0
9803,98030.0,1790707343472,12292584345000,1648.0,41.0
9804,98040.0,1790707343483,12292594677100,1653.0,38.0
9805,98050.0,1790707343493,12292604659400,1643.0,29.0
9806,98060.0,1790707343503,12292614779600,1647.0,39.0
9807,98070.0,1790707343513,12292624796200,1639.0,40.0
9808,98080.0,1790707343522,12292634442900,1614.0,44.0
9809,98090.0,1790707343533,12292644935300,1650.0,53.0
9810,98100.0,1790707343543,12292655153800,1637.0,47.0
9811,98110.0,1790707343553,12292665292800,1631.0,55.0
9812,98120.0,1790707343563,12292674933600,1636.0,42.0
9813,98130.0,1790707343573,12292684840200,1643.0,46.0
9814,98140.0,1790707343583,12292695048000,1629.0,40.0
9815,98150.0,1790707343593,12292704686100,1645.0,26.0
9816,98160.0,1790707343603,12292714752700,1653.0,25.0
9817,98170.0,1790707343613,12292725185900,1657.0,38.0
9818,98180.0,1790707343623,12292734615200,1664.0,48.0
9819,98190.0,1790707343633,12292745174900,1654.0,34.0
9820,98200.0,1790707343643,12292755151600,1659.0,34.0
9821,98210.0,1790707343653,12292765367800,1662.0,37.0
9822,98220.0,1790707343663,12292774782200,1669.0,42.0
9823,98230.0,1790707343673,12292784674800,1652.0,45.0
9824,98240.0,1790707343682,12292794396800,1664.0,44.0
9825,98250.0,1790707343692,12292804357800,1665.0,43.0
9826,98260.0,1790707343703,12292814861000,1645.0,44.0
9827,98270.0,1790707343713,12292824865700,1663.0,38.0
9828,98280.0,1790707343723,12292834477700,1649.0,46.0
9829,98290.0,1790707343733,12292844874000,1653.0,40.0
9830,98300.0,1790707343743,12292854580900,1659.0,42.0
9831,98310.0,1790707343753,12292865003600,1664.0,46.0
9832,98320.0,1790707343763,12292875126300,1666.0,44.0
9833,98330.0,1790707343773,12292885005500,1660.0,45.0
9834,98340.0,1790707343783,12292894713100,1650.0,50.0
9835,98350.0,1790707343793,12292905075600,1640.0,45.0
9836,98360.0,1790707343803,12292914757700,1656.0,55.0
9837,98370.0,1790707343813,12292924891400,1661.0,39.0
9838,98380.0,1790707343822,12292934457400,1652.0,41.0
9839,98390.0,1790707343833,12292944973800,1652.0,41.0
9840,98400.0,1790707343843,12292955113700,1659.0,46.0
9841,98410.0,1790707343854,12292965577000,1659.0,43.0
9842,98420.0,1790707343863,12292975424800,1658.0,39.0
9843,98430.0,1790707343873,12292985389500,1665.0,44.0
9844,98440.0,1790707343884,12292995627400,1664.0,55.0
9845,98450.0,1790707343909,12293020517700,1650.0,57.0
9846,98460.0,1790707343913,12293024931000,1652.0,57.0
9847,98470.0,1790707343916,12293027715200,1655.0,42.0
9848,98480.0,1790707343968,12293080222800,1657.0,45.0
9849,98490.0,1790707344037,12293148625200,1656.0,42.0
9850,98500.0,1790707344039,12293150866300,1661.0,42.0
9851,98510.0,1790707344040,12293152241100,1661.0,35.0
9852,98520.0,1790707344041,12293153452300,1661.0,45.0
9853,98530.0,1790707344043,12293154662200,1659.0,35.0
9854,98540.0,1790707344044,12293155918400,1648.0,35.0
9855,98550.0,1790707344045,12293157111000,1652.0,41.0
9856,98560.0,1790707344046,12293158364300,1645.0,52.0
9857,98570.0,1790707344048,12293159568300,1651.0,53.0
9858,98580.0,1790707344049,12293160767000,1649.0,52.0
9859,98590.0,1790707344050,12293162025600,1666.0,34.0
9860,98600.0,1790707344051,12293163196500,1663.0,30.0
9861,98610.0,1790707344053,12293165001600,1675.0,26.0
9862,98620.0,1790707344063,12293175027200,1674.0,20.0
9863,98630.0,1790707344073,12293185097400,1675.0,17.0
9864,98640.0,1790707344083,12293195090500,1676.0,37.0
9865,98650.0,1790707344093,12293205171500,1672.0,39.0
9866,98660.0,1790707344103,12293215328800,1665.0,40.0
9867,98670.0,1790707344113,12293225167300,1669.0,27.0
9868,98680.0,1790707344123,12293235264100,1687.0,36.0
9869,98690.0,1790707344133,12293245265300,1678.0,36.0
9870,98700.0,1790707344143,12293255332300,1688.0,23.0
9871,98710.0,1790707344153,12293265368100,1681.0,27.0
9872,98720.0,1790707344163,12293275384600,1681.0,28.0
9873,98730.0,1790707344173,12293285433500,1683.0,22.0
9874,98740.0,1790707344183,12293295422700,1694.0,10.0
9875,98750.0,1790707344194,12293305498400,1691.0,26.0
9876,98760.0,1790707344204,12293315697900,1682.0,36.0
9877,98770.0,1790707344214,12293325533900,1704.0,51.0
9878,98780.0,1790707344224,12293335619000,1687.0,39.0
9879,98790.0,1790707344234,12293345680400,1687.0,37.0
9880,98800.0,1790707344244,12293355657800,1672.0,44.0
9881,98810.0,1790707344254,12293365836700,1677.0,34.0
9882,98820.0,1790707344264,12293375490500,1683.0,15.0
9883,98830.0,1790707344273,12293385471300,1691.0,28.0
9884,98840.0,1790707344284,12293395703200,1701.0,22.0
9885,98850.0,1790707344294,12293405703600,1691.0,20.0
9886,98860.0,1790707344304,12293415747100,1697.0,11.0
9887,98870.0,1790707344314,12293425632100,1671.0,19.0
9888,98880.0,1790707344324,12293436001600,1687.0,35.0
9889,98890.0,1790707344334,12293446129500,1673.0,21.0
9890,98900.0,1790707344344,12293456160300,1659.0,20.0
9891,98910.0,1790707344354,12293465928000,1665.0,27.0
9892,98920.0,1790707344364,12293476227200,1675.0,9.0
9893,98930.0,1790707344374,12293486177800,1667.0,4.0
9894,98940.0,1790707344385,12293496626100,1663.0,17.0
9895,98950.0,1790707344395,12293506638100,1672.0,3.0
9896,98960.0,1790707344404,12293516292400,1671.0,9.0
9897,98970.0,1790707344415,12293526489900,1676.0,25.0
9898,98980.0,1790707344425,12293536538100,1653.0,12.0
9899,98990.0,1790707344435,12293547083700,1666.0,26.0
9900,99000.0,1790707344444,12293555847300,1653.0,33.0
9901,99010.0,1790707344455,12293567071900,1655.0,26.0
9902,99020.0,1790707344466,12293577545700,1676.0,13.0
9903,99030.0,1790707344475,12293587464700,1673.0,24.0
9904,99040.0,1790707344486,12293597778600,1683.0,28.0
9905,99050.0,1790707344496,12293607548600,1683.0,24.0
9906,99060.0,1790707344505,12293617284200,1685.0,46.0
9907,99070.0,1790707344515,12293627179500,1676.0,58.0
9908,99080.0,1790707344525,12293636971200,1679.0,38.0
9909,99090.0,1790707344535,12293647093300,1681.0,52.0
9910,99100.0,1790707344545,12293657238100,1670.0,48.0
9911,99110.0,1790707344555,12293666718100,1679.0,35.0
9912,99120.0,1790707344565,12293677288300,1683.0,25.0
9913,99130.0,1790707344575,12293687208200,1701.0,25.0
9914,99140.0,1790707344585,12293697372900,1687.0,45.0
9915,99150.0,1790707344595,12293707416200,1708.0,39.0
9916,99160.0,1790707344605,12293716919900,1705.0,41.0
9917,99170.0,1790707344615,12293727378300,1720.0,45.0
9918,99180.0,1790707344625,12293737013300,1710.0,32.0
9919,99190.0,1790707344636,12293747494900,1713.0,40.0
9920,99200.0,1790707344645,12293757306700,1710.0,47.0
9921,99210.0,1790707344655,12293767057400,1699.0,39.0
9922,99220.0,1790707344665,12293777441400,1696.0,45.0
9923,99230.0,1790707344675,12293786999200,1703.0,35.0
9924,99240.0,1790707344685,12293797397800,1707.0,28.0
9925,99250.0,1790707344695,12293806882500,1714.0,37.0
9926,99260.0,1790707344705,12293817113000,1695.0,26.0
9927,99270.0,1790707344724,12293835774400,1693.0,26.0
9928,99280.0,1790707344729,12293840950900,1699.0,32.0
9929,99290.0,1790707344806,12293918344600,1686.0,43.0
9930,99300.0,1790707344887,12293998823800,1693.0,29.0
9931,99310.0,1790707344890,12294001831200,1687.0,47.0
9932,99320.0,1790707344891,12294003356300,1695.0,38.0
9933,99330.0,1790707344893,12294004644000,1688.0,27.0
9934,99340.0,1790707344894,12294005797000,1694.0,18.0
9935,99350.0,1790707344895,12294006953300,1703.0,20.0
9936,99360.0,1790707344896,12294008110100,1714.0,28.0
9937,99370.0,1790707344897,12294009281900,1737.0,26.0
9938,99380.0,1790707344898,12294010413800,1732.0,19.0
9939,99390.0,1790707344900,12294011558300,1751.0,20.0
9940,99400.0,1790707344901,12294012643400,1760.0,38.0
9941,99410.0,1790707344902,12294013820700,1779.0,14.0
9942,99420.0,1790707344903,12294015427400,1800.0,29.0
9943,99430.0,1790707344905,12294017009800,1825.0,26.0
9944,99440.0,1790707344906,12294018211200,1831.0,28.0
9945,99450.0,1790707344907,12294019394200,1850.0,19.0
9946,99460.0,1790707344909,12294020563800,1857.0,20.0
9947,99470.0,1790707344915,12294026979500,1869.0,31.0
9948,99480.0,1790707344925,12294036886200,1886.0,33.0
9949,99490.0,1790707344935,12294046909300,1880.0,36.0
9950,99500.0,1790707344945,12294056906500,1899.0,44.0
9951,99510.0,1790707344955,12294066915200,1911.0,49.0
9952,99520.0,1790707344965,12294076941200,1918.0,36.0
9953,99530.0,1790707344975,12294087063000,1931.0,26.0
9954,99540.0,1790707344985,12294097047200,1940.0,26.0
9955,99550.0,1790707344995,12294107134600,1943.0,31.0
9956,99560.0,1790707345005,12294117210600,1945.0,38.0
9957,99570.0,1790707345015,12294127220500,1937.0,38.0
9958,99580.0,1790707345025,12294137191900,1928.0,48.0
9959,99590.0,1790707345035,12294147179400,1936.0,56.0
9960,99600.0,1790707345045,12294157247900,1921.0,42.0
9961,99610.0,1790707345055,12294167287500,1897.0,40.0
9962,99620.0,1790707345065,12294177366900,1911.0,38.0
9963,99630.0,1790707345075,12294187415400,1879.0,45.0
9964,99640.0,1790707345086,12294197582100,1868.0,51.0
9965,99650.0,1790707345095,12294207101300,1852.0,30.0
9966,99660.0,1790707345105,12294217137000,1837.0,36.0
9967,99670.0,1790707345115,12294227328700,1812.0,37.0
9968,99680.0,1790707345126,12294237896000,1797.0,41.0
9969,99690.0,1790707345137,12294248534600,1766.0,54.0
9970,99700.0,1790707345146,12294257730900,1739.0,34.0
9971,99710.0,1790707345156,12294267890200,1702.0,41.0
9972,99720.0,1790707345165,12294277371900,1683.0,41.0
9973,99730.0,1790707345175,12294287360900,1659.0,53.0
9974,99740.0,1790707345187,12294298584300,1637.0,41.0
9975,99750.0,1790707345196,12294307538900,1596.0,60.0
9976,99760.0,1790707345206,12294317609100,1580.0,33.0
9977,99770.0,1790707345216,12294327595100,1591.0,46.0
9978,99780.0,1790707345226,12294337572900,1571.0,45.0
9979,99790.0,1790707345236,12294347800600,1563.0,30.0
9980,99800.0,1790707345246,12294357682900,1556.0,41.0
9981,99810.0,1790707345256,12294367685400,1548.0,40.0
9982,99820.0,1790707345266,12294378084900,1547.0,47.0
9983,99830.0,1790707345276,12294387778700,1531.0,52.0
9984,99840.0,1790707345286,12294397878800,1524.0,60.0
9985,99850.0,1790707345296,12294407827600,1526.0,57.0
9986,99860.0,1790707345306,12294417566700,1511.0,52.0
9987,99870.0,1790707345316,12294428216200,1513.0,37.0
9988,99880.0,1790707345326,12294437639300,1517.0,45.0
9989,99890.0,1790707345336,12294447681300,1518.0,57.0
9990,99900.0,1790707345346,12294457723500,1506.0,44.0
9991,99910.0,1790707345356,12294467730500,1515.0,50.0
9992,99920.0,1790707345366,12294477855300,1505.0,55.0
9993,99930.0,1790707345376,12294487881200,1498.0,44.0
9994,99940.0,1790707345386,12294497900600,1488.0,38.0
9995,99950.0,1790707345396,12294508263000,1482.0,46.0
9996,99960.0,1790707345406,12294517945300,1471.0,39.0
9997,99970.0,1790707345416,12294527914000,1454.0,45.0
9998,99980.0,1790707345426,12294537973400,1454.0,26.0
9999,99990.0,1790707345436,12294548258100,1453.0,30.0
10000,100000.0,1790707345446,12294558079800,1433.0,22.0
10001,100010.0,1790707345456,12294568178600,1430.0,38.0
10002,100020.0,1790707345467,12294578648800,1439.0,53.0
10003,100030.0,1790707345477,12294588500000,1427.0,50.0
10004,100040.0,1790707345486,12294598332400,1424.0,45.0
10005,100050.0,1790707345497,12294608980900,1423.0,37.0
10006,100060.0,1790707345507,12294619025100,1419.0,51.0
10007,100070.0,1790707345517,12294629098500,1423.0,43.0
10008,100080.0,1790707345527,12294638969300,1422.0,51.0
10009,100090.0,1790707345537,12294648517900,1420.0,35.0
10010,100100.0,1790707345548,12294659480200,1432.0,38.0
10011,100110.0,1790707345558,12294670317400,1431.0,37.0
10012,100120.0,1790707345569,12294680507300,1443.0,44.0
10013,100130.0,1790707345578,12294690351400,1424.0,42.0
10014,100140.0,1790707345588,12294700153600,1423.0,47.0
10015,100150.0,1790707345598,12294710407700,1422.0,48.0
10016,100160.0,1790707345608,12294719525600,1440.0,49.0
10017,100170.0,1790707345618,12294729604000,1441.0,57.0
10018,100180.0,1790707345628,12294739640200,1443.0,49.0
10019,100190.0,1790707345637,12294749472900,1459.0,59.0
10020,100200.0,1790707345648,12294759603600,1476.0,39.0
10021,100210.0,1790707345658,12294769694500,1484.0,51.0
10022,100220.0,1790707345668,12294779633300,1497.0,61.0
10023,100230.0,1790707345678,12294789629800,1515.0,58.0
10024,100240.0,1790707345687,12294799393800,1526.0,67.0
10025,100250.0,1790707345698,12294809586600,1531.0,55.0
10026,100260.0,1790707345707,12294819401000,1535.0,68.0
10027,100270.0,1790707345718,12294829641700,1540.0,62.0
10028,100280.0,1790707345737,12294848500400,1549.0,57.0
10029,100290.0,1790707345740,12294851678400,1547.0,54.0
10030,100300.0,1790707345817,12294929029900,1560.0,52.0
10031,100310.0,1790707345891,12295002478600,1547.0,38.0
10032,100320.0,1790707345893,12295004865500,1562.0,70.0
10033,100330.0,1790707345895,12295006728600,1577.0,41.0
10034,100340.0,1790707345896,12295008103700,1573.0,44.0
10035,100350.0,1790707345897,12295009388500,1571.0,63.0
10036,100360.0,1790707345899,12295010706600,1579.0,48.0
10037,100370.0,1790707345900,12295011968200,1571.0,59.0
10038,100380.0,1790707345901,12295013175300,1554.0,43.0
10039,100390.0,1790707345903,12295015416100,1561.0,59.0
10040,100400.0,1790707345910,12295022236400,1560.0,59.0
10041,100410.0,1790707345912,12295023737100,1581.0,50.0
10042,100420.0,1790707345913,12295025061700,1575.0,36.0
10043,100430.0,1790707345914,12295026396000,1579.0,47.0
10044,100440.0,1790707345916,12295027598900,1579.0,38.0
10045,100450.0,1790707345917,12295028759100,1577.0,54.0
10046,100460.0,1790707345918,12295029918600,1568.0,44.0
10047,100470.0,1790707345920,12295031735200,1569.0,52.0
10048,100480.0,1790707345927,12295039254400,1573.0,41.0
10049,100490.0,1790707345937,12295049212700,1562.0,41.0
10050,100500.0,1790707345947,12295059031400,1587.0,39.0
10051,100510.0,1790707345957,12295069118700,1582.0,35.0
10052,100520.0,1790707345967,12295079038900,1569.0,51.0
10053,100530.0,1790707345977,12295089060700,1584.0,20.0
10054,100540.0,1790707345987,12295099136400,1596.0,74.0
10055,100550.0,1790707345997,12295109230400,1576.0,61.0
10056,100560.0,1790707346007,12295119262000,1575.0,51.0
10057,100570.0,1790707346017,12295129285300,1577.0,50.0
10058,100580.0,1790707346027,12295139337100,1576.0,49.0
10059,100590.0,1790707346037,12295149450300,1597.0,50.0
10060,100600.0,1790707346047,12295159306400,1592.0,44.0
10061,100610.0,1790707346057,12295169366100,1594.0,53.0
10062,100620.0,1790707346067,12295179380600,1600.0,65.0
10063,100630.0,1790707346077,12295189471300,1593.0,53.0
10064,100640.0,1790707346088,12295199500300,1603.0,60.0
10065,100650.0,1790707346098,12295209565000,1598.0,55.0
10066,100660.0,1790707346108,12295219593800,1592.0,70.0
10067,100670.0,1790707346118,12295229652300,1593.0,78.0
10068,100680.0,1790707346127,12295239342500,1605.0,65.0
10069,100690.0,1790707346138,12295250169100,1614.0,71.0
10070,100700.0,1790707346147,12295259394100,1607.0,70.0
10071,100710.0,1790707346157,12295269454500,1611.0,72.0
10072,100720.0,1790707346167,12295279448300,1618.0,60.0
10073,100730.0,1790707346179,12295290655200,1596.0,71.0
10074,100740.0,1790707346190,12295302061500,1586.0,60.0
10075,100750.0,1790707346198,12295310209800,1604.0,77.0
10076,100760.0,1790707346208,12295319601000,1603.0,80.0
10077,100770.0,1790707346219,12295331337100,1591.0,58.0
10078,100780.0,1790707346229,12295340565100,1582.0,61.0
10079,100790.0,1790707346240,12295352311900,1582.0,69.0
10080,100800.0,1790707346249,12295360535900,1569.0,63.0
10081,100810.0,1790707346258,12295370097600,1574.0,66.0
10082,100820.0,1790707346269,12295380894800,1583.0,42.0
10083,100830.0,1790707346278,12295390201000,1577.0,39.0
10084,100840.0,1790707346288,12295399975300,1548.0,54.0
10085,100850.0,1790707346298,12295410365900,1574.0,48.0
10086,100860.0,1790707346308,12295420162300,1565.0,67.0
10087,100870.0,1790707346320,12295432114500,1566.0,66.0
10088,100880.0,1790707346330,12295442126900,1570.0,60.0
10089,100890.0,1790707346340,12295452222800,1567.0,67.0
10090,100900.0,1790707346349,12295460574200,1570.0,56.0
10091,100910.0,1790707346358,12295470280200,1571.0,46.0
10092,100920.0,1790707346369,12295480638000,1580.0,51.0
10093,100930.0,1790707346378,12295490187400,1587.0,47.0
10094,100940.0,1790707346388,12295500207600,1603.0,51.0
10095,100950.0,1790707346398,12295510269600,1617.0,65.0
10096,100960.0,1790707346408,12295520184400,1617.0,48.0
10097,100970.0,1790707346419,12295530796800,1627.0,69.0
10098,100980.0,1790707346429,12295540503900,1645.0,53.0
10099,100990.0,1790707346439,12295550523700,1648.0,68.0
10100,101000.0,1790707346449,12295560658500,1659.0,49.0
10101,101010.0,1790707346459,12295570790500,1674.0,53.0
10102,101020.0,1790707346469,12295580695800,1684.0,50.0
10103,101030.0,1790707346479,12295590802000,1700.0,48.0
10104,101040.0,1790707346489,12295600601000,1698.0,49.0
10105,101050.0,1790707346499,12295611050200,1706.0,60.0
10106,101060.0,1790707346509,12295621240800,1712.0,50.0
10107,101070.0,1790707346519,12295630881500,1718.0,50.0
10108,101080.0,1790707346529,12295641224600,1736.0,54.0
10109,101090.0,1790707346540,12295651484200,1735.0,53.0
10110,101100.0,1790707346550,12295661798700,1737.0,36.0
10111,101110.0,1790707346560,12295671774900,1740.0,30.0
10112,101120.0,1790707346569,12295681344300,1777.0,39.0
10113,101130.0,1790707346580,12295691885600,1762.0,40.0
10114,101140.0,1790707346590,12295701907100,1765.0,44.0
10115,101150.0,1790707346600,12295711791700,1776.0,39.0
10116,101160.0,1790707346610,12295721984300,1779.0,54.0
10117,101170.0,1790707346619,12295731469600,1765.0,48.0
10118,101180.0,1790707346628,12295740444000,1774.0,44.0
10119,101190.0,1790707346639,12295750475800,1766.0,44.0
10120,101200.0,1790707346649,12295761152900,1756.0,54.0
10121,101210.0,1790707346659,12295770678000,1766.0,38.0
10122,101220.0,1790707346669,12295780752400,1755.0,27.0
10123,101230.0,1790707346679,12295790895000,1761.0,31.0
10124,101240.0,1790707346689,12295801350200,1756.0,30.0
10125,101250.0,1790707346699,12295810811700,1745.0,38.0
10126,101260.0,1790707346709,12295821245400,1754.0,48.0
10127,101270.0,1790707346719,12295830782500,1750.0,54.0
10128,101280.0,1790707346795,12295906943400,1729.0,59.0
10129,101290.0,1790707346858,12295969489900,1731.0,33.0
10130,101300.0,1790707346860,12295972405800,1724.0,41.0
10131,101310.0,1790707346862,12295973890700,1708.0,39.0
10132,101320.0,1790707346863,12295975270900,1707.0,41.0
10133,101330.0,1790707346864,12295976467700,1708.0,56.0
10134,101340.0,1790707346866,12295978050200,1699.0,46.0
10135,101350.0,1790707346868,12295979617200,1691.0,23.0
10136,101360.0,1790707346869,12295981277200,1664.0,44.0
10137,101370.0,1790707346871,12295982692600,1647.0,47.0
10138,101380.0,1790707346872,12295984110100,1637.0,48.0
10139,101390.0,1790707346874,12295985691500,1609.0,44.0
10140,101400.0,1790707346875,12295987199400,1624.0,48.0
10141,101410.0,1790707346877,12295988944200,1597.0,47.0
10142,101420.0,1790707346879,12295990540700,1598.0,48.0
10143,101430.0,1790707346880,12295992471000,1602.0,48.0
10144,101440.0,1790707346889,12296001216800,1599.0,35.0
10145,101450.0,1790707346899,12296011227000,1598.0,42.0
10146,101460.0,1790707346909,12296021247700,1597.0,51.0
10147,101470.0,1790707346919,12296031311300,1597.0,52.0
10148,101480.0,1790707346929,12296041303000,1595.0,49.0
10149,101490.0,1790707346939,12296051341300,1603.0,67.0
10150,101500.0,1790707346949,12296061116300,1601.0,42.0
10151,101510.0,1790707346959,12296071061700,1609.0,34.0
10152,101520.0,1790707346969,12296081110200,1602.0,31.0
10153,101530.0,1790707346979,12296091142300,1609.0,35.0
10154,101540.0,1790707346989,12296101206600,1610.0,50.0
10155,101550.0,1790707346999,12296111262900,1618.0,44.0
10156,101560.0,1790707347010,12296121552900,1616.0,34.0
10157,101570.0,1790707347019,12296131325800,1621.0,36.0
10158,101580.0,1790707347029,12296141320700,1608.0,43.0
10159,101590.0,1790707347039,12296151408600,1603.0,39.0
10160,101600.0,1790707347050,12296161649400,1604.0,34.0
10161,101610.0,1790707347059,12296171441400,1622.0,46.0
10162,101620.0,1790707347070,12296181479600,1621.0,24.0
10163,101630.0,1790707347080,12296191493700,1626.0,30.0
10164,101640.0,1790707347090,12296201839200,1621.0,22.0
10165,101650.0,1790707347101,12296212685200,1639.0,42.0
10166,101660.0,1790707347110,12296222151600,1609.0,36.0
10167,101670.0,1790707347122,12296233503500,1627.0,39.0
10168,101680.0,1790707347131,12296243296400,1618.0,55.0
10169,101690.0,1790707347141,12296252612300,1621.0,39.0
10170,101700.0,1790707347150,12296262047800,1620.0,28.0
10171,101710.0,1790707347160,12296271909700,1633.0,30.0
10172,101720.0,1790707347170,12296281508300,1637.0,31.0
10173,101730.0,1790707347181,12296292808400,1630.0,36.0
10174,101740.0,1790707347190,12296302295900,1628.0,32.0
10175,101750.0,1790707347200,12296311946100,1637.0,38.0
10176,101760.0,1790707347210,12296321824200,1634.0,31.0
10177,101770.0,1790707347220,12296331712300,1628.0,50.0
10178,101780.0,1790707347230,12296342260900,1629.0,33.0
10179,101790.0,1790707347240,12296352380800,1621.0,41.0
10180,101800.0,1790707347250,12296362184900,1620.0,44.0
10181,101810.0,1790707347260,12296372336700,1627.0,31.0
10182,101820.0,1790707347270,12296382213900,1619.0,28.0
10183,101830.0,1790707347280,12296392294600,1655.0,32.0
10184,101840.0,1790707347290,12296402327800,1626.0,37.0
10185,101850.0,1790707347300,12296412221700,1657.0,45.0
10186,101860.0,1790707347311,12296422727400,1654.0,50.0
10187,101870.0,1790707347321,12296432554900,1646.0,40.0
10188,101880.0,1790707347331,12296442680900,1638.0,45.0
10189,101890.0,1790707347340,12296452343600,1639.0,45.0
10190,101900.0,1790707347351,12296463213600,1642.0,47.0
10191,101910.0,1790707347360,12296472217400,1635.0,50.0
10192,101920.0,1790707347371,12296482789400,1639.0,40.0
10193,101930.0,1790707347380,12296492170100,1652.0,24.0
10194,101940.0,1790707347390,12296502046700,1644.0,27.0
10195,101950.0,1790707347401,12296512968800,1655.0,36.0
10196,101960.0,1790707347412,12296523990900,1649.0,25.0
10197,101970.0,1790707347422,12296533710100,1660.0,44.0
10198,101980.0,1790707347431,12296543049500,1653.0,42.0
10199,101990.0,1790707347442,12296553813500,1651.0,51.0
10200,102000.0,1790707347453,12296565189000,1661.0,41.0
10201,102010.0,1790707347462,12296573799600,1657.0,42.0
10202,102020.0,1790707347472,12296583733400,1678.0,17.0
10203,102030.0,1790707347481,12296593191500,1669.0,42.0
10204,102040.0,1790707347491,12296603049800,1672.0,33.0
10205,102050.0,1790707347502,12296613562500,1681.0,41.0
10206,102060.0,1790707347511,12296623173700,1674.0,37.0
10207,102070.0,1790707347521,12296633197600,1676.0,62.0
10208,102080.0,1790707347531,12296643180100,1686.0,51.0
10209,102090.0,1790707347541,12296653203000,1684.0,42.0
10210,102100.0,1790707347552,12296663527500,1686.0,45.0
10211,102110.0,1790707347561,12296673069800,1697.0,49.0
10212,102120.0,1790707347571,12296683093100,1699.0,38.0
10213,102130.0,1790707347582,12296693799500,1694.0,29.0
10214,102140.0,1790707347592,12296704345400,1688.0,47.0
10215,102150.0,1790707347602,12296714370400,1697.0,39.0
10216,102160.0,1790707347611,12296723415500,1698.0,54.0
10217,102170.0,1790707347621,12296733363200,1707.0,48.0
10218,102180.0,1790707347631,12296743436000,1688.0,46.0
10219,102190.0,1790707347642,12296753679400,1701.0,51.0
10220,102200.0,1790707347651,12296763446900,1703.0,55.0
10221,102210.0,1790707347662,12296773618200,1695.0,48.0
10222,102220.0,1790707347672,12296783770400,1701.0,43.0
10223,102230.0,1790707347681,12296793311300,1699.0,44.0
10224,102240.0,1790707347691,12296803408100,1694.0,52.0
10225,102250.0,1790707347701,12296813286200,1695.0,32.0
10226,102260.0,1790707347712,12296823744400,1713.0,31.0
10227,102270.0,1790707347732,12296843514600,1706.0,49.0
10228,102280.0,1790707347734,12296845700100,1706.0,40.0
10229,102290.0,1790707347814,12296926116200,1692.0,61.0
10230,102300.0,1790707347872,12296984196100,1703.0,44.0
10231,102310.0,1790707347874,12296985776500,1696.0,33.0
10232,102320.0,1790707347875,12296987209500,1689.0,35.0
10233,102330.0,1790707347876,12296988441300,1679.0,28.0
10234,102340.0,1790707347878,12296989652800,1685.0,26.0
10235,102350.0,1790707347879,12296990845900,1680.0,39.0
10236,102360.0,1790707347880,12296992047100,1678.0,26.0
10237,102370.0,1790707347881,12296993292900,1687.0,46.0
10238,102380.0,1790707347883,12296995033200,1702.0,46.0
10239,102390.0,1790707347888,12296999478800,1697.0,41.0
10240,102400.0,1790707347889,12297000920500,1703.0,32.0
10241,102410.0,1790707347890,12297002154900,1689.0,47.0
10242,102420.0,1790707347891,12297003320300,1689.0,29.0
10243,102430.0,1790707347892,12297004442800,1700.0,7.0
10244,102440.0,1790707347894,12297005562200,1701.0,24.0
10245,102450.0,1790707347902,12297013547000,1709.0,27.0
10246,102460.0,1790707347911,12297023287300,1712.0,30.0
10247,102470.0,1790707347921,12297033312300,1713.0,39.0
10248,102480.0,1790707347932,12297043637100,1695.0,35.0
10249,102490.0,1790707347941,12297053391300,1686.0,37.0
10250,102500.0,1790707347951,12297063445400,1690.0,32.0
10251,102510.0,1790707347961,12297073178100,1686.0,23.0
10252,102520.0,1790707347971,12297083228800,1692.0,26.0
10253,102530.0,1790707347981,12297093414900,1698.0,14.0
10254,102540.0,1790707347991,12297103247200,1679.0,21.0
10255,102550.0,1790707348001,12297113294900,1689.0,21.0
10256,102560.0,1790707348011,12297123355700,1686.0,21.0
10257,102570.0,1790707348021,12297133379200,1682.0,43.0
10258,102580.0,1790707348031,12297143438800,1680.0,34.0
10259,102590.0,1790707348041,12297153444900,1676.0,42.0
10260,102600.0,1790707348052,12297163586500,1669.0,39.0
10261,102610.0,1790707348062,12297173516400,1699.0,23.0
10262,102620.0,1790707348072,12297183555900,1676.0,20.0
10263,102630.0,1790707348082,12297193613800,1686.0,26.0
10264,102640.0,1790707348092,12297203611300,1703.0,28.0
10265,102650.0,1790707348102,12297213674300,1699.0,16.0
10266,102660.0,1790707348112,12297223713600,1708.0,25.0
10267,102670.0,1790707348122,12297233694400,1700.0,30.0
10268,102680.0,1790707348133,12297244995400,1704.0,28.0
10269,102690.0,1790707348143,12297254701600,1705.0,32.0
10270,102700.0,1790707348152,12297264020700,1713.0,30.0
10271,102710.0,1790707348162,12297273831600,1715.0,15.0
10272,102720.0,1790707348172,12297283920800,1708.0,16.0
10273,102730.0,1790707348182,12297294177800,1711.0,1.0
10274,102740.0,1790707348192,12297304233500,1714.0,6.0
10275,102750.0,1790707348202,12297313773000,1718.0,11.0
10276,102760.0,1790707348214,12297325891700,1722.0,4.0
10277,102770.0,1790707348223,12297335374700,1735.0,2.0
10278,102780.0,1790707348234,12297345554400,1733.0,14.0
10279,102790.0,1790707348243,12297355204700,1740.0,26.0
10280,102800.0,1790707348253,12297364585400,1732.0,22.0
10281,102810.0,1790707348263,12297374616700,1721.0,40.0
10282,102820.0,1790707348272,12297383946200,1736.0,26.0
10283,102830.0,1790707348284,12297396092400,1720.0,28.0
10284,102840.0,1790707348294,12297405624200,1718.0,22.0
10285,102850.0,1790707348304,12297415645100,1734.0,27.0
10286,102860.0,1790707348313,12297425171000,1744.0,43.0
10287,102870.0,1790707348323,12297434884600,1734.0,27.0
10288,102880.0,1790707348333,12297445295300,1728.0,37.0
10289,102890.0,1790707348343,12297454862800,1742.0,39.0
10290,102900.0,1790707348353,12297464965600,1730.0,45.0
10291,102910.0,1790707348363,12297475219300,1745.0,44.0
10292,102920.0,1790707348373,12297484922300,1750.0,48.0
10293,102930.0,1790707348382,12297493978100,1739.0,46.0
10294,102940.0,1790707348394,12297505540200,1741.0,27.0
10295,102950.0,1790707348404,12297515649700,1757.0,39.0
10296,102960.0,1790707348413,12297524792200,1757.0,28.0
10297,102970.0,1790707348422,12297534381000,1749.0,25.0
10298,102980.0,1790707348432,12297544457900,1752.0,35.0
10299,102990.0,1790707348443,12297554502000,1756.0,47.0
10300,103000.0,1790707348452,12297564379900,1749.0,47.0
10301,103010.0,1790707348462,12297574325400,1736.0,37.0
10302,103020.0,1790707348472,12297584331200,1737.0,33.0
10303,103030.0,1790707348483,12297594978000,1748.0,44.0
10304,103040.0,1790707348493,12297604798700,1740.0,35.0
10305,103050.0,1790707348503,12297614845800,1748.0,29.0
10306,103060.0,1790707348513,12297624797000,1757.0,30.0
10307,103070.0,1790707348523,12297635082300,1746.0,41.0
10308,103080.0,1790707348533,12297645210500,1738.0,29.0
10309,103090.0,1790707348543,12297655223900,1751.0,37.0
10310,103100.0,1790707348553,12297664937400,1752.0,37.0
10311,103110.0,1790707348563,12297675402400,1749.0,38.0
10312,103120.0,1790707348574,12297685776100,1740.0,47.0
10313,103130.0,1790707348583,12297695230900,1730.0,30.0
10314,103140.0,1790707348594,12297705610500,1724.0,25.0
10315,103150.0,1790707348603,12297715052700,1730.0,45.0
10316,103160.0,1790707348614,12297725662900,1736.0,35.0
10317,103170.0,1790707348624,12297735546900,1729.0,30.0
10318,103180.0,1790707348634,12297745607800,1736.0,29.0
10319,103190.0,1790707348644,12297755612000,1743.0,18.0
10320,103200.0,1790707348654,12297765689100,1723.0,29.0
10321,103210.0,1790707348663,12297775441200,1740.0,24.0
10322,103220.0,1790707348674,12297786019400,1731.0,26.0
10323,103230.0,1790707348684,12297795976400,1725.0,16.0
10324,103240.0,1790707348694,12297806396300,1728.0,38.0
10325,103250.0,1790707348704,12297816417100,1724.0,22.0
10326,103260.0,1790707348735,12297847437500,1723.0,31.0
10327,103270.0,1790707348739,12297850545300,1724.0,31.0
10328,103280.0,1790707348741,12297853011900,1725.0,28.0
10329,103290.0,1790707348744,12297855587400,1741.0,10.0
10330,103300.0,1790707348822,12297934406300,1716.0,23.0
10331,103310.0,1790707348891,12298002836800,1716.0,32.0
10332,103320.0,1790707348892,12298004416700,1715.0,45.0
10333,103330.0,1790707348894,12298005764200,1714.0,5.0
10334,103340.0,1790707348895,12298007051700,1719.0,39.0
10335,103350.0,1790707348896,12298008285800,1719.0,32.0
10336,103360.0,1790707348898,12298009590900,1722.0,27.0
10337,103370.0,1790707348899,12298011130100,1718.0,41.0
10338,103380.0,1790707348901,12298012590700,1721.0,38.0
10339,103390.0,1790707348906,12298018335600,1707.0,40.0
10340,103400.0,1790707348908,12298020232800,1700.0,52.0
10341,103410.0,1790707348910,12298021706000,1686.0,59.0
10342,103420.0,1790707348911,12298023003900,1674.0,48.0
10343,103430.0,1790707348912,12298024340700,1686.0,44.0
10344,103440.0,1790707348914,12298025788600,1669.0,38.0
10345,103450.0,1790707348915,12298027101500,1676.0,46.0
10346,103460.0,1790707348917,12298028527000,1680.0,41.0
10347,103470.0,1790707348923,12298035333800,1684.0,30.0
10348,103480.0,1790707348934,12298045732800,1661.0,41.0
10349,103490.0,1790707348943,12298055416300,1672.0,46.0
10350,103500.0,1790707348954,12298065487600,1673.0,48.0
10351,103510.0,1790707348963,12298075466800,1669.0,40.0
10352,103520.0,1790707348974,12298085511000,1652.0,44.0
10353,103530.0,1790707348984,12298095484700,1661.0,40.0
10354,103540.0,1790707348993,12298105311800,1663.0,47.0
10355,103550.0,1790707349003,12298115307300,1668.0,42.0
10356,103560.0,1790707349013,12298125322300,1680.0,35.0
10357,103570.0,1790707349023,12298135380900,1670.0,39.0
10358,103580.0,1790707349034,12298145476100,1670.0,29.0
10359,103590.0,1790707349043,12298155464300,1681.0,37.0
10360,103600.0,1790707349054,12298165586300,1668.0,42.0
10361,103610.0,1790707349064,12298175516000,1661.0,64.0
10362,103620.0,1790707349074,12298185598900,1663.0,44.0
10363,103630.0,1790707349084,12298195631400,1668.0,25.0
10364,103640.0,1790707349094,12298205665900,1670.0,45.0
10365,103650.0,1790707349104,12298215689900,1668.0,32.0
10366,103660.0,1790707349114,12298225715000,1671.0,36.0
10367,103670.0,1790707349124,12298235732100,1671.0,32.0
10368,103680.0,1790707349134,12298246229400,1689.0,32.0
10369,103690.0,1790707349144,12298255866800,1693.0,49.0
10370,103700.0,1790707349154,12298266223400,1684.0,42.0
10371,103710.0,1790707349164,12298275826900,1686.0,49.0
10372,103720.0,1790707349174,12298286133900,1681.0,42.0
10373,103730.0,1790707349184,12298295709500,1683.0,57.0
10374,103740.0,1790707349194,12298305970100,1681.0,51.0
10375,103750.0,1790707349204,12298316013000,1672.0,34.0
10376,103760.0,1790707349214,12298325830400,1676.0,42.0
10377,103770.0,1790707349224,12298335771500,1677.0,42.0
10378,103780.0,1790707349234,12298345813600,1667.0,31.0
10379,103790.0,1790707349244,12298355804800,1687.0,26.0
10380,103800.0,1790707349254,12298365898500,1684.0,32.0
10381,103810.0,1790707349264,12298375910500,1683.0,46.0
10382,103820.0,1790707349274,12298386182100,1653.0,46.0
10383,103830.0,1790707349284,12298396063900,1662.0,44.0
10384,103840.0,1790707349294,12298406094100,1659.0,38.0
10385,103850.0,1790707349304,12298416076300,1665.0,43.0
10386,103860.0,1790707349314,12298426216500,1657.0,43.0
10387,103870.0,1790707349324,12298436248500,1654.0,23.0
10388,103880.0,1790707349334,12298446380300,1676.0,37.0
10389,103890.0,1790707349344,12298456342100,1669.0,44.0
10390,103900.0,1790707349355,12298466509600,1669.0,36.0
10391,103910.0,1790707349365,12298476621600,1665.0,47.0
10392,103920.0,1790707349375,12298486563400,1663.0,48.0
10393,103930.0,1790707349385,12298496670300,1656.0,48.0
10394,103940.0,1790707349395,12298506837300,1663.0,35.0
10395,103950.0,1790707349405,12298516606800,1649.0,57.0
10396,103960.0,1790707349415,12298526880000,1662.0,37.0
10397,103970.0,1790707349425,12298536683800,1660.0,46.0
10398,103980.0,1790707349435,12298547446000,1644.0,53.0
10399,103990.0,1790707349445,12298557265800,1644.0,43.0
10400,104000.0,1790707349456,12298567795800,1650.0,32.0
10401,104010.0,1790707349465,12298577071400,1629.0,57.0
10402,104020.0,1790707349474,12298586416000,1633.0,59.0
10403,104030.0,1790707349485,12298596925200,1640.0,51.0
10404,104040.0,1790707349495,12298607183700,1641.0,53.0
10405,104050.0,1790707349505,12298616534000,1653.0,41.0
10406,104060.0,1790707349515,12298626625900,1647.0,43.0
10407,104070.0,1790707349525,12298636698500,1666.0,45.0
10408,104080.0,1790707349535,12298646772800,1651.0,63.0
10409,104090.0,1790707349547,12298658740600,1653.0,52.0
10410,104100.0,1790707349556,12298668205900,1641.0,57.0
10411,104110.0,1790707349567,12298678946000,1653.0,70.0
10412,104120.0,1790707349576,12298688325500,1661.0,64.0
10413,104130.0,1790707349586,12298697780700,1667.0,51.0
10414,104140.0,1790707349596,12298707697100,1659.0,59.0
10415,104150.0,1790707349606,12298717977600,1663.0,55.0
10416,104160.0,1790707349616,12298727663100,1641.0,57.0
10417,104170.0,1790707349626,12298737647800,1655.0,59.0
10418,104180.0,1790707349636,12298747670200,1647.0,47.0
10419,104190.0,1790707349645,12298757035800,1646.0,59.0
10420,104200.0,1790707349655,12298766869200,1634.0,54.0
10421,104210.0,1790707349665,12298776681700,1643.0,51.0
10422,104220.0,1790707349675,12298787329100,1637.0,49.0
10423,104230.0,1790707349685,12298797403400,1635.0,58.0
10424,104240.0,1790707349696,12298808463600,1612.0,45.0
10425,104250.0,1790707349707,12298819028000,1618.0,51.0
10426,104260.0,1790707349733,12298844631900,1621.0,51.0
10427,104270.0,1790707349735,12298847151600,1607.0,45.0
10428,104280.0,1790707349737,12298849205300,1618.0,46.0
10429,104290.0,1790707349815,12298926915300,1625.0,48.0
10430,104300.0,1790707349885,12298996848800,1612.0,44.0
10431,104310.0,1790707349887,12298999283500,1616.0,38.0
10432,104320.0,1790707349889,12299000599100,1605.0,45.0
10433,104330.0,1790707349890,12299001770900,1613.0,50.0
10434,104340.0,1790707349891,12299002994200,1612.0,50.0
10435,104350.0,1790707349892,12299004133800,1603.0,43.0
10436,104360.0,1790707349893,12299005241300,1615.0,63.0
10437,104370.0,1790707349894,12299006327200,1602.0,43.0
10438,104380.0,1790707349895,12299007430400,1603.0,34.0
10439,104390.0,1790707349897,12299008501200,1599.0,39.0
10440,104400.0,1790707349898,12299009598300,1606.0,47.0
10441,104410.0,1790707349904,12299016280900,1617.0,36.0
10442,104420.0,1790707349906,12299017729900,1615.0,56.0
10443,104430.0,1790707349907,12299018859300,1594.0,54.0
10444,104440.0,1790707349908,12299019921900,1587.0,45.0
10445,104450.0,1790707349909,12299020990800,1578.0,56.0
10446,104460.0,1790707349916,12299027510300,1580.0,57.0
10447,104470.0,1790707349925,12299037312400,1573.0,66.0
10448,104480.0,1790707349935,12299047403400,1587.0,61.0
10449,104490.0,1790707349945,12299057447100,1597.0,50.0
10450,104500.0,1790707349956,12299067570700,1574.0,62.0
10451,104510.0,1790707349966,12299077782100,1593.0,60.0
10452,104520.0,1790707349976,12299087605700,1574.0,69.0
10453,104530.0,1790707349986,12299097622300,1594.0,70.0
10454,104540.0,1790707349996,12299107686300,1574.0,93.0
10455,104550.0,1790707350006,12299117892500,1553.0,74.0
10456,104560.0,1790707350016,12299127699900,1564.0,74.0
10457,104570.0,1790707350026,12299137769100,1578.0,57.0
10458,104580.0,1790707350036,12299147767600,1562.0,49.0
10459,104590.0,1790707350045,12299157464800,1575.0,56.0
10460,104600.0,1790707350056,12299167560400,1589.0,67.0
10461,104610.0,1790707350066,12299177637800,1586.0,59.0
10462,104620.0,1790707350076,12299187570500,1584.0,69.0
10463,104630.0,1790707350086,12299197872200,1580.0,60.0
10464,104640.0,1790707350096,12299207670900,1558.0,49.0
10465,104650.0,1790707350107,12299218848900,1566.0,53.0
10466,104660.0,1790707350116,12299228466000,1573.0,58.0
10467,104670.0,1790707350127,12299238881900,1568.0,58.0
10468,104680.0,1790707350137,12299248749900,1583.0,55.0
10469,104690.0,1790707350147,12299258887700,1565.0,55.0
10470,104700.0,1790707350157,12299269192600,1570.0,47.0
10471,104710.0,1790707350167,12299278602100,1574.0,56.0
10472,104720.0,1790707350177,12299289173000,1577.0,48.0
10473,104730.0,1790707350187,12299299306800,1576.0,42.0
10474,104740.0,1790707350197,12299308984000,1585.0,55.0
10475,104750.0,1790707350207,12299318748000,1572.0,69.0
10476,104760.0,1790707350216,12299328437800,1572.0,66.0
10477,104770.0,1790707350226,12299338263500,1541.0,51.0
10478,104780.0,1790707350237,12299348555400,1546.0,66.0
10479,104790.0,1790707350246,12299358277800,1545.0,52.0
10480,104800.0,1790707350256,12299368025100,1547.0,57.0
10481,104810.0,1790707350267,12299379303400,1550.0,44.0
10482,104820.0,1790707350276,12299388232200,1555.0,43.0
10483,104830.0,1790707350286,12299398326500,1551.0,49.0
10484,104840.0,1790707350296,12299408377800,1553.0,61.0
10485,104850.0,1790707350307,12299418572000,1550.0,52.0
10486,104860.0,1790707350317,12299428619800,1562.0,41.0
10487,104870.0,1790707350327,12299438865900,1551.0,45.0
10488,104880.0,1790707350337,12299449033600,1557.0,54.0
10489,104890.0,1790707350347,12299459136100,1556.0,35.0
10490,104900.0,1790707350357,12299469433400,1549.0,46.0
10491,104910.0,1790707350367,12299479388300,1553.0,50.0
10492,104920.0,1790707350378,12299489738600,1555.0,38.0
10493,104930.0,1790707350388,12299499772000,1550.0,40.0
10494,104940.0,1790707350398,12299509688200,1564.0,31.0
10495,104950.0,1790707350408,12299519780900,1558.0,38.0
10496,104960.0,1790707350418,12299530028200,1571.0,41.0
10497,104970.0,1790707350428,12299540003700,1541.0,58.0
10498,104980.0,1790707350438,12299550193200,1562.0,50.0
10499,104990.0,1790707350448,12299560247500,1550.0,53.0
10500,105000.0,1790707350458,12299569692300,1559.0,43.0
10501,105010.0,1790707350468,12299579769800,1573.0,39.0
10502,105020.0,1790707350478,12299589483900,1571.0,21.0
10503,105030.0,1790707350487,12299599067300,1577.0,31.0
10504,105040.0,1790707350497,12299608775600,1571.0,30.0
10505,105050.0,1790707350507,12299619069900,1569.0,52.0
10506,105060.0,1790707350517,12299629251800,1564.0,48.0
10507,105070.0,1790707350527,12299639322000,1576.0,44.0
10508,105080.0,1790707350537,12299649396100,1572.0,44.0
10509,105090.0,1790707350548,12299659561700,1580.0,47.0
10510,105100.0,1790707350558,12299669606800,1571.0,40.0
10511,105110.0,1790707350568,12299679818700,1581.0,47.0
10512,105120.0,1790707350578,12299690272800,1577.0,39.0
10513,105130.0,1790707350588,12299700411200,1584.0,39.0
10514,105140.0,1790707350599,12299711164000,1582.0,34.0
10515,105150.0,1790707350609,12299721114800,1589.0,38.0
10516,105160.0,1790707350619,12299731171400,1584.0,45.0
10517,105170.0,1790707350629,12299741146400,1588.0,42.0
10518,105180.0,1790707350639,12299751145600,1578.0,41.0
10519,105190.0,1790707350649,12299761303000,1570.0,40.0
10520,105200.0,1790707350659,12299771171700,1574.0,35.0
10521,105210.0,1790707350669,12299780678900,1574.0,36.0
10522,105220.0,1790707350679,12299791032100,1581.0,39.0
10523,105230.0,1790707350689,12299801053000,1572.0,45.0
10524,105240.0,1790707350699,12299811271400,1585.0,41.0
10525,105250.0,1790707350709,12299821184000,1582.0,35.0
10526,105260.0,1790707350729,12299840965100,1571.0,48.0
10527,105270.0,1790707350731,12299842559500,1570.0,46.0
10528,105280.0,1790707350812,12299924402900,1573.0,46.0
10529,105290.0,1790707350910,12300022163400,1576.0,55.0
10530,105300.0,1790707350914,12300025661400,1573.0,36.0
10531,105310.0,1790707350920,12300031637200,1557.0,43.0
10532,105320.0,1790707350948,12300060374100,1581.0,27.0
10533,105330.0,1790707350959,12300071021300,1577.0,40.0
10534,105340.0,1790707350980,12300092106600,1593.0,23.0
10535,105350.0,1790707350982,12300093810100,1589.0,40.0
10536,105360.0,1790707350983,12300095256300,1597.0,32.0
10537,105370.0,1790707350985,12300096949900,1582.0,51.0
10538,105380.0,1790707350987,12300098524900,1573.0,44.0
10539,105390.0,1790707350988,12300099880000,1583.0,41.0
10540,105400.0,1790707350989,12300101260600,1578.0,46.0
10541,105410.0,1790707350991,12300102666100,1571.0,44.0
10542,105420.0,1790707350992,12300104056100,1573.0,25.0
10543,105430.0,1790707350994,12300106127300,1572.0,34.0
10544,105440.0,1790707350995,12300107461800,1590.0,39.0
10545,105450.0,1790707350997,12300108749400,1594.0,43.0
10546,105460.0,1790707351013,12300125040000,1595.0,39.0
10547,105470.0,1790707351016,12300127669200,1587.0,35.0
10548,105480.0,1790707351018,12300129684200,1602.0,48.0
10549,105490.0,1790707351020,12300131532400,1584.0,34.0
10550,105500.0,1790707351027,12300139408600,1590.0,47.0
10551,105510.0,1790707351030,12300142443000,1595.0,53.0
10552,105520.0,1790707351034,12300145702000,1592.0,34.0
10553,105530.0,1790707351038,12300150041400,1598.0,34.0
10554,105540.0,1790707351042,12300153961200,1587.0,36.0
10555,105550.0,1790707351045,12300156534600,1604.0,33.0
10556,105560.0,1790707351059,12300171146000,1600.0,50.0
10557,105570.0,1790707351062,12300174471100,1592.0,43.0
10558,105580.0,1790707351066,12300177828800,1602.0,44.0
10559,105590.0,1790707351068,12300179608300,1589.0,31.0
10560,105600.0,1790707351069,12300181270800,1592.0,35.0
10561,105610.0,1790707351071,12300183017500,1581.0,37.0
10562,105620.0,1790707351078,12300189995900,1584.0,43.0
10563,105630.0,1790707351088,12300199975000,1577.0,53.0
10564,105640.0,1790707351098,12300209842500,1574.0,39.0
10565,105650.0,1790707351108,12300220121900,1588.0,42.0
10566,105660.0,1790707351118,12300229798300,1591.0,40.0
10567,105670.0,1790707351128,12300239790500,1588.0,42.0
10568,105680.0,1790707351138,12300249796600,1592.0,38.0
10569,105690.0,1790707351148,12300260118100,1601.0,43.0
10570,105700.0,1790707351158,12300269908000,1592.0,42.0
10571,105710.0,1790707351168,12300280155400,1575.0,56.0
10572,105720.0,1790707351178,12300290023500,1579.0,36.0
10573,105730.0,1790707351188,12300300079900,1580.0,45.0
10574,105740.0,1790707351198,12300310148800,1573.0,43.0
10575,105750.0,1790707351208,12300320143300,1581.0,43.0
10576,105760.0,1790707351218,12300330162400,1587.0,37.0
10577,105770.0,1790707351228,12300340171300,1579.0,40.0
10578,105780.0,1790707351238,12300350225600,1594.0,43.0
10579,105790.0,1790707351249,12300360746500,1584.0,37.0
10580,105800.0,1790707351258,12300370321400,1587.0,48.0
10581,105810.0,1790707351268,12300380426500,1571.0,42.0
10582,105820.0,1790707351279,12300390591300,1575.0,54.0
10583,105830.0,1790707351289,12300400503600,1568.0,51.0
10584,105840.0,1790707351299,12300410591700,1563.0,42.0
10585,105850.0,1790707351309,12300420554500,1573.0,37.0
10586,105860.0,1790707351319,12300430681900,1553.0,36.0
10587,105870.0,1790707351329,12300440806000,1553.0,45.0
10588,105880.0,1790707351339,12300451041900,1570.0,54.0
10589,105890.0,1790707351349,12300460924600,1569.0,37.0
10590,105900.0,1790707351359,12300471196100,1577.0,45.0
10591,105910.0,1790707351369,12300481218400,1585.0,41.0
10592,105920.0,1790707351380,12300491569100,1582.0,60.0
10593,105930.0,1790707351390,12300501515300,1563.0,47.0
10594,105940.0,1790707351400,12300512399700,1568.0,59.0
10595,105950.0,1790707351410,12300521697700,1568.0,45.0
10596,105960.0,1790707351420,12300531556300,1559.0,42.0
10597,105970.0,1790707351430,12300541479000,1573.0,39.0
10598,105980.0,1790707351439,12300551437400,1575.0,47.0
10599,105990.0,1790707351450,12300561506200,1591.0,43.0
10600,106000.0,1790707351459,12300571293400,1566.0,42.0
10601,106010.0,1790707351469,12300580981600,1578.0,58.0
10602,106020.0,1790707351479,12300590886900,1567.0,50.0
10603,106030.0,1790707351489,12300600910600,1557.0,62.0
10604,106040.0,1790707351499,12300611347200,1569.0,55.0
10605,106050.0,1790707351509,12300620994900,1571.0,43.0
10606,106060.0,1790707351519,12300630615100,1564.0,38.0
10607,106070.0,1790707351529,12300641157900,1563.0,34.0
10608,106080.0,1790707351539,12300651183800,1564.0,32.0
10609,106090.0,1790707351549,12300661190800,1570.0,33.0
10610,106100.0,1790707351559,12300670962900,1570.0,22.0
10611,106110.0,1790707351569,12300681068000,1554.0,46.0
10612,106120.0,1790707351579,12300691203500,1556.0,25.0
10613,106130.0,1790707351590,12300702474700,1540.0,37.0
10614,106140.0,1790707351601,12300712671700,1550.0,55.0
10615,106150.0,1790707351611,12300722744900,1548.0,46.0
10616,106160.0,1790707351621,12300732678100,1544.0,40.0
10617,106170.0,1790707351630,12300742421500,1556.0,43.0
10618,106180.0,1790707351640,12300752158500,1567.0,35.0
10619,106190.0,1790707351651,12300762612700,1563.0,39.0
10620,106200.0,1790707351660,12300772028100,1557.0,43.0
10621,106210.0,1790707351670,12300782174500,1562.0,30.0
10622,106220.0,1790707351680,12300792008300,1560.0,24.0
10623,106230.0,1790707351690,12300802148400,1554.0,23.0
10624,106240.0,1790707351700,12300811934100,1578.0,27.0
10625,106250.0,1790707351713,12300824793900,1562.0,38.0
10626,106260.0,1790707351732,12300844146600,1567.0,35.0
10627,106270.0,1790707351734,12300846275400,1569.0,58.0
10628,106280.0,1790707351789,12300900577200,1556.0,37.0
10629,106290.0,1790707351863,12300974700600,1558.0,24.0
10630,106300.0,1790707351867,12300978939200,1563.0,19.0
10631,106310.0,1790707351869,12300980492900,1563.0,30.0
10632,106320.0,1790707351870,12300981822300,1554.0,17.0
10633,106330.0,1790707351871,12300983158700,1556.0,29.0
10634,106340.0,1790707351873,12300984495300,1554.0,31.0
10635,106350.0,1790707351874,12300985852000,1531.0,44.0
10636,106360.0,1790707351875,12300987148300,1544.0,37.0
10637,106370.0,1790707351876,12300988381700,1520.0,45.0
10638,106380.0,1790707351878,12300989608700,1536.0,40.0
10639,106390.0,1790707351879,12300990906600,1552.0,15.0
10640,106400.0,1790707351880,12300992467700,1545.0,30.0
10641,106410.0,1790707351882,12300993858500,1551.0,33.0
10642,106420.0,1790707351883,12300995109700,1545.0,5.0
10643,106430.0,1790707351890,12301001857000,1547.0,25.0
10644,106440.0,1790707351900,12301011752200,1536.0,31.0
10645,106450.0,1790707351910,12301021812300,1547.0,31.0
10646,106460.0,1790707351920,12301031785500,1540.0,28.0
10647,106470.0,1790707351930,12301041501800,1541.0,20.0
10648,106480.0,1790707351940,12301051541300,1522.0,0.0
10649,106490.0,1790707351950,12301061675900,1534.0,11.0
10650,106500.0,1790707351960,12301071681800,1529.0,14.0
10651,106510.0,1790707351970,12301081679900,1530.0,18.0
10652,106520.0,1790707351980,12301091676600,1529.0,10.0
10653,106530.0,1790707351990,12301101735700,1521.0,14.0
10654,106540.0,1790707352000,12301111831100,1510.0,26.0
10655,106550.0,1790707352010,12301121791400,1515.0,11.0
10656,106560.0,1790707352020,12301131873600,1505.0,9.0
10657,106570.0,1790707352030,12301141954400,1492.0,16.0
10658,106580.0,1790707352040,12301151890800,1474.0,20.0
10659,106590.0,1790707352050,12301161947200,1477.0,21.0
10660,106600.0,1790707352060,12301172083400,1467.0,10.0
10661,106610.0,1790707352070,12301182145900,1459.0,27.0
10662,106620.0,1790707352080,12301192152500,1471.0,24.0
10663,106630.0,1790707352090,12301202175900,1456.0,11.0
10664,106640.0,1790707352100,12301212211800,1455.0,31.0
10665,106650.0,1790707352111,12301223210000,1438.0,47.0
10666,106660.0,1790707352122,12301233765000,1431.0,29.0
10667,106670.0,1790707352132,12301243774100,1409.0,45.0
10668,106680.0,1790707352142,12301253769400,1411.0,44.0
10669,106690.0,1790707352151,12301263467900,1398.0,48.0
10670,106700.0,1790707352162,12301273974400,1402.0,33.0
10671,106710.0,1790707352172,12301283697500,1405.0,35.0
10672,106720.0,1790707352181,12301292989200,1399.0,37.0
10673,106730.0,1790707352191,12301302580600,1397.0,40.0
10674,106740.0,1790707352200,12301312348600,1387.0,40.0
10675,106750.0,1790707352210,12301322421700,1385.0,45.0
10676,106760.0,1790707352220,12301332272400,1381.0,41.0
10677,106770.0,1790707352230,12301342346100,1358.0,39.0
10678,106780.0,1790707352240,12301352326200,1371.0,48.0
10679,106790.0,1790707352250,12301362367100,1373.0,42.0
10680,106800.0,1790707352261,12301372529900,1359.0,38.0
10681,106810.0,1790707352270,12301382467200,1362.0,31.0
10682,106820.0,1790707352281,12301392596000,1356.0,22.0
10683,106830.0,1790707352291,12301402594600,1352.0,11.0
10684,106840.0,1790707352301,12301412586700,1345.0,31.0
10685,106850.0,1790707352311,12301422681500,1333.0,40.0
10686,106860.0,1790707352321,12301432727500,1317.0,24.0
10687,106870.0,1790707352331,12301442704200,1310.0,34.0
10688,106880.0,1790707352341,12301452642100,1317.0,39.0
10689,106890.0,1790707352351,12301462630000,1313.0,19.0
10690,106900.0,1790707352361,12301472708200,1332.0,33.0
10691,106910.0,1790707352371,12301482743200,1322.0,25.0
10692,106920.0,1790707352381,12301492676600,1325.0,30.0
10693,106930.0,1790707352391,12301503167300,1332.0,8.0
10694,106940.0,1790707352401,12301513401400,1336.0,32.0
10695,106950.0,1790707352411,12301523219800,1335.0,17.0
10696,106960.0,1790707352422,12301533642300,1341.0,38.0
10697,106970.0,1790707352432,12301544245300,1334.0,29.0
10698,106980.0,1790707352443,12301554779600,1331.0,24.0
10699,106990.0,1790707352452,12301564270100,1338.0,21.0
10700,107000.0,1790707352463,12301574865100,1330.0,16.0
10701,107010.0,1790707352472,12301584347700,1333.0,13.0
10702,107020.0,1790707352483,12301594563500,1334.0,23.0
10703,107030.0,1790707352493,12301604956800,1324.0,34.0
10704,107040.0,1790707352503,12301614922400,1295.0,34.0
10705,107050.0,1790707352513,12301625015600,1270.0,31.0
10706,107060.0,1790707352522,12301634027300,1244.0,30.0
10707,107070.0,1790707352532,12301643566400,1199.0,41.0
10708,107080.0,1790707352541,12301653320900,1174.0,40.0
10709,107090.0,1790707352552,12301663880700,1129.0,25.0
10710,107100.0,1790707352562,12301673602300,1075.0,47.0
10711,107110.0,1790707352572,12301683479900,1056.0,30.0
10712,107120.0,1790707352582,12301693627000,1038.0,49.0
10713,107130.0,1790707352592,12301703778200,1008.0,38.0
10714,107140.0,1790707352602,12301713947300,990.0,35.0
10715,107150.0,1790707352612,12301723636300,963.0,37.0
10716,107160.0,1790707352623,12301734699600,961.0,40.0
10717,107170.0,1790707352633,12301744490700,935.0,30.0
10718,107180.0,1790707352642,12301754370900,925.0,52.0
10719,107190.0,1790707352652,12301763623000,934.0,40.0
10720,107200.0,1790707352661,12301773390300,913.0,46.0
10721,107210.0,1790707352671,12301783303100,915.0,47.0
10722,107220.0,1790707352682,12301793685600,931.0,43.0
10723,107230.0,1790707352692,12301803491800,915.0,33.0
10724,107240.0,1790707352702,12301813666400,929.0,42.0
10725,107250.0,1790707352712,12301823674200,916.0,34.0
10726,107260.0,1790707352722,12301833697000,919.0,41.0
10727,107270.0,1790707352731,12301843429200,924.0,46.0
10728,107280.0,1790707352809,12301921234800,917.0,46.0
10729,107290.0,1790707352863,12301974642500,915.0,55.0
10730,107300.0,1790707352865,12301977083000,921.0,40.0
10731,107310.0,1790707352867,12301978651400,912.0,38.0
10732,107320.0,1790707352868,12301979939800,905.0,39.0
10733,107330.0,1790707352869,12301981209300,910.0,37.0
10734,107340.0,1790707352870,12301982457000,912.0,36.0
10735,107350.0,1790707352872,12301983682600,929.0,37.0
10736,107360.0,1790707352873,12301984934500,919.0,25.0
10737,107370.0,1790707352874,12301986223500,916.0,31.0
10738,107380.0,1790707352876,12301987526500,942.0,28.0
10739,107390.0,1790707352877,12301988748400,924.0,39.0
10740,107400.0,1790707352878,12301990011700,926.0,49.0
10741,107410.0,1790707352881,12301992798300,927.0,32.0
10742,107420.0,1790707352883,12301995025800,929.0,53.0
10743,107430.0,1790707352892,12302003739300,932.0,36.0
10744,107440.0,1790707352902,12302013790400,926.0,48.0
10745,107450.0,1790707352912,12302023839100,938.0,28.0
10746,107460.0,1790707352922,12302033860200,935.0,31.0
10747,107470.0,1790707352932,12302043855200,928.0,44.0
10748,107480.0,1790707352942,12302053877900,930.0,30.0
10749,107490.0,1790707352952,12302063959800,926.0,48.0
10750,107500.0,1790707352962,12302074179000,925.0,50.0
10751,107510.0,1790707352972,12302084007500,928.0,34.0
10752,107520.0,1790707352982,12302094040800,925.0,48.0
10753,107530.0,1790707352992,12302103707500,905.0,57.0
10754,107540.0,1790707353002,12302114067700,912.0,42.0
10755,107550.0,1790707353012,12302123852500,919.0,43.0
10756,107560.0,1790707353022,12302133875800,925.0,35.0
10757,107570.0,1790707353032,12302144172100,913.0,35.0
10758,107580.0,1790707353042,12302153963400,924.0,29.0
10759,107590.0,1790707353052,12302163992800,922.0,56.0
10760,107600.0,1790707353062,12302173984700,914.0,41.0
10761,107610.0,1790707353072,12302183973300,918.0,51.0
10762,107620.0,1790707353082,12302194056100,925.0,46.0
10763,107630.0,1790707353092,12302204071500,901.0,37.0
10764,107640.0,1790707353102,12302214191800,910.0,48.0
10765,107650.0,1790707353112,12302224203000,928.0,46.0
10766,107660.0,1790707353122,12302234248900,935.0,60.0
10767,107670.0,1790707353134,12302245785600,974.0,33.0
10768,107680.0,1790707353144,12302255808700,1039.0,39.0
10769,107690.0,1790707353154,12302265866300,1115.0,38.0
10770,107700.0,1790707353164,12302276092800,1196.0,40.0
10771,107710.0,1790707353174,12302286091400,1301.0,30.0
10772,107720.0,1790707353184,12302296092900,1417.0,46.0
10773,107730.0,1790707353194,12302305983300,1560.0,49.0
10774,107740.0,1790707353203,12302315115600,1699.0,51.0
10775,107750.0,1790707353213,12302324804000,1884.0,62.0
10776,107760.0,1790707353222,12302334329700,2070.0,54.0
10777,107770.0,1790707353233,12302344757800,2243.0,51.0
10778,107780.0,1790707353243,12302354745600,2387.0,43.0
10779,107790.0,1790707353253,12302364740600,2513.0,49.0
10780,107800.0,1790707353263,12302374645400,2661.0,51.0
10781,107810.0,1790707353273,12302384768100,2864.0,57.0
10782,107820.0,1790707353283,12302394943100,3116.0,56.0
10783,107830.0,1790707353293,12302404989900,3484.0,79.0
10784,107840.0,1790707353303,12302415194100,3959.0,72.0
10785,107850.0,1790707353313,12302425146900,4558.0,74.0
10786,107860.0,1790707353324,12302435986100,5300.0,61.0
10787,107870.0,1790707353334,12302446199200,6180.0,61.0
10788,107880.0,1790707353344,12302456296100,7117.0,58.0
10789,107890.0,1790707353354,12302466312000,8048.0,61.0
10790,107900.0,1790707353364,12302476254300,8927.0,72.0
10791,107910.0,1790707353375,12302486534100,9710.0,45.0
10792,107920.0,1790707353385,12302496712000,10420.0,54.0
10793,107930.0,1790707353395,12302506740900,11103.0,67.0
10794,107940.0,1790707353405,12302517011400,11814.0,57.0
10795,107950.0,1790707353414,12302526083100,12548.0,54.0
10796,107960.0,1790707353425,12302536829000,13151.0,50.0
10797,107970.0,1790707353434,12302546327100,13552.0,41.0
10798,107980.0,1790707353444,12302556404900,13863.0,48.0
10799,107990.0,1790707353454,12302566138400,14200.0,40.0
10800,108000.0,1790707353464,12302576251300,14591.0,43.0
10801,108010.0,1790707353475,12302586784700,15144.0,33.0
10802,108020.0,1790707353485,12302596759600,16026.0,57.0
10803,108030.0,1790707353495,12302606852200,17501.0,47.0
10804,108040.0,1790707353505,12302616845800,20110.0,54.0
10805,108050.0,1790707353514,12302626421200,24776.0,61.0
10806,108060.0,1790707353525,12302636941700,32009.0,40.0
10807,108070.0,1790707353534,12302646450800,41373.0,49.0
10808,108080.0,1790707353545,12302656982500,50757.0,36.0
10809,108090.0,1790707353555,12302666531800,57592.0,25.0
10810,108100.0,1790707353564,12302676016800,61620.0,59.0
10811,108110.0,1790707353574,12302685506700,63967.0,42.0
10812,108120.0,1790707353584,12302695842500,65246.0,36.0
10813,108130.0,1790707353594,12302705982100,65260.0,54.0
10814,108140.0,1790707353604,12302715915800,64258.0,50.0
10815,108150.0,1790707353614,12302725885700,62108.0,54.0
10816,108160.0,1790707353624,12302736017500,59081.0,63.0
10817,108170.0,1790707353634,12302745505500,56914.0,55.0
10818,108180.0,1790707353644,12302755883100,55148.0,38.0
10819,108190.0,1790707353654,12302765948100,53179.0,61.0
10820,108200.0,1790707353664,12302775950900,51319.0,63.0
10821,108210.0,1790707353674,12302786247200,49260.0,75.0
10822,108220.0,1790707353684,12302796390300,47019.0,58.0
10823,108230.0,1790707353694,12302805931100,44894.0,72.0
10824,108240.0,1790707353705,12302816493000,42691.0,78.0
10825,108250.0,1790707353724,12302836315300,40637.0,84.0
10826,108260.0,1790707353727,12302839088000,39058.0,100.0
10827,108270.0,1790707353787,12302899407000,37832.0,88.0
10828,108280.0,1790707353863,12302975474600,37269.0,78.0
10829,108290.0,1790707353866,12302977515100,37699.0,90.0
10830,108300.0,1790707353867,12302978819400,39303.0,99.0
10831,108310.0,1790707353868,12302980123900,42415.0,79.0
10832,108320.0,1790707353869,12302981340700,47781.0,84.0
10833,108330.0,1790707353871,12302982560500,57041.0,99.0
10834,108340.0,1790707353872,12302983752200,73910.0,78.0
10835,108350.0,1790707353873,12302984932100,91780.0,83.0
10836,108360.0,1790707353874,12302986214700,108020.0,76.0
10837,108370.0,1790707353875,12302987471900,124186.0,42.0
10838,108380.0,1790707353877,12302988747600,140935.0,34.0
10839,108390.0,1790707353881,12302992797500,157279.0,45.0
10840,108400.0,1790707353882,12302994227200,173783.0,30.0
10841,108410.0,1790707353883,12302995439000,190116.0,41.0
10842,108420.0,1790707353885,12302996592600,200715.0,38.0
10843,108430.0,1790707353894,12303005898700,199478.0,38.0
10844,108440.0,1790707353904,12303015885600,199503.0,48.0
10845,108450.0,1790707353914,12303025956500,199021.0,61.0
10846,108460.0,1790707353924,12303035971200,198283.0,57.0
10847,108470.0,1790707353934,12303045996100,197758.0,35.0
10848,108480.0,1790707353944,12303056111600,197556.0,46.0
10849,108490.0,1790707353954,12303066092800,197447.0,49.0
10850,108500.0,1790707353964,12303076143500,196955.0,50.0
10851,108510.0,1790707353974,12303086125800,196504.0,29.0
10852,108520.0,1790707353984,12303096239800,196358.0,41.0
10853,108530.0,1790707353994,12303106179000,196478.0,45.0
10854,108540.0,1790707354004,12303116196000,197014.0,51.0
10855,108550.0,1790707354014,12303126303000,197618.0,39.0
10856,108560.0,1790707354024,12303136295300,198375.0,41.0
10857,108570.0,1790707354035,12303146662700,199480.0,49.0
10858,108580.0,1790707354044,12303156340300,200538.0,50.0
10859,108590.0,1790707354054,12303166042700,201617.0,34.0
10860,108600.0,1790707354064,12303176152200,202779.0,49.0
10861,108610.0,1790707354074,12303186230700,204087.0,30.0
10862,108620.0,1790707354084,12303196202400,205255.0,41.0
10863,108630.0,1790707354094,12303206204200,206305.0,48.0
10864,108640.0,1790707354104,12303216450300,207693.0,41.0
10865,108650.0,1790707354115,12303226530700,208826.0,44.0
10866,108660.0,1790707354125,12303237401100,209892.0,41.0
10867,108670.0,1790707354136,12303247898100,211107.0,51.0
10868,108680.0,1790707354146,12303258261600,211697.0,54.0
10869,108690.0,1790707354156,12303267886800,214207.0,51.0
10870,108700.0,1790707354166,12303278088300,214715.0,51.0
10871,108710.0,1790707354176,12303288093300,216257.0,38.0
10872,108720.0,1790707354186,12303297862000,217562.0,32.0
10873,108730.0,1790707354196,12303307867900,219025.0,32.0
10874,108740.0,1790707354206,12303317881500,218771.0,49.0
10875,108750.0,1790707354216,12303328105200,219049.0,40.0
10876,108760.0,1790707354226,12303338349100,219047.0,39.0
10877,108770.0,1790707354236,12303348254100,219103.0,38.0
10878,108780.0,1790707354246,12303358252200,219164.0,55.0
10879,108790.0,1790707354256,12303368194100,219209.0,32.0
10880,108800.0,1790707354266,12303378092700,219250.0,48.0
10881,108810.0,1790707354276,12303388141400,219299.0,33.0
10882,108820.0,1790707354286,12303398231000,219292.0,42.0
10883,108830.0,1790707354296,12303408317400,219389.0,45.0
10884,108840.0,1790707354307,12303419051300,219485.0,37.0
10885,108850.0,1790707354316,12303428149200,219609.0,45.0
10886,108860.0,1790707354326,12303438130900,219732.0,34.0
10887,108870.0,1790707354336,12303448293500,219812.0,47.0
10888,108880.0,1790707354346,12303458377200,219612.0,52.0
10889,108890.0,1790707354356,12303468291500,219700.0,43.0
10890,108900.0,1790707354366,12303478340100,219813.0,39.0
10891,108910.0,1790707354376,12303488415600,220243.0,51.0
10892,108920.0,1790707354386,12303498259700,220211.0,44.0
10893,108930.0,1790707354396,12303508362100,220169.0,42.0
10894,108940.0,1790707354407,12303518586900,219958.0,58.0
10895,108950.0,1790707354417,12303528570200,219751.0,43.0
10896,108960.0,1790707354427,12303538634300,219331.0,39.0
10897,108970.0,1790707354436,12303548346300,218911.0,41.0
10898,108980.0,1790707354447,12303558481400,218502.0,49.0
10899,108990.0,1790707354457,12303568887100,218310.0,63.0
10900,109000.0,1790707354466,12303578464000,218281.0,53.0
10901,109010.0,1790707354476,12303587715200,218589.0,32.0
10902,109020.0,1790707354485,12303597327700,218988.0,33.0
10903,109030.0,1790707354495,12303607156100,219520.0,29.0
10904,109040.0,1790707354505,12303617072800,219595.0,44.0
10905,109050.0,1790707354516,12303627668600,219569.0,49.0
10906,109060.0,1790707354526,12303637830400,219764.0,38.0
10907,109070.0,1790707354536,12303647861300,219972.0,46.0
10908,109080.0,1790707354545,12303657228200,219615.0,37.0
10909,109090.0,1790707354556,12303667926200,218852.0,43.0
10910,109100.0,1790707354566,12303678054400,218229.0,47.0
10911,109110.0,1790707354576,12303688134800,217749.0,31.0
10912,109120.0,1790707354585,12303697320400,216819.0,36.0
10913,109130.0,1790707354595,12303707455000,215949.0,25.0
10914,109140.0,1790707354606,12303718124200,215520.0,41.0
10915,109150.0,1790707354616,12303728186300,214750.0,31.0
10916,109160.0,1790707354626,12303737622100,214462.0,32.0
10917,109170.0,1790707354636,12303748267200,214096.0,30.0
10918,109180.0,1790707354646,12303757960500,213934.0,53.0
10919,109190.0,1790707354656,12303768463100,213701.0,44.0
10920,109200.0,1790707354667,12303778740700,213546.0,50.0
10921,109210.0,1790707354677,12303788546700,213485.0,46.0
10922,109220.0,1790707354687,12303798979400,213662.0,48.0
10923,109230.0,1790707354697,12303809243600,213772.0,47.0
10924,109240.0,1790707354707,12303819128400,214082.0,35.0
10925,109250.0,1790707354718,12303829595300,214348.0,26.0
10926,109260.0,1790707354731,12303843027800,214750.0,28.0
10927,109270.0,1790707354736,12303847883900,215353.0,42.0
10928,109280.0,1790707354821,12303932846600,215776.0,43.0
10929,109290.0,1790707354890,12304002172700,215874.0,39.0
10930,109300.0,1790707354893,12304004693500,216033.0,43.0
10931,109310.0,1790707354895,12304006629100,216358.0,58.0
10932,109320.0,1790707354897,12304009380200,216406.0,49.0
10933,109330.0,1790707354899,12304011015100,216631.0,31.0
10934,109340.0,1790707354901,12304012537500,216891.0,35.0
10935,109350.0,1790707354902,12304013993700,217103.0,28.0
10936,109360.0,1790707354904,12304015474700,216977.0,32.0
10937,109370.0,1790707354905,12304016946500,217090.0,39.0
10938,109380.0,1790707354907,12304018499400,217260.0,48.0
10939,109390.0,1790707354908,12304019961400,217313.0,34.0
10940,109400.0,1790707354910,12304021534500,217329.0,49.0
10941,109410.0,1790707354912,12304024389600,217343.0,50.0
10942,109420.0,1790707354915,12304026904300,217346.0,35.0
10943,109430.0,1790707354917,12304028845300,217263.0,31.0
10944,109440.0,1790707354919,12304031041900,217286.0,36.0
10945,109450.0,1790707354921,12304032580900,217306.0,33.0
10946,109460.0,1790707354926,12304038158100,217299.0,38.0
10947,109470.0,1790707354936,12304048086200,217294.0,40.0
10948,109480.0,1790707354947,12304058494400,217289.0,44.0
10949,109490.0,1790707354956,12304068142500,217287.0,44.0
10950,109500.0,1790707354966,12304078215600,217308.0,44.0
10951,109510.0,1790707354976,12304088252900,217307.0,37.0
10952,109520.0,1790707354986,12304098267400,217339.0,29.0
10953,109530.0,1790707354996,12304108330500,217362.0,31.0
10954,109540.0,1790707355006,12304118313000,217359.0,45.0
10955,109550.0,1790707355016,12304128388100,217316.0,42.0
10956,109560.0,1790707355026,12304138374400,217290.0,36.0
10957,109570.0,1790707355036,12304148458200,217255.0,43.0
10958,109580.0,1790707355046,12304158464300,217206.0,45.0
10959,109590.0,1790707355057,12304168499300,217149.0,32.0
10960,109600.0,1790707355067,12304178565300,217093.0,40.0
10961,109610.0,1790707355077,12304188834100,217026.0,56.0
10962,109620.0,1790707355087,12304198613800,216977.0,49.0
10963,109630.0,1790707355096,12304208296700,216930.0,37.0
10964,109640.0,1790707355107,12304218662600,216874.0,42.0
10965,109650.0,1790707355116,12304228432800,216789.0,36.0
10966,109660.0,1790707355127,12304238503600,216724.0,44.0
10967,109670.0,1790707355136,12304248443600,216623.0,41.0
10968,109680.0,1790707355147,12304258776100,216530.0,32.0
10969,109690.0,1790707355158,12304269885100,216481.0,44.0
10970,109700.0,1790707355168,12304279998300,216451.0,40.0
10971,109710.0,1790707355179,12304290628700,216412.0,49.0
10972,109720.0,1790707355188,12304300271900,216334.0,49.0
10973,109730.0,1790707355198,12304310438300,216322.0,48.0
10974,109740.0,1790707355209,12304320611800,216227.0,30.0
10975,109750.0,1790707355219,12304330629000,216246.0,19.0
10976,109760.0,1790707355230,12304341589700,216113.0,33.0
10977,109770.0,1790707355239,12304350816600,216004.0,26.0
10978,109780.0,1790707355249,12304360633600,215898.0,45.0
10979,109790.0,1790707355259,12304370798900,215762.0,38.0
10980,109800.0,1790707355269,12304380928800,215582.0,56.0
10981,109810.0,1790707355279,12304390659200,215349.0,36.0
10982,109820.0,1790707355289,12304400488800,215016.0,47.0
10983,109830.0,1790707355299,12304410682700,214569.0,46.0
10984,109840.0,1790707355309,12304420720400,214336.0,52.0
10985,109850.0,1790707355319,12304430633100,214372.0,36.0
10986,109860.0,1790707355328,12304440345200,214432.0,28.0
10987,109870.0,1790707355339,12304450757700,214542.0,30.0
10988,109880.0,1790707355348,12304459628800,214598.0,36.0
10989,109890.0,1790707355358,12304469685000,214494.0,46.0
10990,109900.0,1790707355368,12304479639600,214303.0,56.0
10991,109910.0,1790707355377,12304489446800,214051.0,38.0
10992,109920.0,1790707355388,12304499792600,213870.0,53.0
10993,109930.0,1790707355398,12304509765500,213727.0,57.0
10994,109940.0,1790707355408,12304519810500,213560.0,36.0
10995,109950.0,1790707355418,12304529891400,213405.0,38.0
10996,109960.0,1790707355428,12304539696100,213165.0,30.0
10997,109970.0,1790707355439,12304550861300,212950.0,37.0
10998,109980.0,1790707355448,12304560224900,212810.0,19.0
10999,109990.0,1790707355459,12304570535600,212731.0,30.0
11000,110000.0,1790707355469,12304580938500,212702.0,37.0
11001,110010.0,1790707355479,12304590566300,212635.0,37.0
11002,110020.0,1790707355489,12304600687500,212582.0,39.0
11003,110030.0,1790707355499,12304610889700,212509.0,37.0
11004,110040.0,1790707355509,12304621019100,212508.0,40.0
11005,110050.0,1790707355519,12304630966100,212566.0,45.0
11006,110060.0,1790707355528,12304640425200,212659.0,42.0
11007,110070.0,1790707355539,12304650705600,212768.0,40.0
11008,110080.0,1790707355549,12304660732100,212846.0,36.0
11009,110090.0,1790707355559,12304670841500,212907.0,38.0
11010,110100.0,1790707355569,12304680911400,212972.0,36.0
11011,110110.0,1790707355579,12304690511100,213009.0,32.0
11012,110120.0,1790707355589,12304700784700,212974.0,28.0
11013,110130.0,1790707355598,12304710420900,212855.0,37.0
11014,110140.0,1790707355608,12304719474100,212688.0,38.0
11015,110150.0,1790707355618,12304730182100,212681.0,39.0
11016,110160.0,1790707355628,12304739738900,212420.0,42.0
11017,110170.0,1790707355638,12304750337400,212272.0,41.0
11018,110180.0,1790707355648,12304759781400,212021.0,42.0
11019,110190.0,1790707355658,12304769781400,211743.0,40.0
11020,110200.0,1790707355668,12304779912400,211464.0,31.0
11021,110210.0,1790707355678,12304789867400,211112.0,31.0
11022,110220.0,1790707355688,12304800213300,210633.0,15.0
11023,110230.0,1790707355698,12304810233200,210249.0,27.0
11024,110240.0,1790707355709,12304820605400,209898.0,48.0
11025,110250.0,1790707355718,12304829882500,209477.0,59.0
11026,110260.0,1790707355793,12304905173200,208967.0,55.0
11027,110270.0,1790707355852,12304964470100,207876.0,49.0
11028,110280.0,1790707355854,12304966010700,206872.0,32.0
11029,110290.0,1790707355855,12304967277200,205745.0,37.0
11030,110300.0,1790707355856,12304968470400,204014.0,30.0
11031,110310.0,1790707355858,12304969663700,202357.0,27.0
11032,110320.0,1790707355859,12304970871600,201101.0,39.0
11033,110330.0,1790707355860,12304972250100,199603.0,23.0
11034,110340.0,1790707355862,12304973836600,198423.0,44.0
11035,110350.0,1790707355863,12304975240000,197661.0,43.0
11036,110360.0,1790707355865,12304976605100,196441.0,41.0
11037,110370.0,1790707355866,12304978101800,197872.0,50.0
11038,110380.0,1790707355867,12304979437100,197937.0,42.0
11039,110390.0,1790707355869,12304980795000,195969.0,26.0
11040,110400.0,1790707355870,12304982219600,193906.0,34.0
11041,110410.0,1790707355879,12304990881900,192428.0,31.0
11042,110420.0,1790707355888,12305000328400,191057.0,39.0
11043,110430.0,1790707355898,12305010332200,190129.0,42.0
11044,110440.0,1790707355908,12305020298100,188151.0,35.0
11045,110450.0,1790707355918,12305030391800,185489.0,52.0
11046,110460.0,1790707355928,12305040445000,182500.0,44.0
11047,110470.0,1790707355938,12305050429300,179293.0,51.0
11048,110480.0,1790707355948,12305060468000,175562.0,40.0
11049,110490.0,1790707355958,12305070433600,170150.0,41.0
11050,110500.0,1790707355968,12305080235600,162800.0,42.0
11051,110510.0,1790707355978,12305090247000,152813.0,38.0
11052,110520.0,1790707355988,12305100295600,140568.0,38.0
11053,110530.0,1790707355998,12305110343500,128610.0,29.0
11054,110540.0,1790707356008,12305120387700,118256.0,29.0
11055,110550.0,1790707356019,12305130757600,110619.0,38.0
11056,110560.0,1790707356028,12305140437300,106999.0,39.0
11057,110570.0,1790707356038,12305150439900,105762.0,42.0
11058,110580.0,1790707356049,12305160502400,106306.0,34.0
11059,110590.0,1790707356059,12305170864000,109332.0,33.0
11060,110600.0,1790707356069,12305180615600,115189.0,44.0
11061,110610.0,1790707356079,12305190860400,123060.0,22.0
11062,110620.0,1790707356090,12305202329100,131935.0,43.0
11063,110630.0,1790707356100,12305211876800,141486.0,28.0
11064,110640.0,1790707356110,12305221777800,149718.0,22.0
11065,110650.0,1790707356120,12305231743200,153302.0,21.0
11066,110660.0,1790707356129,12305241278600,152462.0,33.0
11067,110670.0,1790707356139,12305251451800,148765.0,31.0
11068,110680.0,1790707356150,12305261482200,145138.0,33.0
11069,110690.0,1790707356160,12305272169800,145761.0,28.0
11070,110700.0,1790707356169,12305281296300,149416.0,29.0
11071,110710.0,1790707356179,12305291104600,153743.0,29.0
11072,110720.0,1790707356189,12305301357800,159153.0,30.0
11073,110730.0,1790707356199,12305311425200,167939.0,34.0
11074,110740.0,1790707356209,12305321442200,168587.0,25.0
11075,110750.0,1790707356220,12305331633300,169270.0,27.0
11076,110760.0,1790707356229,12305340872500,169201.0,29.0
11077,110770.0,1790707356239,12305350953300,169350.0,33.0
11078,110780.0,1790707356249,12305361354600,169473.0,31.0
11079,110790.0,1790707356259,12305371355800,169974.0,48.0
11080,110800.0,1790707356269,12305381460200,170521.0,43.0
11081,110810.0,1790707356279,12305391320800,170606.0,57.0
11082,110820.0,1790707356289,12305401455300,170640.0,56.0
11083,110830.0,1790707356300,12305411614600,170699.0,25.0
11084,110840.0,1790707356310,12305421824500,170755.0,29.0
11085,110850.0,1790707356320,12305431860900,170469.0,36.0
11086,110860.0,1790707356331,12305442575200,170332.0,40.0
11087,110870.0,1790707356341,12305453353000,170124.0,39.0
11088,110880.0,1790707356352,12305463572100,170239.0,50.0
11089,110890.0,1790707356361,12305472838000,170536.0,36.0
11090,110900.0,1790707356371,12305482983400,171093.0,44.0
11091,110910.0,1790707356381,12305493051100,171601.0,53.0
11092,110920.0,1790707356391,12305502867100,172177.0,60.0
11093,110930.0,1790707356401,12305513131600,172983.0,34.0
11094,110940.0,1790707356412,12305523517400,173817.0,49.0
11095,110950.0,1790707356421,12305533286100,174848.0,43.0
11096,110960.0,1790707356431,12305543349500,175979.0,40.0
11097,110970.0,1790707356442,12305553559300,176606.0,42.0
11098,110980.0,1790707356452,12305564258900,177459.0,42.0
11099,110990.0,1790707356462,12305573586100,177971.0,47.0
11100,111000.0,1790707356471,12305583415400,178616.0,42.0
11101,111010.0,1790707356481,12305593459100,179153.0,38.0
11102,111020.0,1790707356492,12305603593200,179925.0,54.0
11103,111030.0,1790707356502,12305613661400,180686.0,56.0
11104,111040.0,1790707356512,12305623673900,181282.0,45.0
11105,111050.0,1790707356522,12305633722700,181912.0,47.0
11106,111060.0,1790707356532,12305643669700,182487.0,35.0
11107,111070.0,1790707356541,12305653190100,183007.0,38.0
11108,111080.0,1790707356551,12305663168500,183481.0,54.0
11109,111090.0,1790707356561,12305672935700,183885.0,36.0
11110,111100.0,1790707356571,12305683073300,184077.0,30.0
11111,111110.0,1790707356581,12305693142500,184224.0,41.0
11112,111120.0,1790707356591,12305703205500,184203.0,40.0
11113,111130.0,1790707356601,12305713210100,184242.0,32.0
11114,111140.0,1790707356611,12305722845100,184469.0,49.0
11115,111150.0,1790707356621,12305732907700,184554.0,48.0
11116,111160.0,1790707356631,12305742964400,184719.0,38.0
11117,111170.0,1790707356641,12305753213400,184809.0,35.0
11118,111180.0,1790707356651,12305762679700,184942.0,41.0
11119,111190.0,1790707356660,12305772186800,185040.0,39.0
11120,111200.0,1790707356670,12305782418500,185105.0,49.0
11121,111210.0,1790707356680,12305792398900,185154.0,40.0
11122,111220.0,1790707356690,12305802400800,185177.0,46.0
11123,111230.0,1790707356701,12305812582500,185207.0,41.0
11124,111240.0,1790707356710,12305822349400,185181.0,39.0
11125,111250.0,1790707356721,12305832484700,185160.0,39.0
11126,111260.0,1790707356736,12305847799600,185129.0,47.0
11127,111270.0,1790707356741,12305852618900,185149.0,27.0
11128,111280.0,1790707356818,12305929547700,185180.0,34.0
11129,111290.0,1790707356878,12305989760000,185217.0,54.0
11130,111300.0,1790707356880,12305991599400,185258.0,38.0
11131,111310.0,1790707356881,12305992966800,185323.0,44.0
11132,111320.0,1790707356882,12305994256100,185397.0,35.0
11133,111330.0,1790707356884,12305995500800,185473.0,40.0
11134,111340.0,1790707356885,12305996713900,185548.0,33.0
11135,111350.0,1790707356886,12305997906800,185578.0,49.0
11136,111360.0,1790707356887,12305999085800,185570.0,40.0
11137,111370.0,1790707356888,12306000313300,185561.0,29.0
11138,111380.0,1790707356890,12306001660800,185493.0,44.0
11139,111390.0,1790707356891,12306002879500,185411.0,41.0
11140,111400.0,1790707356892,12306004104700,185336.0,38.0
11141,111410.0,1790707356896,12306008436200,185279.0,39.0
11142,111420.0,1790707356898,12306009841100,185271.0,48.0
11143,111430.0,1790707356901,12306012654900,185266.0,30.0
11144,111440.0,1790707356910,12306022443100,185190.0,55.0
11145,111450.0,1790707356921,12306032483100,185075.0,49.0
11146,111460.0,1790707356930,12306042457800,184852.0,44.0
11147,111470.0,1790707356941,12306052475000,184571.0,28.0
11148,111480.0,1790707356951,12306062598700,184314.0,47.0
11149,111490.0,1790707356961,12306072645400,184022.0,47.0
11150,111500.0,1790707356971,12306082638900,183774.0,43.0
11151,111510.0,1790707356981,12306092666200,183524.0,40.0
11152,111520.0,1790707356991,12306102707900,183306.0,41.0
11153,111530.0,1790707357001,12306113030300,183097.0,65.0
11154,111540.0,1790707357011,12306122831800,182917.0,58.0
11155,111550.0,1790707357021,12306133060800,182794.0,47.0
11156,111560.0,1790707357031,12306142586300,182688.0,40.0
11157,111570.0,1790707357041,12306152593000,182659.0,39.0
11158,111580.0,1790707357051,12306162907100,182632.0,34.0
11159,111590.0,1790707357061,12306172662100,182638.0,38.0
11160,111600.0,1790707357071,12306182678400,182689.0,38.0
11161,111610.0,1790707357081,12306192761300,182784.0,42.0
11162,111620.0,1790707357091,12306202714900,182885.0,43.0
11163,111630.0,1790707357101,12306212827400,182965.0,50.0
11164,111640.0,1790707357111,12306222857400,182979.0,54.0
11165,111650.0,1790707357121,12306232892500,182970.0,32.0
11166,111660.0,1790707357131,12306243212900,182982.0,44.0
11167,111670.0,1790707357141,12306253026900,183044.0,51.0
11168,111680.0,1790707357151,12306263063700,183108.0,32.0
11169,111690.0,1790707357163,12306275355200,183215.0,32.0
11170,111700.0,1790707357173,12306285043300,183332.0,32.0
11171,111710.0,1790707357183,12306294853800,183463.0,38.0
11172,111720.0,1790707357192,12306303856600,183499.0,47.0
11173,111730.0,1790707357202,12306313530200,183517.0,43.0
11174,111740.0,1790707357212,12306323614200,183444.0,49.0
11175,111750.0,1790707357222,12306333639000,183380.0,41.0
11176,111760.0,1790707357232,12306343892700,183292.0,37.0
11177,111770.0,1790707357241,12306353450700,183168.0,38.0
11178,111780.0,1790707357252,12306363490600,183032.0,28.0
11179,111790.0,1790707357262,12306373483500,182965.0,45.0
11180,111800.0,1790707357272,12306383625900,182866.0,40.0
11181,111810.0,1790707357282,12306393659700,182809.0,33.0
11182,111820.0,1790707357292,12306403679900,182823.0,23.0
11183,111830.0,1790707357302,12306414335600,182798.0,55.0
11184,111840.0,1790707357313,12306424528300,182792.0,50.0
11185,111850.0,1790707357323,12306434506700,182769.0,37.0
11186,111860.0,1790707357333,12306444665400,182706.0,52.0
11187,111870.0,1790707357343,12306454715500,182674.0,48.0
11188,111880.0,1790707357353,12306464784000,182684.0,37.0
11189,111890.0,1790707357363,12306474707500,182615.0,34.0
11190,111900.0,1790707357373,12306484701100,182550.0,46.0
11191,111910.0,1790707357383,12306494742200,182526.0,39.0
11192,111920.0,1790707357393,12306504983300,182523.0,40.0
11193,111930.0,1790707357404,12306515582600,182539.0,52.0
11194,111940.0,1790707357413,12306524895200,182530.0,44.0
11195,111950.0,1790707357423,12306534941700,182498.0,57.0
11196,111960.0,1790707357433,12306545035100,182471.0,51.0
11197,111970.0,1790707357443,12306554847500,182497.0,53.0
11198,111980.0,1790707357453,12306564511900,182496.0,51.0
11199,111990.0,1790707357463,12306574487600,182514.0,36.0
11200,112000.0,1790707357473,12306584595900,182463.0,34.0
11201,112010.0,1790707357483,12306594628800,182420.0,40.0
11202,112020.0,1790707357493,12306604804000,182374.0,39.0
11203,112030.0,1790707357502,12306614401100,182348.0,40.0
11204,112040.0,1790707357512,12306623593900,182307.0,49.0
11205,112050.0,1790707357522,12306633631500,182316.0,47.0
11206,112060.0,1790707357532,12306644246000,182391.0,70.0
11207,112070.0,1790707357543,12306654518400,182420.0,49.0
11208,112080.0,1790707357553,12306664480100,182443.0,45.0
11209,112090.0,1790707357563,12306674598500,182401.0,54.0
11210,112100.0,1790707357573,12306684529400,182311.0,54.0
11211,112110.0,1790707357582,12306694140600,182203.0,38.0
11212,112120.0,1790707357593,12306704682500,182159.0,38.0
11213,112130.0,1790707357603,12306714561900,182165.0,34.0
11214,112140.0,1790707357613,12306724654900,182197.0,38.0
11215,112150.0,1790707357623,12306734860100,182302.0,51.0
11216,112160.0,1790707357633,12306744895800,182412.0,49.0
11217,112170.0,1790707357643,12306755233500,182519.0,38.0
11218,112180.0,1790707357653,12306765060400,182569.0,47.0
11219,112190.0,1790707357663,12306775092900,182574.0,45.0
11220,112200.0,1790707357673,12306784966300,182432.0,47.0
11221,112210.0,1790707357683,12306794915300,182160.0,45.0
11222,112220.0,1790707357693,12306804891800,181942.0,47.0
11223,112230.0,1790707357703,12306814948900,181719.0,45.0
11224,112240.0,1790707357712,12306824284300,181563.0,31.0
11225,112250.0,1790707357722,12306834168300,181497.0,50.0
11226,112260.0,1790707357732,12306844177500,181463.0,42.0
11227,112270.0,1790707357801,12306912511800,181423.0,48.0
11228,112280.0,1790707357862,12306973948000,181413.0,50.0
11229,112290.0,1790707357864,12306975960200,181400.0,51.0
11230,112300.0,1790707357865,12306977412300,181392.0,49.0
11231,112310.0,1790707357867,12306978760000,181400.0,56.0
11232,112320.0,1790707357868,12306980028900,181429.0,39.0
11233,112330.0,1790707357869,12306981228200,181406.0,33.0
11234,112340.0,1790707357870,12306982420100,181449.0,42.0
11235,112350.0,1790707357872,12306983628700,181468.0,30.0
11236,112360.0,1790707357873,12306984864600,181539.0,36.0
11237,112370.0,1790707357874,12306986364500,181616.0,36.0
11238,112380.0,1790707357876,12306988202000,181726.0,22.0
11239,112390.0,1790707357878,12306990266800,181812.0,48.0
11240,112400.0,1790707357880,12306991659300,181915.0,52.0
11241,112410.0,1790707357883,12306994798600,181982.0,50.0
11242,112420.0,1790707357893,12307005339500,182059.0,33.0
11243,112430.0,1790707357902,12307014434000,182087.0,38.0
11244,112440.0,1790707357913,12307024511200,182082.0,46.0
11245,112450.0,1790707357923,12307034501100,182007.0,27.0
11246,112460.0,1790707357933,12307044558000,181956.0,38.0
11247,112470.0,1790707357943,12307054718300,181930.0,49.0
11248,112480.0,1790707357953,12307064582600,181987.0,41.0
11249,112490.0,1790707357963,12307074789800,182036.0,34.0
11250,112500.0,1790707357973,12307084658400,182080.0,41.0
11251,112510.0,1790707357983,12307094729700,182076.0,37.0
11252,112520.0,1790707357993,12307104711900,182101.0,43.0
11253,112530.0,1790707358003,12307114911600,182046.0,38.0
11254,112540.0,1790707358013,12307124838300,182097.0,49.0
11255,112550.0,1790707358023,12307134834200,182062.0,45.0
11256,112560.0,1790707358033,12307144900100,182048.0,45.0
11257,112570.0,1790707358043,12307154949100,181899.0,38.0
11258,112580.0,1790707358053,12307165056100,181827.0,34.0
11259,112590.0,1790707358063,12307175005600,181716.0,38.0
11260,112600.0,1790707358073,12307185048700,181693.0,44.0
11261,112610.0,1790707358083,12307195103500,181679.0,43.0
11262,112620.0,1790707358093,12307205189500,181692.0,37.0
11263,112630.0,1790707358103,12307215429300,181591.0,40.0
11264,112640.0,1790707358113,12307225459500,181614.0,45.0
11265,112650.0,1790707358124,12307235689000,181616.0,54.0
11266,112660.0,1790707358133,12307245270900,181703.0,42.0
11267,112670.0,1790707358143,12307255402200,181772.0,36.0
11268,112680.0,1790707358154,12307265560400,181889.0,51.0
11269,112690.0,1790707358164,12307275564000,181910.0,39.0
11270,112700.0,1790707358174,12307285561800,181999.0,47.0
11271,112710.0,1790707358184,12307295533300,181991.0,41.0
11272,112720.0,1790707358194,12307305690700,182002.0,45.0
11273,112730.0,1790707358204,12307316059200,181989.0,34.0
11274,112740.0,1790707358214,12307325839400,182060.0,44.0
11275,112750.0,1790707358224,12307335902200,182028.0,51.0
11276,112760.0,1790707358235,12307347007300,181986.0,50.0
11277,112770.0,1790707358245,12307356971700,181872.0,43.0
11278,112780.0,1790707358255,12307367064300,181819.0,37.0
11279,112790.0,1790707358266,12307377561700,181750.0,39.0
11280,112800.0,1790707358274,12307386239400,181765.0,41.0
11281,112810.0,1790707358284,12307396152000,181713.0,37.0
11282,112820.0,1790707358294,12307406103700,181722.0,36.0
11283,112830.0,1790707358304,12307416181500,181668.0,37.0
11284,112840.0,1790707358314,12307426394700,181777.0,27.0
11285,112850.0,1790707358324,12307436468000,181817.0,46.0
11286,112860.0,1790707358334,12307446005000,181927.0,42.0
11287,112870.0,1790707358345,12307456808700,181949.0,49.0
11288,112880.0,1790707358355,12307467361400,182009.0,38.0
11289,112890.0,1790707358366,12307477522100,181933.0,57.0
11290,112900.0,1790707358376,12307487693000,181931.0,29.0
11291,112910.0,1790707358386,12307497497700,181858.0,29.0
11292,112920.0,1790707358395,12307507318900,181922.0,38.0
11293,112930.0,1790707358405,12307517316800,181933.0,38.0
11294,112940.0,1790707358416,12307527906700,182022.0,46.0
11295,112950.0,1790707358426,12307537621500,181942.0,28.0
11296,112960.0,1790707358435,12307547466800,181900.0,34.0
11297,112970.0,1790707358446,12307557708700,181616.0,62.0
11298,112980.0,1790707358456,12307567660500,181371.0,30.0
11299,112990.0,1790707358466,12307577620400,180934.0,45.0
11300,113000.0,1790707358476,12307587841200,180636.0,53.0
11301,113010.0,1790707358486,12307597592200,180240.0,47.0
11302,113020.0,1790707358496,12307607667600,180208.0,36.0
11303,113030.0,1790707358506,12307617896100,179985.0,44.0
11304,113040.0,1790707358516,12307627904800,180050.0,47.0
11305,113050.0,1790707358527,12307638866500,180028.0,34.0
11306,113060.0,1790707358536,12307648001200,180202.0,25.0
11307,113070.0,1790707358546,12307657921900,180256.0,43.0
11308,113080.0,1790707358556,12307668187400,180368.0,48.0
11309,113090.0,1790707358566,12307678095900,180322.0,45.0
11310,113100.0,1790707358576,12307688123400,180347.0,45.0
11311,113110.0,1790707358586,12307698179300,180235.0,48.0
11312,113120.0,1790707358596,12307707915000,180256.0,53.0
11313,113130.0,1790707358607,12307718625800,180254.0,36.0
11314,113140.0,1790707358616,12307727978100,180361.0,32.0
11315,113150.0,1790707358626,12307738081100,180497.0,39.0
11316,113160.0,1790707358636,12307748027500,180709.0,30.0
11317,113170.0,1790707358646,12307757962300,180736.0,38.0
11318,113180.0,1790707358656,12307767787500,180883.0,43.0
11319,113190.0,1790707358665,12307776747200,180879.0,44.0
11320,113200.0,1790707358674,12307786405700,180925.0,35.0
11321,113210.0,1790707358684,12307796429700,180884.0,41.0
11322,113220.0,1790707358695,12307806685200,180944.0,48.0
11323,113230.0,1790707358705,12307816666800,180898.0,44.0
11324,113240.0,1790707358715,12307827009400,180943.0,36.0
11325,113250.0,1790707358725,12307836682500,180859.0,29.0
11326,113260.0,1790707358797,12307908740400,180909.0,39.0
11327,113270.0,1790707358856,12307968199100,180848.0,57.0
11328,113280.0,1790707358858,12307969867700,180974.0,40.0
11329,113290.0,1790707358860,12307971966000,181015.0,46.0
11330,113300.0,1790707358862,12307973511000,181188.0,56.0
11331,113310.0,1790707358863,12307974914600,181224.0,45.0
11332,113320.0,1790707358864,12307976242700,181313.0,54.0
11333,113330.0,1790707358866,12307977802600,181185.0,47.0
11334,113340.0,1790707358867,12307979404400,181120.0,56.0
11335,113350.0,1790707358869,12307981029200,180836.0,35.0
11336,113360.0,1790707358871,12307982573600,180694.0,46.0
11337,113370.0,1790707358872,12307984245800,180454.0,33.0
11338,113380.0,1790707358874,12307986129000,180395.0,49.0
11339,113390.0,1790707358876,12307987826000,180353.0,35.0
11340,113400.0,1790707358877,12307989223700,180450.0,37.0
11341,113410.0,1790707358885,12307996754600,180414.0,34.0
11342,113420.0,1790707358895,12308006809600,180518.0,49.0
11343,113430.0,1790707358905,12308016765200,180504.0,44.0
11344,113440.0,1790707358915,12308026880900,180598.0,49.0
11345,113450.0,1790707358925,12308036872100,180487.0,35.0
11346,113460.0,1790707358935,12308046901000,180577.0,44.0
11347,113470.0,1790707358945,12308056967900,180554.0,43.0
11348,113480.0,1790707358955,12308067276400,180693.0,38.0
11349,113490.0,1790707358965,12308077077900,180635.0,38.0
11350,113500.0,1790707358975,12308087075400,180688.0,46.0
11351,113510.0,1790707358985,12308097078700,180523.0,38.0
11352,113520.0,1790707358995,12308107132800,180630.0,40.0
11353,113530.0,1790707359005,12308117219600,180641.0,35.0
11354,113540.0,1790707359015,12308127238700,180807.0,29.0
11355,113550.0,1790707359025,12308137285700,180785.0,48.0
11356,113560.0,1790707359035,12308147305100,180844.0,47.0
11357,113570.0,1790707359045,12308157029100,180680.0,38.0
11358,113580.0,1790707359055,12308167119400,180669.0,42.0
11359,113590.0,1790707359065,12308177181400,180498.0,31.0
11360,113600.0,1790707359075,12308187183500,180555.0,34.0
11361,113610.0,1790707359086,12308198223500,180454.0,36.0
11362,113620.0,1790707359096,12308208425700,180564.0,37.0
11363,113630.0,1790707359106,12308218434100,180535.0,25.0
11364,113640.0,1790707359117,12308228621700,180690.0,50.0
11365,113650.0,1790707359126,12308238468000,180603.0,36.0
11366,113660.0,1790707359137,12308248829800,180696.0,46.0
11367,113670.0,1790707359147,12308258821200,180560.0,48.0
11368,113680.0,1790707359157,12308269224900,180637.0,39.0
11369,113690.0,1790707359167,12308279017800,180512.0,49.0
11370,113700.0,1790707359177,12308288684300,180631.0,36.0
11371,113710.0,1790707359187,12308298888100,180563.0,36.0
11372,113720.0,1790707359197,12308309128600,180635.0,28.0
11373,113730.0,1790707359207,12308318958800,180454.0,33.0
11374,113740.0,1790707359217,12308329132100,180486.0,27.0
11375,113750.0,1790707359227,12308338877700,180366.0,43.0
11376,113760.0,1790707359236,12308348262300,180497.0,35.0
11377,113770.0,1790707359246,12308358014000,180432.0,49.0
11378,113780.0,1790707359256,12308367859700,180552.0,34.0
11379,113790.0,1790707359266,12308378096700,180320.0,48.0
11380,113800.0,1790707359276,12308388063800,180192.0,22.0
11381,113810.0,1790707359286,12308397654900,179871.0,21.0
11382,113820.0,1790707359296,12308408282600,179707.0,33.0
11383,113830.0,1790707359306,12308418332700,179406.0,40.0
11384,113840.0,1790707359316,12308428366900,179342.0,36.0
11385,113850.0,1790707359326,12308438422400,179191.0,17.0
11386,113860.0,1790707359336,12308448378100,179328.0,31.0
11387,113870.0,1790707359347,12308458775000,179331.0,49.0
11388,113880.0,1790707359357,12308468825900,179601.0,32.0
11389,113890.0,1790707359367,12308478514000,179619.0,46.0
11390,113900.0,1790707359377,12308489113200,179710.0,38.0
11391,113910.0,1790707359387,12308499214400,179524.0,35.0
11392,113920.0,1790707359397,12308509277500,179550.0,24.0
11393,113930.0,1790707359407,12308519342800,179447.0,19.0
11394,113940.0,1790707359417,12308528810600,179634.0,28.0
11395,113950.0,1790707359427,12308539277500,179689.0,37.0
11396,113960.0,1790707359437,12308549310600,179950.0,23.0
11397,113970.0,1790707359447,12308559256500,179978.0,35.0
11398,113980.0,1790707359457,12308569403200,180154.0,35.0
11399,113990.0,1790707359467,12308579220900,180094.0,26.0
11400,114000.0,1790707359477,12308589198700,180262.0,47.0
11401,114010.0,1790707359487,12308599373800,180230.0,32.0
11402,114020.0,1790707359499,12308611016300,180416.0,20.0
11403,114030.0,1790707359507,12308619428500,180336.0,24.0
11404,114040.0,1790707359517,12308629345600,180390.0,38.0
11405,114050.0,1790707359527,12308639374000,180184.0,38.0
11406,114060.0,1790707359537,12308649372400,180220.0,42.0
11407,114070.0,1790707359547,12308659319800,179931.0,53.0
11408,114080.0,1790707359557,12308669444600,179850.0,29.0
11409,114090.0,1790707359567,12308679392200,179571.0,40.0
11410,114100.0,1790707359577,12308689268000,179608.0,47.0
11411,114110.0,1790707359587,12308699474800,179556.0,34.0
11412,114120.0,1790707359598,12308709490500,179793.0,43.0
11413,114130.0,1790707359608,12308719770200,179831.0,41.0
11414,114140.0,1790707359618,12308729596700,180016.0,35.0
11415,114150.0,1790707359628,12308739523500,179858.0,39.0
11416,114160.0,1790707359638,12308749625900,179851.0,41.0
11417,114170.0,1790707359648,12308759957600,179607.0,50.0
11418,114180.0,1790707359658,12308770017100,179653.0,46.0
11419,114190.0,1790707359668,12308779986600,179477.0,55.0
11420,114200.0,1790707359678,12308789978800,179613.0,47.0
11421,114210.0,1790707359688,12308800028500,179560.0,45.0
11422,114220.0,1790707359698,12308809593800,179753.0,42.0
11423,114230.0,1790707359708,12308819657300,179742.0,47.0
11424,114240.0,1790707359718,12308829586300,179884.0,36.0
11425,114250.0,1790707359735,12308846649400,179738.0,29.0
11426,114260.0,1790707359737,12308848789100,179820.0,27.0
11427,114270.0,1790707359814,12308926048100,179677.0,28.0
11428,114280.0,1790707359883,12308994666200,179748.0,42.0
11429,114290.0,1790707359884,12308996250500,179616.0,44.0
11430,114300.0,1790707359886,12308997502100,179761.0,43.0
11431,114310.0,1790707359887,12308998752800,179675.0,44.0
11432,114320.0,1790707359888,12309000087300,179863.0,41.0
11433,114330.0,1790707359889,12309001283900,179822.0,56.0
11434,114340.0,1790707359891,12309003032200,180044.0,47.0
11435,114350.0,1790707359893,12309004928400,180062.0,39.0
11436,114360.0,1790707359894,12309006174100,180214.0,27.0
11437,114370.0,1790707359895,12309007319000,180135.0,26.0
11438,114380.0,1790707359900,12309011677800,180268.0,22.0
11439,114390.0,1790707359901,12309012945400,180127.0,33.0
11440,114400.0,1790707359902,12309014105100,180141.0,33.0
11441,114410.0,1790707359903,12309015221300,179884.0,46.0
11442,114420.0,1790707359904,12309016289800,179909.0,36.0
11443,114430.0,1790707359907,12309019266900,179820.0,35.0
11444,114440.0,1790707359917,12309029197300,179997.0,53.0
11445,114450.0,1790707359927,12309038989500,180054.0,44.0
11446,114460.0,1790707359937,12309048988700,180312.0,25.0
11447,114470.0,1790707359947,12309059079800,180298.0,37.0
11448,114480.0,1790707359957,12309069062600,180398.0,31.0
11449,114490.0,1790707359967,12309079100100,180283.0,44.0
11450,114500.0,1790707359977,12309089195100,180289.0,39.0
11451,114510.0,1790707359988,12309099489100,180101.0,29.0
11452,114520.0,1790707359997,12309109213000,180113.0,47.0
11453,114530.0,1790707360007,12309119223100,179899.0,49.0
11454,114540.0,1790707360017,12309129260200,179788.0,40.0
11455,114550.0,1790707360027,12309139327700,179499.0,49.0
11456,114560.0,1790707360037,12309149364100,179417.0,34.0
11457,114570.0,1790707360047,12309159369500,179182.0,29.0
11458,114580.0,1790707360058,12309169488100,179155.0,36.0
11459,114590.0,1790707360068,12309179549900,178982.0,34.0
11460,114600.0,1790707360078,12309189546700,179001.0,47.0
11461,114610.0,1790707360088,12309199647400,178806.0,52.0
11462,114620.0,1790707360098,12309209639300,178810.0,41.0
11463,114630.0,1790707360109,12309221034900,178628.0,36.0
11464,114640.0,1790707360118,12309230443400,178615.0,55.0
11465,114650.0,1790707360128,12309240394900,178448.0,60.0
11466,114660.0,1790707360138,12309249677300,178497.0,47.0
11467,114670.0,1790707360148,12309260171600,178396.0,61.0
11468,114680.0,1790707360158,12309269596500,178513.0,46.0
11469,114690.0,1790707360168,12309279946400,178432.0,39.0
11470,114700.0,1790707360178,12309289796500,178471.0,47.0
11471,114710.0,1790707360188,12309299824500,178404.0,38.0
11472,114720.0,1790707360198,12309309728500,178463.0,40.0
11473,114730.0,1790707360208,12309319731800,178433.0,43.0
11474,114740.0,1790707360218,12309330250300,178601.0,56.0
11475,114750.0,1790707360228,12309340077100,178642.0,58.0
11476,114760.0,1790707360238,12309349733600,178863.0,36.0
11477,114770.0,1790707360248,12309359747400,178922.0,53.0
11478,114780.0,1790707360258,12309369844200,179140.0,46.0
11479,114790.0,1790707360268,12309379960800,179148.0,39.0
11480,114800.0,1790707360278,12309389846600,179239.0,45.0
11481,114810.0,1790707360290,12309401503700,179156.0,46.0
11482,114820.0,1790707360300,12309411520100,179184.0,45.0
11483,114830.0,1790707360309,12309421300600,179109.0,30.0
11484,114840.0,1790707360320,12309431792300,179122.0,41.0
11485,114850.0,1790707360329,12309441261600,179037.0,33.0
11486,114860.0,1790707360339,12309450781200,179158.0,41.0
11487,114870.0,1790707360349,12309460671200,179194.0,48.0
11488,114880.0,1790707360358,12309470378600,179363.0,41.0
11489,114890.0,1790707360368,12309479893100,179426.0,34.0
11490,114900.0,1790707360378,12309489935500,179628.0,45.0
11491,114910.0,1790707360388,12309500017700,179594.0,45.0
11492,114920.0,1790707360398,12309510074500,179558.0,42.0
11493,114930.0,1790707360408,12309520114300,179349.0,53.0
11494,114940.0,1790707360418,12309530059900,179281.0,47.0
11495,114950.0,1790707360428,12309540161100,179111.0,34.0
11496,114960.0,1790707360438,12309550293900,179065.0,41.0
11497,114970.0,1790707360448,12309560210200,178956.0,49.0
11498,114980.0,1790707360458,12309570246200,178983.0,45.0
11499,114990.0,1790707360468,12309580262900,178956.0,43.0
11500,115000.0,1790707360478,12309590345500,179077.0,35.0
11501,115010.0,1790707360488,12309600366400,179125.0,30.0
11502,115020.0,1790707360498,12309610354700,179314.0,43.0
11503,115030.0,1790707360510,12309622121500,179243.0,29.0
11504,115040.0,1790707360518,12309630461500,179181.0,54.0
11505,115050.0,1790707360529,12309640630400,178785.0,43.0
11506,115060.0,1790707360539,12309650648400,178260.0,44.0
11507,115070.0,1790707360549,12309660616300,178262.0,64.0
11508,115080.0,1790707360559,12309670622300,178134.0,54.0
11509,115090.0,1790707360568,12309680359800,178029.0,44.0
11510,115100.0,1790707360578,12309690395500,177982.0,38.0
11511,115110.0,1790707360589,12309700676600,177893.0,40.0
11512,115120.0,1790707360599,12309710590000,177944.0,38.0
11513,115130.0,1790707360609,12309720527200,177954.0,49.0
11514,115140.0,1790707360619,12309730852300,178129.0,50.0
11515,115150.0,1790707360629,12309740719600,178197.0,45.0
11516,115160.0,1790707360639,12309750714800,178292.0,44.0
11517,115170.0,1790707360649,12309760847900,178156.0,47.0
11518,115180.0,1790707360659,12309771281600,178092.0,34.0
11519,115190.0,1790707360669,12309781342200,177856.0,44.0
11520,115200.0,1790707360680,12309791487100,177811.0,39.0
11521,115210.0,1790707360690,12309801832100,177606.0,34.0
11522,115220.0,1790707360700,12309811638600,177644.0,44.0
11523,115230.0,1790707360710,12309821737100,177580.0,49.0
11524,115240.0,1790707360729,12309840869600,177684.0,45.0
11525,115250.0,1790707360731,12309842613700,177646.0,42.0
11526,115260.0,1790707360860,12309971558300,177714.0,55.0
11527,115270.0,1790707360862,12309973980800,177690.0,53.0
11528,115280.0,1790707360864,12309975490500,177817.0,35.0
11529,115290.0,1790707360865,12309976783600,177820.0,52.0
11530,115300.0,1790707360866,12309978112400,177961.0,41.0
11531,115310.0,1790707360867,12309979443800,177936.0,43.0
11532,115320.0,1790707360869,12309980690600,177953.0,48.0
11533,115330.0,1790707360870,12309981954900,177767.0,42.0
11534,115340.0,1790707360871,12309983241300,177595.0,38.0
11535,115350.0,1790707360873,12309984955700,177314.0,47.0
11536,115360.0,1790707360877,12309988684400,177120.0,53.0
11537,115370.0,1790707360878,12309990025300,176925.0,53.0
11538,115380.0,1790707360879,12309991258100,176883.0,53.0
11539,115390.0,1790707360880,12309992458400,176861.0,39.0
11540,115400.0,1790707360882,12309993615900,177003.0,52.0
11541,115410.0,1790707360889,12310001250200,177120.0,61.0
11542,115420.0,1790707360899,12310011242800,177344.0,41.0
11543,115430.0,1790707360910,12310021592600,177394.0,48.0
11544,115440.0,1790707360919,12310031287700,177445.0,35.0
11545,115450.0,1790707360929,12310041347100,177330.0,32.0
11546,115460.0,1790707360939,12310051461200,177272.0,38.0
11547,115470.0,1790707360949,12310061395400,177110.0,46.0
11548,115480.0,1790707360960,12310071705900,177093.0,54.0
11549,115490.0,1790707360969,12310081472000,177039.0,40.0
11550,115500.0,1790707360980,12310091515300,177113.0,50.0
11551,115510.0,1790707360990,12310101511800,177218.0,39.0
11552,115520.0,1790707360999,12310111255000,177480.0,50.0
11553,115530.0,1790707361009,12310121270000,177639.0,46.0
11554,115540.0,1790707361019,12310131267500,177858.0,38.0
11555,115550.0,1790707361029,12310141327500,177975.0,34.0
11556,115560.0,1790707361039,12310151429300,178110.0,46.0
11557,115570.0,1790707361049,12310161393800,178111.0,55.0
11558,115580.0,1790707361060,12310171493300,178105.0,54.0
11559,115590.0,1790707361070,12310181480100,178053.0,46.0
11560,115600.0,1790707361080,12310191569900,177980.0,44.0
11561,115610.0,1790707361090,12310201670700,177873.0,49.0
11562,115620.0,1790707361100,12310211695000,177899.0,36.0
11563,115630.0,1790707361110,12310221631900,177940.0,35.0
11564,115640.0,1790707361121,12310233296900,178053.0,56.0
11565,115650.0,1790707361132,12310243734500,178164.0,42.0
11566,115660.0,1790707361142,12310253901800,178255.0,37.0
11567,115670.0,1790707361151,12310263344600,178247.0,46.0
11568,115680.0,1790707361162,12310273647700,178223.0,43.0
11569,115690.0,1790707361171,12310283403000,178042.0,44.0
11570,115700.0,1790707361182,12310293763600,177872.0,45.0
11571,115710.0,1790707361191,12310302550100,177696.0,54.0
11572,115720.0,1790707361201,12310312719300,177623.0,67.0
11573,115730.0,1790707361211,12310322774500,177591.0,52.0
11574,115740.0,1790707361221,12310332498400,177648.0,54.0
11575,115750.0,1790707361231,12310342548300,177730.0,53.0
11576,115760.0,1790707361241,12310352518800,177802.0,45.0
11577,115770.0,1790707361251,12310362634100,177766.0,63.0
11578,115780.0,1790707361261,12310372839600,177667.0,48.0
11579,115790.0,1790707361271,12310382930600,177574.0,48.0
11580,115800.0,1790707361281,12310392955500,177523.0,32.0
11581,115810.0,1790707361290,12310402373900,177644.0,52.0
11582,115820.0,1790707361300,12310412335800,177686.0,52.0
11583,115830.0,1790707361310,12310422068000,177773.0,56.0
11584,115840.0,1790707361321,12310432517000,177831.0,35.0
11585,115850.0,1790707361331,12310442786400,177933.0,59.0
11586,115860.0,1790707361340,12310452445700,178004.0,39.0
11587,115870.0,1790707361351,12310462939600,178014.0,39.0
11588,115880.0,1790707361361,12310473042900,178052.0,40.0
11589,115890.0,1790707361371,12310483014600,178092.0,45.0
11590,115900.0,1790707361381,12310493180900,178072.0,34.0
11591,115910.0,1790707361391,12310502993400,178064.0,34.0
11592,115920.0,1790707361402,12310513759900,177986.0,54.0
11593,115930.0,1790707361426,12310538143600,177799.0,64.0
11594,115940.0,1790707361430,12310542023700,177621.0,53.0
11595,115950.0,1790707361433,12310544703200,177501.0,51.0
11596,115960.0,1790707361512,12310624173600,177486.0,57.0
11597,115970.0,1790707361581,12310692760300,177556.0,54.0
11598,115980.0,1790707361582,12310694310000,177669.0,37.0
11599,115990.0,1790707361584,12310695643700,177806.0,37.0
11600,116000.0,1790707361585,12310696896100,177904.0,42.0
11601,116010.0,1790707361586,12310698122500,178030.0,40.0
11602,116020.0,1790707361587,12310699346000,178082.0,46.0
11603,116030.0,1790707361589,12310700814400,178067.0,58.0
11604,116040.0,1790707361591,12310702642200,178046.0,37.0
11605,116050.0,1790707361592,12310703993600,178002.0,45.0
11606,116060.0,1790707361593,12310705416900,177945.0,45.0
11607,116070.0,1790707361595,12310706881600,177905.0,38.0
11608,116080.0,1790707361596,12310708385600,177860.0,41.0
11609,116090.0,1790707361598,12310709807200,177811.0,39.0
11610,116100.0,1790707361599,12310711150600,177757.0,39.0
11611,116110.0,1790707361600,12310712434900,177710.0,47.0
11612,116120.0,1790707361602,12310713885000,177692.0,49.0
11613,116130.0,1790707361611,12310722847500,177734.0,57.0
11614,116140.0,1790707361621,12310732801900,177788.0,41.0
11615,116150.0,1790707361631,12310742906400,177869.0,57.0
11616,116160.0,1790707361641,12310753246500,177860.0,40.0
11617,116170.0,1790707361651,12310762734500,177872.0,40.0
11618,116180.0,1790707361661,12310772780300,177806.0,40.0
11619,116190.0,1790707361671,12310782725600,177690.0,47.0
11620,116200.0,1790707361681,12310793059400,177472.0,35.0
11621,116210.0,1790707361691,12310802885600,177290.0,55.0
11622,116220.0,1790707361701,12310812846600,177065.0,28.0
11623,116230.0,1790707361711,12310822908700,176878.0,32.0
11624,116240.0,1790707361721,12310832914100,176676.0,39.0
11625,116250.0,1790707361731,12310843224400,176592.0,38.0
11626,116260.0,1790707361741,12310852967100,176470.0,42.0
11627,116270.0,1790707361751,12310862997200,176464.0,39.0
11628,116280.0,1790707361761,12310873106900,176424.0,48.0
11629,116290.0,1790707361771,12310883175600,176488.0,47.0
11630,116300.0,1790707361781,12310893158000,176591.0,42.0
11631,116310.0,1790707361791,12310903216400,176733.0,33.0
11632,116320.0,1790707361801,12310913361000,176830.0,40.0
11633,116330.0,1790707361816,12310928089300,176962.0,29.0
11634,116340.0,1790707361896,12311007685000,177026.0,45.0
11635,116350.0,1790707361957,12311069465800,177155.0,30.0
11636,116360.0,1790707361959,12311071085300,177251.0,50.0
11637,116370.0,1790707361960,12311072427900,177291.0,40.0
11638,116380.0,1790707361962,12311073713400,177215.0,46.0
11639,116390.0,1790707361963,12311074993800,177144.0,43.0
11640,116400.0,1790707361964,12311076227400,177102.0,43.0
11641,116410.0,1790707361965,12311077451400,177168.0,44.0
11642,116420.0,1790707361967,12311078739200,177211.0,37.0
11643,116430.0,1790707361968,12311079949100,177323.0,45.0
11644,116440.0,1790707361969,12311081211800,177345.0,41.0
11645,116450.0,1790707361970,12311082416300,177503.0,44.0
11646,116460.0,1790707361972,12311084340000,177621.0,51.0
11647,116470.0,1790707361974,12311086255400,177661.0,48.0
11648,116480.0,1790707361976,12311087611600,177630.0,48.0
11649,116490.0,1790707361977,12311088926200,177695.0,44.0
11650,116500.0,1790707361982,12311093589200,177682.0,43.0
11651,116510.0,1790707361992,12311103602500,177691.0,29.0
11652,116520.0,1790707362002,12311113631100,177660.0,47.0
11653,116530.0,1790707362012,12311123813100,177717.0,45.0
11654,116540.0,1790707362022,12311134108200,177688.0,37.0
11655,116550.0,1790707362032,12311143804600,177773.0,39.0
11656,116560.0,1790707362042,12311153857900,177828.0,37.0
11657,116570.0,1790707362052,12311163911900,177960.0,41.0
11658,116580.0,1790707362062,12311173930900,177912.0,41.0
11659,116590.0,1790707362072,12311184196500,177929.0,49.0
11660,116600.0,1790707362082,12311193921700,177904.0,38.0
11661,116610.0,1790707362092,12311203907000,177859.0,46.0
11662,116620.0,1790707362102,12311213789700,177774.0,39.0
11663,116630.0,1790707362112,12311223822800,177769.0,38.0
11664,116640.0,1790707362122,12311233987800,177716.0,40.0
11665,116650.0,1790707362132,12311243842500,177772.0,32.0
11666,116660.0,1790707362142,12311253841500,177755.0,51.0
11667,116670.0,1790707362152,12311263894300,177778.0,38.0
11668,116680.0,1790707362162,12311273884300,177672.0,42.0
11669,116690.0,1790707362172,12311284169300,177719.0,34.0
11670,116700.0,1790707362183,12311295079700,177612.0,41.0
11671,116710.0,1790707362193,12311304989900,177713.0,40.0
11672,116720.0,1790707362204,12311315821700,177652.0,48.0
11673,116730.0,1790707362214,12311325574000,177759.0,24.0
11674,116740.0,1790707362223,12311334777900,177748.0,43.0
11675,116750.0,1790707362232,12311344393100,177889.0,27.0
11676,116760.0,1790707362242,12311354261800,177923.0,40.0
11677,116770.0,1790707362253,12311364725900,178081.0,39.0
11678,116780.0,1790707362263,12311374723700,178072.0,40.0
11679,116790.0,1790707362272,12311384376800,178163.0,51.0
11680,116800.0,1790707362283,12311394776400,178090.0,47.0
11681,116810.0,1790707362293,12311404810000,178150.0,54.0
11682,116820.0,1790707362303,12311415108500,178025.0,54.0
11683,116830.0,1790707362313,12311424929900,178028.0,37.0
11684,116840.0,1790707362323,12311434639800,177873.0,39.0
11685,116850.0,1790707362334,12311445477000,177950.0,44.0
11686,116860.0,1790707362343,12311455139400,177882.0,31.0
11687,116870.0,1790707362353,12311464821500,177984.0,28.0
11688,116880.0,1790707362363,12311474638700,177907.0,29.0
11689,116890.0,1790707362373,12311484770400,178018.0,48.0
11690,116900.0,1790707362383,12311495030700,177982.0,40.0
11691,116910.0,1790707362393,12311504635400,178124.0,47.0
11692,116920.0,1790707362404,12311516348300,178111.0,51.0
11693,116930.0,1790707362415,12311526686800,178233.0,41.0
11694,116940.0,1790707362424,12311536207000,178165.0,36.0
11695,116950.0,1790707362434,12311546351800,178216.0,28.0
11696,116960.0,1790707362444,12311556280500,178090.0,33.0
11697,116970.0,1790707362455,12311566492400,178073.0,40.0
11698,116980.0,1790707362465,12311576658400,177876.0,35.0
11699,116990.0,1790707362474,12311585675800,177786.0,29.0
11700,117000.0,1790707362484,12311595710000,177545.0,28.0
11701,117010.0,1790707362494,12311605706200,177525.0,57.0
11702,117020.0,1790707362504,12311615505400,177368.0,38.0
11703,117030.0,1790707362513,12311625457600,177408.0,45.0
11704,117040.0,1790707362523,12311635326600,177345.0,28.0
11705,117050.0,1790707362536,12311648202500,177416.0,41.0
11706,117060.0,1790707362543,12311655323300,177304.0,35.0
11707,117070.0,1790707362553,12311665245200,177330.0,41.0
11708,117080.0,1790707362563,12311674851600,177163.0,43.0
11709,117090.0,1790707362573,12311685100700,177158.0,59.0
11710,117100.0,1790707362583,12311694942900,177082.0,39.0
11711,117110.0,1790707362593,12311704887200,177215.0,54.0
11712,117120.0,1790707362605,12311716480800,177214.0,49.0
11713,117130.0,1790707362615,12311726522900,177386.0,34.0
11714,117140.0,1790707362624,12311735725300,177459.0,24.0
11715,117150.0,1790707362633,12311745103200,177706.0,39.0
11716,117160.0,1790707362643,12311755305800,177795.0,38.0
11717,117170.0,1790707362655,12311766866100,178049.0,29.0
11718,117180.0,1790707362665,12311776755100,178077.0,34.0
11719,117190.0,1790707362675,12311786890800,178220.0,44.0
11720,117200.0,1790707362684,12311796161700,178166.0,42.0
11721,117210.0,1790707362693,12311805467200,178287.0,59.0
11722,117220.0,1790707362703,12311815336200,178167.0,51.0
11723,117230.0,1790707362715,12311826954600,178238.0,36.0
11724,117240.0,1790707362739,12311851205800,178040.0,47.0
11725,117250.0,1790707362745,12311856694600,177999.0,40.0
11726,117260.0,1790707362747,12311859390300,177872.0,60.0
11727,117270.0,1790707362893,12312005112500,178007.0,35.0
11728,117280.0,1790707362895,12312007380400,177942.0,46.0
11729,117290.0,1790707362898,12312009773100,178088.0,28.0
11730,117300.0,1790707362899,12312011159100,178067.0,51.0
11731,117310.0,1790707362900,12312012415200,178239.0,36.0
11732,117320.0,1790707362902,12312013623300,178183.0,54.0
11733,117330.0,1790707362903,12312014797700,178270.0,45.0
11734,117340.0,1790707362904,12312016001600,178183.0,46.0
11735,117350.0,1790707362907,12312019420900,178220.0,32.0
11736,117360.0,1790707362910,12312022383500,177988.0,51.0
11737,117370.0,1790707362912,12312024133500,177923.0,33.0
11738,117380.0,1790707362914,12312025652400,177718.0,33.0
11739,117390.0,1790707362915,12312026975200,177735.0,31.0
11740,117400.0,1790707362916,12312028272200,177608.0,44.0
11741,117410.0,1790707362918,12312029511300,177756.0,45.0
11742,117420.0,1790707362919,12312030786500,177739.0,33.0
11743,117430.0,1790707362920,12312032138800,177894.0,33.0
11744,117440.0,1790707362924,12312035940500,177810.0,47.0
11745,117450.0,1790707362934,12312045487400,177869.0,31.0
11746,117460.0,1790707362944,12312055523900,177683.0,16.0
11747,117470.0,1790707362954,12312065612600,177662.0,28.0
11748,117480.0,1790707362964,12312075646100,177452.0,33.0
11749,117490.0,1790707362974,12312085667100,177485.0,35.0
11750,117500.0,1790707362984,12312095649900,177375.0,48.0
11751,117510.0,1790707362994,12312105865900,177478.0,35.0
11752,117520.0,1790707363004,12312115905500,177389.0,34.0
11753,117530.0,1790707363014,12312125836900,177464.0,39.0
11754,117540.0,1790707363024,12312135940200,177354.0,42.0
11755,117550.0,1790707363034,12312146145900,177419.0,24.0
11756,117560.0,1790707363044,12312155945000,177251.0,33.0
11757,117570.0,1790707363054,12312166001300,177312.0,37.0
11758,117580.0,1790707363064,12312175984500,177150.0,38.0
11759,117590.0,1790707363074,12312186043600,177213.0,32.0
11760,117600.0,1790707363084,12312196235800,177043.0,39.0
11761,117610.0,1790707363094,12312206081400,177077.0,34.0
11762,117620.0,1790707363105,12312216504300,176929.0,46.0
11763,117630.0,1790707363114,12312226421600,176996.0,26.0
11764,117640.0,1790707363124,12312236210100,176891.0,45.0
11765,117650.0,1790707363134,12312245939700,177048.0,38.0
11766,117660.0,1790707363144,12312255964800,176988.0,25.0
11767,117670.0,1790707363155,12312267177300,177107.0,27.0
11768,117680.0,1790707363165,12312277099300,177001.0,36.0
11769,117690.0,1790707363175,12312286812300,177112.0,21.0
11770,117700.0,1790707363185,12312297174000,176986.0,34.0
11771,117710.0,1790707363195,12312307048400,177120.0,42.0
11772,117720.0,1790707363205,12312317009200,177106.0,51.0
11773,117730.0,1790707363215,12312327386800,177357.0,25.0
11774,117740.0,1790707363225,12312337476200,177368.0,32.0
11775,117750.0,1790707363236,12312347626900,177487.0,44.0
11776,117760.0,1790707363245,12312357076000,177400.0,36.0
11777,117770.0,1790707363255,12312367154200,177539.0,48.0
11778,117780.0,1790707363265,12312377303000,177373.0,28.0
11779,117790.0,1790707363276,12312387683300,177466.0,19.0
11780,117800.0,1790707363286,12312397881600,177334.0,35.0
11781,117810.0,1790707363295,12312407203500,177405.0,20.0
11782,117820.0,1790707363305,12312417411600,177178.0,51.0
11783,117830.0,1790707363316,12312427714500,177147.0,34.0
11784,117840.0,1790707363326,12312437715800,176822.0,38.0
11785,117850.0,1790707363335,12312447141100,176740.0,41.0
11786,117860.0,1790707363346,12312457590300,176465.0,49.0
11787,117870.0,1790707363355,12312467307900,176440.0,27.0
11788,117880.0,1790707363365,12312477435900,176216.0,29.0
11789,117890.0,1790707363375,12312487193600,176246.0,21.0
11790,117900.0,1790707363385,12312496726800,176081.0,44.0
11791,117910.0,1790707363395,12312506763700,176181.0,43.0
11792,117920.0,1790707363405,12312516896300,176108.0,33.0
11793,117930.0,1790707363415,12312526702500,176280.0,48.0
11794,117940.0,1790707363425,12312536640500,176217.0,51.0
11795,117950.0,1790707363435,12312546653800,176415.0,45.0
11796,117960.0,1790707363445,12312556795800,176346.0,33.0
11797,117970.0,1790707363457,12312568673800,176468.0,50.0
11798,117980.0,1790707363467,12312578538300,176406.0,34.0
11799,117990.0,1790707363476,12312587845100,176639.0,28.0
11800,118000.0,1790707363485,12312597247000,176690.0,35.0
11801,118010.0,1790707363495,12312606924000,176926.0,43.0
11802,118020.0,1790707363505,12312617400000,176910.0,36.0
11803,118030.0,1790707363515,12312627385400,177031.0,41.0
11804,118040.0,1790707363525,12312637093800,176947.0,52.0
11805,118050.0,1790707363537,12312648749000,177036.0,45.0
11806,118060.0,1790707363547,12312659035600,176901.0,52.0
11807,118070.0,1790707363556,12312667897100,176937.0,41.0
11808,118080.0,1790707363565,12312676930000,176748.0,29.0
11809,118090.0,1790707363575,12312687053400,176852.0,36.0
11810,118100.0,1790707363587,12312698601500,176738.0,51.0
11811,118110.0,1790707363597,12312708604200,176933.0,38.0
11812,118120.0,1790707363606,12312718047200,176936.0,43.0
11813,118130.0,1790707363615,12312727437200,177188.0,42.0
11814,118140.0,1790707363625,12312737255000,177187.0,36.0
11815,118150.0,1790707363635,12312747059000,177366.0,35.0
11816,118160.0,1790707363645,12312757459400,177251.0,43.0
11817,118170.0,1790707363655,12312767244500,177293.0,52.0
11818,118180.0,1790707363666,12312777598600,177120.0,45.0
11819,118190.0,1790707363676,12312787652000,177176.0,26.0
11820,118200.0,1790707363686,12312797708800,177070.0,28.0
11821,118210.0,1790707363696,12312807565100,177227.0,33.0
11822,118220.0,1790707363706,12312817777000,177198.0,25.0
11823,118230.0,1790707363716,12312828072900,177379.0,31.0
11824,118240.0,1790707363734,12312845725900,177334.0,30.0
11825,118250.0,1790707363735,12312847361100,177527.0,40.0
11826,118260.0,1790707363812,12312924437300,177496.0,36.0
11827,118270.0,1790707363874,12312985927200,177553.0,42.0
11828,118280.0,1790707363876,12312987803100,177377.0,32.0
11829,118290.0,1790707363877,12312989192000,177425.0,21.0
11830,118300.0,1790707363879,12312990536100,177340.0,42.0
11831,118310.0,1790707363880,12312991770700,177479.0,35.0
11832,118320.0,1790707363881,12312992976800,177461.0,31.0
11833,118330.0,1790707363882,12312994208100,177545.0,39.0
11834,118340.0,1790707363884,12312995473700,177441.0,47.0
11835,118350.0,1790707363885,12312996684600,177606.0,46.0
11836,118360.0,1790707363886,12312998309700,177582.0,37.0
11837,118370.0,1790707363888,12313000405900,177779.0,45.0
11838,118380.0,1790707363891,12313002493100,177770.0,49.0
11839,118390.0,1790707363892,12313003956200,177891.0,49.0
11840,118400.0,1790707363893,12313005382700,177725.0,43.0
11841,118410.0,1790707363896,12313007698800,177719.0,43.0
11842,118420.0,1790707363906,12313017956800,177604.0,44.0
11843,118430.0,1790707363916,12313027798600,177739.0,30.0
11844,118440.0,1790707363926,12313037877800,177758.0,33.0
11845,118450.0,1790707363936,12313047858500,177957.0,42.0
11846,118460.0,1790707363946,12313057926900,177984.0,40.0
11847,118470.0,1790707363956,12313068045700,178174.0,40.0
11848,118480.0,1790707363966,12313077979400,178052.0,47.0
11849,118490.0,1790707363976,12313087741100,178136.0,36.0
11850,118500.0,1790707363987,12313098965000,178086.0,57.0
11851,118510.0,1790707363996,12313107756100,178178.0,27.0
11852,118520.0,1790707364006,12313117782500,178100.0,57.0
11853,118530.0,1790707364016,12313127838700,178174.0,57.0
11854,118540.0,1790707364026,12313137898300,178118.0,35.0
11855,118550.0,1790707364036,12313147966700,178212.0,59.0
11856,118560.0,1790707364046,12313157980200,178090.0,17.0
11857,118570.0,1790707364056,12313168047300,178195.0,47.0
11858,118580.0,1790707364066,12313177994400,178117.0,41.0
11859,118590.0,1790707364076,12313188436900,178179.0,45.0
11860,118600.0,1790707364087,12313198548200,178025.0,51.0
11861,118610.0,1790707364096,12313208137700,178108.0,47.0
11862,118620.0,1790707364107,12313219260800,178092.0,47.0
11863,118630.0,1790707364117,12313228652900,178271.0,41.0
11864,118640.0,1790707364127,12313238900700,178320.0,33.0
11865,118650.0,1790707364137,12313248659700,178466.0,28.0
11866,118660.0,1790707364147,12313259115900,178407.0,37.0
11867,118670.0,1790707364157,12313268605400,178363.0,41.0
11868,118680.0,1790707364167,12313279141600,178130.0,62.0
11869,118690.0,1790707364177,12313288634400,177925.0,37.0
11870,118700.0,1790707364187,12313299294700,177568.0,47.0
11871,118710.0,1790707364197,12313308951400,177328.0,35.0
11872,118720.0,1790707364207,12313318584100,176998.0,44.0
11873,118730.0,1790707364217,12313329015200,176874.0,47.0
11874,118740.0,1790707364227,12313338943100,176732.0,53.0
11875,118750.0,1790707364237,12313349284300,176824.0,29.0
11876,118760.0,1790707364247,12313359192400,176950.0,25.0
11877,118770.0,1790707364257,12313368876300,177219.0,46.0
11878,118780.0,1790707364267,12313379249400,177300.0,38.0
11879,118790.0,1790707364277,12313389194500,177391.0,33.0
11880,118800.0,1790707364288,12313399757100,177236.0,43.0
11881,118810.0,1790707364297,12313409300300,177198.0,37.0
11882,118820.0,1790707364307,12313419302300,177154.0,43.0
11883,118830.0,1790707364317,12313429403300,177169.0,35.0
11884,118840.0,1790707364327,12313439235700,177099.0,44.0
11885,118850.0,1790707364338,12313449498200,177245.0,43.0
11886,118860.0,1790707364347,12313459206100,177263.0,41.0
11887,118870.0,1790707364357,12313469472300,177433.0,42.0
11888,118880.0,1790707364368,12313479673000,177478.0,31.0
11889,118890.0,1790707364377,12313489320200,177590.0,44.0
11890,118900.0,1790707364387,12313499292200,177568.0,40.0
11891,118910.0,1790707364397,12313509378700,177677.0,46.0
11892,118920.0,1790707364407,12313519359800,177620.0,53.0
11893,118930.0,1790707364417,12313529017800,177688.0,46.0
11894,118940.0,1790707364427,12313538987300,177629.0,39.0
11895,118950.0,1790707364437,12313549272400,177698.0,37.0
11896,118960.0,1790707364447,12313558817600,177683.0,41.0
11897,118970.0,1790707364457,12313569183800,177810.0,42.0
11898,118980.0,1790707364467,12313579100500,177786.0,43.0
11899,118990.0,1790707364477,12313589216700,177907.0,41.0
11900,119000.0,1790707364487,12313599156700,177830.0,44.0
11901,119010.0,1790707364499,12313610530300,177935.0,52.0
11902,119020.0,1790707364509,12313621007800,177847.0,41.0
11903,119030.0,1790707364519,12313630679500,177904.0,46.0
11904,119040.0,1790707364528,12313640176700,177805.0,40.0
11905,119050.0,1790707364538,12313650069200,177843.0,32.0
11906,119060.0,1790707364548,12313660058300,177782.0,44.0
11907,119070.0,1790707364558,12313669625600,177866.0,49.0
11908,119080.0,1790707364568,12313679947600,177794.0,44.0
11909,119090.0,1790707364578,12313690274500,177815.0,40.0
11910,119100.0,1790707364588,12313700135000,177745.0,54.0
11911,119110.0,1790707364598,12313709757000,177769.0,37.0
11912,119120.0,1790707364608,12313719610200,177735.0,60.0
11913,119130.0,1790707364617,12313729351400,177827.0,37.0
11914,119140.0,1790707364628,12313739795600,177860.0,46.0
11915,119150.0,1790707364637,12313749197400,177978.0,45.0
11916,119160.0,1790707364648,12313759779300,177985.0,47.0
11917,119170.0,1790707364658,12313769709400,178065.0,43.0
11918,119180.0,1790707364668,12313779786500,178069.0,44.0
11919,119190.0,1790707364677,12313789402500,178135.0,43.0
11920,119200.0,1790707364688,12313800215100,178151.0,36.0
11921,119210.0,1790707364698,12313809960100,178213.0,51.0
11922,119220.0,1790707364707,12313819356400,178153.0,33.0
11923,119230.0,1790707364722,12313833566800,178153.0,46.0
11924,119240.0,1790707364797,12313908848300,178058.0,42.0
11925,119250.0,1790707364865,12313977260300,178043.0,34.0
11926,119260.0,1790707364867,12313978832700,178040.0,35.0
11927,119270.0,1790707364868,12313980147300,178188.0,38.0
11928,119280.0,1790707364870,12313981639100,178308.0,28.0
11929,119290.0,1790707364872,12313983766300,178485.0,41.0
11930,119300.0,1790707364873,12313985112000,178512.0,44.0
11931,119310.0,1790707364874,12313986439200,178561.0,41.0
11932,119320.0,1790707364876,12313987829900,178480.0,50.0
11933,119330.0,1790707364877,12313989141000,178443.0,28.0
11934,119340.0,1790707364878,12313990431500,178348.0,37.0
11935,119350.0,1790707364880,12313991751800,178354.0,37.0
11936,119360.0,1790707364881,12313993005400,178337.0,42.0
11937,119370.0,1790707364882,12313994269700,178422.0,52.0
11938,119380.0,1790707364884,12313995668300,178511.0,38.0
11939,119390.0,1790707364885,12313997250000,178660.0,42.0
11940,119400.0,1790707364888,12313999801500,178643.0,36.0
11941,119410.0,1790707364898,12314009748500,178681.0,48.0
11942,119420.0,1790707364908,12314019838700,178602.0,45.0
11943,119430.0,1790707364918,12314029802800,178505.0,51.0
11944,119440.0,1790707364928,12314039878500,178420.0,34.0
11945,119450.0,1790707364938,12314049914900,178407.0,38.0
11946,119460.0,1790707364948,12314059929100,178372.0,54.0
11947,119470.0,1790707364958,12314069990000,178450.0,54.0
11948,119480.0,1790707364968,12314080175400,178492.0,51.0
11949,119490.0,1790707364978,12314090126400,178568.0,55.0
11950,119500.0,1790707364988,12314100131100,178481.0,53.0
11951,119510.0,1790707364998,12314110118800,178362.0,59.0
11952,119520.0,1790707365008,12314120171300,178062.0,35.0
11953,119530.0,1790707365018,12314130220600,177774.0,67.0
11954,119540.0,1790707365028,12314140199500,177529.0,52.0
11955,119550.0,1790707365038,12314150286800,177311.0,50.0
11956,119560.0,1790707365048,12314160065600,177081.0,47.0
11957,119570.0,1790707365058,12314170077300,176983.0,46.0
11958,119580.0,1790707365068,12314180312400,176901.0,51.0
11959,119590.0,1790707365078,12314190153500,176929.0,47.0
11960,119600.0,1790707365089,12314200481500,176897.0,32.0
11961,119610.0,1790707365099,12314211227800,176914.0,35.0
11962,119620.0,1790707365110,12314221995300,176915.0,53.0
11963,119630.0,1790707365120,12314231878700,176899.0,43.0
11964,119640.0,1790707365130,12314242131500,176935.0,51.0
11965,119650.0,1790707365140,12314252212500,176915.0,38.0
11966,119660.0,1790707365150,12314262389400,176914.0,54.0
11967,119670.0,1790707365160,12314272259100,176915.0,47.0
11968,119680.0,1790707365170,12314282463800,177012.0,48.0
11969,119690.0,1790707365180,12314292089600,177151.0,54.0
11970,119700.0,1790707365189,12314301134200,177277.0,52.0
11971,119710.0,1790707365199,12314310829600,177377.0,45.0
11972,119720.0,1790707365209,12314320620200,177454.0,25.0
11973,119730.0,1790707365219,12314331028600,177506.0,30.0
11974,119740.0,1790707365229,12314341124100,177506.0,39.0
11975,119750.0,1790707365239,12314350953100,177516.0,39.0
11976,119760.0,1790707365249,12314360853200,177526.0,60.0
11977,119770.0,1790707365259,12314371071900,177571.0,58.0
11978,119780.0,1790707365269,12314380909500,177637.0,36.0
11979,119790.0,1790707365279,12314390909800,177698.0,42.0
11980,119800.0,1790707365289,12314401200700,177726.0,53.0
11981,119810.0,1790707365299,12314411142300,177682.0,52.0
11982,119820.0,1790707365310,12314421547800,177650.0,29.0
11983,119830.0,1790707365320,12314431754900,177596.0,51.0
11984,119840.0,1790707365329,12314441411900,177552.0,45.0
11985,119850.0,1790707365340,12314451620600,177500.0,58.0
11986,119860.0,1790707365350,12314461802300,177513.0,46.0
11987,119870.0,1790707365360,12314472024200,177494.0,36.0
11988,119880.0,1790707365370,12314481920400,177526.0,50.0
11989,119890.0,1790707365380,12314491758500,177525.0,31.0
11990,119900.0,1790707365390,12314501767700,177567.0,56.0
11991,119910.0,1790707365400,12314511834600,177590.0,38.0
11992,119920.0,1790707365410,12314521960400,177625.0,41.0
11993,119930.0,1790707365420,12314532016900,177632.0,53.0
11994,119940.0,1790707365430,12314541601300,177668.0,38.0
11995,119950.0,1790707365440,12314551634200,177687.0,41.0
11996,119960.0,1790707365449,12314561237800,177745.0,52.0
11997,119970.0,1790707365460,12314571499400,177770.0,35.0
11998,119980.0,1790707365469,12314581447000,177843.0,47.0
11999,119990.0,1790707365480,12314591875900,177873.0,44.0
12000,120000.0,1790707365489,12314601401300,177932.0,52.0
12001,120010.0,1790707365500,12314611615600,177941.0,47.0
12002,120020.0,1790707365510,12314621652700,177988.0,40.0
12003,120030.0,1790707365520,12314631801700,177989.0,40.0
12004,120040.0,1790707365530,12314642221100,178047.0,53.0
12005,120050.0,1790707365540,12314651961300,178035.0,49.0
12006,120060.0,1790707365551,12314662531300,178093.0,45.0
12007,120070.0,1790707365560,12314672230800,178059.0,54.0
12008,120080.0,1790707365570,12314682162200,178062.0,59.0
12009,120090.0,1790707365581,12314692634300,178032.0,30.0
12010,120100.0,1790707365591,12314702645500,178074.0,38.0
12011,120110.0,1790707365601,12314712665000,178095.0,43.0
12012,120120.0,1790707365611,12314722742000,178145.0,37.0
12013,120130.0,1790707365620,12314732265600,178163.0,35.0
12014,120140.0,1790707365631,12314742994500,178286.0,27.0
12015,120150.0,1790707365641,12314753118300,178283.0,47.0
12016,120160.0,1790707365651,12314763273600,178352.0,45.0
12017,120170.0,1790707365661,12314773198400,178351.0,43.0
12018,120180.0,1790707365671,12314782720900,178461.0,49.0
12019,120190.0,1790707365681,12314792960800,178443.0,44.0
12020,120200.0,1790707365691,12314802959200,178533.0,40.0
12021,120210.0,1790707365701,12314812871300,178529.0,40.0
12022,120220.0,1790707365711,12314823040900,178553.0,38.0
12023,120230.0,1790707365737,12314848596500,178535.0,34.0
12024,120240.0,1790707365738,12314850236100,178583.0,40.0
12025,120250.0,1790707365739,12314851449000,178601.0,39.0
12026,120260.0,1790707365814,12314926092700,178658.0,47.0
12027,120270.0,1790707365826,12314937762500,178718.0,57.0
12028,120280.0,1790707365887,12314999015200,178812.0,46.0
12029,120290.0,1790707365889,12315000476400,178867.0,33.0
12030,120300.0,1790707365890,12315001596900,179001.0,40.0
12031,120310.0,1790707365891,12315002664200,179091.0,33.0
12032,120320.0,1790707365892,12315003743200,179187.0,32.0
12033,120330.0,1790707365893,12315004743000,179178.0,34.0
12034,120340.0,1790707365894,12315005742600,179206.0,36.0
12035,120350.0,1790707365895,12315006724200,179098.0,37.0
12036,120360.0,1790707365896,12315007705900,179088.0,33.0
12037,120370.0,1790707365897,12315008699100,178959.0,46.0
12038,120380.0,1790707365898,12315009615500,178671.0,42.0
12039,120390.0,1790707365899,12315010587100,178518.0,54.0
12040,120400.0,1790707365900,12315011555600,178418.0,34.0
12041,120410.0,1790707365901,12315012896700,178282.0,42.0
12042,120420.0,1790707365910,12315021895900,178286.0,43.0
12043,120430.0,1790707365920,12315031964300,178229.0,32.0
12044,120440.0,1790707365930,12315041929400,178357.0,38.0
12045,120450.0,1790707365940,12315051986100,178373.0,39.0
12046,120460.0,1790707365950,12315062123600,178455.0,37.0
12047,120470.0,1790707365960,12315072021800,178434.0,45.0
12048,120480.0,1790707365970,12315082166400,178521.0,46.0
12049,120490.0,1790707365980,12315092116400,178525.0,55.0
12050,120500.0,1790707365990,12315102277300,178665.0,47.0
12051,120510.0,1790707366000,12315112260600,178687.0,34.0
12052,120520.0,1790707366010,12315122211900,178798.0,33.0
12053,120530.0,1790707366020,12315132255800,178783.0,43.0
12054,120540.0,1790707366030,12315142290100,178907.0,41.0
12055,120550.0,1790707366040,12315152396100,178916.0,45.0
12056,120560.0,1790707366050,12315162406300,179099.0,38.0
12057,120570.0,1790707366061,12315172559200,179145.0,50.0
12058,120580.0,1790707366071,12315182516400,179327.0,45.0
12059,120590.0,1790707366081,12315192563800,179355.0,39.0
12060,120600.0,1790707366091,12315202616300,179451.0,52.0
12061,120610.0,1790707366102,12315214059500,179426.0,51.0
12062,120620.0,1790707366111,12315223429400,179555.0,39.0
12063,120630.0,1790707366121,12315233370100,179527.0,42.0
12064,120640.0,1790707366132,12315243571200,179679.0,34.0
12065,120650.0,1790707366142,12315253768800,179652.0,40.0
12066,120660.0,1790707366152,12315263660500,179769.0,36.0
12067,120670.0,1790707366161,12315273442300,179675.0,33.0
12068,120680.0,1790707366171,12315283213000,179723.0,44.0
12069,120690.0,1790707366181,12315293452800,179602.0,54.0
12070,120700.0,1790707366191,12315302764800,179646.0,38.0
12071,120710.0,1790707366201,12315312868600,179558.0,32.0
12072,120720.0,1790707366211,12315323232900,179658.0,35.0
12073,120730.0,1790707366221,12315333254000,179583.0,37.0
12074,120740.0,1790707366231,12315343470100,179680.0,41.0
12075,120750.0,1790707366242,12315353489600,179607.0,33.0
12076,120760.0,1790707366251,12315363466000,179679.0,29.0
12077,120770.0,1790707366261,12315373185800,179619.0,45.0
12078,120780.0,1790707366271,12315383052000,179700.0,61.0
12079,120790.0,1790707366281,12315393418000,179641.0,47.0
12080,120800.0,1790707366291,12315403117800,179725.0,50.0
12081,120810.0,1790707366302,12315413698000,179626.0,48.0
12082,120820.0,1790707366311,12315423397500,179642.0,36.0
12083,120830.0,1790707366321,12315433380800,179546.0,32.0
12084,120840.0,1790707366331,12315443315300,179588.0,45.0
12085,120850.0,1790707366341,12315453401600,179497.0,28.0
12086,120860.0,1790707366352,12315463486600,179599.0,33.0
12087,120870.0,1790707366361,12315473100200,179580.0,41.0
12088,120880.0,1790707366371,12315483437500,179711.0,34.0
12089,120890.0,1790707366382,12315493774100,179665.0,42.0
12090,120900.0,1790707366392,12315503570800,179792.0,39.0
12091,120910.0,1790707366402,12315513949000,179685.0,52.0
12092,120920.0,1790707366411,12315523456300,179772.0,46.0
12093,120930.0,1790707366422,12315533727300,179617.0,35.0
12094,120940.0,1790707366432,12315543633100,179642.0,44.0
12095,120950.0,1790707366442,12315553599900,179514.0,45.0
12096,120960.0,1790707366452,12315563746200,179576.0,29.0
12097,120970.0,1790707366461,12315573291500,179470.0,47.0
12098,120980.0,1790707366472,12315583659300,179580.0,39.0
12099,120990.0,1790707366482,12315593870100,179480.0,45.0
12100,121000.0,1790707366491,12315603441200,179543.0,42.0
12101,121010.0,1790707366502,12315613996300,179399.0,38.0
12102,121020.0,1790707366512,12315624136500,179438.0,52.0
12103,121030.0,1790707366522,12315634092200,179317.0,41.0
12104,121040.0,1790707366532,12315644254100,179359.0,52.0
12105,121050.0,1790707366542,12315653829700,179318.0,49.0
12106,121060.0,1790707366552,12315664359600,179454.0,43.0
12107,121070.0,1790707366562,12315674253700,179415.0,44.0
12108,121080.0,1790707366572,12315684170900,179530.0,55.0
12109,121090.0,1790707366582,12315694331100,179381.0,41.0
12110,121100.0,1790707366592,12315704257500,179399.0,40.0
12111,121110.0,1790707366602,12315714381800,179250.0,47.0
12112,121120.0,1790707366612,12315724165500,179293.0,27.0
12113,121130.0,1790707366622,12315734351500,179221.0,41.0
12114,121140.0,1790707366632,12315744373200,179309.0,57.0
12115,121150.0,1790707366642,12315754364500,179221.0,47.0
12116,121160.0,1790707366652,12315764362300,179322.0,32.0
12117,121170.0,1790707366663,12315774600500,179228.0,52.0
12118,121180.0,1790707366672,12315784346100,179309.0,42.0
12119,121190.0,1790707366683,12315794638800,179177.0,28.0
12120,121200.0,1790707366693,12315804712800,179209.0,42.0
12121,121210.0,1790707366702,12315814474500,178990.0,46.0
12122,121220.0,1790707366712,12315823972000,178923.0,33.0
12123,121230.0,1790707366726,12315837698100,178635.0,48.0
12124,121240.0,1790707366791,12315902723200,178543.0,31.0
12125,121250.0,1790707366801,12315912845400,178261.0,47.0
12126,121260.0,1790707366863,12315974595100,178198.0,30.0
12127,121270.0,1790707366864,12315976205800,177950.0,26.0
12128,121280.0,1790707366866,12315977487000,177937.0,48.0
12129,121290.0,1790707366867,12315978811800,177699.0,36.0
12130,121300.0,1790707366868,12315980204900,177757.0,32.0
12131,121310.0,1790707366870,12315981703700,177627.0,31.0
12132,121320.0,1790707366871,12315982988800,177717.0,40.0
12133,121330.0,1790707366872,12315984221300,177657.0,52.0
12134,121340.0,1790707366873,12315985470600,177802.0,46.0
12135,121350.0,1790707366875,12315986855300,177771.0,32.0
12136,121360.0,1790707366876,12315988158700,177966.0,37.0
12137,121370.0,1790707366877,12315989414300,177955.0,34.0
12138,121380.0,1790707366879,12315990675000,178080.0,44.0
12139,121390.0,1790707366883,12315994547800,178059.0,25.0
12140,121400.0,1790707366892,12316004204100,178215.0,33.0
12141,121410.0,1790707366903,12316014655200,178176.0,28.0
12142,121420.0,1790707366912,12316024332900,178320.0,40.0
12143,121430.0,1790707366922,12316034371000,178291.0,40.0
12144,121440.0,1790707366932,12316044306200,178425.0,29.0
12145,121450.0,1790707366942,12316054360400,178352.0,47.0
12146,121460.0,1790707366953,12316064792300,178471.0,35.0
12147,121470.0,1790707366962,12316074159300,178392.0,38.0
12148,121480.0,1790707366972,12316084160000,178509.0,40.0
12149,121490.0,1790707366982,12316094251100,178480.0,33.0
12150,121500.0,1790707366992,12316104225200,178632.0,32.0
12151,121510.0,1790707367002,12316114373100,178586.0,26.0
12152,121520.0,1790707367012,12316124297500,178728.0,35.0
12153,121530.0,1790707367022,12316134316100,178573.0,32.0
12154,121540.0,1790707367032,12316144359200,178672.0,35.0
12155,121550.0,1790707367042,12316154407500,178556.0,41.0
12156,121560.0,1790707367052,12316164460700,178697.0,35.0
12157,121570.0,1790707367063,12316174748600,178632.0,33.0
12158,121580.0,1790707367073,12316184627400,178765.0,33.0
12159,121590.0,1790707367083,12316194556100,178663.0,34.0
12160,121600.0,1790707367093,12316204737800,178770.0,43.0
12161,121610.0,1790707367103,12316214815300,178640.0,26.0
12162,121620.0,1790707367114,12316225595600,178765.0,16.0
12163,121630.0,1790707367123,12316234725200,178654.0,33.0
12164,121640.0,1790707367135,12316246632900,178737.0,29.0
12165,121650.0,1790707367145,12316256519600,178567.0,35.0
12166,121660.0,1790707367155,12316267463300,178615.0,38.0
12167,121670.0,1790707367165,12316276917300,178458.0,48.0
12168,121680.0,1790707367174,12316286237100,178581.0,52.0
12169,121690.0,1790707367184,12316295902400,178482.0,36.0
12170,121700.0,1790707367193,12316305340400,178664.0,46.0
12171,121710.0,1790707367203,12316315187100,178609.0,26.0
12172,121720.0,1790707367214,12316325525600,178779.0,32.0
12173,121730.0,1790707367224,12316335494900,178657.0,40.0
12174,121740.0,1790707367234,12316345665800,178792.0,35.0
12175,121750.0,1790707367243,12316354934400,178659.0,45.0
12176,121760.0,1790707367253,12316365033500,178759.0,46.0
12177,121770.0,1790707367264,12316375618000,178675.0,34.0
12178,121780.0,1790707367274,12316385556600,178839.0,48.0
12179,121790.0,1790707367284,12316395835600,178784.0,46.0
12180,121800.0,1790707367293,12316405117200,178943.0,51.0
12181,121810.0,1790707367303,12316415127800,178878.0,34.0
12182,121820.0,1790707367314,12316425585600,179030.0,29.0
12183,121830.0,1790707367324,12316435705100,178982.0,23.0
12184,121840.0,1790707367334,12316446096900,179102.0,42.0
12185,121850.0,1790707367344,12316455941800,178968.0,48.0
12186,121860.0,1790707367354,12316466427900,179036.0,47.0
12187,121870.0,1790707367365,12316476686300,178901.0,48.0
12188,121880.0,1790707367375,12316486526400,179013.0,47.0
12189,121890.0,1790707367384,12316496448300,178898.0,43.0
12190,121900.0,1790707367395,12316506513900,179040.0,48.0
12191,121910.0,1790707367405,12316516741700,178982.0,52.0
12192,121920.0,1790707367414,12316526326900,179100.0,42.0
12193,121930.0,1790707367424,12316536401500,178968.0,39.0
12194,121940.0,1790707367434,12316546359300,179098.0,28.0
12195,121950.0,1790707367445,12316556491300,178979.0,40.0
12196,121960.0,1790707367455,12316566508100,179128.0,43.0
12197,121970.0,1790707367465,12316576537100,179021.0,36.0
12198,121980.0,1790707367475,12316586526000,179137.0,32.0
12199,121990.0,1790707367484,12316596259700,178950.0,36.0
12200,122000.0,1790707367494,12316605922400,179030.0,40.0
12201,122010.0,1790707367504,12316615721100,178861.0,39.0
12202,122020.0,1790707367514,12316626290300,178966.0,30.0
12203,122030.0,1790707367524,12316636405200,178863.0,37.0
12204,122040.0,1790707367534,12316646469300,178975.0,38.0
12205,122050.0,1790707367545,12316656889000,178875.0,35.0
12206,122060.0,1790707367555,12316667006000,179020.0,33.0
12207,122070.0,1790707367564,12316676355000,178948.0,42.0
12208,122080.0,1790707367574,12316686466000,179076.0,30.0
12209,122090.0,1790707367585,12316696506500,179023.0,44.0
12210,122100.0,1790707367595,12316706866500,179189.0,26.0
12211,122110.0,1790707367605,12316716863700,179112.0,28.0
12212,122120.0,1790707367614,12316726066700,179148.0,35.0
12213,122130.0,1790707367624,12316736070400,178902.0,31.0
12214,122140.0,1790707367634,12316745957000,178805.0,24.0
12215,122150.0,1790707367644,12316755798400,178520.0,32.0
12216,122160.0,1790707367654,12316766307700,178378.0,43.0
12217,122170.0,1790707367664,12316776406200,178127.0,34.0
12218,122180.0,1790707367674,12316786292300,178075.0,52.0
12219,122190.0,1790707367684,12316796067600,177929.0,46.0
12220,122200.0,1790707367695,12316806570200,178013.0,43.0
12221,122210.0,1790707367705,12316816571300,177935.0,51.0
12222,122220.0,1790707367715,12316826844400,177994.0,40.0
12223,122230.0,1790707367727,12316839147600,177943.0,46.0
12224,122240.0,1790707367807,12316918853900,178104.0,50.0
12225,122250.0,1790707367863,12316975001600,178051.0,49.0
12226,122260.0,1790707367865,12316976598600,178188.0,37.0
12227,122270.0,1790707367866,12316978176300,178181.0,54.0
12228,122280.0,1790707367868,12316979734200,178334.0,21.0
12229,122290.0,1790707367870,12316981800000,178207.0,39.0
12230,122300.0,1790707367871,12316983166800,178309.0,35.0
12231,122310.0,1790707367872,12316984447400,178218.0,43.0
12232,122320.0,1790707367874,12316985669200,178355.0,47.0
12233,122330.0,1790707367875,12316986970100,178368.0,39.0
12234,122340.0,1790707367879,12316990646200,178608.0,30.0
12235,122350.0,1790707367880,12316992217400,178689.0,26.0
12236,122360.0,1790707367882,12316993479800,178883.0,41.0
12237,122370.0,1790707367883,12316994696300,178826.0,34.0
12238,122380.0,1790707367884,12316996158700,178890.0,30.0
12239,122390.0,1790707367886,12316998433900,178707.0,39.0
12240,122400.0,1790707367894,12317006326800,178708.0,46.0
12241,122410.0,1790707367905,12317016525000,178613.0,47.0
12242,122420.0,1790707367915,12317026713700,178721.0,38.0
12243,122430.0,1790707367925,12317036545400,178723.0,46.0
12244,122440.0,1790707367934,12317046425600,178897.0,40.0
12245,122450.0,1790707367944,12317056439000,178867.0,47.0
12246,122460.0,1790707367955,12317066559200,178942.0,43.0
12247,122470.0,1790707367965,12317076688400,178735.0,45.0
12248,122480.0,1790707367975,12317086553600,178644.0,39.0
12249,122490.0,1790707367985,12317096748400,178378.0,39.0
12250,122500.0,1790707367995,12317106596300,178408.0,34.0
12251,122510.0,1790707368005,12317116970600,178365.0,54.0
12252,122520.0,1790707368015,12317126721600,178541.0,48.0
12253,122530.0,1790707368025,12317136976800,178490.0,49.0
12254,122540.0,1790707368035,12317146759100,178549.0,50.0
12255,122550.0,1790707368045,12317157141400,178411.0,60.0
12256,122560.0,1790707368055,12317166539700,178443.0,51.0
12257,122570.0,1790707368065,12317176677400,178388.0,49.0
12258,122580.0,1790707368075,12317186586300,178435.0,25.0
12259,122590.0,1790707368085,12317196616300,178344.0,36.0
12260,122600.0,1790707368095,12317206802700,178427.0,35.0
12261,122610.0,1790707368105,12317216758500,178300.0,39.0
12262,122620.0,1790707368116,12317228001600,178260.0,33.0
12263,122630.0,1790707368125,12317237394000,178075.0,50.0
12264,122640.0,1790707368135,12317247188500,178051.0,48.0
12265,122650.0,1790707368145,12317257191300,177958.0,43.0
12266,122660.0,1790707368156,12317267546900,178092.0,42.0
12267,122670.0,1790707368166,12317277641300,178133.0,37.0
12268,122680.0,1790707368176,12317287533800,178236.0,34.0
12269,122690.0,1790707368185,12317297070000,178185.0,33.0
12270,122700.0,1790707368195,12317307054600,178195.0,44.0
12271,122710.0,1790707368206,12317317567100,178069.0,49.0
12272,122720.0,1790707368216,12317327735400,178115.0,41.0
12273,122730.0,1790707368226,12317337523300,178015.0,51.0
12274,122740.0,1790707368236,12317347569200,178102.0,40.0
12275,122750.0,1790707368245,12317357298800,178090.0,44.0
12276,122760.0,1790707368256,12317367713200,178198.0,50.0
12277,122770.0,1790707368266,12317377551300,178194.0,55.0
12278,122780.0,1790707368275,12317387057000,178251.0,10.0
12279,122790.0,1790707368286,12317397559000,178176.0,38.0
12280,122800.0,1790707368296,12317407529400,178178.0,40.0
12281,122810.0,1790707368306,12317417496300,178029.0,37.0
12282,122820.0,1790707368316,12317427536900,178021.0,35.0
12283,122830.0,1790707368326,12317437536200,177882.0,46.0
12284,122840.0,1790707368336,12317447596600,177873.0,48.0
12285,122850.0,1790707368345,12317457326800,177761.0,50.0
12286,122860.0,1790707368356,12317467512700,177820.0,52.0
12287,122870.0,1790707368366,12317477493300,177826.0,43.0
12288,122880.0,1790707368376,12317487531300,177942.0,47.0
12289,122890.0,1790707368386,12317497484600,177973.0,38.0
12290,122900.0,1790707368396,12317507740300,178138.0,42.0
12291,122910.0,1790707368406,12317517752300,178202.0,58.0
12292,122920.0,1790707368416,12317527835100,178322.0,41.0
12293,122930.0,1790707368426,12317538255800,178229.0,49.0
12294,122940.0,1790707368436,12317548230600,178160.0,29.0
12295,122950.0,1790707368446,12317558378400,177869.0,54.0
12296,122960.0,1790707368457,12317568505800,177666.0,62.0
12297,122970.0,1790707368467,12317578847800,177421.0,57.0
12298,122980.0,1790707368477,12317588944500,177320.0,52.0
12299,122990.0,1790707368487,12317599060900,177199.0,44.0
12300,123000.0,1790707368497,12317609231300,177156.0,43.0
12301,123010.0,1790707368507,12317618768500,177106.0,50.0
12302,123020.0,1790707368516,12317628390900,177161.0,48.0
12303,123030.0,1790707368526,12317637621500,177150.0,29.0
12304,123040.0,1790707368536,12317648243500,177243.0,53.0
12305,123050.0,1790707368546,12317658231500,177273.0,48.0
12306,123060.0,1790707368557,12317668496300,177345.0,46.0
12307,123070.0,1790707368567,12317678698700,177234.0,43.0
12308,123080.0,1790707368577,12317688855400,177175.0,45.0
12309,123090.0,1790707368587,12317698917400,176996.0,43.0
12310,123100.0,1790707368597,12317709437200,176963.0,43.0
12311,123110.0,1790707368607,12317719057700,176999.0,42.0
12312,123120.0,1790707368618,12317729746400,177193.0,42.0
12313,123130.0,1790707368627,12317739104400,177336.0,47.0
12314,123140.0,1790707368638,12317749598200,177544.0,28.0
12315,123150.0,1790707368647,12317759227400,177682.0,38.0
12316,123160.0,1790707368658,12317769705600,177827.0,48.0
12317,123170.0,1790707368668,12317779761900,177817.0,51.0
12318,123180.0,1790707368677,12317789255300,177855.0,40.0
12319,123190.0,1790707368688,12317799568600,177805.0,36.0
12320,123200.0,1790707368698,12317809589500,177799.0,42.0
12321,123210.0,1790707368707,12317819151600,177757.0,41.0
12322,123220.0,1790707368718,12317829639200,177739.0,36.0
12323,123230.0,1790707368741,12317852970000,177671.0,45.0
12324,123240.0,1790707368743,12317854650300,177676.0,39.0
12325,123250.0,1790707368798,12317910090700,177650.0,38.0
12326,123260.0,1790707368878,12317990418700,177696.0,51.0
12327,123270.0,1790707368881,12317992803900,177753.0,42.0
12328,123280.0,1790707368882,12317994457700,177850.0,55.0
12329,123290.0,1790707368884,12317996207300,177826.0,51.0
12330,123300.0,1790707368886,12317997684400,177788.0,48.0
12331,123310.0,1790707368887,12317999161900,177686.0,51.0
12332,123320.0,1790707368889,12318000584900,177649.0,51.0
12333,123330.0,1790707368890,12318002101100,177549.0,53.0
12334,123340.0,1790707368891,12318003471000,177529.0,37.0
12335,123350.0,1790707368893,12318004787200,177496.0,40.0
12336,123360.0,1790707368894,12318006137900,177504.0,55.0
12337,123370.0,1790707368895,12318007401000,177503.0,26.0
12338,123380.0,1790707368897,12318008718000,177551.0,55.0
12339,123390.0,1790707368898,12318010449300,177595.0,52.0
12340,123400.0,1790707368901,12318012751400,177617.0,47.0
12341,123410.0,1790707368907,12318018805300,177654.0,67.0
12342,123420.0,1790707368917,12318028754800,177722.0,63.0
12343,123430.0,1790707368926,12318038452500,177751.0,57.0
12344,123440.0,1790707368937,12318048670800,177836.0,48.0
12345,123450.0,1790707368947,12318058639100,177907.0,58.0
12346,123460.0,1790707368957,12318068599400,177898.0,57.0
12347,123470.0,1790707368967,12318078671800,177803.0,66.0
12348,123480.0,1790707368977,12318088609600,177746.0,38.0
12349,123490.0,1790707368987,12318098867500,177722.0,34.0
12350,123500.0,1790707368997,12318108666200,177718.0,41.0
12351,123510.0,1790707369007,12318118775300,177681.0,40.0
12352,123520.0,1790707369017,12318128766800,177644.0,56.0
12353,123530.0,1790707369027,12318138792800,177534.0,68.0
12354,123540.0,1790707369037,12318149239100,177490.0,53.0
12355,123550.0,1790707369047,12318158884200,177483.0,52.0
12356,123560.0,1790707369057,12318168914400,177444.0,44.0
12357,123570.0,1790707369067,12318178995700,177428.0,37.0
12358,123580.0,1790707369077,12318189058600,177435.0,48.0
12359,123590.0,1790707369087,12318199024600,177469.0,32.0
12360,123600.0,1790707369097,12318209020800,177534.0,32.0
12361,123610.0,1790707369107,12318219130700,177624.0,39.0
12362,123620.0,1790707369120,12318231661700,177642.0,50.0
12363,123630.0,1790707369127,12318239307000,177654.0,46.0
12364,123640.0,1790707369138,12318249541700,177651.0,65.0
12365,123650.0,1790707369148,12318259510300,177653.0,60.0
12366,123660.0,1790707369157,12318269467500,177649.0,39.0
12367,123670.0,1790707369167,12318279413500,177623.0,43.0
12368,123680.0,1790707369178,12318289523600,177580.0,36.0
12369,123690.0,1790707369187,12318299109000,177572.0,35.0
12370,123700.0,1790707369197,12318309112500,177535.0,41.0
12371,123710.0,1790707369207,12318319465800,177581.0,34.0
12372,123720.0,1790707369217,12318329312000,177661.0,37.0
12373,123730.0,1790707369228,12318339774400,177755.0,40.0
12374,123740.0,1790707369238,12318349743000,177761.0,46.0
12375,123750.0,1790707369248,12318359845600,177788.0,53.0
12376,123760.0,1790707369258,12318369938200,177769.0,45.0
12377,123770.0,1790707369268,12318379660600,177741.0,45.0
12378,123780.0,1790707369278,12318389962600,177663.0,41.0
12379,123790.0,1790707369288,12318399904000,177647.0,35.0
12380,123800.0,1790707369298,12318410095700,177595.0,43.0
12381,123810.0,1790707369308,12318419961700,177570.0,52.0
12382,123820.0,1790707369318,12318429960200,177468.0,43.0
12383,123830.0,1790707369328,12318440110600,177417.0,35.0
12384,123840.0,1790707369338,12318450181200,177281.0,37.0
12385,123850.0,1790707369348,12318459924500,177222.0,60.0
12386,123860.0,1790707369358,12318469902500,177098.0,51.0
12387,123870.0,1790707369368,12318479865700,177051.0,31.0
12388,123880.0,1790707369378,12318489996500,176989.0,41.0
12389,123890.0,1790707369388,12318500189500,177042.0,39.0
12390,123900.0,1790707369398,12318510095400,177072.0,31.0
12391,123910.0,1790707369408,12318519586800,177142.0,44.0
12392,123920.0,1790707369418,12318529591700,177160.0,28.0
12393,123930.0,1790707369428,12318540067800,177227.0,37.0
12394,123940.0,1790707369438,12318550364100,177355.0,45.0
12395,123950.0,1790707369448,12318559774100,177388.0,46.0
12396,123960.0,1790707369458,12318569760300,177438.0,49.0
12397,123970.0,1790707369468,12318580455700,177511.0,56.0
12398,123980.0,1790707369479,12318590699300,177586.0,46.0
12399,123990.0,1790707369488,12318600253200,177718.0,47.0
12400,124000.0,1790707369499,12318610986200,177772.0,50.0
12401,124010.0,1790707369509,12318621026500,177817.0,42.0
12402,124020.0,1790707369519,12318631232200,177825.0,50.0
12403,124030.0,1790707369529,12318641264100,177921.0,37.0
12404,124040.0,1790707369539,12318651251500,177919.0,47.0
12405,124050.0,1790707369548,12318660422200,177991.0,47.0
12406,124060.0,1790707369558,12318670140300,178037.0,39.0
12407,124070.0,1790707369568,12318680420700,178074.0,58.0
12408,124080.0,1790707369578,12318690385900,178036.0,43.0
12409,124090.0,1790707369589,12318700505900,177975.0,45.0
12410,124100.0,1790707369598,12318710252600,177830.0,44.0
12411,124110.0,1790707369610,12318721802600,177792.0,40.0
12412,124120.0,1790707369622,12318734000400,177794.0,45.0
12413,124130.0,1790707369630,12318742101100,177860.0,25.0
12414,124140.0,1790707369639,12318751255700,177875.0,43.0
12415,124150.0,1790707369649,12318761150600,177869.0,41.0
12416,124160.0,1790707369660,12318771791800,177744.0,40.0
12417,124170.0,1790707369669,12318781234600,177601.0,40.0
12418,124180.0,1790707369679,12318790986900,177317.0,43.0
12419,124190.0,1790707369689,12318801396200,177088.0,54.0
12420,124200.0,1790707369700,12318811683500,176940.0,41.0
12421,124210.0,1790707369709,12318821316300,176889.0,31.0
12422,124220.0,1790707369725,12318836817000,176844.0,32.0
12423,124230.0,1790707369731,12318842999000,176965.0,47.0
12424,124240.0,1790707369793,12318904790800,177088.0,54.0
12425,124250.0,1790707369857,12318968601800,177338.0,64.0
12426,124260.0,1790707369858,12318970217200,177536.0,46.0
12427,124270.0,1790707369859,12318971421800,177708.0,40.0
12428,124280.0,1790707369861,12318972577900,177682.0,52.0
12429,124290.0,1790707369862,12318973690400,177620.0,34.0
12430,124300.0,1790707369863,12318974881100,177398.0,37.0
12431,124310.0,1790707369864,12318976073200,177323.0,38.0
12432,124320.0,1790707369866,12318977646300,177220.0,38.0
12433,124330.0,1790707369867,12318979075200,177321.0,43.0
12434,124340.0,1790707369868,12318980240700,177383.0,30.0
12435,124350.0,1790707369869,12318981414800,177653.0,34.0
12436,124360.0,1790707369871,12318982485700,177763.0,45.0
12437,124370.0,1790707369872,12318983502600,177950.0,49.0
12438,124380.0,1790707369880,12318991519000,177910.0,41.0
12439,124390.0,1790707369889,12319000707400,177964.0,36.0
12440,124400.0,1790707369899,12319010950900,177865.0,40.0
12441,124410.0,1790707369909,12319020760500,177906.0,45.0
12442,124420.0,1790707369919,12319030911300,177825.0,27.0
12443,124430.0,1790707369929,12319040814800,177943.0,35.0
12444,124440.0,1790707369939,12319050881300,177929.0,34.0
12445,124450.0,1790707369949,12319061036500,178060.0,30.0
12446,124460.0,1790707369959,12319070959500,178040.0,41.0
12447,124470.0,1790707369969,12319081006900,178137.0,50.0
12448,124480.0,1790707369979,12319090975900,178122.0,45.0
12449,124490.0,1790707369989,12319101110700,178255.0,47.0
12450,124500.0,1790707369999,12319111123000,178263.0,44.0
12451,124510.0,1790707370009,12319121167900,178413.0,44.0
12452,124520.0,1790707370019,12319130850200,178462.0,37.0
12453,124530.0,1790707370029,12319140920200,178592.0,45.0
12454,124540.0,1790707370039,12319150871000,178578.0,33.0
12455,124550.0,1790707370049,12319160955000,178737.0,24.0
12456,124560.0,1790707370059,12319170927100,178862.0,51.0
12457,124570.0,1790707370069,12319181103200,179049.0,43.0
12458,124580.0,1790707370081,12319192619700,179114.0,33.0
12459,124590.0,1790707370090,12319202055000,179231.0,42.0
12460,124600.0,1790707370102,12319213697000,179233.0,47.0
12461,124610.0,1790707370111,12319222801700,179286.0,52.0
12462,124620.0,1790707370121,12319232894200,179110.0,47.0
12463,124630.0,1790707370131,12319243100700,178965.0,36.0
12464,124640.0,1790707370140,12319252270400,178642.0,46.0
12465,124650.0,1790707370150,12319262106700,178494.0,50.0
12466,124660.0,1790707370160,12319271975500,178274.0,24.0
12467,124670.0,1790707370170,12319282268700,178252.0,28.0
12468,124680.0,1790707370180,12319292141800,178069.0,49.0
12469,124690.0,1790707370190,12319302424400,178052.0,42.0
12470,124700.0,1790707370200,12319312151500,177874.0,43.0
12471,124710.0,1790707370210,12319321719000,177892.0,33.0
12472,124720.0,1790707370220,12319331912300,177751.0,44.0
12473,124730.0,1790707370230,12319341850200,177823.0,46.0
12474,124740.0,1790707370240,12319351834800,177724.0,46.0
12475,124750.0,1790707370250,12319361566400,177815.0,37.0
12476,124760.0,1790707370260,12319371905800,177740.0,39.0
12477,124770.0,1790707370270,12319381799800,177887.0,51.0
12478,124780.0,1790707370280,12319392064900,177824.0,38.0
12479,124790.0,1790707370290,12319402248200,177950.0,43.0
12480,124800.0,1790707370301,12319412533300,177946.0,38.0
12481,124810.0,1790707370311,12319422486600,178115.0,46.0
12482,124820.0,1790707370321,12319432776700,178154.0,32.0
12483,124830.0,1790707370331,12319442654700,178405.0,31.0
12484,124840.0,1790707370341,12319452770400,178451.0,46.0
12485,124850.0,1790707370351,12319462622100,178620.0,47.0
12486,124860.0,1790707370362,12319473792000,178585.0,49.0
12487,124870.0,1790707370371,12319483127400,178635.0,38.0
12488,124880.0,1790707370381,12319493377800,178471.0,52.0
12489,124890.0,1790707370391,12319503465200,178441.0,47.0
12490,124900.0,1790707370401,12319513133700,178249.0,40.0
12491,124910.0,1790707370412,12319523505800,178276.0,44.0
12492,124920.0,1790707370422,12319533684300,178175.0,50.0
12493,124930.0,1790707370432,12319543619200,178284.0,31.0
12494,124940.0,1790707370441,12319553202100,178243.0,41.0
12495,124950.0,1790707370451,12319563011700,178417.0,23.0
12496,124960.0,1790707370461,12319573436200,178372.0,25.0
12497,124970.0,1790707370471,12319583415600,178461.0,30.0
12498,124980.0,1790707370482,12319593491800,178365.0,55.0
12499,124990.0,1790707370491,12319603454400,178415.0,32.0
12500,125000.0,1790707370502,12319613484100,178218.0,46.0
12501,125010.0,1790707370512,12319623542200,178212.0,44.0
12502,125020.0,1790707370521,12319633420800,178065.0,49.0
12503,125030.0,1790707370532,12319643680800,178147.0,49.0
12504,125040.0,1790707370542,12319653652200,178006.0,47.0
12505,125050.0,1790707370552,12319663665100,178032.0,24.0
12506,125060.0,1790707370561,12319672936000,177945.0,36.0
12507,125070.0,1790707370571,12319683093300,178047.0,34.0
12508,125080.0,1790707370580,12319692431700,178024.0,30.0
12509,125090.0,1790707370590,12319702342800,178154.0,38.0
12510,125100.0,1790707370601,12319712611600,178045.0,41.0
12511,125110.0,1790707370611,12319722676600,178104.0,24.0
12512,125120.0,1790707370621,12319732915400,177980.0,35.0
12513,125130.0,1790707370631,12319742799500,178011.0,41.0
12514,125140.0,1790707370641,12319752880700,177928.0,36.0
12515,125150.0,1790707370650,12319762393400,178060.0,30.0
12516,125160.0,1790707370661,12319772786300,177988.0,30.0
12517,125170.0,1790707370671,12319782953700,178069.0,19.0
12518,125180.0,1790707370681,12319793220600,177951.0,31.0
12519,125190.0,1790707370691,12319803280800,178017.0,41.0
12520,125200.0,1790707370702,12319813634100,177886.0,40.0
12521,125210.0,1790707370712,12319824135100,177983.0,39.0
12522,125220.0,1790707370742,12319854148800,177859.0,41.0
12523,125230.0,1790707370746,12319858018100,177950.0,34.0
12524,125240.0,1790707370749,12319860631400,177857.0,40.0
12525,125250.0,1790707370752,12319863624000,177951.0,30.0
12526,125260.0,1790707370876,12319987641400,177857.0,37.0
12527,125270.0,1790707370878,12319990252100,177921.0,29.0
12528,125280.0,1790707370961,12320072982000,177811.0,35.0
12529,125290.0,1790707371021,12320133069400,177845.0,44.0
12530,125300.0,1790707371024,12320135671400,177693.0,36.0
12531,125310.0,1790707371025,12320137189000,177752.0,42.0
12532,125320.0,1790707371027,12320138539500,177589.0,43.0
12533,125330.0,1790707371028,12320139802600,177684.0,51.0
12534,125340.0,1790707371029,12320141051500,177606.0,40.0
12535,125350.0,1790707371030,12320142385600,177739.0,32.0
12536,125360.0,1790707371032,12320143952800,177658.0,32.0
12537,125370.0,1790707371033,12320145284200,177750.0,17.0
12538,125380.0,1790707371035,12320146657500,177637.0,29.0
12539,125390.0,1790707371036,12320147933100,177721.0,21.0
12540,125400.0,1790707371037,12320149193300,177565.0,28.0
12541,125410.0,1790707371039,12320150506100,177557.0,29.0
12542,125420.0,1790707371040,12320151846200,177218.0,26.0
12543,125430.0,1790707371041,12320153337700,177112.0,36.0
12544,125440.0,1790707371043,12320154622600,176799.0,25.0
12545,125450.0,1790707371044,12320155810800,176714.0,42.0
12546,125460.0,1790707371045,12320156958100,176480.0,27.0
12547,125470.0,1790707371046,12320158080200,176500.0,23.0
12548,125480.0,1790707371047,12320159359700,176384.0,38.0
12549,125490.0,1790707371049,12320160595100,176475.0,42.0
12550,125500.0,1790707371050,12320161754100,176412.0,43.0
12551,125510.0,1790707371051,12320162880700,176569.0,31.0
12552,125520.0,1790707371052,12320163937500,176492.0,36.0
12553,125530.0,1790707371053,12320164981600,176589.0,36.0
12554,125540.0,1790707371054,12320166012200,176395.0,48.0
12555,125550.0,1790707371055,12320167008600,176464.0,30.0
12556,125560.0,1790707371061,12320172921800,176371.0,32.0
12557,125570.0,1790707371071,12320183058500,176575.0,34.0
12558,125580.0,1790707371081,12320193221900,176520.0,39.0
12559,125590.0,1790707371091,12320203159200,176721.0,37.0
12560,125600.0,1790707371101,12320213188600,176667.0,44.0
12561,125610.0,1790707371111,12320223217200,176799.0,39.0
12562,125620.0,1790707371121,12320233300900,176646.0,40.0
12563,125630.0,1790707371131,12320243398600,176757.0,42.0
12564,125640.0,1790707371141,12320253339000,176642.0,41.0
12565,125650.0,1790707371151,12320263391400,176732.0,43.0
12566,125660.0,1790707371162,12320273727400,176613.0,38.0
12567,125670.0,1790707371171,12320283471500,176743.0,39.0
12568,125680.0,1790707371182,12320293720400,176643.0,36.0
12569,125690.0,1790707371192,12320303567100,176740.0,51.0
12570,125700.0,1790707371202,12320313580600,176647.0,47.0
12571,125710.0,1790707371212,12320323649400,176780.0,52.0
12572,125720.0,1790707371222,12320333700100,176666.0,44.0
12573,125730.0,1790707371232,12320343740500,176787.0,45.0
12574,125740.0,1790707371242,12320353841000,176646.0,42.0
12575,125750.0,1790707371252,12320363872200,176757.0,43.0
12576,125760.0,1790707371262,12320373480600,176645.0,31.0
12577,125770.0,1790707371272,12320383718800,176737.0,38.0
12578,125780.0,1790707371282,12320393985600,176616.0,47.0
12579,125790.0,1790707371292,12320404000500,176702.0,34.0
12580,125800.0,1790707371302,12320413940400,176573.0,39.0
12581,125810.0,1790707371312,12320423977900,176651.0,36.0
12582,125820.0,1790707371322,12320434151700,176483.0,38.0
12583,125830.0,1790707371332,12320443885900,176608.0,40.0
12584,125840.0,1790707371342,12320454361600,176499.0,41.0
12585,125850.0,1790707371352,12320464449600,176637.0,39.0
12586,125860.0,1790707371363,12320474751000,176599.0,20.0
12587,125870.0,1790707371373,12320485278500,176740.0,28.0
12588,125880.0,1790707371383,12320494809300,176662.0,34.0
12589,125890.0,1790707371393,12320505316800,176718.0,13.0
12590,125900.0,1790707371403,12320515257700,176581.0,29.0
12591,125910.0,1790707371413,12320525317100,176642.0,12.0
12592,125920.0,1790707371423,12320535378700,176463.0,28.0
12593,125930.0,1790707371433,12320544984600,176467.0,23.0
12594,125940.0,1790707371444,12320556240000,176349.0,44.0
12595,125950.0,1790707371454,12320565938200,176445.0,45.0
12596,125960.0,1790707371464,12320576147400,176389.0,36.0
12597,125970.0,1790707371474,12320585735000,176545.0,50.0
12598,125980.0,1790707371485,12320596871300,176519.0,46.0
12599,125990.0,1790707371494,12320605587300,176701.0,33.0
12600,126000.0,1790707371503,12320615278400,176644.0,40.0
12601,126010.0,1790707371513,12320625247100,176740.0,49.0
12602,126020.0,1790707371524,12320635731600,176633.0,46.0
12603,126030.0,1790707371533,12320645151400,176737.0,31.0
12604,126040.0,1790707371544,12320655762500,176603.0,52.0
12605,126050.0,1790707371554,12320665816400,176676.0,38.0
12606,126060.0,1790707371563,12320675264200,176541.0,43.0
12607,126070.0,1790707371574,12320685869500,176642.0,35.0
12608,126080.0,1790707371584,12320695791900,176602.0,49.0
12609,126090.0,1790707371594,12320706034800,176772.0,32.0
12610,126100.0,1790707371604,12320716015600,176730.0,45.0
12611,126110.0,1790707371614,12320725481200,176823.0,41.0
12612,126120.0,1790707371623,12320735427800,176730.0,43.0
12613,126130.0,1790707371633,12320744844900,176789.0,57.0
12614,126140.0,1790707371644,12320756350400,176698.0,52.0
12615,126150.0,1790707371653,12320765188500,176788.0,48.0
12616,126160.0,1790707371663,12320775081300,176692.0,52.0
12617,126170.0,1790707371673,12320785142000,176766.0,46.0
12618,126180.0,1790707371683,12320795155300,176664.0,35.0
12619,126190.0,1790707371693,12320805301700,176767.0,50.0
12620,126200.0,1790707371703,12320815474100,176723.0,42.0
12621,126210.0,1790707371713,12320825005600,176824.0,36.0
12622,126220.0,1790707371725,12320836525000,176755.0,52.0
12623,126230.0,1790707371739,12320850662000,176810.0,53.0
12624,126240.0,1790707371745,12320856745600,176700.0,46.0
12625,126250.0,1790707371824,12320935528600,176642.0,48.0
12626,126260.0,1790707371879,12320991155100,176422.0,53.0
12627,126270.0,1790707371881,12320993225600,176372.0,36.0
12628,126280.0,1790707371883,12320995462200,176191.0,44.0
12629,126290.0,1790707371885,12320996777800,176138.0,41.0
12630,126300.0,1790707371886,12320997993500,175942.0,38.0
12631,126310.0,1790707371887,12320999180500,175899.0,40.0
12632,126320.0,1790707371888,12321000390600,175754.0,50.0
12633,126330.0,1790707371890,12321001673600,175787.0,36.0
12634,126340.0,1790707371891,12321002896000,175696.0,49.0
12635,126350.0,1790707371892,12321004160200,175797.0,56.0
12636,126360.0,1790707371893,12321005386200,175783.0,52.0
12637,126370.0,1790707371895,12321006714300,175959.0,32.0
12638,126380.0,1790707371897,12321008988400,175949.0,45.0
12639,126390.0,1790707371900,12321011756800,176113.0,36.0
12640,126400.0,1790707371903,12321015174800,176115.0,41.0
12641,126410.0,1790707371913,12321024934700,176180.0,31.0
12642,126420.0,1790707371923,12321035026400,176115.0,25.0
12643,126430.0,1790707371933,12321045087800,176150.0,38.0
12644,126440.0,1790707371943,12321054943500,176069.0,31.0
12645,126450.0,1790707371953,12321065031700,176080.0,44.0
12646,126460.0,1790707371963,12321075264500,176015.0,50.0
12647,126470.0,1790707371973,12321085148500,176097.0,43.0
12648,126480.0,1790707371983,12321095169800,176076.0,42.0
12649,126490.0,1790707371993,12321105142200,176202.0,45.0
12650,126500.0,1790707372003,12321115249700,176218.0,42.0
12651,126510.0,1790707372014,12321125501300,176371.0,51.0
12652,126520.0,1790707372023,12321135317600,176355.0,45.0
12653,126530.0,1790707372033,12321145310100,176451.0,28.0
12654,126540.0,1790707372043,12321155354100,176384.0,36.0
12655,126550.0,1790707372053,12321165405700,176394.0,39.0
12656,126560.0,1790707372064,12321175847400,176317.0,38.0
12657,126570.0,1790707372074,12321185478900,176405.0,43.0
12658,126580.0,1790707372084,12321195520700,176360.0,55.0
12659,126590.0,1790707372094,12321205569900,176481.0,37.0
12660,126600.0,1790707372103,12321215289000,176402.0,48.0
12661,126610.0,1790707372114,12321226209100,176452.0,34.0
12662,126620.0,1790707372125,12321236689800,176386.0,49.0
12663,126630.0,1790707372134,12321246341800,176453.0,32.0
12664,126640.0,1790707372145,12321257246800,176390.0,48.0
12665,126650.0,1790707372155,12321266499600,176396.0,42.0
12666,126660.0,1790707372164,12321276229900,176259.0,53.0
12667,126670.0,1790707372173,12321285471600,176264.0,39.0
12668,126680.0,1790707372185,12321296637400,176118.0,57.0
12669,126690.0,1790707372195,12321307218800,176183.0,55.0
12670,126700.0,1790707372205,12321317146200,176162.0,67.0
12671,126710.0,1790707372214,12321326241000,176311.0,42.0
12672,126720.0,1790707372224,12321336027900,176295.0,51.0
12673,126730.0,1790707372234,12321346080800,176421.0,46.0
12674,126740.0,1790707372244,12321356055300,176358.0,54.0
12675,126750.0,1790707372254,12321366130500,176415.0,41.0
12676,126760.0,1790707372264,12321375964000,176356.0,36.0
12677,126770.0,1790707372274,12321386183600,176417.0,43.0
12678,126780.0,1790707372284,12321396247300,176336.0,41.0
12679,126790.0,1790707372295,12321406781500,176405.0,42.0
12680,126800.0,1790707372305,12321417068400,176347.0,42.0
12681,126810.0,1790707372315,12321427012000,176363.0,38.0
12682,126820.0,1790707372325,12321437278000,176339.0,43.0
12683,126830.0,1790707372335,12321447453000,176417.0,48.0
12684,126840.0,1790707372346,12321457518100,176364.0,33.0
12685,126850.0,1790707372356,12321467556400,176425.0,47.0
12686,126860.0,1790707372365,12321477352400,176400.0,41.0
12687,126870.0,1790707372374,12321486431200,176467.0,45.0
12688,126880.0,1790707372384,12321496193600,176442.0,44.0
12689,126890.0,1790707372394,12321506042300,176489.0,57.0
12690,126900.0,1790707372404,12321516291700,176446.0,42.0
12691,126910.0,1790707372414,12321526096800,176500.0,32.0
12692,126920.0,1790707372424,12321536416400,176496.0,61.0
12693,126930.0,1790707372435,12321546603300,176538.0,57.0
12694,126940.0,1790707372445,12321556642100,176558.0,40.0
12695,126950.0,1790707372455,12321566872600,176664.0,44.0
12696,126960.0,1790707372465,12321576500600,176679.0,42.0
12697,126970.0,1790707372475,12321587348200,176765.0,38.0
12698,126980.0,1790707372485,12321597034600,176732.0,26.0
12699,126990.0,1790707372496,12321608471500,176721.0,35.0
12700,127000.0,1790707372507,12321618498100,176663.0,50.0
12701,127010.0,1790707372516,12321628288600,176673.0,51.0
12702,127020.0,1790707372527,12321638512600,176661.0,54.0
12703,127030.0,1790707372536,12321648285700,176709.0,51.0
12704,127040.0,1790707372546,12321658328300,176726.0,45.0
12705,127050.0,1790707372556,12321668346800,176788.0,43.0
12706,127060.0,1790707372566,12321677878600,176809.0,34.0
12707,127070.0,1790707372576,12321688436300,176782.0,43.0
12708,127080.0,1790707372587,12321698481200,176710.0,38.0
12709,127090.0,1790707372597,12321708592100,176685.0,47.0
12710,127100.0,1790707372607,12321718539000,176611.0,48.0
12711,127110.0,1790707372616,12321728023500,176535.0,45.0
12712,127120.0,1790707372627,12321738604800,176411.0,45.0
12713,127130.0,1790707372635,12321746934400,176344.0,51.0
12714,127140.0,1790707372645,12321756878900,176215.0,55.0
12715,127150.0,1790707372655,12321767114100,176135.0,43.0
12716,127160.0,1790707372665,12321776793900,176037.0,50.0
12717,127170.0,1790707372677,12321789181100,175985.0,60.0
12718,127180.0,1790707372686,12321797808000,176005.0,40.0
12719,127190.0,1790707372696,12321807845200,176080.0,57.0
12720,127200.0,1790707372706,12321817911500,176086.0,70.0
12721,127210.0,1790707372716,12321827826200,176171.0,59.0
12722,127220.0,1790707372740,12321851874700,176245.0,45.0
12723,127230.0,1790707372744,12321856291400,176398.0,49.0
12724,127240.0,1790707372748,12321860083600,176440.0,60.0
12725,127250.0,1790707372878,12321990022700,176509.0,47.0
12726,127260.0,1790707372882,12321994206500,176573.0,45.0
12727,127270.0,1790707372884,12321995829000,176680.0,33.0
12728,127280.0,1790707372885,12321997255500,176734.0,44.0
12729,127290.0,1790707372887,12321998584600,176817.0,43.0
12730,127300.0,1790707372888,12321999950400,176897.0,51.0
12731,127310.0,1790707372889,12322001223200,176990.0,49.0
12732,127320.0,1790707372891,12322002489100,177166.0,51.0
12733,127330.0,1790707372892,12322003870600,177325.0,45.0
12734,127340.0,1790707372893,12322005126800,177433.0,46.0
12735,127350.0,1790707372894,12322006371400,177436.0,55.0
12736,127360.0,1790707372899,12322010813100,177397.0,42.0
12737,127370.0,1790707372900,12322012288800,177316.0,43.0
12738,127380.0,1790707372902,12322013564800,177286.0,36.0
12739,127390.0,1790707372903,12322014901000,177221.0,41.0
12740,127400.0,1790707372905,12322017256200,177192.0,37.0
12741,127410.0,1790707372916,12322027733200,177200.0,63.0
12742,127420.0,1790707372925,12322037373900,177214.0,49.0
12743,127430.0,1790707372935,12322047388500,177233.0,55.0
12744,127440.0,1790707372945,12322057366500,177303.0,66.0
12745,127450.0,1790707372955,12322067444100,177365.0,55.0
12746,127460.0,1790707372965,12322077432900,177407.0,43.0
12747,127470.0,1790707372975,12322087099900,177385.0,56.0
12748,127480.0,1790707372985,12322097402100,177338.0,36.0
12749,127490.0,1790707372995,12322107213100,177206.0,50.0
12750,127500.0,1790707373005,12322117304300,177151.0,31.0
12751,127510.0,1790707373015,12322127304900,177107.0,49.0
12752,127520.0,1790707373025,12322137422700,177152.0,45.0
12753,127530.0,1790707373035,12322147387200,177153.0,49.0
12754,127540.0,1790707373045,12322157393600,177239.0,59.0
12755,127550.0,1790707373055,12322167415900,177315.0,51.0
12756,127560.0,1790707373066,12322177488100,177306.0,54.0
12757,127570.0,1790707373076,12322187574300,177287.0,42.0
12758,127580.0,1790707373086,12322197588300,177281.0,46.0
12759,127590.0,1790707373096,12322207752200,177225.0,44.0
12760,127600.0,1790707373106,12322217629900,177196.0,53.0
12761,127610.0,1790707373116,12322227742900,177135.0,28.0
12762,127620.0,1790707373126,12322237833400,177099.0,44.0
12763,127630.0,1790707373137,12322248675200,177087.0,54.0
12764,127640.0,1790707373147,12322258710900,177092.0,48.0
12765,127650.0,1790707373157,12322268673400,177075.0,40.0
12766,127660.0,1790707373166,12322278087400,177120.0,48.0
12767,127670.0,1790707373176,12322288022300,177101.0,38.0
12768,127680.0,1790707373186,12322297979500,177075.0,46.0
12769,127690.0,1790707373196,12322308322000,177037.0,34.0
12770,127700.0,1790707373207,12322318485100,177029.0,44.0
12771,127710.0,1790707373216,12322328238600,176990.0,30.0
12772,127720.0,1790707373226,12322338023500,176984.0,33.0
12773,127730.0,1790707373236,12322348326500,176943.0,50.0
12774,127740.0,1790707373246,12322358423600,176903.0,56.0
12775,127750.0,1790707373256,12322368449500,176794.0,37.0
12776,127760.0,1790707373267,12322378482200,176732.0,56.0
12777,127770.0,1790707373277,12322388806000,176630.0,53.0
12778,127780.0,1790707373287,12322398863000,176613.0,59.0
12779,127790.0,1790707373297,12322409073700,176596.0,53.0
12780,127800.0,1790707373308,12322419753700,176657.0,37.0
12781,127810.0,1790707373318,12322429912600,176640.0,37.0
12782,127820.0,1790707373327,12322439400900,176673.0,44.0
12783,127830.0,1790707373338,12322450088100,176616.0,20.0
12784,127840.0,1790707373348,12322459649100,176588.0,31.0
12785,127850.0,1790707373358,12322469701400,176541.0,44.0
12786,127860.0,1790707373368,12322480155500,176543.0,56.0
12787,127870.0,1790707373378,12322490266000,176469.0,55.0
12788,127880.0,1790707373388,12322499780900,176480.0,48.0
12789,127890.0,1790707373398,12322509522200,176437.0,41.0
12790,127900.0,1790707373408,12322519511100,176471.0,35.0
12791,127910.0,1790707373418,12322529726500,176408.0,38.0
12792,127920.0,1790707373428,12322539908700,176318.0,45.0
12793,127930.0,1790707373438,12322550249100,176078.0,44.0
12794,127940.0,1790707373448,12322559705500,175964.0,47.0
12795,127950.0,1790707373458,12322569985000,175766.0,43.0
12796,127960.0,1790707373468,12322580082700,175659.0,48.0
12797,127970.0,1790707373478,12322590078800,175542.0,55.0
12798,127980.0,1790707373488,12322600090200,175548.0,57.0
12799,127990.0,1790707373498,12322609920900,175496.0,38.0
12800,128000.0,1790707373508,12322620076600,175499.0,49.0
12801,128010.0,1790707373518,12322629960500,175433.0,41.0
12802,128020.0,1790707373528,12322640310700,175430.0,32.0
12803,128030.0,1790707373539,12322650501300,175383.0,46.0
12804,128040.0,1790707373548,12322660094500,175456.0,41.0
12805,128050.0,1790707373558,12322669847000,175504.0,38.0
12806,128060.0,1790707373567,12322679287400,175640.0,36.0
12807,128070.0,1790707373577,12322688985100,175705.0,49.0
12808,128080.0,1790707373587,12322698853300,175859.0,41.0
12809,128090.0,1790707373597,12322709053800,175939.0,48.0
12810,128100.0,1790707373607,12322719030500,175985.0,45.0
12811,128110.0,1790707373617,12322729031700,175948.0,30.0
12812,128120.0,1790707373627,12322739038000,176004.0,33.0
12813,128130.0,1790707373637,12322749057000,175967.0,36.0
12814,128140.0,1790707373647,12322759248000,176059.0,30.0
12815,128150.0,1790707373657,12322769466700,176041.0,20.0
12816,128160.0,1790707373667,12322778798900,176148.0,48.0
12817,128170.0,1790707373682,12322793841200,176145.0,39.0
12818,128180.0,1790707373689,12322800591400,176237.0,31.0
12819,128190.0,1790707373698,12322810463600,176159.0,42.0
12820,128200.0,1790707373709,12322820948900,176174.0,49.0
12821,128210.0,1790707373719,12322830541400,176064.0,38.0
12822,128220.0,1790707373747,12322859335700,176150.0,38.0
12823,128230.0,1790707373751,12322863091400,176076.0,49.0
12824,128240.0,1790707373754,12322865905100,176191.0,31.0
12825,128250.0,1790707373813,12322925087100,176162.0,31.0
12826,128260.0,1790707373890,12323002271500,176244.0,41.0
12827,128270.0,1790707373892,12323003830600,176172.0,40.0
12828,128280.0,1790707373893,12323005251000,176212.0,36.0
12829,128290.0,1790707373895,12323006589900,176140.0,38.0
12830,128300.0,1790707373897,12323009250500,176252.0,36.0
12831,128310.0,1790707373900,12323011941100,176208.0,53.0
12832,128320.0,1790707373902,12323013639100,176251.0,44.0
12833,128330.0,1790707373903,12323015084000,176127.0,53.0
12834,128340.0,1790707373905,12323016535200,176113.0,28.0
12835,128350.0,1790707373906,12323017922500,176004.0,37.0
12836,128360.0,1790707373907,12323019296600,176089.0,41.0
12837,128370.0,1790707373909,12323020583000,176063.0,41.0
12838,128380.0,1790707373910,12323021923600,176214.0,46.0
12839,128390.0,1790707373912,12323024163600,176234.0,44.0
12840,128400.0,1790707373915,12323027170000,176385.0,40.0
12841,128410.0,1790707373918,12323029485600,176427.0,41.0
12842,128420.0,1790707373927,12323039439500,176355.0,47.0
12843,128430.0,1790707373938,12323049772700,176235.0,39.0
12844,128440.0,1790707373948,12323059517200,176266.0,39.0
12845,128450.0,1790707373958,12323069486700,176212.0,54.0
12846,128460.0,1790707373968,12323079843400,176315.0,31.0
12847,128470.0,1790707373978,12323089571600,176283.0,36.0
12848,128480.0,1790707373988,12323099638800,176413.0,34.0
12849,128490.0,1790707373998,12323109714500,176354.0,47.0
12850,128500.0,1790707374008,12323119627400,176485.0,36.0
12851,128510.0,1790707374018,12323129799700,176455.0,36.0
12852,128520.0,1790707374028,12323139804800,176593.0,44.0
12853,128530.0,1790707374038,12323149931400,176551.0,40.0
12854,128540.0,1790707374048,12323159846400,176649.0,50.0
12855,128550.0,1790707374058,12323169583900,176534.0,52.0
12856,128560.0,1790707374068,12323179694200,176513.0,37.0
12857,128570.0,1790707374078,12323189648800,176357.0,39.0
12858,128580.0,1790707374088,12323199730600,176432.0,45.0
12859,128590.0,1790707374098,12323209742900,176412.0,49.0
12860,128600.0,1790707374108,12323219837800,176537.0,46.0
12861,128610.0,1790707374118,12323229850200,176498.0,42.0
12862,128620.0,1790707374128,12323239817100,176618.0,31.0
12863,128630.0,1790707374138,12323249981100,176543.0,45.0
12864,128640.0,1790707374148,12323260215000,176643.0,48.0
12865,128650.0,1790707374158,12323270100800,176529.0,39.0
12866,128660.0,1790707374168,12323280035100,176590.0,50.0
12867,128670.0,1790707374178,12323290018300,176507.0,43.0
12868,128680.0,1790707374189,12323300526300,176634.0,39.0
12869,128690.0,1790707374198,12323310461500,176597.0,56.0
12870,128700.0,1790707374209,12323320584200,176732.0,37.0
12871,128710.0,1790707374218,12323330194000,176682.0,28.0
12872,128720.0,1790707374229,12323340478900,176791.0,30.0
12873,128730.0,1790707374239,12323350906200,176698.0,38.0
12874,128740.0,1790707374249,12323360929800,176833.0,49.0
12875,128750.0,1790707374259,12323371238200,176797.0,51.0
12876,128760.0,1790707374269,12323381111100,176924.0,38.0
12877,128770.0,1790707374279,12323390737700,176788.0,49.0
12878,128780.0,1790707374289,12323400822800,176778.0,36.0
12879,128790.0,1790707374299,12323410780200,176562.0,36.0
12880,128800.0,1790707374310,12323421505200,176564.0,35.0
12881,128810.0,1790707374320,12323431871500,176411.0,32.0
12882,128820.0,1790707374330,12323441963800,176438.0,26.0
12883,128830.0,1790707374340,12323452460700,176281.0,38.0
12884,128840.0,1790707374350,12323462034500,176343.0,43.0
12885,128850.0,1790707374360,12323472104100,176202.0,53.0
12886,128860.0,1790707374370,12323482198000,176320.0,39.0
12887,128870.0,1790707374380,12323491919000,176251.0,52.0
12888,128880.0,1790707374390,12323502005000,176389.0,45.0
12889,128890.0,1790707374400,12323512231200,176396.0,37.0
12890,128900.0,1790707374410,12323522311200,176580.0,40.0
12891,128910.0,1790707374420,12323531820300,176559.0,24.0
12892,128920.0,1790707374430,12323541895100,176707.0,30.0
12893,128930.0,1790707374440,12323552452400,176652.0,37.0
12894,128940.0,1790707374451,12323562653500,176798.0,27.0
12895,128950.0,1790707374460,12323572446000,176753.0,34.0
12896,128960.0,1790707374471,12323582490100,176911.0,46.0
12897,128970.0,1790707374480,12323592105500,176881.0,51.0
12898,128980.0,1790707374490,12323602463100,177016.0,40.0
12899,128990.0,1790707374500,12323612229100,176954.0,24.0
12900,129000.0,1790707374510,12323622414100,177103.0,40.0
12901,129010.0,1790707374520,12323631906200,177075.0,38.0
12902,129020.0,1790707374530,12323642037500,177210.0,17.0
12903,129030.0,1790707374540,12323652454800,177139.0,31.0
12904,129040.0,1790707374550,12323662452600,177296.0,39.0
12905,129050.0,1790707374560,12323672440300,177247.0,33.0
12906,129060.0,1790707374570,12323682460500,177426.0,41.0
12907,129070.0,1790707374580,12323692130700,177358.0,41.0
12908,129080.0,1790707374590,12323702448900,177515.0,40.0
12909,129090.0,1790707374600,12323712414800,177465.0,41.0
12910,129100.0,1790707374611,12323722654300,177614.0,35.0
12911,129110.0,1790707374620,12323732211500,177567.0,28.0
12912,129120.0,1790707374630,12323742317700,177635.0,31.0
12913,129130.0,1790707374641,12323752599800,177478.0,29.0
12914,129140.0,1790707374651,12323762651900,177539.0,26.0
12915,129150.0,1790707374660,12323772175800,177383.0,28.0
12916,129160.0,1790707374670,12323781938200,177477.0,26.0
12917,129170.0,1790707374679,12323791356500,177357.0,32.0
12918,129180.0,1790707374690,12323801980900,177482.0,27.0
12919,129190.0,1790707374700,12323812070900,177399.0,31.0
12920,129200.0,1790707374709,12323821427600,177621.0,44.0
12921,129210.0,1790707374720,12323831580600,177598.0,24.0
12922,129220.0,1790707374731,12323843436800,177799.0,23.0
12923,129230.0,1790707374815,12323926995800,177761.0,27.0
12924,129240.0,1790707374876,12323987475700,177870.0,25.0
12925,129250.0,1790707374877,12323989260000,177776.0,35.0
12926,129260.0,1790707374879,12323991463600,177856.0,25.0
12927,129270.0,1790707374882,12323993957800,177716.0,36.0
12928,129280.0,1790707374884,12323995570200,177796.0,55.0
12929,129290.0,1790707374885,12323997012600,177683.0,38.0
12930,129300.0,1790707374886,12323998312700,177735.0,57.0
12931,129310.0,1790707374888,12323999565500,177597.0,54.0
12932,129320.0,1790707374889,12324000780900,177704.0,33.0
12933,129330.0,1790707374890,12324002111200,177640.0,34.0
12934,129340.0,1790707374892,12324003508500,177823.0,34.0
12935,129350.0,1790707374893,12324004781700,177785.0,39.0
12936,129360.0,1790707374894,12324006239400,177895.0,41.0
12937,129370.0,1790707374897,12324009015600,177770.0,44.0
12938,129380.0,1790707374899,12324010658900,177852.0,34.0
12939,129390.0,1790707374901,12324012554600,177752.0,38.0
12940,129400.0,1790707374910,12324021859700,177811.0,54.0
12941,129410.0,1790707374920,12324031550400,177724.0,41.0
12942,129420.0,1790707374930,12324041598900,177761.0,40.0
12943,129430.0,1790707374940,12324051580000,177614.0,40.0
12944,129440.0,1790707374950,12324061650500,177873.0,45.0
12945,129450.0,1790707374960,12324071743400,177868.0,34.0
12946,129460.0,1790707374970,12324081712500,178145.0,46.0
12947,129470.0,1790707374980,12324091765000,178131.0,61.0
12948,129480.0,1790707374990,12324101749200,178311.0,50.0
12949,129490.0,1790707375000,12324111908900,178325.0,52.0
12950,129500.0,1790707375010,12324121851000,178529.0,42.0
12951,129510.0,1790707375020,12324132230500,178309.0,51.0
12952,129520.0,1790707375030,12324141941500,178406.0,33.0
12953,129530.0,1790707375040,12324152103000,178262.0,33.0
12954,129540.0,1790707375050,12324162043000,178380.0,44.0
12955,129550.0,1790707375060,12324172403000,178309.0,35.0
12956,129560.0,1790707375070,12324182074000,178533.0,35.0
12957,129570.0,1790707375080,12324192072800,178525.0,50.0
12958,129580.0,1790707375090,12324202179900,178736.0,36.0
12959,129590.0,1790707375101,12324212590300,178715.0,33.0
12960,129600.0,1790707375133,12324244836800,178873.0,35.0
12961,129610.0,1790707375136,12324248461400,178754.0,52.0
12962,129620.0,1790707375170,12324282028800,178824.0,42.0
12963,129630.0,1790707375184,12324296091100,178649.0,29.0
12964,129640.0,1790707375191,12324302961500,178651.0,27.0
12965,129650.0,1790707375199,12324311176600,178479.0,34.0
12966,129660.0,1790707375210,12324321989100,178486.0,43.0
12967,129670.0,1790707375220,12324332008500,177992.0,41.0
12968,129680.0,1790707375244,12324356119900,177936.0,31.0
12969,129690.0,1790707375261,12324373421600,177777.0,30.0
12970,129700.0,1790707375263,12324375246600,177746.0,54.0
12971,129710.0,1790707375265,12324376634300,177661.0,53.0
12972,129720.0,1790707375267,12324379017900,177775.0,41.0
12973,129730.0,1790707375269,12324380789200,177690.0,50.0
12974,129740.0,1790707375271,12324382702600,177797.0,43.0
12975,129750.0,1790707375274,12324385536300,177756.0,32.0
12976,129760.0,1790707375276,12324387914700,177843.0,49.0
12977,129770.0,1790707375281,12324392702500,177848.0,40.0
12978,129780.0,1790707375291,12324402902600,177935.0,27.0
12979,129790.0,1790707375301,12324412823100,177826.0,43.0
12980,129800.0,1790707375311,12324422899400,177855.0,50.0
12981,129810.0,1790707375322,12324433684500,177677.0,56.0
12982,129820.0,1790707375332,12324443526100,177828.0,44.0
12983,129830.0,1790707375342,12324453632800,177736.0,51.0
12984,129840.0,1790707375352,12324463952400,177931.0,32.0
12985,129850.0,1790707375362,12324474295200,177926.0,39.0
12986,129860.0,1790707375372,12324483792600,178082.0,29.0
12987,129870.0,1790707375382,12324493985700,178024.0,33.0
12988,129880.0,1790707375392,12324503947300,178146.0,30.0
12989,129890.0,1790707375402,12324514110400,177988.0,39.0
12990,129900.0,1790707375412,12324524425600,178051.0,58.0
12991,129910.0,1790707375422,12324533549000,177931.0,55.0
12992,129920.0,1790707375431,12324543113200,178019.0,58.0
12993,129930.0,1790707375441,12324553078600,177940.0,68.0
12994,129940.0,1790707375452,12324563581300,178050.0,39.0
12995,129950.0,1790707375461,12324573440000,177976.0,39.0
12996,129960.0,1790707375472,12324583580300,178071.0,33.0
12997,129970.0,1790707375482,12324593902900,177930.0,48.0
12998,129980.0,1790707375492,12324604270300,177938.0,38.0
12999,129990.0,1790707375503,12324615109800,177726.0,52.0
13000,130000.0,1790707375513,12324624783800,177720.0,18.0
13001,130010.0,1790707375523,12324634992800,177572.0,36.0
13002,130020.0,1790707375533,12324644754300,177669.0,53.0
13003,130030.0,1790707375543,12324654798500,177684.0,49.0
13004,130040.0,1790707375553,12324664516800,177885.0,45.0
13005,130050.0,1790707375563,12324674737300,177908.0,41.0
13006,130060.0,1790707375573,12324685371100,178069.0,50.0
13007,130070.0,1790707375583,12324694997900,178041.0,44.0
13008,130080.0,1790707375593,12324704986300,178095.0,41.0
13009,130090.0,1790707375603,12324715105000,177982.0,27.0
13010,130100.0,1790707375613,12324724932400,177916.0,48.0
13011,130110.0,1790707375623,12324735040400,177790.0,48.0
13012,130120.0,1790707375633,12324745218500,177814.0,45.0
13013,130130.0,1790707375643,12324755162400,177731.0,41.0
13014,130140.0,1790707375653,12324765278300,177859.0,47.0
13015,130150.0,1790707375663,12324775188300,177852.0,48.0
13016,130160.0,1790707375673,12324785079500,177957.0,26.0
13017,130170.0,1790707375683,12324795130800,177976.0,36.0
13018,130180.0,1790707375694,12324805590800,178110.0,27.0
13019,130190.0,1790707375705,12324817224000,177978.0,34.0
13020,130200.0,1790707375713,12324825143300,177928.0,32.0
13021,130210.0,1790707375734,12324845730900,177747.0,32.0
13022,130220.0,1790707375736,12324848024600,177704.0,42.0
13023,130230.0,1790707375821,12324932809500,177618.0,56.0
13024,130240.0,1790707375888,12325000123600,177701.0,43.0
13025,130250.0,1790707375890,12325001737800,177644.0,37.0
13026,130260.0,1790707375891,12325003237900,177759.0,35.0
13027,130270.0,1790707375893,12325004639000,177760.0,38.0
13028,130280.0,1790707375894,12325006448100,177906.0,53.0
13029,130290.0,1790707375897,12325008925700,177859.0,46.0
13030,130300.0,1790707375899,12325010627400,177884.0,33.0
13031,130310.0,1790707375900,12325011998300,177744.0,35.0
13032,130320.0,1790707375901,12325013465300,177761.0,44.0
13033,130330.0,1790707375903,12325015009700,177661.0,49.0
13034,130340.0,1790707375905,12325016556200,177766.0,47.0
13035,130350.0,1790707375906,12325018184100,177695.0,46.0
13036,130360.0,1790707375908,12325019643100,177753.0,27.0
13037,130370.0,1790707375909,12325020994600,177599.0,36.0
13038,130380.0,1790707375911,12325023175200,177582.0,42.0
13039,130390.0,1790707375913,12325024864000,177408.0,42.0
13040,130400.0,1790707375915,12325026484600,177373.0,34.0
13041,130410.0,1790707375922,12325033976400,177274.0,44.0
13042,130420.0,1790707375932,12325043930700,177344.0,46.0
13043,130430.0,1790707375942,12325053927700,177198.0,45.0
13044,130440.0,1790707375952,12325064071900,177160.0,53.0
13045,130450.0,1790707375962,12325073892200,176932.0,50.0
13046,130460.0,1790707375972,12325083788400,176855.0,37.0
13047,130470.0,1790707375982,12325093829700,176670.0,56.0
13048,130480.0,1790707375992,12325103785100,176566.0,44.0
13049,130490.0,1790707376002,12325113895800,176350.0,49.0
13050,130500.0,1790707376012,12325123930300,176297.0,34.0
13051,130510.0,1790707376022,12325133956000,176128.0,55.0
13052,130520.0,1790707376032,12325143976900,176100.0,39.0
13053,130530.0,1790707376042,12325154178700,175992.0,34.0
13054,130540.0,1790707376052,12325164072200,176034.0,47.0
13055,130550.0,1790707376062,12325174220200,175952.0,60.0
13056,130560.0,1790707376072,12325184224400,176021.0,43.0
13057,130570.0,1790707376082,12325194217700,176025.0,46.0
13058,130580.0,1790707376092,12325204210200,176174.0,35.0
13059,130590.0,1790707376103,12325214627300,176214.0,50.0
13060,130600.0,1790707376112,12325224360600,176359.0,41.0
13061,130610.0,1790707376123,12325234538700,176401.0,33.0
13062,130620.0,1790707376132,12325244316300,176516.0,40.0
13063,130630.0,1790707376145,12325256549100,176439.0,55.0
13064,130640.0,1790707376154,12325266158000,176387.0,49.0
13065,130650.0,1790707376164,12325276271400,176289.0,35.0
13066,130660.0,1790707376174,12325286164400,176395.0,47.0
13067,130670.0,1790707376184,12325295766700,176411.0,59.0
13068,130680.0,1790707376193,12325304818900,176505.0,34.0
13069,130690.0,1790707376203,12325314836000,176469.0,33.0
13070,130700.0,1790707376213,12325324792500,176504.0,50.0
13071,130710.0,1790707376223,12325334612000,176447.0,36.0
13072,130720.0,1790707376233,12325344670300,176466.0,44.0
13073,130730.0,1790707376243,12325354998100,176472.0,54.0
13074,130740.0,1790707376253,12325364919800,176569.0,40.0
13075,130750.0,1790707376263,12325375062000,176588.0,44.0
13076,130760.0,1790707376273,12325385268300,176647.0,57.0
13077,130770.0,1790707376283,12325395325100,176611.0,39.0
13078,130780.0,1790707376294,12325405519200,176621.0,35.0
13079,130790.0,1790707376303,12325415444700,176629.0,42.0
13080,130800.0,1790707376314,12325425501500,176613.0,26.0
13081,130810.0,1790707376324,12325435605500,176519.0,37.0
13082,130820.0,1790707376334,12325445893600,176470.0,38.0
13083,130830.0,1790707376344,12325455521400,176381.0,44.0
13084,130840.0,1790707376354,12325466067300,176424.0,39.0
13085,130850.0,1790707376365,12325476584000,176439.0,45.0
13086,130860.0,1790707376375,12325486819300,176503.0,62.0
13087,130870.0,1790707376384,12325496445500,176518.0,46.0
13088,130880.0,1790707376395,12325506726700,176539.0,58.0
13089,130890.0,1790707376404,12325516141300,176524.0,39.0
13090,130900.0,1790707376414,12325526445700,176531.0,52.0
13091,130910.0,1790707376424,12325536071800,176499.0,48.0
13092,130920.0,1790707376435,12325546634200,176474.0,36.0
13093,130930.0,1790707376447,12325558520300,176405.0,45.0
13094,130940.0,1790707376469,12325580946600,176386.0,48.0
13095,130950.0,1790707376472,12325583740600,176345.0,54.0
13096,130960.0,1790707376474,12325585997800,176354.0,50.0
13097,130970.0,1790707376553,12325665478100,176392.0,57.0
13098,130980.0,1790707376609,12325721056000,176528.0,55.0
13099,130990.0,1790707376611,12325723007400,176636.0,61.0
13100,131000.0,1790707376613,12325724595100,176742.0,41.0
13101,131010.0,1790707376614,12325725942400,176753.0,55.0
13102,131020.0,1790707376615,12325727275100,176764.0,48.0
13103,131030.0,1790707376617,12325728568900,176710.0,43.0
13104,131040.0,1790707376618,12325729846500,176720.0,51.0
13105,131050.0,1790707376619,12325731084000,176707.0,56.0
13106,131060.0,1790707376620,12325732419800,176789.0,44.0
13107,131070.0,1790707376622,12325733732900,176862.0,49.0
13108,131080.0,1790707376623,12325734993700,176928.0,57.0
13109,131090.0,1790707376624,12325736308300,176975.0,28.0
13110,131100.0,1790707376626,12325737961900,177016.0,56.0
13111,131110.0,1790707376630,12325742055400,177059.0,38.0
13112,131120.0,1790707376633,12325745282300,177151.0,50.0
13113,131130.0,1790707376644,12325755647200,177212.0,52.0
13114,131140.0,1790707376653,12325765471300,177319.0,41.0
13115,131150.0,1790707376663,12325775474300,177435.0,44.0
13116,131160.0,1790707376673,12325785460200,177492.0,45.0
13117,131170.0,1790707376684,12325795494300,177559.0,49.0
13118,131180.0,1790707376694,12325805557200,177618.0,45.0
13119,131190.0,1790707376704,12325815545800,177645.0,44.0
13120,131200.0,1790707376714,12325825618100,177670.0,49.0
13121,131210.0,1790707376724,12325835600000,177710.0,47.0
13122,131220.0,1790707376734,12325845914000,177633.0,51.0
13123,131230.0,1790707376744,12325855944700,177570.0,51.0
13124,131240.0,1790707376754,12325865749000,177551.0,49.0
13125,131250.0,1790707376764,12325875798900,177519.0,36.0
13126,131260.0,1790707376774,12325885898900,177478.0,54.0
13127,131270.0,1790707376784,12325895921000,177462.0,64.0
13128,131280.0,1790707376794,12325905884700,177394.0,51.0
13129,131290.0,1790707376804,12325915903600,177308.0,46.0
13130,131300.0,1790707376814,12325925949100,177130.0,55.0
13131,131310.0,1790707376824,12325935701800,177029.0,52.0
13132,131320.0,1790707376834,12325945778200,176865.0,40.0
13133,131330.0,1790707376844,12325955764700,176783.0,39.0
13134,131340.0,1790707376854,12325965785700,176679.0,46.0
13135,131350.0,1790707376864,12325975891800,176622.0,39.0
13136,131360.0,1790707376874,12325985941700,176574.0,56.0
13137,131370.0,1790707376884,12325995940700,176558.0,42.0
13138,131380.0,1790707376898,12326009927400,176557.0,42.0
13139,131390.0,1790707376966,12326078424800,176589.0,48.0
13140,131400.0,1790707376976,12326088211100,176631.0,64.0
13141,131410.0,1790707377028,12326140404300,176761.0,34.0
13142,131420.0,1790707377030,12326141880000,176897.0,56.0
13143,131430.0,1790707377031,12326143162700,176973.0,35.0
13144,131440.0,1790707377032,12326144427500,177018.0,46.0
13145,131450.0,1790707377034,12326145665300,177119.0,42.0
13146,131460.0,1790707377035,12326146931700,177145.0,46.0
13147,131470.0,1790707377036,12326148219600,177126.0,44.0
13148,131480.0,1790707377038,12326149541500,177133.0,40.0
13149,131490.0,1790707377039,12326150778900,177172.0,36.0
13150,131500.0,1790707377040,12326152089400,177229.0,46.0
13151,131510.0,1790707377042,12326153605200,177386.0,59.0
13152,131520.0,1790707377043,12326155061100,177440.0,43.0
13153,131530.0,1790707377044,12326156474800,177539.0,44.0
13154,131540.0,1790707377054,12326166255700,177543.0,38.0
13155,131550.0,1790707377064,12326176257100,177566.0,34.0
13156,131560.0,1790707377074,12326186246600,177498.0,31.0
13157,131570.0,1790707377084,12326196300300,177471.0,29.0
13158,131580.0,1790707377094,12326206306700,177453.0,25.0
13159,131590.0,1790707377104,12326216435400,177534.0,37.0
13160,131600.0,1790707377114,12326226415300,177567.0,60.0
13161,131610.0,1790707377125,12326236697200,177649.0,49.0
13162,131620.0,1790707377134,12326246387500,177672.0,36.0
13163,131630.0,1790707377144,12326256470600,177689.0,50.0
13164,131640.0,1790707377155,12326266539100,177608.0,40.0
13165,131650.0,1790707377165,12326276577300,177602.0,36.0
13166,131660.0,1790707377175,12326286654200,177517.0,36.0
13167,131670.0,1790707377185,12326296694100,177554.0,26.0
13168,131680.0,1790707377195,12326306720100,177555.0,46.0
13169,131690.0,1790707377205,12326316754400,177607.0,52.0
13170,131700.0,1790707377215,12326326806200,177594.0,54.0
13171,131710.0,1790707377225,12326336851300,177639.0,39.0
13172,131720.0,1790707377235,12326346840400,177622.0,31.0
13173,131730.0,1790707377245,12326356676400,177663.0,51.0
13174,131740.0,1790707377255,12326366672600,177678.0,32.0
13175,131750.0,1790707377265,12326376687700,177813.0,34.0
13176,131760.0,1790707377275,12326386663300,177851.0,40.0
13177,131770.0,1790707377285,12326396949400,177940.0,34.0
13178,131780.0,1790707377295,12326407240000,177927.0,38.0
13179,131790.0,1790707377305,12326417231000,177937.0,40.0
13180,131800.0,1790707377316,12326427513900,177887.0,52.0
13181,131810.0,1790707377326,12326438074900,177913.0,41.0
13182,131820.0,1790707377336,12326447790800,177882.0,46.0
13183,131830.0,1790707377346,12326457854200,177925.0,43.0
13184,131840.0,1790707377356,12326468159100,177899.0,59.0
13185,131850.0,1790707377366,12326478215600,177954.0,49.0
13186,131860.0,1790707377376,12326487797400,177946.0,43.0
13187,131870.0,1790707377386,12326498211000,177967.0,34.0
13188,131880.0,1790707377397,12326508778900,177890.0,37.0
13189,131890.0,1790707377407,12326518837300,177905.0,26.0
13190,131900.0,1790707377417,12326528808700,177852.0,53.0
13191,131910.0,1790707377427,12326538940700,177915.0,33.0
13192,131920.0,1790707377437,12326548810600,177913.0,36.0
13193,131930.0,1790707377447,12326558659100,177938.0,54.0
13194,131940.0,1790707377457,12326568652800,177822.0,38.0
13195,131950.0,1790707377467,12326578925100,177890.0,40.0
13196,131960.0,1790707377477,12326588971900,177831.0,42.0
13197,131970.0,1790707377487,12326598747100,177939.0,46.0
13198,131980.0,1790707377497,12326608619000,177918.0,31.0
13199,131990.0,1790707377507,12326618784600,178016.0,34.0
13200,132000.0,1790707377517,12326628762300,177998.0,29.0
13201,132010.0,1790707377527,12326638785300,178130.0,51.0
13202,132020.0,1790707377537,12326648823100,178063.0,38.0
13203,132030.0,1790707377547,12326658752700,178126.0,37.0
13204,132040.0,1790707377557,12326669002800,178023.0,49.0
13205,132050.0,1790707377567,12326678974400,178084.0,46.0
13206,132060.0,1790707377577,12326689062600,177978.0,43.0
13207,132070.0,1790707377587,12326698991300,178046.0,48.0
13208,132080.0,1790707377597,12326708962000,177910.0,35.0
13209,132090.0,1790707377607,12326718965800,177869.0,30.0
13210,132100.0,1790707377617,12326729155600,177681.0,32.0
13211,132110.0,1790707377627,12326739201100,177649.0,40.0
13212,132120.0,1790707377638,12326749520100,177446.0,22.0
13213,132130.0,1790707377647,12326759353600,177401.0,44.0
13214,132140.0,1790707377658,12326769490300,177240.0,46.0
13215,132150.0,1790707377668,12326779568000,177210.0,44.0
13216,132160.0,1790707377677,12326789161300,177080.0,44.0
13217,132170.0,1790707377687,12326799147900,177133.0,51.0
13218,132180.0,1790707377697,12326809263800,177046.0,34.0
13219,132190.0,1790707377707,12326819436700,177112.0,52.0
13220,132200.0,1790707377718,12326829842000,177061.0,33.0
13221,132210.0,1790707377729,12326841433600,177122.0,32.0
13222,132220.0,1790707377807,12326919279000,177067.0,34.0
13223,132230.0,1790707377869,12326981048200,177144.0,36.0
13224,132240.0,1790707377871,12326982703200,177096.0,41.0
13225,132250.0,1790707377872,12326984271700,177202.0,48.0
13226,132260.0,1790707377874,12326985730700,177169.0,37.0
13227,132270.0,1790707377875,12326987151900,177230.0,43.0
13228,132280.0,1790707377877,12326988681600,177185.0,61.0
13229,132290.0,1790707377878,12326990244700,177309.0,22.0
13230,132300.0,1790707377880,12326991704600,177323.0,31.0
13231,132310.0,1790707377881,12326993225600,177489.0,43.0
13232,132320.0,1790707377886,12326997695100,177502.0,46.0
13233,132330.0,1790707377887,12326999400500,177670.0,39.0
13234,132340.0,1790707377889,12327000657800,177649.0,34.0
13235,132350.0,1790707377890,12327001890700,177772.0,52.0
13236,132360.0,1790707377891,12327003092700,177696.0,50.0
13237,132370.0,1790707377893,12327004583000,177809.0,48.0
13238,132380.0,1790707377896,12327007994200,177735.0,45.0
13239,132390.0,1790707377906,12327018106000,177788.0,40.0
13240,132400.0,1790707377916,12327028131600,177706.0,29.0
13241,132410.0,1790707377926,12327038226300,177807.0,44.0
13242,132420.0,1790707377936,12327048398300,177737.0,38.0
13243,132430.0,1790707377946,12327058236000,177833.0,35.0
13244,132440.0,1790707377956,12327068209000,177714.0,49.0
13245,132450.0,1790707377966,12327078349900,177740.0,36.0
13246,132460.0,1790707377976,12327088375800,177627.0,47.0
13247,132470.0,1790707377986,12327098423600,177704.0,62.0
13248,132480.0,1790707377996,12327108406800,177594.0,64.0
13249,132490.0,1790707378006,12327118442200,177667.0,46.0
13250,132500.0,1790707378017,12327128496800,177552.0,44.0
13251,132510.0,1790707378027,12327138585900,177663.0,23.0
13252,132520.0,1790707378037,12327148584600,177616.0,38.0
13253,132530.0,1790707378047,12327158512600,177749.0,46.0
13254,132540.0,1790707378057,12327168531700,177713.0,46.0
13255,132550.0,1790707378067,12327178656500,177859.0,49.0
13256,132560.0,1790707378077,12327188877600,177820.0,42.0
13257,132570.0,1790707378087,12327198718300,178027.0,40.0
13258,132580.0,1790707378097,12327208788000,178003.0,35.0
13259,132590.0,1790707378107,12327218509500,178147.0,49.0
13260,132600.0,1790707378117,12327228642600,178051.0,30.0
13261,132610.0,1790707378127,12327238879300,178118.0,29.0
13262,132620.0,1790707378137,12327248804200,178015.0,51.0
13263,132630.0,1790707378147,12327259091700,178119.0,38.0
13264,132640.0,1790707378157,12327269279100,178048.0,40.0
13265,132650.0,1790707378167,12327278982400,178199.0,44.0
13266,132660.0,1790707378177,12327289325800,178155.0,57.0
13267,132670.0,1790707378188,12327299570400,178285.0,31.0
13268,132680.0,1790707378198,12327309876000,178252.0,49.0
13269,132690.0,1790707378208,12327319810500,178409.0,39.0
13270,132700.0,1790707378219,12327330529500,178381.0,29.0
13271,132710.0,1790707378228,12327340476700,178519.0,41.0
13272,132720.0,1790707378239,12327351269200,178488.0,35.0
13273,132730.0,1790707378249,12327361115100,178631.0,29.0
13274,132740.0,1790707378259,12327371066300,178543.0,41.0
13275,132750.0,1790707378269,12327381380300,178655.0,45.0
13276,132760.0,1790707378279,12327390599900,178614.0,37.0
13277,132770.0,1790707378288,12327400282900,178742.0,46.0
13278,132780.0,1790707378298,12327409946800,178636.0,46.0
13279,132790.0,1790707378308,12327419665600,178684.0,36.0
13280,132800.0,1790707378318,12327429582700,178564.0,31.0
13281,132810.0,1790707378327,12327439394600,178641.0,26.0
13282,132820.0,1790707378338,12327449704000,178542.0,30.0
13283,132830.0,1790707378348,12327459790400,178561.0,36.0
13284,132840.0,1790707378358,12327469879500,178363.0,44.0
13285,132850.0,1790707378368,12327479691800,178343.0,36.0
13286,132860.0,1790707378378,12327490065200,178105.0,36.0
13287,132870.0,1790707378388,12327500119000,178046.0,30.0
13288,132880.0,1790707378398,12327510154000,177790.0,33.0
13289,132890.0,1790707378408,12327519658300,177738.0,30.0
13290,132900.0,1790707378418,12327529596000,177467.0,36.0
13291,132910.0,1790707378427,12327539459200,177449.0,35.0
13292,132920.0,1790707378438,12327549781800,177246.0,37.0
13293,132930.0,1790707378448,12327559701200,177327.0,18.0
13294,132940.0,1790707378458,12327569923100,177276.0,21.0
13295,132950.0,1790707378468,12327579941900,177454.0,39.0
13296,132960.0,1790707378478,12327589712900,177426.0,44.0
13297,132970.0,1790707378488,12327600138300,177636.0,42.0
13298,132980.0,1790707378498,12327610148600,177625.0,31.0
13299,132990.0,1790707378508,12327620361200,177810.0,39.0
13300,133000.0,1790707378518,12327629924200,177666.0,30.0
13301,133010.0,1790707378528,12327639904000,177714.0,22.0
13302,133020.0,1790707378538,12327650194700,177620.0,40.0
13303,133030.0,1790707378548,12327660465800,177737.0,26.0
13304,133040.0,1790707378559,12327670987600,177707.0,42.0
13305,133050.0,1790707378569,12327680946400,177863.0,15.0
13306,133060.0,1790707378579,12327690884200,177776.0,23.0
13307,133070.0,1790707378589,12327700838000,177836.0,21.0
13308,133080.0,1790707378599,12327710984900,177642.0,34.0
13309,133090.0,1790707378609,12327720821300,177643.0,18.0
13310,133100.0,1790707378619,12327731348200,177496.0,36.0
13311,133110.0,1790707378629,12327740989800,177590.0,46.0
13312,133120.0,1790707378639,12327751440200,177498.0,36.0
13313,133130.0,1790707378649,12327761417100,177623.0,26.0
13314,133140.0,1790707378660,12327771533500,177459.0,45.0
13315,133150.0,1790707378670,12327781498100,177487.0,22.0
13316,133160.0,1790707378680,12327791482800,177289.0,40.0
13317,133170.0,1790707378689,12327800984800,177304.0,12.0
13318,133180.0,1790707378700,12327811636500,177134.0,32.0
13319,133190.0,1790707378710,12327821568300,177233.0,41.0
13320,133200.0,1790707378720,12327831491300,177142.0,56.0
13321,133210.0,1790707378743,12327855133400,177268.0,36.0
13322,133220.0,1790707378745,12327856880700,177176.0,49.0
13323,133230.0,1790707378829,12327940954300,177288.0,36.0
13324,133240.0,1790707378888,12328000064600,177167.0,30.0
13325,133250.0,1790707378890,12328001536700,177276.0,37.0
13326,133260.0,1790707378891,12328002822400,177148.0,50.0
13327,133270.0,1790707378893,12328005166800,177245.0,42.0
13328,133280.0,1790707378895,12328007022800,177084.0,20.0
13329,133290.0,1790707378896,12328008360200,177133.0,36.0
13330,133300.0,1790707378898,12328009743600,177042.0,26.0
13331,133310.0,1790707378899,12328011012400,177133.0,46.0
13332,133320.0,1790707378900,12328012294400,177062.0,45.0
13333,133330.0,1790707378902,12328013581900,177185.0,39.0
13334,133340.0,1790707378903,12328014811900,177131.0,29.0
13335,133350.0,1790707378904,12328016148400,177275.0,41.0
13336,133360.0,1790707378905,12328017460300,177200.0,28.0
13337,133370.0,1790707378907,12328018722400,177318.0,40.0
13338,133380.0,1790707378908,12328020240600,177180.0,33.0
13339,133390.0,1790707378910,12328021682900,177279.0,40.0
13340,133400.0,1790707378919,12328030535000,177178.0,38.0
13341,133410.0,1790707378929,12328040495900,177282.0,55.0
13342,133420.0,1790707378939,12328050500100,177150.0,29.0
13343,133430.0,1790707378949,12328060711700,177264.0,47.0
13344,133440.0,1790707378959,12328070696500,177186.0,44.0
13345,133450.0,1790707378969,12328080680900,177326.0,64.0
13346,133460.0,1790707378978,12328090406300,177279.0,58.0
13347,133470.0,1790707378988,12328100428300,177445.0,27.0
13348,133480.0,1790707378999,12328110488600,177337.0,36.0
13349,133490.0,1790707379009,12328120512800,177448.0,37.0
13350,133500.0,1790707379018,12328130471600,177353.0,28.0
13351,133510.0,1790707379029,12328140565700,177460.0,41.0
13352,133520.0,1790707379039,12328150738900,177363.0,38.0
13353,133530.0,1790707379049,12328160983800,177379.0,47.0
13354,133540.0,1790707379059,12328170662600,177260.0,24.0
13355,133550.0,1790707379069,12328180668500,177329.0,46.0
13356,133560.0,1790707379079,12328190762000,177206.0,38.0
13357,133570.0,1790707379089,12328200790800,177307.0,41.0
13358,133580.0,1790707379099,12328210800700,177232.0,27.0
13359,133590.0,1790707379109,12328221170600,177363.0,38.0
13360,133600.0,1790707379119,12328231355400,177290.0,37.0
13361,133610.0,1790707379129,12328241094000,177397.0,26.0
13362,133620.0,1790707379139,12328251428100,177296.0,40.0
13363,133630.0,1790707379149,12328261221500,177313.0,39.0
13364,133640.0,1790707379159,12328271425200,177121.0,47.0
13365,133650.0,1790707379170,12328281873200,177060.0,34.0
13366,133660.0,1790707379180,12328291910800,176840.0,32.0
13367,133670.0,1790707379190,12328301681900,176768.0,54.0
13368,133680.0,1790707379200,12328311774000,176535.0,32.0
13369,133690.0,1790707379210,12328321990600,176481.0,30.0
13370,133700.0,1790707379220,12328332333700,176180.0,40.0
13371,133710.0,1790707379230,12328342353100,176061.0,39.0
13372,133720.0,1790707379240,12328352245500,175805.0,33.0
13373,133730.0,1790707379250,12328362457400,175813.0,46.0
13374,133740.0,1790707379260,12328372129200,175636.0,58.0
13375,133750.0,1790707379271,12328382526200,175726.0,40.0
13376,133760.0,1790707379280,12328391769200,175640.0,47.0
13377,133770.0,1790707379290,12328401804800,175725.0,33.0
13378,133780.0,1790707379300,12328411962700,175632.0,43.0
13379,133790.0,1790707379310,12328421878300,175798.0,31.0
13380,133800.0,1790707379321,12328432535000,175789.0,27.0
13381,133810.0,1790707379330,12328441590700,175941.0,30.0
13382,133820.0,1790707379340,12328452042600,175916.0,29.0
13383,133830.0,1790707379350,12328462094100,176041.0,45.0
13384,133840.0,1790707379360,12328471995200,176009.0,45.0
13385,133850.0,1790707379370,12328482077800,176139.0,53.0
13386,133860.0,1790707379380,12328492460200,176133.0,52.0
13387,133870.0,1790707379391,12328502765800,176298.0,60.0
13388,133880.0,1790707379401,12328512808800,176273.0,45.0
13389,133890.0,1790707379411,12328522534500,176386.0,52.0
13390,133900.0,1790707379421,12328532582200,176397.0,51.0
13391,133910.0,1790707379431,12328542583400,176521.0,43.0
13392,133920.0,1790707379441,12328552672800,176432.0,41.0
13393,133930.0,1790707379450,12328562379600,176467.0,42.0
13394,133940.0,1790707379461,12328572523500,176433.0,46.0
13395,133950.0,1790707379471,12328582652100,176564.0,45.0
13396,133960.0,1790707379481,12328592886800,176589.0,44.0
13397,133970.0,1790707379491,12328602810000,176764.0,45.0
13398,133980.0,1790707379501,12328612767400,176805.0,55.0
13399,133990.0,1790707379511,12328622744200,176883.0,44.0
13400,134000.0,1790707379521,12328632825600,176776.0,38.0
13401,134010.0,1790707379531,12328642783600,176762.0,44.0
13402,134020.0,1790707379541,12328653294800,176681.0,44.0
13403,134030.0,1790707379551,12328663271900,176718.0,32.0
13404,134040.0,1790707379561,12328673366300,176644.0,35.0
13405,134050.0,1790707379571,12328683299400,176737.0,37.0
13406,134060.0,1790707379581,12328693255300,176688.0,44.0
13407,134070.0,1790707379592,12328703483400,176738.0,30.0
13408,134080.0,1790707379600,12328712064200,176646.0,57.0
13409,134090.0,1790707379610,12328722023300,176727.0,47.0
13410,134100.0,1790707379621,12328732714500,176706.0,46.0
13411,134110.0,1790707379630,12328742383200,176832.0,39.0
13412,134120.0,1790707379641,12328752681400,176872.0,36.0
13413,134130.0,1790707379651,12328762512300,176951.0,32.0
13414,134140.0,1790707379661,12328772517600,176926.0,24.0
13415,134150.0,1790707379671,12328782707900,177028.0,34.0
13416,134160.0,1790707379681,12328792817500,176958.0,54.0
13417,134170.0,1790707379690,12328802411900,177001.0,41.0
13418,134180.0,1790707379701,12328813067700,176965.0,39.0
13419,134190.0,1790707379711,12328823316300,177086.0,27.0
13420,134200.0,1790707379722,12328833918200,177105.0,44.0
13421,134210.0,1790707379748,12328860290200,177228.0,40.0
13422,134220.0,1790707379750,12328861959900,177168.0,40.0
13423,134230.0,1790707379752,12328863646700,177251.0,41.0
13424,134240.0,1790707379825,12328937078200,177183.0,27.0
13425,134250.0,1790707379887,12328998806000,177222.0,39.0
13426,134260.0,1790707379888,12329000423000,177148.0,34.0
13427,134270.0,1790707379890,12329001901000,177216.0,28.0
13428,134280.0,1790707379892,12329003749300,177171.0,44.0
13429,134290.0,1790707379894,12329006186900,177260.0,39.0
13430,134300.0,1790707379896,12329007568400,177247.0,47.0
13431,134310.0,1790707379897,12329008937700,177390.0,58.0
13432,134320.0,1790707379898,12329010206000,177429.0,44.0
13433,134330.0,1790707379900,12329011544200,177527.0,39.0
13434,134340.0,1790707379901,12329012826400,177462.0,43.0
13435,134350.0,1790707379902,12329014100500,177486.0,36.0
13436,134360.0,1790707379903,12329015303000,177404.0,43.0
13437,134370.0,1790707379904,12329016468700,177443.0,46.0
13438,134380.0,1790707379906,12329017627700,177394.0,50.0
13439,134390.0,1790707379911,12329023173900,177412.0,39.0
13440,134400.0,1790707379921,12329032511300,177331.0,42.0
13441,134410.0,1790707379931,12329042602400,177371.0,61.0
13442,134420.0,1790707379941,12329052640600,177263.0,41.0
13443,134430.0,1790707379951,12329062646200,177281.0,50.0
13444,134440.0,1790707379961,12329073069900,177250.0,48.0
13445,134450.0,1790707379971,12329082787200,177305.0,51.0
13446,134460.0,1790707379981,12329092818000,177310.0,47.0
13447,134470.0,1790707379991,12329102812900,177367.0,45.0
13448,134480.0,1790707380001,12329113042900,177276.0,42.0
13449,134490.0,1790707380011,12329122978000,177182.0,40.0
13450,134500.0,1790707380021,12329132905800,176976.0,32.0
13451,134510.0,1790707380031,12329142904100,176821.0,37.0
13452,134520.0,1790707380041,12329153046800,176657.0,29.0
13453,134530.0,1790707380051,12329163092400,176572.0,43.0
13454,134540.0,1790707380061,12329173065300,176386.0,43.0
13455,134550.0,1790707380071,12329183079300,176314.0,45.0
13456,134560.0,1790707380081,12329192820300,176204.0,36.0
13457,134570.0,1790707380091,12329203056500,176176.0,43.0
13458,134580.0,1790707380101,12329212875500,176155.0,42.0
13459,134590.0,1790707380111,12329222919500,176228.0,43.0
13460,134600.0,1790707380121,12329232929800,176263.0,40.0
13461,134610.0,1790707380131,12329243086900,176355.0,33.0
13462,134620.0,1790707380142,12329254416200,176382.0,40.0
13463,134630.0,1790707380152,12329263974400,176433.0,42.0
13464,134640.0,1790707380162,12329273884100,176426.0,49.0
13465,134650.0,1790707380172,12329283932800,176461.0,42.0
13466,134660.0,1790707380182,12329293485300,176454.0,52.0
13467,134670.0,1790707380191,12329303219300,176524.0,62.0
13468,134680.0,1790707380202,12329313578600,176538.0,55.0
13469,134690.0,1790707380212,12329323707400,176643.0,47.0
13470,134700.0,1790707380222,12329333796300,176712.0,41.0
13471,134710.0,1790707380232,12329343771200,176879.0,35.0
13472,134720.0,1790707380242,12329353717500,176965.0,38.0
13473,134730.0,1790707380252,12329363919600,177064.0,44.0
13474,134740.0,1790707380262,12329374043300,177078.0,34.0
13475,134750.0,1790707380272,12329384176200,177082.0,49.0
13476,134760.0,1790707380282,12329394228800,177033.0,43.0
13477,134770.0,1790707380292,12329404157600,177051.0,63.0
13478,134780.0,1790707380302,12329414393400,177050.0,46.0
13479,134790.0,1790707380312,12329424269400,177097.0,57.0
13480,134800.0,1790707380322,12329434152000,177137.0,30.0
13481,134810.0,1790707380332,12329444283200,177247.0,49.0
13482,134820.0,1790707380342,12329454405300,177266.0,40.0
13483,134830.0,1790707380353,12329464657200,177268.0,43.0
13484,134840.0,1790707380362,12329474029800,177234.0,45.0
13485,134850.0,1790707380372,12329484024000,177200.0,51.0
13486,134860.0,1790707380382,12329494222000,177168.0,48.0
13487,134870.0,1790707380392,12329504135300,177194.0,59.0
13488,134880.0,1790707380402,12329514172900,177203.0,44.0
13489,134890.0,1790707380412,12329524053100,177281.0,50.0
13490,134900.0,1790707380424,12329535864500,177235.0,46.0
13491,134910.0,1790707380434,12329546123400,177294.0,49.0
13492,134920.0,1790707380444,12329555645700,177315.0,48.0
13493,134930.0,1790707380454,12329565752600,177364.0,47.0
13494,134940.0,1790707380464,12329575928100,177335.0,53.0
13495,134950.0,1790707380474,12329586284600,177260.0,49.0
13496,134960.0,1790707380484,12329596062100,177210.0,49.0
13497,134970.0,1790707380494,12329606073600,177279.0,49.0
13498,134980.0,1790707380504,12329615647900,177349.0,46.0
13499,134990.0,1790707380514,12329625576700,177336.0,46.0
13500,135000.0,1790707380524,12329635786100,177273.0,54.0
13501,135010.0,1790707380534,12329645730700,177253.0,54.0
13502,135020.0,1790707380544,12329655832700,177276.0,63.0
13503,135030.0,1790707380554,12329665735900,177344.0,47.0
13504,135040.0,1790707380564,12329675766600,177440.0,48.0
13505,135050.0,1790707380574,12329686002400,177534.0,49.0
13506,135060.0,1790707380583,12329695461500,177595.0,53.0
13507,135070.0,1790707380593,12329705429700,177623.0,37.0
13508,135080.0,1790707380604,12329715782400,177659.0,34.0
13509,135090.0,1790707380613,12329725086300,177614.0,45.0
13510,135100.0,1790707380623,12329735296000,177540.0,39.0
13511,135110.0,1790707380634,12329745767600,177417.0,44.0
13512,135120.0,1790707380644,12329755518900,177309.0,44.0
13513,135130.0,1790707380653,12329765282400,177187.0,54.0
13514,135140.0,1790707380664,12329775910800,177099.0,55.0
13515,135150.0,1790707380674,12329786077300,177118.0,47.0
13516,135160.0,1790707380684,12329795900600,177161.0,51.0
13517,135170.0,1790707380694,12329806343900,177226.0,47.0
13518,135180.0,1790707380703,12329815316700,177296.0,45.0
13519,135190.0,1790707380719,12329831275400,177309.0,40.0
13520,135200.0,1790707380723,12329834561700,177291.0,46.0
13521,135210.0,1790707380797,12329908865400,177224.0,51.0
13522,135220.0,1790707380864,12329975535200,177143.0,40.0
13523,135230.0,1790707380866,12329977750700,177075.0,43.0
13524,135240.0,1790707380867,12329979083600,177007.0,43.0
13525,135250.0,1790707380868,12329980314000,176912.0,53.0
13526,135260.0,1790707380870,12329981511800,176824.0,67.0
13527,135270.0,1790707380871,12329982838500,176718.0,39.0
13528,135280.0,1790707380872,12329984053600,176619.0,50.0
13529,135290.0,1790707380874,12329985520500,176487.0,39.0
13530,135300.0,1790707380875,12329987391600,176430.0,57.0
13531,135310.0,1790707380877,12329988976500,176385.0,52.0
13532,135320.0,1790707380879,12329990487300,176333.0,33.0
13533,135330.0,1790707380880,12329991805900,176249.0,42.0
13534,135340.0,1790707380881,12329993157900,176120.0,36.0
13535,135350.0,1790707380882,12329994456100,175929.0,37.0
13536,135360.0,1790707380884,12329995833900,175820.0,43.0
13537,135370.0,1790707380893,12330004898600,175700.0,39.0
13538,135380.0,1790707380903,12330015120900,175717.0,40.0
13539,135390.0,1790707380913,12330024891600,175767.0,51.0
13540,135400.0,1790707380923,12330035043700,175938.0,32.0
13541,135410.0,1790707380933,12330044856200,176047.0,52.0
13542,135420.0,1790707380943,12330054922000,176167.0,48.0
13543,135430.0,1790707380953,12330065073300,176232.0,34.0
13544,135440.0,1790707380963,12330075108400,176285.0,29.0
13545,135450.0,1790707380973,12330085151600,176301.0,30.0
13546,135460.0,1790707380983,12330095092800,176329.0,37.0
13547,135470.0,1790707380993,12330105141800,176336.0,38.0
13548,135480.0,1790707381003,12330115165400,176384.0,36.0
13549,135490.0,1790707381013,12330125228400,176383.0,41.0
13550,135500.0,1790707381023,12330135270100,176404.0,40.0
13551,135510.0,1790707381033,12330145235600,176406.0,53.0
13552,135520.0,1790707381043,12330155364400,176462.0,41.0
13553,135530.0,1790707381053,12330165036500,176514.0,50.0
13554,135540.0,1790707381063,12330175180700,176582.0,47.0
13555,135550.0,1790707381073,12330185224000,176582.0,47.0
13556,135560.0,1790707381083,12330195253000,176593.0,42.0
13557,135570.0,1790707381094,12330205690400,176553.0,41.0
13558,135580.0,1790707381104,12330216430200,176583.0,37.0
13559,135590.0,1790707381115,12330226878100,176597.0,49.0
13560,135600.0,1790707381125,12330237012500,176682.0,40.0
13561,135610.0,1790707381135,12330246965500,176711.0,36.0
13562,135620.0,1790707381145,12330257058600,176776.0,37.0
13563,135630.0,1790707381155,12330267061100,176784.0,45.0
13564,135640.0,1790707381165,12330276948700,176853.0,39.0
13565,135650.0,1790707381175,12330286948700,176818.0,44.0
13566,135660.0,1790707381185,12330297325200,176814.0,40.0
13567,135670.0,1790707381195,12330307326400,176761.0,47.0
13568,135680.0,1790707381206,12330318267400,176728.0,31.0
13569,135690.0,1790707381215,12330327320300,176673.0,49.0
13570,135700.0,1790707381225,12330337256200,176705.0,26.0
13571,135710.0,1790707381236,12330347585300,176740.0,32.0
13572,135720.0,1790707381246,12330357625300,176823.0,46.0
13573,135730.0,1790707381255,12330366781700,176812.0,52.0
13574,135740.0,1790707381265,12330376793000,176876.0,38.0
13575,135750.0,1790707381275,12330386719800,176829.0,44.0
13576,135760.0,1790707381285,12330397132700,176859.0,40.0
13577,135770.0,1790707381295,12330406626700,176790.0,50.0
13578,135780.0,1790707381305,12330416637800,176852.0,28.0
13579,135790.0,1790707381315,12330426635200,176832.0,55.0
13580,135800.0,1790707381324,12330436280700,176885.0,34.0
13581,135810.0,1790707381335,12330446637100,176865.0,35.0
13582,135820.0,1790707381345,12330456756100,176972.0,27.0
13583,135830.0,1790707381354,12330466468900,176952.0,27.0
13584,135840.0,1790707381364,12330476388000,177037.0,46.0
13585,135850.0,1790707381374,12330486100000,177042.0,57.0
13586,135860.0,1790707381384,12330496114700,177155.0,50.0
13587,135870.0,1790707381395,12330506675600,177120.0,53.0
13588,135880.0,1790707381405,12330516674400,177269.0,42.0
13589,135890.0,1790707381414,12330526094900,177263.0,37.0
13590,135900.0,1790707381425,12330536627600,177360.0,53.0
13591,135910.0,1790707381434,12330546211000,177345.0,34.0
13592,135920.0,1790707381445,12330556818300,177517.0,39.0
13593,135930.0,1790707381455,12330566973400,177586.0,52.0
13594,135940.0,1790707381465,12330577117100,177794.0,39.0
13595,135950.0,1790707381475,12330587364300,177831.0,36.0
13596,135960.0,1790707381486,12330597738200,177977.0,38.0
13597,135970.0,1790707381497,12330608581300,177935.0,30.0
13598,135980.0,1790707381507,12330618614600,177945.0,38.0
13599,135990.0,1790707381517,12330628672700,177840.0,46.0
13600,136000.0,1790707381526,12330637773700,177927.0,48.0
13601,136010.0,1790707381536,12330648263200,177894.0,29.0
13602,136020.0,1790707381545,12330656891900,178039.0,47.0
13603,136030.0,1790707381555,12330667099600,178065.0,41.0
13604,136040.0,1790707381565,12330676788600,178199.0,38.0
13605,136050.0,1790707381575,12330686795800,178183.0,23.0
13606,136060.0,1790707381585,12330696990900,178213.0,47.0
13607,136070.0,1790707381595,12330707078900,178016.0,45.0
13608,136080.0,1790707381605,12330717127800,177943.0,48.0
13609,136090.0,1790707381615,12330727474700,177668.0,45.0
13610,136100.0,1790707381625,12330737374900,177556.0,47.0
13611,136110.0,1790707381636,12330747565700,177269.0,29.0
13612,136120.0,1790707381646,12330758023900,177160.0,29.0
13613,136130.0,1790707381655,12330767011700,176923.0,37.0
13614,136140.0,1790707381665,12330777182100,176849.0,45.0
13615,136150.0,1790707381675,12330787166100,176668.0,26.0
13616,136160.0,1790707381685,12330797305200,176679.0,32.0
13617,136170.0,1790707381695,12330807460200,176507.0,29.0
13618,136180.0,1790707381706,12330817602600,176551.0,43.0
13619,136190.0,1790707381716,12330828070800,176453.0,44.0
13620,136200.0,1790707381729,12330840799600,176529.0,47.0
13621,136210.0,1790707381815,12330926582100,176462.0,37.0
13622,136220.0,1790707381879,12330990988900,176546.0,53.0
13623,136230.0,1790707381881,12330992549100,176515.0,39.0
13624,136240.0,1790707381882,12330993931500,176629.0,34.0
13625,136250.0,1790707381883,12330995213300,176625.0,36.0
13626,136260.0,1790707381884,12330996468600,176783.0,46.0
13627,136270.0,1790707381886,12330997691700,176794.0,41.0
13628,136280.0,1790707381887,12330998938300,176952.0,33.0
13629,136290.0,1790707381888,12331000233000,176994.0,48.0
13630,136300.0,1790707381890,12331001801700,177176.0,60.0
13631,136310.0,1790707381891,12331003383900,177199.0,47.0
13632,136320.0,1790707381896,12331007690400,177427.0,45.0
13633,136330.0,1790707381897,12331009151000,177401.0,40.0
13634,136340.0,1790707381899,12331010487900,177508.0,42.0
13635,136350.0,1790707381900,12331011805900,177356.0,47.0
13636,136360.0,1790707381901,12331013103000,177269.0,51.0
13637,136370.0,1790707381902,12331014428400,177008.0,46.0
13638,136380.0,1790707381905,12331017174400,176939.0,51.0
13639,136390.0,1790707381915,12331027471100,176755.0,41.0
13640,136400.0,1790707381925,12331037203800,176842.0,40.0
13641,136410.0,1790707381935,12331047437200,176836.0,53.0
13642,136420.0,1790707381945,12331057066100,177045.0,45.0
13643,136430.0,1790707381955,12331067377000,177092.0,30.0
13644,136440.0,1790707381965,12331077071300,177263.0,25.0
13645,136450.0,1790707381975,12331087347600,177208.0,43.0
13646,136460.0,1790707381985,12331097168800,177233.0,32.0
13647,136470.0,1790707381995,12331107238300,177100.0,52.0
13648,136480.0,1790707382005,12331117307300,177059.0,48.0
13649,136490.0,1790707382016,12331127616900,176883.0,42.0
13650,136500.0,1790707382025,12331137316200,176881.0,49.0
13651,136510.0,1790707382035,12331147444500,176710.0,42.0
13652,136520.0,1790707382045,12331157403900,176764.0,55.0
13653,136530.0,1790707382056,12331167591700,176698.0,50.0
13654,136540.0,1790707382066,12331177545700,176843.0,39.0
13655,136550.0,1790707382076,12331187537200,176797.0,28.0
13656,136560.0,1790707382086,12331197560700,176923.0,24.0
13657,136570.0,1790707382096,12331207601900,176882.0,47.0
13658,136580.0,1790707382106,12331217837400,176964.0,40.0
13659,136590.0,1790707382116,12331227659400,176875.0,40.0
13660,136600.0,1790707382126,12331238163700,176968.0,55.0
13661,136610.0,1790707382137,12331248779400,176878.0,51.0
13662,136620.0,1790707382146,12331258293100,176950.0,26.0
13663,136630.0,1790707382157,12331269326700,176821.0,42.0
13664,136640.0,1790707382167,12331279386200,176931.0,50.0
13665,136650.0,1790707382177,12331289091000,176910.0,40.0
13666,136660.0,1790707382188,12331299779300,177050.0,20.0
13667,136670.0,1790707382197,12331309433400,177020.0,32.0
13668,136680.0,1790707382207,12331319138700,177163.0,38.0
13669,136690.0,1790707382217,12331329427700,177146.0,20.0
13670,136700.0,1790707382227,12331339441200,177264.0,35.0
13671,136710.0,1790707382237,12331349322200,177234.0,31.0
13672,136720.0,1790707382247,12331359289300,177367.0,49.0
13673,136730.0,1790707382258,12331369520200,177288.0,56.0
13674,136740.0,1790707382268,12331379745300,177376.0,43.0
13675,136750.0,1790707382278,12331389694600,177296.0,41.0
13676,136760.0,1790707382288,12331400308500,177356.0,40.0
13677,136770.0,1790707382298,12331409739000,177317.0,40.0
13678,136780.0,1790707382308,12331419651100,177439.0,27.0
13679,136790.0,1790707382318,12331429981500,177365.0,46.0
13680,136800.0,1790707382328,12331440243200,177430.0,32.0
13681,136810.0,1790707382338,12331450159700,177252.0,38.0
13682,136820.0,1790707382348,12331460215000,177284.0,33.0
13683,136830.0,1790707382358,12331469839900,177126.0,45.0
13684,136840.0,1790707382368,12331479593500,177234.0,40.0
13685,136850.0,1790707382377,12331489395000,177059.0,33.0
13686,136860.0,1790707382387,12331498526100,177143.0,30.0
13687,136870.0,1790707382396,12331508292800,177018.0,35.0
13688,136880.0,1790707382406,12331518375100,177074.0,37.0
13689,136890.0,1790707382417,12331528608200,176877.0,26.0
13690,136900.0,1790707382427,12331539010400,176871.0,35.0
13691,136910.0,1790707382437,12331549041400,176670.0,42.0
13692,136920.0,1790707382447,12331558997900,176663.0,38.0
13693,136930.0,1790707382457,12331569111700,176500.0,23.0
13694,136940.0,1790707382467,12331579339300,176553.0,29.0
13695,136950.0,1790707382477,12331589416000,176460.0,38.0
13696,136960.0,1790707382488,12331599531400,176512.0,34.0
13697,136970.0,1790707382498,12331609477500,176387.0,24.0
13698,136980.0,1790707382507,12331619405600,176423.0,31.0
13699,136990.0,1790707382517,12331629372400,176302.0,16.0
13700,137000.0,1790707382527,12331639466800,176345.0,27.0
13701,137010.0,1790707382538,12331649593600,176250.0,33.0
13702,137020.0,1790707382548,12331659692300,176365.0,30.0
13703,137030.0,1790707382558,12331670198600,176312.0,38.0
13704,137040.0,1790707382567,12331678645400,176500.0,44.0
13705,137050.0,1790707382576,12331688350700,176512.0,16.0
13706,137060.0,1790707382587,12331699081700,176720.0,35.0
13707,137070.0,1790707382597,12331709108200,176695.0,42.0
13708,137080.0,1790707382607,12331719026500,176878.0,27.0
13709,137090.0,1790707382617,12331728973300,176792.0,39.0
13710,137100.0,1790707382627,12331739245000,176965.0,31.0
13711,137110.0,1790707382638,12331749517400,176872.0,63.0
13712,137120.0,1790707382648,12331759520400,177005.0,35.0
13713,137130.0,1790707382658,12331769646700,176890.0,35.0
13714,137140.0,1790707382668,12331779742900,177046.0,34.0
13715,137150.0,1790707382678,12331789747600,176978.0,43.0
13716,137160.0,1790707382688,12331799634000,177141.0,36.0
13717,137170.0,1790707382698,12331809768500,177082.0,39.0
13718,137180.0,1790707382708,12331819656600,177186.0,37.0
13719,137190.0,1790707382718,12331830177000,177098.0,42.0
13720,137200.0,1790707382733,12331845304200,177213.0,30.0
13721,137210.0,1790707382737,12331848991600,177068.0,38.0
13722,137220.0,1790707382810,12331921921100,177200.0,43.0
13723,137230.0,1790707382871,12331982586200,177146.0,43.0
13724,137240.0,1790707382874,12331985782100,177267.0,42.0
13725,137250.0,1790707382876,12331987780700,177203.0,41.0
13726,137260.0,1790707382877,12331989043600,177333.0,42.0
13727,137270.0,1790707382878,12331990272500,177274.0,43.0
13728,137280.0,1790707382880,12331991482300,177284.0,53.0
13729,137290.0,1790707382881,12331992743500,177141.0,40.0
13730,137300.0,1790707382882,12331994005300,177213.0,33.0
13731,137310.0,1790707382883,12331995225700,177122.0,41.0
13732,137320.0,1790707382884,12331996412500,177258.0,44.0
13733,137330.0,1790707382886,12331997623900,177191.0,40.0
13734,137340.0,1790707382887,12331998794400,177275.0,50.0
13735,137350.0,1790707382889,12332000990900,177144.0,46.0
13736,137360.0,1790707382891,12332002883100,177240.0,39.0
13737,137370.0,1790707382897,12332009379000,177106.0,46.0
13738,137380.0,1790707382907,12332019323400,177286.0,45.0
13739,137390.0,1790707382917,12332029316200,177266.0,27.0
13740,137400.0,1790707382927,12332039333700,177405.0,31.0
13741,137410.0,1790707382938,12332049704200,177340.0,26.0
13742,137420.0,1790707382947,12332059429900,177482.0,45.0
13743,137430.0,1790707382957,12332069453900,177382.0,50.0
13744,137440.0,1790707382967,12332079466300,177507.0,37.0
13745,137450.0,1790707382978,12332089524000,177427.0,35.0
13746,137460.0,1790707382988,12332099656600,177557.0,24.0
13747,137470.0,1790707382997,12332109284300,177448.0,30.0
13748,137480.0,1790707383007,12332119345400,177547.0,20.0
13749,137490.0,1790707383017,12332129308700,177515.0,33.0
13750,137500.0,1790707383027,12332139429300,177686.0,29.0
13751,137510.0,1790707383037,12332149395100,177651.0,42.0
13752,137520.0,1790707383048,12332159542400,177806.0,22.0
13753,137530.0,1790707383057,12332169460000,177739.0,38.0
13754,137540.0,1790707383068,12332179657500,177768.0,40.0
13755,137550.0,1790707383078,12332189633500,177643.0,30.0
13756,137560.0,1790707383088,12332200233400,177724.0,32.0
13757,137570.0,1790707383098,12332209640800,177641.0,41.0
13758,137580.0,1790707383109,12332220576100,177792.0,35.0
13759,137590.0,1790707383119,12332230812600,177747.0,38.0
13760,137600.0,1790707383129,12332240482800,177786.0,52.0
13761,137610.0,1790707383139,12332251044000,177564.0,50.0
13762,137620.0,1790707383149,12332260520300,177526.0,35.0
13763,137630.0,1790707383158,12332270335200,177240.0,43.0
13764,137640.0,1790707383168,12332280204000,177207.0,39.0
13765,137650.0,1790707383178,12332290010500,177018.0,45.0
13766,137660.0,1790707383189,12332301309400,177038.0,49.0
13767,137670.0,1790707383199,12332310771300,176898.0,50.0
13768,137680.0,1790707383209,12332320521400,176942.0,41.0
13769,137690.0,1790707383218,12332330380400,176772.0,43.0
13770,137700.0,1790707383228,12332340385300,176811.0,33.0
13771,137710.0,1790707383239,12332350668600,176671.0,42.0
13772,137720.0,1790707383249,12332360537000,176728.0,34.0
13773,137730.0,1790707383258,12332370139500,176637.0,34.0
13774,137740.0,1790707383268,12332380185900,176768.0,35.0
13775,137750.0,1790707383278,12332390451600,176757.0,28.0
13776,137760.0,1790707383288,12332400257000,176908.0,52.0
13777,137770.0,1790707383299,12332410547800,176875.0,49.0
13778,137780.0,1790707383308,12332420238400,176942.0,37.0
13779,137790.0,1790707383318,12332430186200,176829.0,43.0
13780,137800.0,1790707383328,12332440216800,176824.0,39.0
13781,137810.0,1790707383338,12332450220900,176661.0,37.0
13782,137820.0,1790707383348,12332460190800,176660.0,41.0
13783,137830.0,1790707383358,12332470355000,176559.0,51.0
13784,137840.0,1790707383368,12332480283500,176680.0,38.0
13785,137850.0,1790707383378,12332490436700,176593.0,49.0
13786,137860.0,1790707383388,12332500402000,176619.0,45.0
13787,137870.0,1790707383398,12332510381300,176505.0,41.0
13788,137880.0,1790707383409,12332520695300,176523.0,56.0
13789,137890.0,1790707383419,12332530527500,176423.0,46.0
13790,137900.0,1790707383429,12332540644000,176495.0,40.0
13791,137910.0,1790707383439,12332550580900,176525.0,38.0
13792,137920.0,1790707383449,12332560744700,176651.0,49.0
13793,137930.0,1790707383459,12332570779600,176619.0,41.0
13794,137940.0,1790707383469,12332580794400,176719.0,33.0
13795,137950.0,1790707383479,12332591035100,176699.0,36.0
13796,137960.0,1790707383489,12332600615700,176775.0,43.0
13797,137970.0,1790707383499,12332611194400,176731.0,37.0
13798,137980.0,1790707383509,12332621362900,176760.0,29.0
13799,137990.0,1790707383519,12332630957300,176651.0,50.0
13800,138000.0,1790707383530,12332641738200,176683.0,46.0
13801,138010.0,1790707383540,12332651696400,176604.0,39.0
13802,138020.0,1790707383551,12332663361100,176714.0,47.0
13803,138030.0,1790707383560,12332672290900,176692.0,36.0
13804,138040.0,1790707383570,12332681630200,176836.0,37.0
13805,138050.0,1790707383580,12332691702000,176830.0,45.0
13806,138060.0,1790707383590,12332701479800,176967.0,25.0
13807,138070.0,1790707383600,12332711655500,177006.0,31.0
13808,138080.0,1790707383609,12332721390500,177181.0,36.0
13809,138090.0,1790707383620,12332731498600,177174.0,36.0
13810,138100.0,1790707383630,12332741752000,177262.0,43.0
13811,138110.0,1790707383640,12332751654100,177216.0,44.0
13812,138120.0,1790707383650,12332761785600,177276.0,54.0
13813,138130.0,1790707383660,12332771714500,177203.0,51.0
13814,138140.0,1790707383670,12332781817300,177213.0,52.0
13815,138150.0,1790707383680,12332791959300,177123.0,56.0
13816,138160.0,1790707383690,12332801696500,177189.0,36.0
13817,138170.0,1790707383701,12332812495000,177158.0,47.0
13818,138180.0,1790707383711,12332822551700,177262.0,21.0
13819,138190.0,1790707383722,12332833810500,177164.0,39.0
13820,138200.0,1790707383809,12332921357300,177150.0,36.0
13821,138210.0,1790707383873,12332984692200,177011.0,32.0
13822,138220.0,1790707383876,12332987564500,176953.0,42.0
13823,138230.0,1790707383877,12332989109900,176776.0,59.0
13824,138240.0,1790707383879,12332990582400,176788.0,46.0
13825,138250.0,1790707383880,12332992012700,176707.0,43.0
13826,138260.0,1790707383882,12332993553100,176801.0,47.0
13827,138270.0,1790707383883,12332994894400,176838.0,30.0
13828,138280.0,1790707383884,12332996215400,176995.0,51.0
13829,138290.0,1790707383886,12332997661500,176988.0,33.0
13830,138300.0,1790707383888,12332999476100,177090.0,36.0
13831,138310.0,1790707383889,12333001126800,177009.0,52.0
13832,138320.0,1790707383891,12333002576400,177025.0,46.0
13833,138330.0,1790707383892,12333003954600,176882.0,52.0
13834,138340.0,1790707383893,12333005268000,176847.0,58.0
13835,138350.0,1790707383895,12333007040800,176677.0,66.0
13836,138360.0,1790707383897,12333008972800,176643.0,45.0
13837,138370.0,1790707383899,12333011204800,176510.0,55.0
13838,138380.0,1790707383909,12333021350400,176504.0,41.0
13839,138390.0,1790707383919,12333031388900,176410.0,44.0
13840,138400.0,1790707383929,12333041345800,176409.0,42.0
13841,138410.0,1790707383939,12333051429600,176301.0,53.0
13842,138420.0,1790707383949,12333061408200,176299.0,47.0
13843,138430.0,1790707383959,12333071469900,176087.0,56.0
13844,138440.0,1790707383970,12333081483700,175994.0,49.0
13845,138450.0,1790707383980,12333091573800,175874.0,39.0
13846,138460.0,1790707383990,12333101603100,175894.0,59.0
13847,138470.0,1790707384000,12333111670700,175891.0,45.0
13848,138480.0,1790707384010,12333121718800,176005.0,43.0
13849,138490.0,1790707384020,12333131722000,176065.0,47.0
13850,138500.0,1790707384030,12333141751600,176128.0,44.0
13851,138510.0,1790707384040,12333151821900,176067.0,37.0
13852,138520.0,1790707384050,12333161820700,176081.0,47.0
13853,138530.0,1790707384060,12333171893100,176035.0,55.0
13854,138540.0,1790707384070,12333182017100,176120.0,36.0
13855,138550.0,1790707384080,12333191961000,176186.0,40.0
13856,138560.0,1790707384090,12333202030700,176335.0,56.0
13857,138570.0,1790707384100,12333212430400,176373.0,36.0
13858,138580.0,1790707384110,12333221791300,176418.0,52.0
13859,138590.0,1790707384122,12333233937800,176318.0,34.0
13860,138600.0,1790707384131,12333243379500,176281.0,36.0
13861,138610.0,1790707384141,12333253449600,176259.0,43.0
13862,138620.0,1790707384152,12333263867500,176305.0,46.0
13863,138630.0,1790707384162,12333273705400,176378.0,47.0
13864,138640.0,1790707384172,12333283957700,176509.0,51.0
13865,138650.0,1790707384182,12333293941100,176556.0,57.0
13866,138660.0,1790707384192,12333303774000,176621.0,40.0
13867,138670.0,1790707384202,12333314033900,176630.0,50.0
13868,138680.0,1790707384212,12333324064700,176683.0,45.0
13869,138690.0,1790707384222,12333333685500,176666.0,32.0
13870,138700.0,1790707384232,12333343922600,176741.0,38.0
13871,138710.0,1790707384242,12333353952500,176736.0,43.0
13872,138720.0,1790707384252,12333363909700,176762.0,37.0
13873,138730.0,1790707384262,12333374068700,176695.0,31.0
13874,138740.0,1790707384272,12333384137100,176681.0,42.0
13875,138750.0,1790707384282,12333394322300,176623.0,38.0
13876,138760.0,1790707384292,12333404224700,176580.0,49.0
13877,138770.0,1790707384302,12333413992700,176515.0,42.0
13878,138780.0,1790707384311,12333423348700,176514.0,50.0
13879,138790.0,1790707384321,12333432952600,176464.0,35.0
13880,138800.0,1790707384331,12333442961500,176535.0,57.0
13881,138810.0,1790707384341,12333452978900,176570.0,33.0
13882,138820.0,1790707384351,12333462639700,176505.0,48.0
13883,138830.0,1790707384361,12333472667700,176506.0,45.0
13884,138840.0,1790707384371,12333482491800,176595.0,37.0
13885,138850.0,1790707384381,12333492783000,176715.0,54.0
13886,138860.0,1790707384391,12333502726200,176866.0,35.0
13887,138870.0,1790707384401,12333512836700,176931.0,68.0
13888,138880.0,1790707384411,12333523153400,177011.0,58.0
13889,138890.0,1790707384421,12333532549800,177015.0,65.0
13890,138900.0,1790707384431,12333542640300,177033.0,50.0
13891,138910.0,1790707384441,12333552645800,177084.0,51.0
13892,138920.0,1790707384451,12333562666100,177125.0,36.0
13893,138930.0,1790707384461,12333572674100,177226.0,60.0
13894,138940.0,1790707384471,12333583069300,177426.0,42.0
13895,138950.0,1790707384481,12333593313900,177435.0,46.0
13896,138960.0,1790707384491,12333603382000,177433.0,58.0
13897,138970.0,1790707384502,12333613663100,177413.0,57.0
13898,138980.0,1790707384511,12333622733000,177377.0,57.0
13899,138990.0,1790707384521,12333633041900,177341.0,43.0
13900,139000.0,1790707384531,12333643218000,177344.0,51.0
13901,139010.0,1790707384541,12333653269900,177330.0,43.0
13902,139020.0,1790707384552,12333663504300,177272.0,35.0
13903,139030.0,1790707384561,12333672932200,177236.0,48.0
13904,139040.0,1790707384571,12333683026100,177146.0,38.0
13905,139050.0,1790707384582,12333693651400,177034.0,42.0
13906,139060.0,1790707384592,12333703509900,176967.0,44.0
13907,139070.0,1790707384602,12333713514300,176901.0,47.0
13908,139080.0,1790707384611,12333723456500,176821.0,48.0
13909,139090.0,1790707384621,12333733130500,176700.0,52.0
13910,139100.0,1790707384631,12333743461000,176582.0,47.0
13911,139110.0,1790707384642,12333753535000,176517.0,49.0
13912,139120.0,1790707384652,12333763643800,176526.0,53.0
13913,139130.0,1790707384662,12333773747500,176536.0,42.0
13914,139140.0,1790707384672,12333783704100,176535.0,44.0
13915,139150.0,1790707384682,12333793961000,176478.0,59.0
13916,139160.0,1790707384692,12333803933700,176354.0,59.0
13917,139170.0,1790707384702,12333814048200,176233.0,42.0
13918,139180.0,1790707384712,12333824120700,176004.0,58.0
13919,139190.0,1790707384732,12333843743800,175760.0,45.0
13920,139200.0,1790707384734,12333845490300,175536.0,54.0
13921,139210.0,1790707384817,12333928770400,175497.0,46.0
13922,139220.0,1790707384880,12333991953400,175503.0,44.0
13923,139230.0,1790707384882,12333994019400,175575.0,41.0
13924,139240.0,1790707384884,12333995694800,175619.0,39.0
13925,139250.0,1790707384885,12333997105700,175638.0,49.0
13926,139260.0,1790707384886,12333998477000,175776.0,51.0
13927,139270.0,1790707384888,12334000108200,175670.0,61.0
13928,139280.0,1790707384895,12334006586900,175527.0,50.0
13929,139290.0,1790707384898,12334009681500,175296.0,45.0
13930,139300.0,1790707384899,12334011458100,175140.0,26.0
13931,139310.0,1790707384902,12334013823700,175365.0,41.0
13932,139320.0,1790707384904,12334015654000,175410.0,39.0
13933,139330.0,1790707384906,12334017851100,175507.0,31.0
13934,139340.0,1790707384908,12334020029900,175629.0,46.0
13935,139350.0,1790707384909,12334021396100,175692.0,36.0
13936,139360.0,1790707384911,12334022660900,175750.0,39.0
13937,139370.0,1790707384912,12334023853600,175784.0,46.0
13938,139380.0,1790707384913,12334025150200,175732.0,61.0
13939,139390.0,1790707384922,12334033649500,175679.0,56.0
13940,139400.0,1790707384932,12334043518700,175629.0,48.0
13941,139410.0,1790707384942,12334053546400,175547.0,43.0
13942,139420.0,1790707384952,12334063489100,175488.0,30.0
13943,139430.0,1790707384962,12334073573400,175493.0,44.0
13944,139440.0,1790707384972,12334084120800,175430.0,36.0
13945,139450.0,1790707384982,12334093671700,175450.0,56.0
13946,139460.0,1790707384992,12334103731800,175423.0,44.0
13947,139470.0,1790707385002,12334113700400,175418.0,45.0
13948,139480.0,1790707385012,12334123819400,175391.0,58.0
13949,139490.0,1790707385022,12334133901900,175348.0,35.0
13950,139500.0,1790707385032,12334143845600,175239.0,37.0
13951,139510.0,1790707385042,12334153942700,175200.0,45.0
13952,139520.0,1790707385052,12334163940400,175133.0,41.0
13953,139530.0,1790707385062,12334173999700,175160.0,39.0
13954,139540.0,1790707385072,12334184046200,175121.0,31.0
13955,139550.0,1790707385082,12334194002300,175116.0,40.0
13956,139560.0,1790707385092,12334204101500,175053.0,38.0
13957,139570.0,1790707385102,12334214070100,175119.0,46.0
13958,139580.0,1790707385112,12334224179100,175128.0,34.0
13959,139590.0,1790707385122,12334234215000,175174.0,46.0
13960,139600.0,1790707385132,12334244171000,175216.0,62.0
13961,139610.0,1790707385142,12334254339700,175307.0,46.0
13962,139620.0,1790707385155,12334266699400,175312.0,62.0
13963,139630.0,1790707385164,12334275814500,175333.0,35.0
13964,139640.0,1790707385174,12334285656500,175279.0,40.0
13965,139650.0,1790707385184,12334296115400,175265.0,38.0
13966,139660.0,1790707385194,12334305887000,175203.0,34.0
13967,139670.0,1790707385204,12334315972400,175286.0,36.0
13968,139680.0,1790707385214,12334325996000,175253.0,45.0
13969,139690.0,1790707385224,12334335918400,175337.0,54.0
13970,139700.0,1790707385234,12334346110400,175405.0,50.0
13971,139710.0,1790707385244,12334356148300,175502.0,42.0
13972,139720.0,1790707385254,12334365609000,175516.0,49.0
13973,139730.0,1790707385264,12334375598900,175591.0,32.0
13974,139740.0,1790707385274,12334385558000,175570.0,31.0
13975,139750.0,1790707385284,12334395714400,175581.0,33.0
13976,139760.0,1790707385294,12334405981500,175544.0,38.0
13977,139770.0,1790707385304,12334415500400,175610.0,55.0
13978,139780.0,1790707385314,12334426051200,175605.0,46.0
13979,139790.0,1790707385324,12334436017500,175644.0,42.0
13980,139800.0,1790707385334,12334446015200,175619.0,59.0
13981,139810.0,1790707385344,12334455591700,175686.0,33.0
13982,139820.0,1790707385354,12334465753800,175691.0,35.0
13983,139830.0,1790707385364,12334476312100,175780.0,36.0
13984,139840.0,1790707385374,12334486334900,175791.0,43.0
13985,139850.0,1790707385384,12334496383600,175889.0,40.0
13986,139860.0,1790707385394,12334506453200,175903.0,48.0
13987,139870.0,1790707385404,12334516376700,175940.0,48.0
13988,139880.0,1790707385414,12334526451600,175893.0,50.0
13989,139890.0,1790707385424,12334536421800,175847.0,40.0
13990,139900.0,1790707385435,12334546601100,175651.0,47.0
13991,139910.0,1790707385444,12334556365600,175569.0,45.0
13992,139920.0,1790707385454,12334566362500,175414.0,39.0
13993,139930.0,1790707385465,12334576638600,175395.0,39.0
13994,139940.0,1790707385475,12334586895000,175278.0,33.0
13995,139950.0,1790707385484,12334596111200,175287.0,47.0
13996,139960.0,1790707385493,12334605460300,175239.0,50.0
13997,139970.0,1790707385503,12334615169700,175292.0,47.0
13998,139980.0,1790707385514,12334625705700,175220.0,56.0
13999,139990.0,1790707385524,12334635521400,175299.0,35.0
14000,140000.0,1790707385534,12334645651300,175259.0,53.0
14001,140010.0,1790707385543,12334655168500,175390.0,40.0
14002,140020.0,1790707385553,12334664770200,175424.0,45.0
14003,140030.0,1790707385563,12334675450600,175594.0,38.0
14004,140040.0,1790707385573,12334685471100,175603.0,35.0
14005,140050.0,1790707385584,12334695554400,175710.0,43.0
14006,140060.0,1790707385593,12334705292600,175668.0,45.0
14007,140070.0,1790707385603,12334715227900,175791.0,40.0
14008,140080.0,1790707385614,12334725647000,175806.0,36.0
14009,140090.0,1790707385624,12334735722400,175994.0,60.0
14010,140100.0,1790707385634,12334745891000,176092.0,43.0
14011,140110.0,1790707385644,12334756077300,176341.0,42.0
14012,140120.0,1790707385654,12334765686800,176430.0,42.0
14013,140130.0,1790707385664,12334776318000,176565.0,43.0
14014,140140.0,1790707385675,12334787204500,176487.0,34.0
14015,140150.0,1790707385685,12334797130300,176445.0,24.0
14016,140160.0,1790707385695,12334807306000,176262.0,47.0
14017,140170.0,1790707385705,12334817216200,176312.0,45.0
14018,140180.0,1790707385718,12334829524800,176436.0,43.0
14019,140190.0,1790707385746,12334858310400,176800.0,50.0
14020,140200.0,1790707385750,12334861907800,177034.0,40.0
14021,140210.0,1790707385753,12334864684500,177229.0,37.0
14022,140220.0,1790707385756,12334867640800,177163.0,46.0
14023,140230.0,1790707385835,12334946910400,177103.0,32.0
14024,140240.0,1790707385894,12335005543200,176930.0,27.0
14025,140250.0,1790707385895,12335007473800,176905.0,36.0
14026,140260.0,1790707385897,12335008825300,176830.0,46.0
14027,140270.0,1790707385898,12335010093300,176866.0,58.0
14028,140280.0,1790707385899,12335011286400,176780.0,38.0
14029,140290.0,1790707385900,12335012470700,176878.0,40.0
14030,140300.0,1790707385902,12335013704400,176832.0,51.0
14031,140310.0,1790707385904,12335016276300,176934.0,30.0
14032,140320.0,1790707385906,12335017823200,176930.0,43.0
14033,140330.0,1790707385907,12335019296400,176999.0,36.0
14034,140340.0,1790707385909,12335020585200,176879.0,43.0
14035,140350.0,1790707385910,12335022049600,176916.0,24.0
14036,140360.0,1790707385912,12335023492900,176824.0,35.0
14037,140370.0,1790707385913,12335024737000,176895.0,46.0
14038,140380.0,1790707385914,12335025961300,176818.0,35.0
14039,140390.0,1790707385924,12335035894200,176860.0,47.0
14040,140400.0,1790707385934,12335045612300,176695.0,59.0
14041,140410.0,1790707385944,12335055606400,176686.0,56.0
14042,140420.0,1790707385954,12335065741400,176524.0,42.0
14043,140430.0,1790707385964,12335075654800,176559.0,59.0
14044,140440.0,1790707385974,12335085703800,176462.0,45.0
14045,140450.0,1790707385984,12335095800400,176554.0,26.0
14046,140460.0,1790707385994,12335105815300,176491.0,28.0
14047,140470.0,1790707386004,12335115980400,176601.0,50.0
14048,140480.0,1790707386014,12335125879200,176544.0,36.0
14049,140490.0,1790707386024,12335136194500,176620.0,49.0
14050,140500.0,1790707386034,12335145915800,176572.0,39.0
14051,140510.0,1790707386044,12335155998900,176681.0,50.0
14052,140520.0,1790707386054,12335166013200,176591.0,48.0
14053,140530.0,1790707386064,12335176019000,176718.0,55.0
14054,140540.0,1790707386074,12335186103200,176642.0,42.0
14055,140550.0,1790707386084,12335196046100,176715.0,27.0
14056,140560.0,1790707386094,12335206334900,176615.0,30.0
14057,140570.0,1790707386104,12335216154100,176687.0,44.0
14058,140580.0,1790707386114,12335226305000,176601.0,30.0
14059,140590.0,1790707386124,12335236407300,176726.0,34.0
14060,140600.0,1790707386135,12335246874100,176668.0,44.0
14061,140610.0,1790707386144,12335256269200,176731.0,41.0
14062,140620.0,1790707386154,12335266374500,176596.0,43.0
14063,140630.0,1790707386164,12335276302600,176638.0,42.0
14064,140640.0,1790707386174,12335286388800,176512.0,35.0
14065,140650.0,1790707386185,12335296636600,176607.0,20.0
14066,140660.0,1790707386195,12335306619800,176517.0,40.0
14067,140670.0,1790707386205,12335316649000,176607.0,30.0
14068,140680.0,1790707386215,12335326907000,176492.0,29.0
14069,140690.0,1790707386225,12335337013000,176539.0,41.0
14070,140700.0,1790707386235,12335347046000,176415.0,33.0
14071,140710.0,1790707386245,12335357102600,176450.0,51.0
14072,140720.0,1790707386256,12335367531700,176281.0,39.0
14073,140730.0,1790707386266,12335377635200,176231.0,40.0
14074,140740.0,1790707386276,12335387632900,175974.0,36.0
14075,140750.0,1790707386286,12335398030500,175845.0,43.0
14076,140760.0,1790707386296,12335407971400,175560.0,41.0
14077,140770.0,1790707386306,12335417943200,175508.0,30.0
14078,140780.0,1790707386316,12335427635200,175379.0,39.0
14079,140790.0,1790707386326,12335438048900,175534.0,31.0
14080,140800.0,1790707386336,12335448214500,175547.0,24.0
14081,140810.0,1790707386346,12335457829200,175784.0,33.0
14082,140820.0,1790707386356,12335468158700,175814.0,35.0
14083,140830.0,1790707386366,12335478134900,176012.0,40.0
14084,140840.0,1790707386376,12335488265900,175920.0,37.0
14085,140850.0,1790707386385,12335497347400,175952.0,40.0
14086,140860.0,1790707386396,12335507935600,175887.0,34.0
14087,140870.0,1790707386406,12335517991400,175932.0,24.0
14088,140880.0,1790707386416,12335527942700,175814.0,41.0
14089,140890.0,1790707386426,12335538347500,175900.0,36.0
14090,140900.0,1790707386436,12335548307400,175795.0,43.0
14091,140910.0,1790707386446,12335558196200,175928.0,39.0
14092,140920.0,1790707386456,12335568215400,175840.0,39.0
14093,140930.0,1790707386466,12335578279600,176006.0,40.0
14094,140940.0,1790707386476,12335588265500,175948.0,39.0
14095,140950.0,1790707386486,12335598306800,176040.0,39.0
14096,140960.0,1790707386496,12335608399600,175901.0,26.0
14097,140970.0,1790707386506,12335618248000,175982.0,36.0
14098,140980.0,1790707386516,12335627859100,175872.0,37.0
14099,140990.0,1790707386526,12335637563300,176009.0,27.0
14100,141000.0,1790707386536,12335647527600,175985.0,26.0
14101,141010.0,1790707386546,12335657665300,176161.0,45.0
14102,141020.0,1790707386556,12335667624300,176113.0,42.0
14103,141030.0,1790707386566,12335677703600,176241.0,28.0
14104,141040.0,1790707386576,12335687610900,176078.0,29.0
14105,141050.0,1790707386586,12335697711500,176076.0,31.0
14106,141060.0,1790707386596,12335707916000,175894.0,31.0
14107,141070.0,1790707386606,12335718114200,175887.0,40.0
14108,141080.0,1790707386616,12335728369400,175739.0,46.0
14109,141090.0,1790707386627,12335738654600,175853.0,31.0
14110,141100.0,1790707386636,12335748280300,175772.0,28.0
14111,141110.0,1790707386647,12335758697800,175871.0,32.0
14112,141120.0,1790707386656,12335768221400,175773.0,33.0
14113,141130.0,1790707386667,12335778660700,175902.0,21.0
14114,141140.0,1790707386677,12335788690500,175777.0,42.0
14115,141150.0,1790707386686,12335798460700,175917.0,45.0
14116,141160.0,1790707386697,12335808786200,175822.0,46.0
14117,141170.0,1790707386707,12335818753300,175904.0,30.0
14118,141180.0,1790707386736,12335848116700,175769.0,42.0
14119,141190.0,1790707386738,12335850040000,175898.0,28.0
14120,141200.0,1790707386740,12335851916000,175858.0,50.0
14121,141210.0,1790707386785,12335897113300,175984.0,33.0
14122,141220.0,1790707386874,12335986151800,175968.0,36.0
14123,141230.0,1790707386878,12335989762400,176220.0,29.0
14124,141240.0,1790707386879,12335991174800,176241.0,46.0
14125,141250.0,1790707386880,12335992435500,176458.0,41.0
14126,141260.0,1790707386882,12335993649200,176410.0,41.0
14127,141270.0,1790707386883,12335994879200,176498.0,50.0
14128,141280.0,1790707386884,12335996255000,176372.0,45.0
14129,141290.0,1790707386886,12335997960300,176494.0,26.0
14130,141300.0,1790707386887,12335999464300,176419.0,34.0
14131,141310.0,1790707386889,12336000827500,176538.0,37.0
14132,141320.0,1790707386890,12336002065100,176496.0,30.0
14133,141330.0,1790707386891,12336003410500,176686.0,55.0
14134,141340.0,1790707386893,12336004830400,176707.0,50.0
14135,141350.0,1790707386894,12336006181100,176912.0,50.0
14136,141360.0,1790707386896,12336007800800,176907.0,39.0
14137,141370.0,1790707386906,12336017942600,177040.0,41.0
14138,141380.0,1790707386916,12336027867400,176908.0,28.0
14139,141390.0,1790707386926,12336037955800,176996.0,44.0
14140,141400.0,1790707386936,12336048055900,176865.0,42.0
14141,141410.0,1790707386946,12336057937700,176985.0,32.0
14142,141420.0,1790707386956,12336068041600,176940.0,31.0
14143,141430.0,1790707386966,12336078011600,177114.0,26.0
14144,141440.0,1790707386976,12336088119900,177157.0,40.0
14145,141450.0,1790707386986,12336098116100,177405.0,49.0
14146,141460.0,1790707386996,12336108212700,177438.0,55.0
14147,141470.0,1790707387006,12336118196500,177639.0,35.0
14148,141480.0,1790707387016,12336128325800,177588.0,40.0
14149,141490.0,1790707387026,12336138189900,177696.0,46.0
14150,141500.0,1790707387036,12336148244900,177540.0,31.0
14151,141510.0,1790707387046,12336158016100,177544.0,39.0
14152,141520.0,1790707387056,12336168047400,177330.0,41.0
14153,141530.0,1790707387066,12336178042600,177326.0,39.0
14154,141540.0,1790707387076,12336188160900,177176.0,16.0
14155,141550.0,1790707387086,12336198154000,177226.0,30.0
14156,141560.0,1790707387096,12336208260000,177110.0,40.0
14157,141570.0,1790707387107,12336218806300,177010.0,31.0
14158,141580.0,1790707387117,12336228495900,176899.0,41.0
14159,141590.0,1790707387127,12336238558500,177005.0,34.0
14160,141600.0,1790707387137,12336248599400,176853.0,45.0
14161,141610.0,1790707387147,12336258746800,176980.0,23.0
14162,141620.0,1790707387157,12336268810100,176918.0,28.0
14163,141630.0,1790707387167,12336278915700,177065.0,41.0
14164,141640.0,1790707387177,12336289066100,177061.0,27.0
14165,141650.0,1790707387187,12336298959200,177248.0,38.0
14166,141660.0,1790707387197,12336309119100,177223.0,43.0
14167,141670.0,1790707387207,12336319311900,177476.0,42.0
14168,141680.0,1790707387218,12336329928600,177511.0,48.0
14169,141690.0,1790707387227,12336339286600,177686.0,37.0
14170,141700.0,1790707387237,12336349474900,177695.0,31.0
14171,141710.0,1790707387248,12336359595000,177828.0,35.0
14172,141720.0,1790707387258,12336369660200,177736.0,42.0
14173,141730.0,1790707387268,12336379651500,177855.0,51.0
14174,141740.0,1790707387278,12336389748200,177790.0,42.0
14175,141750.0,1790707387288,12336399634800,177923.0,44.0
14176,141760.0,1790707387298,12336409973100,177813.0,49.0
14177,141770.0,1790707387308,12336420082400,177891.0,33.0
14178,141780.0,1790707387318,12336430162200,177818.0,51.0
14179,141790.0,1790707387328,12336440172700,177900.0,44.0
14180,141800.0,1790707387338,12336449511900,177806.0,33.0
14181,141810.0,1790707387347,12336459290500,177868.0,16.0
14182,141820.0,1790707387357,12336469027500,177772.0,37.0
14183,141830.0,1790707387367,12336478922600,177810.0,47.0
14184,141840.0,1790707387377,12336489323000,177693.0,29.0
14185,141850.0,1790707387387,12336499415700,177745.0,38.0
14186,141860.0,1790707387397,12336509276400,177634.0,46.0
14187,141870.0,1790707387408,12336519536100,177719.0,57.0
14188,141880.0,1790707387418,12336529624400,177676.0,51.0
14189,141890.0,1790707387427,12336539444400,177772.0,52.0
14190,141900.0,1790707387438,12336549546300,177672.0,40.0
14191,141910.0,1790707387448,12336559722300,177755.0,33.0
14192,141920.0,1790707387458,12336570072700,177638.0,20.0
14193,141930.0,1790707387469,12336580635200,177620.0,36.0
14194,141940.0,1790707387479,12336591058400,177476.0,37.0
14195,141950.0,1790707387489,12336601017200,177503.0,59.0
14196,141960.0,1790707387499,12336610959400,177378.0,47.0
14197,141970.0,1790707387509,12336621085700,177420.0,59.0
14198,141980.0,1790707387519,12336631348300,177346.0,50.0
14199,141990.0,1790707387529,12336641255900,177425.0,52.0
14200,142000.0,1790707387540,12336651489800,177379.0,43.0
14201,142010.0,1790707387548,12336660231900,177468.0,40.0
14202,142020.0,1790707387558,12336669688200,177417.0,42.0
14203,142030.0,1790707387567,12336679318600,177448.0,31.0
14204,142040.0,1790707387578,12336689736700,177311.0,44.0
14205,142050.0,1790707387588,12336699678300,177350.0,49.0
14206,142060.0,1790707387598,12336709830900,177262.0,43.0
14207,142070.0,1790707387608,12336719962900,177330.0,40.0
14208,142080.0,1790707387618,12336730038000,177292.0,54.0
14209,142090.0,1790707387628,12336739766900,177351.0,35.0
14210,142100.0,1790707387638,12336749852500,177322.0,44.0
14211,142110.0,1790707387648,12336760047400,177394.0,25.0
14212,142120.0,1790707387658,12336770367700,177341.0,39.0
14213,142130.0,1790707387668,12336780430500,177384.0,36.0
14214,142140.0,1790707387679,12336790489300,177261.0,25.0
14215,142150.0,1790707387688,12336800176000,177277.0,34.0
14216,142160.0,1790707387698,12336810222100,177209.0,35.0
14217,142170.0,1790707387709,12336820554300,177278.0,35.0
14218,142180.0,1790707387733,12336845115400,177220.0,53.0
14219,142190.0,1790707387735,12336846814200,177323.0,21.0
14220,142200.0,1790707387787,12336898875700,177365.0,50.0
14221,142210.0,1790707387872,12336984323700,177472.0,58.0
14222,142220.0,1790707387874,12336985933000,177464.0,46.0
14223,142230.0,1790707387876,12336987501600,177576.0,55.0
14224,142240.0,1790707387877,12336988878900,177513.0,42.0
14225,142250.0,1790707387878,12336990206900,177519.0,28.0
14226,142260.0,1790707387880,12336991499300,177399.0,31.0
14227,142270.0,1790707387881,12336992821400,177411.0,43.0
14228,142280.0,1790707387882,12336994133600,177254.0,47.0
14229,142290.0,1790707387888,12336999523000,177220.0,32.0
14230,142300.0,1790707387889,12337000984700,177041.0,63.0
14231,142310.0,1790707387890,12337002213900,177024.0,36.0
14232,142320.0,1790707387891,12337003400500,176837.0,47.0
14233,142330.0,1790707387893,12337004603800,176777.0,52.0
14234,142340.0,1790707387894,12337005764900,176572.0,35.0
14235,142350.0,1790707387895,12337006980600,176478.0,47.0
14236,142360.0,1790707387898,12337010227900,176302.0,31.0
14237,142370.0,1790707387908,12337019900100,176235.0,41.0
14238,142380.0,1790707387918,12337030236200,176095.0,60.0
14239,142390.0,1790707387928,12337039980600,176101.0,40.0
14240,142400.0,1790707387938,12337050034200,176048.0,72.0
14241,142410.0,1790707387948,12337060170900,176180.0,44.0
14242,142420.0,1790707387958,12337070099900,176180.0,52.0
14243,142430.0,1790707387968,12337080276700,176371.0,35.0
14244,142440.0,1790707387978,12337090103700,176490.0,47.0
14245,142450.0,1790707387988,12337100189800,176760.0,41.0
14246,142460.0,1790707387998,12337110267700,176923.0,52.0
14247,142470.0,1790707388008,12337120322700,177169.0,52.0
14248,142480.0,1790707388018,12337130319400,177276.0,56.0
14249,142490.0,1790707388028,12337140274100,177452.0,41.0
14250,142500.0,1790707388038,12337150353100,177419.0,43.0
14251,142510.0,1790707388048,12337160445300,177460.0,49.0
14252,142520.0,1790707388058,12337170462000,177318.0,60.0
14253,142530.0,1790707388069,12337180535100,177203.0,60.0
14254,142540.0,1790707388079,12337190549400,177034.0,55.0
14255,142550.0,1790707388088,12337200240300,177000.0,53.0
14256,142560.0,1790707388098,12337210270200,176977.0,46.0
14257,142570.0,1790707388109,12337220547000,177171.0,38.0
14258,142580.0,1790707388118,12337230479600,177376.0,43.0
14259,142590.0,1790707388130,12337241803000,177644.0,50.0
14260,142600.0,1790707388140,12337251826800,177876.0,51.0
14261,142610.0,1790707388150,12337262010100,178088.0,38.0
14262,142620.0,1790707388160,12337271974700,178191.0,41.0
14263,142630.0,1790707388170,12337282249200,178295.0,47.0
14264,142640.0,1790707388180,12337291722400,178261.0,36.0
14265,142650.0,1790707388190,12337301844600,178149.0,50.0
14266,142660.0,1790707388200,12337312077300,177983.0,53.0
14267,142670.0,1790707388210,12337321888200,177866.0,41.0
14268,142680.0,1790707388220,12337331917100,177722.0,40.0
14269,142690.0,1790707388230,12337342131500,177652.0,40.0
14270,142700.0,1790707388240,12337352408200,177614.0,35.0
14271,142710.0,1790707388250,12337361871200,177736.0,38.0
14272,142720.0,1790707388260,12337372440900,177835.0,38.0
14273,142730.0,1790707388270,12337382381800,178027.0,32.0
14274,142740.0,1790707388281,12337392664300,178107.0,42.0
14275,142750.0,1790707388291,12337402552800,178202.0,40.0
14276,142760.0,1790707388300,12337412031900,178161.0,54.0
14277,142770.0,1790707388310,12337422046700,178219.0,40.0
14278,142780.0,1790707388319,12337430853000,178170.0,38.0
14279,142790.0,1790707388329,12337441379600,178213.0,46.0
14280,142800.0,1790707388340,12337451524100,178172.0,55.0
14281,142810.0,1790707388349,12337461009400,178179.0,27.0
14282,142820.0,1790707388360,12337471626300,178099.0,44.0
14283,142830.0,1790707388370,12337481727900,178106.0,55.0
14284,142840.0,1790707388380,12337491661900,178041.0,51.0
14285,142850.0,1790707388390,12337502006000,178081.0,60.0
14286,142860.0,1790707388400,12337512035200,178089.0,44.0
14287,142870.0,1790707388410,12337521680000,178148.0,50.0
14288,142880.0,1790707388420,12337532207300,178152.0,43.0
14289,142890.0,1790707388430,12337542208000,178114.0,54.0
14290,142900.0,1790707388441,12337552604900,178018.0,71.0
14291,142910.0,1790707388450,12337562450700,177875.0,58.0
14292,142920.0,1790707388460,12337572419500,177686.0,52.0
14293,142930.0,1790707388470,12337582430800,177598.0,56.0
14294,142940.0,1790707388480,12337592473800,177519.0,64.0
14295,142950.0,1790707388490,12337602420800,177521.0,58.0
14296,142960.0,1790707388501,12337612716500,177559.0,59.0
14297,142970.0,1790707388510,12337622301400,177622.0,52.0
14298,142980.0,1790707388520,12337632380600,177596.0,49.0
14299,142990.0,1790707388529,12337641160200,177615.0,50.0
14300,143000.0,1790707388539,12337651217200,177621.0,38.0
14301,143010.0,1790707388550,12337661849000,177609.0,42.0
14302,143020.0,1790707388560,12337671932100,177561.0,43.0
14303,143030.0,1790707388569,12337681372700,177536.0,56.0
14304,143040.0,1790707388579,12337691342600,177524.0,46.0
14305,143050.0,1790707388590,12337701928100,177571.0,41.0
14306,143060.0,1790707388600,12337712276600,177589.0,58.0
14307,143070.0,1790707388610,12337721969800,177628.0,57.0
14308,143080.0,1790707388620,12337732037600,177709.0,69.0
14309,143090.0,1790707388630,12337742243300,177794.0,61.0
14310,143100.0,1790707388640,12337752362000,177849.0,62.0
14311,143110.0,1790707388651,12337762498100,177875.0,36.0
14312,143120.0,1790707388661,12337773163700,177901.0,36.0
14313,143130.0,1790707388671,12337783008800,177913.0,42.0
14314,143140.0,1790707388681,12337793406100,177901.0,37.0
14315,143150.0,1790707388691,12337803183200,177780.0,38.0
14316,143160.0,1790707388701,12337813249300,177611.0,42.0
14317,143170.0,1790707388711,12337823233400,177471.0,58.0
14318,143180.0,1790707388737,12337848769200,177381.0,55.0
14319,143190.0,1790707388740,12337851646200,177364.0,51.0
14320,143200.0,1790707388741,12337852945500,177352.0,53.0
14321,143210.0,1790707388824,12337936000500,177321.0,32.0
14322,143220.0,1790707388875,12337986537700,177351.0,39.0
14323,143230.0,1790707388876,12337987930600,177381.0,45.0
14324,143240.0,1790707388877,12337989231000,177499.0,43.0
14325,143250.0,1790707388879,12337990551200,177557.0,37.0
14326,143260.0,1790707388880,12337991788300,177614.0,52.0
14327,143270.0,1790707388881,12337993030000,177633.0,51.0
14328,143280.0,1790707388882,12337994271600,177694.0,49.0
14329,143290.0,1790707388884,12337995778900,177706.0,39.0
14330,143300.0,1790707388886,12337997895000,177766.0,38.0
14331,143310.0,1790707388887,12337999162100,177856.0,39.0
14332,143320.0,1790707388888,12338000317100,178000.0,32.0
14333,143330.0,1790707388889,12338001463500,178119.0,32.0
14334,143340.0,1790707388891,12338002604800,178243.0,46.0
14335,143350.0,1790707388892,12338003701400,178331.0,38.0
14336,143360.0,1790707388903,12338015084600,178452.0,31.0
14337,143370.0,1790707388910,12338022305200,178523.0,45.0
14338,143380.0,1790707388920,12338032414700,178581.0,34.0
14339,143390.0,1790707388930,12338042381500,178575.0,40.0
14340,143400.0,1790707388940,12338052365300,178621.0,55.0
14341,143410.0,1790707388950,12338062472900,178630.0,48.0
14342,143420.0,1790707388960,12338072390000,178703.0,41.0
14343,143430.0,1790707388970,12338082208200,178757.0,47.0
14344,143440.0,1790707388980,12338092248100,178884.0,41.0
14345,143450.0,1790707388990,12338102261100,178981.0,27.0
14346,143460.0,1790707389000,12338112289500,179079.0,29.0
14347,143470.0,1790707389011,12338122496900,179111.0,37.0
14348,143480.0,1790707389020,12338132418200,179141.0,43.0
14349,143490.0,1790707389030,12338142388500,179064.0,43.0
14350,143500.0,1790707389040,12338152387200,179011.0,40.0
14351,143510.0,1790707389050,12338162388200,178965.0,42.0
14352,143520.0,1790707389061,12338172523700,178969.0,44.0
14353,143530.0,1790707389071,12338182540100,178960.0,54.0
14354,143540.0,1790707389081,12338192554300,179007.0,37.0
14355,143550.0,1790707389091,12338202639700,179049.0,44.0
14356,143560.0,1790707389101,12338212707300,179110.0,42.0
14357,143570.0,1790707389111,12338222753500,179126.0,39.0
14358,143580.0,1790707389121,12338232796800,179194.0,41.0
14359,143590.0,1790707389132,12338244363800,179189.0,32.0
14360,143600.0,1790707389142,12338254269900,179149.0,41.0
14361,143610.0,1790707389152,12338263495900,179072.0,49.0
14362,143620.0,1790707389161,12338273098100,179067.0,40.0
14363,143630.0,1790707389171,12338282964500,179028.0,49.0
14364,143640.0,1790707389181,12338292960300,179039.0,45.0
14365,143650.0,1790707389191,12338302946800,179015.0,44.0
14366,143660.0,1790707389201,12338313025500,179061.0,47.0
14367,143670.0,1790707389211,12338323233400,178995.0,41.0
14368,143680.0,1790707389221,12338332878700,179031.0,41.0
14369,143690.0,1790707389233,12338344761800,178985.0,37.0
14370,143700.0,1790707389243,12338354847600,179008.0,38.0
14371,143710.0,1790707389253,12338364576800,178955.0,47.0
14372,143720.0,1790707389263,12338375212400,179013.0,45.0
14373,143730.0,1790707389273,12338385183800,179030.0,30.0
14374,143740.0,1790707389283,12338394693300,179123.0,53.0
14375,143750.0,1790707389293,12338405260300,179072.0,55.0
14376,143760.0,1790707389303,12338414661500,179072.0,39.0
14377,143770.0,1790707389312,12338424319500,178999.0,38.0
14378,143780.0,1790707389323,12338434735600,179049.0,41.0
14379,143790.0,1790707389332,12338444223400,179038.0,37.0
14380,143800.0,1790707389343,12338454807400,179145.0,36.0
14381,143810.0,1790707389353,12338464760200,179174.0,53.0
14382,143820.0,1790707389362,12338474325600,179298.0,39.0
14383,143830.0,1790707389373,12338484943200,179317.0,50.0
14384,143840.0,1790707389383,12338494988100,179349.0,42.0
14385,143850.0,1790707389393,12338505027300,179243.0,42.0
14386,143860.0,1790707389403,12338514746800,179227.0,47.0
14387,143870.0,1790707389413,12338524874300,179095.0,39.0
14388,143880.0,1790707389423,12338534761300,179019.0,52.0
14389,143890.0,1790707389433,12338544780700,178809.0,42.0
14390,143900.0,1790707389443,12338554765800,178755.0,57.0
14391,143910.0,1790707389453,12338564786100,178653.0,33.0
14392,143920.0,1790707389463,12338574907300,178696.0,43.0
14393,143930.0,1790707389473,12338585221300,178652.0,39.0
14394,143940.0,1790707389483,12338595018700,178713.0,34.0
14395,143950.0,1790707389493,12338604933000,178686.0,42.0
14396,143960.0,1790707389503,12338614930200,178735.0,46.0
14397,143970.0,1790707389513,12338625002000,178636.0,36.0
14398,143980.0,1790707389523,12338634874500,178586.0,48.0
14399,143990.0,1790707389533,12338645058700,178346.0,40.0
14400,144000.0,1790707389543,12338654983900,178192.0,38.0
14401,144010.0,1790707389553,12338664950200,177916.0,42.0
14402,144020.0,1790707389563,12338674992500,177768.0,40.0
14403,144030.0,1790707389572,12338683768800,177551.0,26.0
14404,144040.0,1790707389584,12338695926900,177496.0,31.0
14405,144050.0,1790707389594,12338705506800,177275.0,51.0
14406,144060.0,1790707389603,12338715048400,177226.0,45.0
14407,144070.0,1790707389612,12338724146900,177028.0,56.0
14408,144080.0,1790707389622,12338734195400,177012.0,48.0
14409,144090.0,1790707389633,12338744672800,176901.0,36.0
14410,144100.0,1790707389642,12338754193200,176961.0,43.0
14411,144110.0,1790707389652,12338764154000,176988.0,36.0
14412,144120.0,1790707389662,12338774319700,177090.0,41.0
14413,144130.0,1790707389672,12338784284200,177058.0,45.0
14414,144140.0,1790707389682,12338794410200,177126.0,38.0
14415,144150.0,1790707389692,12338804400500,177073.0,42.0
14416,144160.0,1790707389702,12338814270400,177153.0,40.0
14417,144170.0,1790707389713,12338825358900,177154.0,45.0
14418,144180.0,1790707389723,12338834479100,177297.0,49.0
14419,144190.0,1790707389804,12338916335200,177315.0,56.0
14420,144200.0,1790707389860,12338971953700,177444.0,45.0
14421,144210.0,1790707389862,12338973662500,177440.0,50.0
14422,144220.0,1790707389863,12338975143600,177554.0,40.0
14423,144230.0,1790707389865,12338976693200,177475.0,35.0
14424,144240.0,1790707389866,12338978238300,177530.0,39.0
14425,144250.0,1790707389868,12338979773300,177435.0,51.0
14426,144260.0,1790707389869,12338981060000,177485.0,51.0
14427,144270.0,1790707389870,12338982353000,177333.0,34.0
14428,144280.0,1790707389872,12338983748700,177379.0,55.0
14429,144290.0,1790707389876,12338988076900,177258.0,22.0
14430,144300.0,1790707389878,12338989530800,177301.0,38.0
14431,144310.0,1790707389879,12338990793200,177105.0,36.0
14432,144320.0,1790707389880,12338992076200,177122.0,31.0
14433,144330.0,1790707389881,12338993425200,176941.0,39.0
14434,144340.0,1790707389883,12338995205100,176914.0,39.0
14435,144350.0,1790707389892,12339004329200,176777.0,43.0
14436,144360.0,1790707389902,12339014326300,176895.0,56.0
14437,144370.0,1790707389912,12339024398400,176914.0,40.0
14438,144380.0,1790707389922,12339034436200,177155.0,48.0
14439,144390.0,1790707389932,12339044472500,177234.0,47.0
14440,144400.0,1790707389942,12339054471200,177376.0,47.0
14441,144410.0,1790707389952,12339064470600,177366.0,34.0
14442,144420.0,1790707389962,12339074459900,177457.0,48.0
14443,144430.0,1790707389973,12339084541300,177393.0,42.0
14444,144440.0,1790707389983,12339094926700,177445.0,50.0
14445,144450.0,1790707389993,12339104582500,177358.0,37.0
14446,144460.0,1790707390003,12339114687400,177427.0,57.0
14447,144470.0,1790707390013,12339124706400,177276.0,26.0
14448,144480.0,1790707390022,12339134434000,177307.0,37.0
14449,144490.0,1790707390033,12339144526400,177153.0,42.0
14450,144500.0,1790707390043,12339154750100,177117.0,40.0
14451,144510.0,1790707390052,12339164464500,177013.0,34.0
14452,144520.0,1790707390063,12339174581800,177117.0,39.0
14453,144530.0,1790707390073,12339184613400,177060.0,28.0
14454,144540.0,1790707390083,12339194627700,177135.0,36.0
14455,144550.0,1790707390093,12339204660300,177030.0,40.0
14456,144560.0,1790707390103,12339215051000,177055.0,36.0
14457,144570.0,1790707390113,12339224742400,176942.0,38.0
14458,144580.0,1790707390123,12339234861300,176986.0,37.0
14459,144590.0,1790707390133,12339245107200,176869.0,60.0
14460,144600.0,1790707390144,12339256353600,176952.0,36.0
14461,144610.0,1790707390155,12339266686000,176897.0,42.0
14462,144620.0,1790707390165,12339276491000,177006.0,35.0
14463,144630.0,1790707390174,12339286397500,176966.0,31.0
14464,144640.0,1790707390184,12339296147600,177051.0,41.0
14465,144650.0,1790707390194,12339306017100,176933.0,27.0
14466,144660.0,1790707390204,12339316055700,177027.0,25.0
14467,144670.0,1790707390215,12339326743200,176912.0,34.0
14468,144680.0,1790707390225,12339337319200,176974.0,45.0
14469,144690.0,1790707390235,12339347448600,176879.0,47.0
14470,144700.0,1790707390245,12339356868100,176913.0,54.0
14471,144710.0,1790707390255,12339367209200,176767.0,37.0
14472,144720.0,1790707390265,12339376651400,176774.0,35.0
14473,144730.0,1790707390275,12339386522700,176634.0,37.0
14474,144740.0,1790707390284,12339396424200,176706.0,40.0
14475,144750.0,1790707390294,12339406292000,176723.0,35.0
14476,144760.0,1790707390304,12339415867500,176742.0,37.0
14477,144770.0,1790707390314,12339425952200,176501.0,48.0
14478,144780.0,1790707390324,12339435954000,176470.0,30.0
14479,144790.0,1790707390334,12339445478700,176200.0,33.0
14480,144800.0,1790707390344,12339455566100,176170.0,42.0
14481,144810.0,1790707390353,12339465287700,175955.0,42.0
14482,144820.0,1790707390363,12339475409900,175931.0,44.0
14483,144830.0,1790707390375,12339486667400,175765.0,36.0
14484,144840.0,1790707390385,12339496656900,175811.0,30.0
14485,144850.0,1790707390395,12339507197200,175670.0,24.0
14486,144860.0,1790707390405,12339516926500,175730.0,17.0
14487,144870.0,1790707390416,12339527614100,175667.0,27.0
14488,144880.0,1790707390425,12339537262300,175841.0,31.0
14489,144890.0,1790707390435,12339546913000,175801.0,50.0
14490,144900.0,1790707390445,12339557132400,175969.0,32.0
14491,144910.0,1790707390455,12339567184700,175928.0,58.0
14492,144920.0,1790707390465,12339577305000,176088.0,44.0
14493,144930.0,1790707390475,12339587168600,176018.0,36.0
14494,144940.0,1790707390485,12339597114100,176095.0,25.0
14495,144950.0,1790707390495,12339607221400,175991.0,40.0
14496,144960.0,1790707390505,12339617222200,176079.0,29.0
14497,144970.0,1790707390515,12339626717500,176029.0,29.0
14498,144980.0,1790707390525,12339637209000,176184.0,29.0
14499,144990.0,1790707390535,12339647239300,176176.0,25.0
14500,145000.0,1790707390545,12339657436500,176335.0,37.0
14501,145010.0,1790707390555,12339667143900,176283.0,26.0
14502,145020.0,1790707390565,12339677198300,176440.0,29.0
14503,145030.0,1790707390575,12339687304000,176360.0,27.0
14504,145040.0,1790707390585,12339697214300,176419.0,24.0
14505,145050.0,1790707390595,12339707028700,176306.0,38.0
14506,145060.0,1790707390605,12339717404000,176413.0,39.0
14507,145070.0,1790707390615,12339727454400,176361.0,32.0
14508,145080.0,1790707390626,12339737502600,176570.0,27.0
14509,145090.0,1790707390635,12339747123400,176635.0,37.0
14510,145100.0,1790707390645,12339756723400,176903.0,32.0
14511,145110.0,1790707390654,12339766393500,176915.0,45.0
14512,145120.0,1790707390664,12339776351900,177083.0,46.0
14513,145130.0,1790707390674,12339786171000,177042.0,44.0
14514,145140.0,1790707390684,12339796439400,177247.0,37.0
14515,145150.0,1790707390694,12339806439400,177242.0,40.0
14516,145160.0,1790707390705,12339816543000,177416.0,28.0
14517,145170.0,1790707390714,12339826386600,177304.0,33.0
14518,145180.0,1790707390735,12339846839600,177337.0,26.0
14519,145190.0,1790707390736,12339848454000,177171.0,38.0
14520,145200.0,1790707390813,12339925236300,177290.0,40.0
14521,145210.0,1790707390871,12339983356600,177190.0,44.0
14522,145220.0,1790707390874,12339986353400,177366.0,37.0
14523,145230.0,1790707390876,12339987745200,177369.0,44.0
14524,145240.0,1790707390877,12339989003000,177585.0,52.0
14525,145250.0,1790707390878,12339990373200,177547.0,37.0
14526,145260.0,1790707390880,12339991623400,177671.0,47.0
14527,145270.0,1790707390881,12339992854300,177580.0,27.0
14528,145280.0,1790707390882,12339994424100,177686.0,39.0
14529,145290.0,1790707390885,12339997202700,177519.0,43.0
14530,145300.0,1790707390887,12339998964200,177585.0,49.0
14531,145310.0,1790707390888,12340000303100,177451.0,32.0
14532,145320.0,1790707390890,12340001611500,177544.0,45.0
14533,145330.0,1790707390891,12340002858200,177426.0,56.0
14534,145340.0,1790707390892,12340004358700,177582.0,48.0
14535,145350.0,1790707390894,12340006296500,177490.0,38.0
14536,145360.0,1790707390904,12340016377300,177648.0,31.0
14537,145370.0,1790707390915,12340026634100,177577.0,46.0
14538,145380.0,1790707390924,12340036398300,177741.0,24.0
14539,145390.0,1790707390935,12340046543100,177675.0,26.0
14540,145400.0,1790707390945,12340056501000,177850.0,28.0
14541,145410.0,1790707390955,12340066751800,177816.0,42.0
14542,145420.0,1790707390965,12340076780000,178006.0,37.0
14543,145430.0,1790707390975,12340086596000,177920.0,30.0
14544,145440.0,1790707390985,12340096635300,177971.0,34.0
14545,145450.0,1790707390995,12340106636900,177810.0,44.0
14546,145460.0,1790707391005,12340116741100,177833.0,36.0
14547,145470.0,1790707391015,12340126973500,177661.0,21.0
14548,145480.0,1790707391025,12340136800800,177742.0,20.0
14549,145490.0,1790707391035,12340146831100,177704.0,46.0
14550,145500.0,1790707391045,12340156857600,177895.0,36.0
14551,145510.0,1790707391055,12340166856600,177877.0,30.0
14552,145520.0,1790707391065,12340176896600,178058.0,40.0
14553,145530.0,1790707391075,12340187135000,178032.0,35.0
14554,145540.0,1790707391085,12340197033700,178152.0,42.0
14555,145550.0,1790707391095,12340207112300,178041.0,37.0
14556,145560.0,1790707391105,12340217123500,178092.0,41.0
14557,145570.0,1790707391116,12340227513000,177937.0,39.0
14558,145580.0,1790707391125,12340237073400,177860.0,35.0
14559,145590.0,1790707391135,12340246902900,177577.0,31.0
14560,145600.0,1790707391147,12340258528900,177539.0,39.0
14561,145610.0,1790707391157,12340268618900,177386.0,39.0
14562,145620.0,1790707391166,12340278095400,177519.0,46.0
14563,145630.0,1790707391175,12340287055000,177457.0,60.0
14564,145640.0,1790707391185,12340297459400,177596.0,43.0
14565,145650.0,1790707391195,12340307276400,177509.0,48.0
14566,145660.0,1790707391205,12340317416400,177598.0,30.0
14567,145670.0,1790707391216,12340327512200,177486.0,52.0
14568,145680.0,1790707391225,12340337210000,177556.0,41.0
14569,145690.0,1790707391235,12340347418600,177471.0,41.0
14570,145700.0,1790707391245,12340357352400,177462.0,28.0
14571,145710.0,1790707391256,12340367980400,177272.0,46.0
14572,145720.0,1790707391266,12340377706600,177310.0,49.0
14573,145730.0,1790707391276,12340388080100,177264.0,54.0
14574,145740.0,1790707391286,12340398332000,177428.0,34.0
14575,145750.0,1790707391296,12340407822200,177437.0,55.0
14576,145760.0,1790707391306,12340417612700,177634.0,47.0
14577,145770.0,1790707391316,12340427878600,177609.0,33.0
14578,145780.0,1790707391326,12340437824900,177780.0,41.0
14579,145790.0,1790707391336,12340448186100,177745.0,25.0
14580,145800.0,1790707391346,12340457628100,177861.0,35.0
14581,145810.0,1790707391356,12340468221400,177819.0,33.0
14582,145820.0,1790707391366,12340477818600,177870.0,47.0
14583,145830.0,1790707391376,12340488235000,177792.0,47.0
14584,145840.0,1790707391386,12340498202800,177841.0,44.0
14585,145850.0,1790707391397,12340509465500,177771.0,46.0
14586,145860.0,1790707391408,12340519656800,177893.0,44.0
14587,145870.0,1790707391417,12340529259800,177912.0,50.0
14588,145880.0,1790707391428,12340540084100,178101.0,44.0
14589,145890.0,1790707391438,12340549772100,178154.0,44.0
14590,145900.0,1790707391448,12340560044300,178354.0,40.0
14591,145910.0,1790707391458,12340569824600,178436.0,49.0
14592,145920.0,1790707391468,12340579494300,178572.0,33.0
14593,145930.0,1790707391478,12340589878200,178499.0,27.0
14594,145940.0,1790707391488,12340599851400,178477.0,18.0
14595,145950.0,1790707391498,12340609619600,178429.0,55.0
14596,145960.0,1790707391508,12340619940500,178354.0,38.0
14597,145970.0,1790707391518,12340629606600,178327.0,52.0
14598,145980.0,1790707391527,12340638871000,178458.0,42.0
14599,145990.0,1790707391536,12340648100000,178489.0,48.0
14600,146000.0,1790707391546,12340657938600,178640.0,41.0
14601,146010.0,1790707391556,12340668084400,178689.0,41.0
14602,146020.0,1790707391566,12340678095200,178736.0,42.0
14603,146030.0,1790707391576,12340688134900,178598.0,47.0
14604,146040.0,1790707391586,12340698184800,178604.0,35.0
14605,146050.0,1790707391596,12340707973200,178411.0,41.0
14606,146060.0,1790707391607,12340718555200,178428.0,30.0
14607,146070.0,1790707391616,12340728244700,178341.0,37.0
14608,146080.0,1790707391628,12340739730400,178326.0,40.0
14609,146090.0,1790707391638,12340750151800,178292.0,43.0
14610,146100.0,1790707391648,12340760438800,178422.0,40.0
14611,146110.0,1790707391658,12340770170700,178444.0,25.0
14612,146120.0,1790707391668,12340780177300,178577.0,33.0
14613,146130.0,1790707391678,12340790309600,178544.0,39.0
14614,146140.0,1790707391688,12340799935600,178554.0,39.0
14615,146150.0,1790707391697,12340808930500,178406.0,39.0
14616,146160.0,1790707391706,12340818263600,178345.0,42.0
14617,146170.0,1790707391721,12340832770000,178189.0,37.0
14618,146180.0,1790707391781,12340892754000,178240.0,41.0
14619,146190.0,1790707391863,12340974896900,178230.0,42.0
14620,146200.0,1790707391866,12340977984900,178335.0,37.0
14621,146210.0,1790707391867,12340979469000,178310.0,35.0
14622,146220.0,1790707391869,12340980725300,178404.0,37.0
14623,146230.0,1790707391870,12340981861000,178335.0,34.0
14624,146240.0,1790707391871,12340983088600,178395.0,42.0
14625,146250.0,1790707391872,12340984253200,178322.0,35.0
14626,146260.0,1790707391873,12340985357400,178349.0,51.0
14627,146270.0,1790707391874,12340986459400,178326.0,45.0
14628,146280.0,1790707391876,12340987575200,178382.0,58.0
14629,146290.0,1790707391877,12340989436000,178297.0,49.0
14630,146300.0,1790707391879,12340990510200,178422.0,57.0
14631,146310.0,1790707391880,12340991492900,178387.0,36.0
14632,146320.0,1790707391881,12340992585100,178452.0,37.0
14633,146330.0,1790707391882,12340993937000,178376.0,36.0
14634,146340.0,1790707391887,12340998609000,178424.0,41.0
14635,146350.0,1790707391897,12341008798300,178364.0,56.0
14636,146360.0,1790707391907,12341018844600,178390.0,49.0
14637,146370.0,1790707391917,12341028857400,178318.0,44.0
14638,146380.0,1790707391927,12341038851100,178300.0,52.0
14639,146390.0,1790707391937,12341048927400,178118.0,58.0
14640,146400.0,1790707391947,12341058567800,178006.0,58.0
14641,146410.0,1790707391957,12341068631100,177831.0,41.0
14642,146420.0,1790707391967,12341078967700,177784.0,56.0
14643,146430.0,1790707391977,12341088671100,177678.0,48.0
14644,146440.0,1790707391987,12341098760300,177691.0,43.0
14645,146450.0,1790707391997,12341108885700,177684.0,31.0
14646,146460.0,1790707392007,12341118821600,177676.0,45.0
14647,146470.0,1790707392017,12341128854000,177533.0,43.0
14648,146480.0,1790707392030,12341141612500,177426.0,46.0
14649,146490.0,1790707392101,12341213266500,177224.0,33.0
14650,146500.0,1790707392161,12341273203700,177059.0,61.0
14651,146510.0,1790707392164,12341275989100,176907.0,30.0
14652,146520.0,1790707392225,12341337388700,176850.0,27.0
14653,146530.0,1790707392278,12341389735100,176795.0,59.0
14654,146540.0,1790707392279,12341391009100,176893.0,52.0
14655,146550.0,1790707392283,12341395147600,176938.0,39.0
14656,146560.0,1790707392284,12341396339000,177067.0,47.0
14657,146570.0,1790707392285,12341397359900,177109.0,40.0
14658,146580.0,1790707392286,12341398331100,177216.0,37.0
14659,146590.0,1790707392287,12341399288500,177212.0,54.0
14660,146600.0,1790707392288,12341400238400,177278.0,47.0
14661,146610.0,1790707392289,12341401163700,177246.0,51.0
14662,146620.0,1790707392290,12341402090900,177255.0,51.0
14663,146630.0,1790707392291,12341403027500,177180.0,60.0
14664,146640.0,1790707392292,12341403955300,177178.0,49.0
14665,146650.0,1790707392293,12341404901600,177152.0,42.0
14666,146660.0,1790707392294,12341405915000,177162.0,47.0
14667,146670.0,1790707392295,12341406999600,177122.0,50.0
14668,146680.0,1790707392296,12341408030100,177120.0,50.0
14669,146690.0,1790707392297,12341409163400,177006.0,38.0
14670,146700.0,1790707392298,12341410197800,176898.0,50.0
14671,146710.0,1790707392299,12341411166400,176665.0,44.0
14672,146720.0,1790707392300,12341412131000,176443.0,65.0
14673,146730.0,1790707392301,12341413109900,176223.0,71.0
14674,146740.0,1790707392302,12341414085800,176113.0,49.0
14675,146750.0,1790707392303,12341415053300,175980.0,47.0
14676,146760.0,1790707392308,12341419494500,175863.0,52.0
14677,146770.0,1790707392318,12341429638200,175784.0,54.0
14678,146780.0,1790707392328,12341439899600,175811.0,50.0
14679,146790.0,1790707392338,12341449713600,175796.0,42.0
14680,146800.0,1790707392348,12341459876200,175797.0,54.0
14681,146810.0,1790707392358,12341469864000,175864.0,56.0
14682,146820.0,1790707392368,12341479823900,175803.0,42.0
14683,146830.0,1790707392378,12341489901600,175795.0,57.0
14684,146840.0,1790707392388,12341499911900,175768.0,61.0
14685,146850.0,1790707392398,12341509979500,175662.0,46.0
14686,146860.0,1790707392408,12341519927600,175634.0,57.0
14687,146870.0,1790707392418,12341529696600,175647.0,46.0
14688,146880.0,1790707392428,12341539645600,175628.0,43.0
14689,146890.0,1790707392438,12341549696500,175584.0,49.0
14690,146900.0,1790707392448,12341559727700,175586.0,40.0
14691,146910.0,1790707392458,12341569783400,175596.0,44.0
14692,146920.0,1790707392468,12341579793000,175580.0,33.0
14693,146930.0,1790707392478,12341589798400,175575.0,46.0
14694,146940.0,1790707392488,12341600119700,175592.0,45.0
14695,146950.0,1790707392498,12341609936800,175581.0,42.0
14696,146960.0,1790707392508,12341619969600,175556.0,51.0
14697,146970.0,1790707392518,12341630000000,175484.0,55.0
14698,146980.0,1790707392528,12341640027100,175463.0,52.0
14699,146990.0,1790707392538,12341650326100,175386.0,46.0
14700,147000.0,1790707392548,12341660182500,175319.0,47.0
14701,147010.0,1790707392558,12341670149200,175254.0,34.0
14702,147020.0,1790707392568,12341680175800,175223.0,45.0
14703,147030.0,1790707392578,12341690229800,175191.0,45.0
14704,147040.0,1790707392589,12341700530300,175188.0,59.0
14705,147050.0,1790707392599,12341710589200,175244.0,58.0
14706,147060.0,1790707392609,12341720478100,175277.0,60.0
14707,147070.0,1790707392619,12341730516400,175248.0,43.0
14708,147080.0,1790707392630,12341741710600,175156.0,48.0
14709,147090.0,1790707392639,12341751155700,175083.0,26.0
14710,147100.0,1790707392649,12341761011000,175015.0,38.0
14711,147110.0,1790707392659,12341771080900,174993.0,32.0
14712,147120.0,1790707392670,12341781574300,174957.0,37.0
14713,147130.0,1790707392680,12341791735300,174906.0,42.0
14714,147140.0,1790707392690,12341801655900,174799.0,43.0
14715,147150.0,1790707392699,12341811092100,174689.0,50.0
14716,147160.0,1790707392710,12341821722500,174622.0,44.0
14717,147170.0,1790707392731,12341842940200,174583.0,44.0
14718,147180.0,1790707392735,12341846588400,174503.0,36.0
14719,147190.0,1790707392740,12341851562000,174414.0,43.0
14720,147200.0,1790707392834,12341946394900,174286.0,40.0
14721,147210.0,1790707392893,12342005229600,174221.0,36.0
14722,147220.0,1790707392895,12342006728900,174148.0,30.0
14723,147230.0,1790707392899,12342011403500,174144.0,48.0
14724,147240.0,1790707392901,12342013029500,174161.0,39.0
14725,147250.0,1790707392902,12342014414400,174277.0,54.0
14726,147260.0,1790707392904,12342015717400,174402.0,43.0
14727,147270.0,1790707392905,12342017022200,174555.0,36.0
14728,147280.0,1790707392906,12342018347500,174660.0,43.0
14729,147290.0,1790707392908,12342019729000,174806.0,39.0
14730,147300.0,1790707392909,12342021221100,174940.0,41.0
14731,147310.0,1790707392911,12342022551700,175052.0,29.0
14732,147320.0,1790707392912,12342023911400,175134.0,46.0
14733,147330.0,1790707392913,12342025359300,175186.0,34.0
14734,147340.0,1790707392915,12342026654600,175148.0,42.0
14735,147350.0,1790707392916,12342028295700,175125.0,28.0
14736,147360.0,1790707392918,12342030203200,175093.0,33.0
14737,147370.0,1790707392920,12342031583000,175128.0,61.0
14738,147380.0,1790707392929,12342040858600,175095.0,34.0
14739,147390.0,1790707392939,12342050933900,175116.0,44.0
14740,147400.0,1790707392949,12342061058800,175098.0,56.0
14741,147410.0,1790707392959,12342071031400,175138.0,53.0
14742,147420.0,1790707392969,12342081072100,175150.0,35.0
14743,147430.0,1790707392979,12342091115900,175231.0,48.0
14744,147440.0,1790707392989,12342101089300,175301.0,47.0
14745,147450.0,1790707392999,12342111183800,175456.0,24.0
14746,147460.0,1790707393009,12342121231400,175608.0,39.0
14747,147470.0,1790707393019,12342131229600,175832.0,43.0
14748,147480.0,1790707393029,12342141373400,175980.0,52.0
14749,147490.0,1790707393040,12342151536300,176044.0,36.0
14750,147500.0,1790707393049,12342161304800,176057.0,50.0
14751,147510.0,1790707393059,12342171032200,175930.0,42.0
14752,147520.0,1790707393069,12342181064800,175741.0,30.0
14753,147530.0,1790707393080,12342191551800,175619.0,40.0
14754,147540.0,1790707393089,12342201147600,175533.0,38.0
14755,147550.0,1790707393099,12342211380200,175329.0,31.0
14756,147560.0,1790707393109,12342221347200,175326.0,36.0
14757,147570.0,1790707393120,12342231532500,175145.0,37.0
14758,147580.0,1790707393131,12342243207500,175015.0,49.0
14759,147590.0,1790707393140,12342252439300,174952.0,40.0
14760,147600.0,1790707393151,12342262688200,174756.0,38.0
14761,147610.0,1790707393161,12342272764100,174818.0,36.0
14762,147620.0,1790707393171,12342282823800,174666.0,46.0
14763,147630.0,1790707393181,12342293359100,174533.0,45.0
14764,147640.0,1790707393191,12342302960900,174349.0,43.0
14765,147650.0,1790707393201,12342312981200,174220.0,32.0
14766,147660.0,1790707393211,12342322749800,174053.0,42.0
14767,147670.0,1790707393221,12342333028800,173965.0,49.0
14768,147680.0,1790707393231,12342342922200,173664.0,49.0
14769,147690.0,1790707393241,12342353002200,173619.0,55.0
14770,147700.0,1790707393251,12342363142000,173486.0,43.0
14771,147710.0,1790707393261,12342373101400,173151.0,48.0
14772,147720.0,1790707393271,12342382698500,172770.0,37.0
14773,147730.0,1790707393280,12342392232600,172384.0,45.0
14774,147740.0,1790707393290,12342401723000,172248.0,31.0
14775,147750.0,1790707393300,12342411700400,172230.0,38.0
14776,147760.0,1790707393310,12342422087000,172143.0,30.0
14777,147770.0,1790707393320,12342432397000,172002.0,41.0
14778,147780.0,1790707393331,12342443421400,171936.0,33.0
14779,147790.0,1790707393341,12342452931800,171694.0,35.0
14780,147800.0,1790707393351,12342462642900,171747.0,39.0
14781,147810.0,1790707393360,12342472390000,170996.0,42.0
14782,147820.0,1790707393370,12342481835000,170644.0,51.0
14783,147830.0,1790707393380,12342492293400,169934.0,46.0
14784,147840.0,1790707393390,12342501939100,169662.0,40.0
14785,147850.0,1790707393400,12342512230900,169568.0,46.0
14786,147860.0,1790707393410,12342522396100,169599.0,44.0
14787,147870.0,1790707393420,12342532155600,169462.0,32.0
14788,147880.0,1790707393430,12342542382200,169340.0,37.0
14789,147890.0,1790707393441,12342552584100,169369.0,24.0
14790,147900.0,1790707393451,12342562545800,169566.0,42.0
14791,147910.0,1790707393461,12342572664800,169338.0,49.0
14792,147920.0,1790707393470,12342582474000,169140.0,58.0
14793,147930.0,1790707393480,12342592386800,168892.0,51.0
14794,147940.0,1790707393491,12342602531700,168669.0,38.0
14795,147950.0,1790707393500,12342612398200,168421.0,32.0
14796,147960.0,1790707393511,12342622620200,168186.0,33.0
14797,147970.0,1790707393521,12342632500700,167789.0,30.0
14798,147980.0,1790707393530,12342642377800,167537.0,42.0
14799,147990.0,1790707393541,12342652880100,167343.0,31.0
14800,148000.0,1790707393551,12342663015400,167139.0,55.0
14801,148010.0,1790707393561,12342673060900,167031.0,55.0
14802,148020.0,1790707393572,12342683532800,166903.0,46.0
14803,148030.0,1790707393581,12342693188500,166857.0,35.0
14804,148040.0,1790707393591,12342703222800,166645.0,45.0
14805,148050.0,1790707393601,12342713202200,166402.0,41.0
14806,148060.0,1790707393611,12342722788100,166167.0,29.0
14807,148070.0,1790707393621,12342732981200,165648.0,49.0
14808,148080.0,1790707393631,12342742859300,165146.0,22.0
14809,148090.0,1790707393641,12342753025600,163922.0,46.0
14810,148100.0,1790707393651,12342763079100,161808.0,43.0
14811,148110.0,1790707393661,12342773059000,163455.0,47.0
14812,148120.0,1790707393671,12342783256600,163525.0,54.0
14813,148130.0,1790707393681,12342793357700,162743.0,49.0
14814,148140.0,1790707393691,12342803349300,157337.0,21.0
14815,148150.0,1790707393702,12342813687800,148214.0,42.0
14816,148160.0,1790707393712,12342823884400,140192.0,45.0
14817,148170.0,1790707393722,12342834126200,133776.0,37.0
14818,148180.0,1790707393751,12342862503400,129750.0,35.0
14819,148190.0,1790707393752,12342864151500,128759.0,45.0
14820,148200.0,1790707393753,12342865379600,130204.0,51.0
14821,148210.0,1790707393835,12342947193100,130713.0,61.0
14822,148220.0,1790707393897,12343008493800,126993.0,38.0
14823,148230.0,1790707393899,12343010497700,115982.0,47.0
14824,148240.0,1790707393900,12343011777400,99367.0,42.0
14825,148250.0,1790707393901,12343012979800,84554.0,42.0
14826,148260.0,1790707393902,12343014204300,74742.0,45.0
14827,148270.0,1790707393903,12343015390400,67801.0,36.0
14828,148280.0,1790707393905,12343016572200,60956.0,32.0
14829,148290.0,1790707393906,12343017793900,54179.0,37.0
14830,148300.0,1790707393907,12343018993200,47137.0,45.0
14831,148310.0,1790707393908,12343020349900,39925.0,38.0
14832,148320.0,1790707393910,12343021632000,32246.0,36.0
14833,148330.0,1790707393911,12343022843900,25744.0,42.0
14834,148340.0,1790707393912,12343024124900,20518.0,30.0
14835,148350.0,1790707393913,12343025306300,16303.0,33.0
14836,148360.0,1790707393915,12343026502200,12906.0,30.0
14837,148370.0,1790707393921,12343033184000,10147.0,30.0
14838,148380.0,1790707393931,12343043138900,7973.0,33.0
14839,148390.0,1790707393941,12343052924000,6305.0,16.0
14840,148400.0,1790707393951,12343062985100,5066.0,22.0
14841,148410.0,1790707393961,12343073049300,4153.0,22.0
14842,148420.0,1790707393971,12343083049700,3482.0,34.0
14843,148430.0,1790707393981,12343093039500,2905.0,52.0
14844,148440.0,1790707393991,12343102997200,2419.0,41.0
14845,148450.0,1790707394001,12343113126200,2047.0,37.0
14846,148460.0,1790707394011,12343123094600,1738.0,47.0
14847,148470.0,1790707394021,12343133339100,1527.0,20.0
14848,148480.0,1790707394031,12343143372700,1387.0,23.0
14849,148490.0,1790707394041,12343153262200,1309.0,30.0
14850,148500.0,1790707394051,12343163281500,1236.0,11.0
14851,148510.0,1790707394062,12343173822400,1177.0,23.0
14852,148520.0,1790707394071,12343183422300,1128.0,26.0
14853,148530.0,1790707394081,12343193472200,1112.0,38.0
14854,148540.0,1790707394091,12343203450500,1090.0,42.0
14855,148550.0,1790707394102,12343213605500,1069.0,32.0
14856,148560.0,1790707394111,12343223293700,1066.0,36.0
14857,148570.0,1790707394122,12343234325500,1074.0,22.0
14858,148580.0,1790707394132,12343244473000,1077.0,19.0
14859,148590.0,1790707394142,12343253947200,1088.0,22.0
14860,148600.0,1790707394152,12343263986500,1070.0,15.0
14861,148610.0,1790707394162,12343273661600,1093.0,22.0
14862,148620.0,1790707394172,12343283873500,1081.0,28.0
14863,148630.0,1790707394182,12343294224200,1090.0,33.0
14864,148640.0,1790707394192,12343304434100,1060.0,33.0
14865,148650.0,1790707394203,12343314696600,1064.0,42.0
14866,148660.0,1790707394213,12343325226900,1091.0,34.0
14867,148670.0,1790707394224,12343335610500,1091.0,29.0
14868,148680.0,1790707394234,12343345590900,1066.0,18.0
14869,148690.0,1790707394244,12343355661200,1088.0,32.0
14870,148700.0,1790707394254,12343365702100,1089.0,17.0
14871,148710.0,1790707394263,12343375256400,1087.0,19.0
14872,148720.0,1790707394274,12343385803100,1088.0,6.0
14873,148730.0,1790707394283,12343395165300,1094.0,24.0
14874,148740.0,1790707394293,12343405368900,1096.0,14.0
14875,148750.0,1790707394303,12343415282200,1078.0,12.0
14876,148760.0,1790707394313,12343424789000,1069.0,15.0
14877,148770.0,1790707394322,12343434313400,1066.0,20.0
14878,148780.0,1790707394332,12343443820200,1072.0,10.0
14879,148790.0,1790707394342,12343454324400,1069.0,10.0
14880,148800.0,1790707394352,12343464359600,1067.0,22.0
14881,148810.0,1790707394362,12343474138700,1086.0,2.0
14882,148820.0,1790707394372,12343484397900,1084.0,5.0
14883,148830.0,1790707394383,12343494512300,1074.0,4.0
14884,148840.0,1790707394393,12343504570800,1078.0,0.0
14885,148850.0,1790707394402,12343514207900,1074.0,29.0
14886,148860.0,1790707394413,12343524503000,1053.0,21.0
14887,148870.0,1790707394423,12343534622500,1060.0,24.0
14888,148880.0,1790707394432,12343544100200,1053.0,31.0
14889,148890.0,1790707394442,12343554136100,1065.0,34.0
14890,148900.0,1790707394453,12343564522400,1073.0,34.0
14891,148910.0,1790707394463,12343574695100,1078.0,21.0
14892,148920.0,1790707394473,12343584567300,1066.0,32.0
14893,148930.0,1790707394482,12343594369100,1055.0,25.0
14894,148940.0,1790707394492,12343604408600,1076.0,47.0
14895,148950.0,1790707394503,12343614646300,1058.0,51.0
14896,148960.0,1790707394513,12343624625300,1058.0,42.0
14897,148970.0,1790707394523,12343634689200,1078.0,47.0
14898,148980.0,1790707394533,12343644558000,1082.0,36.0
14899,148990.0,1790707394542,12343654207000,1083.0,42.0
14900,149000.0,1790707394553,12343664545200,1082.0,22.0
14901,149010.0,1790707394563,12343674738500,1084.0,45.0
14902,149020.0,1790707394573,12343684669700,1084.0,30.0
14903,149030.0,1790707394583,12343694789700,1099.0,27.0
14904,149040.0,1790707394593,12343704795300,1096.0,41.0
14905,149050.0,1790707394603,12343714969400,1087.0,47.0
14906,149060.0,1790707394613,12343724893200,1084.0,35.0
14907,149070.0,1790707394623,12343735358200,1070.0,43.0
14908,149080.0,1790707394633,12343745357200,1077.0,42.0
14909,149090.0,1790707394644,12343755646700,1071.0,41.0
14910,149100.0,1790707394654,12343765636100,1063.0,49.0
14911,149110.0,1790707394664,12343775631300,1074.0,43.0
14912,149120.0,1790707394674,12343786309200,1065.0,25.0
14913,149130.0,1790707394685,12343796688500,1082.0,16.0
14914,149140.0,1790707394695,12343806723200,1069.0,30.0
14915,149150.0,1790707394705,12343816728800,1085.0,42.0
14916,149160.0,1790707394737,12343849473900,1070.0,40.0
14917,149170.0,1790707394739,12343851064600,1079.0,44.0
14918,149180.0,1790707394741,12343852621500,1075.0,30.0
14919,149190.0,1790707394817,12343929326300,1077.0,42.0
14920,149200.0,1790707394881,12343992666100,1077.0,36.0
14921,149210.0,1790707394883,12343995175000,1090.0,15.0
14922,149220.0,1790707394885,12343996613000,1084.0,21.0
14923,149230.0,1790707394886,12343997949700,1086.0,25.0
14924,149240.0,1790707394887,12343999297300,1095.0,7.0
14925,149250.0,1790707394889,12344000593600,1106.0,22.0
14926,149260.0,1790707394890,12344001870600,1095.0,17.0
14927,149270.0,1790707394891,12344003224000,1096.0,26.0
14928,149280.0,1790707394893,12344004547000,1081.0,33.0
14929,149290.0,1790707394894,12344006460600,1087.0,37.0
14930,149300.0,1790707394897,12344008638400,1090.0,30.0
14931,149310.0,1790707394898,12344010173000,1085.0,32.0
14932,149320.0,1790707394900,12344011490600,1095.0,25.0
14933,149330.0,1790707394901,12344012899800,1101.0,18.0
14934,149340.0,1790707394902,12344014203300,1086.0,28.0
14935,149350.0,1790707394904,12344015522700,1102.0,20.0
14936,149360.0,1790707394913,12344025349200,1104.0,25.0
14937,149370.0,1790707394923,12344035180400,1097.0,29.0
14938,149380.0,1790707394934,12344045864900,1105.0,47.0
14939,149390.0,1790707394943,12344055424300,1102.0,30.0
14940,149400.0,1790707394954,12344065706800,1102.0,50.0
14941,149410.0,1790707394964,12344075892700,1090.0,50.0
14942,149420.0,1790707394973,12344085423600,1093.0,38.0
14943,149430.0,1790707394983,12344095158700,1090.0,29.0
14944,149440.0,1790707394993,12344105143000,1099.0,51.0
14945,149450.0,1790707395003,12344115200800,1105.0,37.0
14946,149460.0,1790707395013,12344125306800,1098.0,34.0
14947,149470.0,1790707395023,12344135322400,1108.0,31.0
14948,149480.0,1790707395033,12344145376400,1099.0,45.0
14949,149490.0,1790707395043,12344155467900,1087.0,62.0
14950,149500.0,1790707395053,12344165463400,1092.0,51.0
14951,149510.0,1790707395063,12344175462600,1084.0,42.0
14952,149520.0,1790707395073,12344185466500,1093.0,43.0
14953,149530.0,1790707395084,12344195528800,1090.0,53.0
14954,149540.0,1790707395094,12344205543700,1099.0,39.0
14955,149550.0,1790707395104,12344215991600,1089.0,27.0
14956,149560.0,1790707395114,12344226251200,1097.0,35.0
14957,149570.0,1790707395125,12344236782200,1104.0,40.0
14958,149580.0,1790707395135,12344246711300,1085.0,51.0
14959,149590.0,1790707395145,12344256916400,1086.0,57.0
14960,149600.0,1790707395154,12344266448700,1100.0,48.0
14961,149610.0,1790707395164,12344276032500,1092.0,49.0
14962,149620.0,1790707395174,12344286324900,1095.0,36.0
14963,149630.0,1790707395184,12344296466900,1109.0,37.0
14964,149640.0,1790707395194,12344306379300,1111.0,43.0
14965,149650.0,1790707395204,12344316201800,1111.0,31.0
14966,149660.0,1790707395214,12344326282800,1106.0,38.0
14967,149670.0,1790707395224,12344336430900,1113.0,44.0
14968,149680.0,1790707395234,12344346365100,1091.0,44.0
14969,149690.0,1790707395245,12344356719700,1108.0,38.0
14970,149700.0,1790707395255,12344366663700,1112.0,50.0
14971,149710.0,1790707395264,12344376341500,1091.0,39.0
14972,149720.0,1790707395275,12344386694500,1098.0,32.0
14973,149730.0,1790707395285,12344396740700,1089.0,36.0
14974,149740.0,1790707395295,12344407225000,1086.0,36.0
14975,149750.0,1790707395305,12344416993400,1097.0,39.0
14976,149760.0,1790707395315,12344426668800,1104.0,22.0
14977,149770.0,1790707395324,12344436421900,1099.0,42.0
14978,149780.0,1790707395334,12344446269000,1101.0,33.0
14979,149790.0,1790707395344,12344456230000,1098.0,54.0
14980,149800.0,1790707395354,12344466182900,1079.0,58.0
14981,149810.0,1790707395365,12344476540200,1077.0,54.0
14982,149820.0,1790707395375,12344486943200,1080.0,45.0
14983,149830.0,1790707395384,12344496065400,1075.0,47.0
14984,149840.0,1790707395395,12344506555400,1082.0,40.0
14985,149850.0,1790707395405,12344516580900,1078.0,27.0
14986,149860.0,1790707395415,12344526809100,1096.0,36.0
14987,149870.0,1790707395425,12344536584600,1096.0,23.0
14988,149880.0,1790707395435,12344547035000,1085.0,42.0
14989,149890.0,1790707395446,12344557513000,1075.0,46.0
14990,149900.0,1790707395456,12344567738700,1079.0,42.0
14991,149910.0,1790707395465,12344577421600,1073.0,54.0
14992,149920.0,1790707395476,12344587690400,1084.0,46.0
14993,149930.0,1790707395486,12344597767200,1073.0,34.0
14994,149940.0,1790707395496,12344607778600,1088.0,37.0
14995,149950.0,1790707395506,12344617807400,1083.0,31.0
14996,149960.0,1790707395516,12344627855200,1074.0,33.0
14997,149970.0,1790707395526,12344637932700,1082.0,37.0
14998,149980.0,1790707395536,12344648231100,1092.0,50.0
14999,149990.0,1790707395546,12344657843800,1081.0,35.0
15000,150000.0,1790707395556,12344667843300,1072.0,52.0
15001,150010.0,1790707395566,12344677704200,1076.0,64.0
15002,150020.0,1790707395576,12344687845500,1079.0,56.0
15003,150030.0,1790707395586,12344697840200,1087.0,48.0
15004,150040.0,1790707395596,12344707724700,1081.0,63.0
15005,150050.0,1790707395606,12344717997300,1090.0,45.0
15006,150060.0,1790707395616,12344727900300,1084.0,46.0
15007,150070.0,1790707395626,12344737921900,1094.0,46.0
15008,150080.0,1790707395636,12344747749800,1089.0,63.0
15009,150090.0,1790707395645,12344757379600,1086.0,57.0
15010,150100.0,1790707395655,12344766935900,1102.0,69.0
15011,150110.0,1790707395665,12344776846100,1095.0,55.0
15012,150120.0,1790707395675,12344787441900,1097.0,52.0
15013,150130.0,1790707395685,12344796907900,1086.0,57.0
15014,150140.0,1790707395695,12344806974600,1095.0,56.0
15015,150150.0,1790707395705,12344817355100,1130.0,50.0
15016,150160.0,1790707395719,12344830715400,1108.0,46.0
15017,150170.0,1790707395791,12344902555600,1131.0,38.0
15018,150180.0,1790707395858,12344969907200,1138.0,58.0
15019,150190.0,1790707395859,12344971423700,1145.0,65.0
15020,150200.0,1790707395861,12344972948700,1136.0,51.0
15021,150210.0,1790707395863,12344975158400,1150.0,50.0
15022,150220.0,1790707395865,12344976679300,1131.0,56.0
15023,150230.0,1790707395866,12344978071800,1136.0,57.0
15024,150240.0,1790707395868,12344979812300,1141.0,55.0
15025,150250.0,1790707395871,12344983175500,1142.0,55.0
15026,150260.0,1790707395873,12344984684000,1148.0,34.0
15027,150270.0,1790707395874,12344986377600,1167.0,39.0
15028,150280.0,1790707395876,12344988300500,1155.0,54.0
15029,150290.0,1790707395878,12344989945300,1171.0,36.0
15030,150300.0,1790707395880,12344992043500,1165.0,42.0
15031,150310.0,1790707395881,12344993435600,1156.0,39.0
15032,150320.0,1790707395883,12344994838300,1169.0,37.0
15033,150330.0,1790707395885,12344997258900,1179.0,38.0
15034,150340.0,1790707395896,12345007479200,1174.0,43.0
15035,150350.0,1790707395905,12345017226500,1177.0,45.0
15036,150360.0,1790707395915,12345027248900,1149.0,61.0
15037,150370.0,1790707395925,12345037287200,1159.0,51.0
15038,150380.0,1790707395935,12345047348700,1163.0,54.0
15039,150390.0,1790707395945,12345057324700,1161.0,36.0
15040,150400.0,1790707395955,12345067390100,1164.0,36.0
15041,150410.0,1790707395966,12345077489300,1145.0,39.0
15042,150420.0,1790707395976,12345087584000,1164.0,28.0
15043,150430.0,1790707395986,12345097570000,1142.0,42.0
15044,150440.0,1790707395996,12345107553200,1142.0,63.0
15045,150450.0,1790707396006,12345117611500,1124.0,54.0
15046,150460.0,1790707396016,12345127863100,1136.0,63.0
15047,150470.0,1790707396026,12345137602800,1110.0,63.0
15048,150480.0,1790707396036,12345147687300,1115.0,66.0
15049,150490.0,1790707396045,12345157432900,1123.0,45.0
15050,150500.0,1790707396055,12345167433200,1139.0,57.0
15051,150510.0,1790707396066,12345177586200,1116.0,65.0
15052,150520.0,1790707396076,12345187566700,1104.0,51.0
15053,150530.0,1790707396086,12345197541700,1107.0,70.0
15054,150540.0,1790707396096,12345207662400,1119.0,82.0
15055,150550.0,1790707396107,12345218770300,1122.0,83.0
15056,150560.0,1790707396116,12345228431600,1104.0,82.0
15057,150570.0,1790707396128,12345239488500,1105.0,75.0
15058,150580.0,1790707396138,12345249609300,1105.0,83.0
15059,150590.0,1790707396147,12345258911300,1114.0,85.0
15060,150600.0,1790707396157,12345268965900,1127.0,64.0
15061,150610.0,1790707396167,12345278894400,1116.0,52.0
15062,150620.0,1790707396177,12345289234700,1114.0,57.0
15063,150630.0,1790707396187,12345299117800,1113.0,52.0
15064,150640.0,1790707396197,12345309094500,1112.0,58.0
15065,150650.0,1790707396207,12345319369700,1123.0,71.0
15066,150660.0,1790707396217,12345329353800,1124.0,61.0
15067,150670.0,1790707396227,12345339133400,1104.0,70.0
15068,150680.0,1790707396237,12345349116700,1107.0,69.0
15069,150690.0,1790707396247,12345358831300,1114.0,44.0
15070,150700.0,1790707396257,12345369435200,1111.0,65.0
15071,150710.0,1790707396267,12345378517300,1110.0,57.0
15072,150720.0,1790707396276,12345388162700,1122.0,57.0
15073,150730.0,1790707396286,12345398078800,1131.0,55.0
15074,150740.0,1790707396297,12345408550200,1114.0,64.0
15075,150750.0,1790707396307,12345418480100,1127.0,54.0
15076,150760.0,1790707396317,12345428532800,1118.0,58.0
15077,150770.0,1790707396326,12345438156500,1115.0,67.0
15078,150780.0,1790707396336,12345448155800,1114.0,60.0
15079,150790.0,1790707396347,12345458533900,1095.0,59.0
15080,150800.0,1790707396357,12345468780600,1123.0,58.0
15081,150810.0,1790707396366,12345478267900,1115.0,48.0
15082,150820.0,1790707396379,12345490518300,1115.0,49.0
15083,150830.0,1790707396388,12345500424300,1120.0,48.0
15084,150840.0,1790707396398,12345510165500,1115.0,50.0
15085,150850.0,1790707396408,12345520264000,1114.0,60.0
15086,150860.0,1790707396419,12345530582400,1130.0,63.0
15087,150870.0,1790707396429,12345540596600,1113.0,43.0
15088,150880.0,1790707396438,12345550441500,1108.0,55.0
15089,150890.0,1790707396449,12345560630500,1098.0,64.0
15090,150900.0,1790707396458,12345570220900,1102.0,61.0
15091,150910.0,1790707396468,12345579526800,1118.0,49.0
15092,150920.0,1790707396477,12345589403000,1114.0,47.0
15093,150930.0,1790707396488,12345599698100,1128.0,53.0
15094,150940.0,1790707396498,12345609596000,1125.0,42.0
15095,150950.0,1790707396508,12345619958800,1121.0,42.0
15096,150960.0,1790707396518,12345629806800,1105.0,31.0
15097,150970.0,1790707396528,12345639997000,1118.0,53.0
15098,150980.0,1790707396538,12345649867400,1105.0,60.0
15099,150990.0,1790707396548,12345659789400,1113.0,46.0
15100,151000.0,1790707396558,12345669665800,1110.0,52.0
15101,151010.0,1790707396568,12345679704400,1107.0,29.0
15102,151020.0,1790707396578,12345690078200,1116.0,30.0
15103,151030.0,1790707396588,12345700203800,1118.0,54.0
15104,151040.0,1790707396598,12345710135600,1114.0,29.0
15105,151050.0,1790707396608,12345720092500,1117.0,53.0
15106,151060.0,1790707396618,12345730182900,1113.0,43.0
15107,151070.0,1790707396628,12345740022200,1107.0,43.0
15108,151080.0,1790707396638,12345749962600,1112.0,50.0
15109,151090.0,1790707396648,12345759908500,1118.0,44.0
15110,151100.0,1790707396658,12345770078600,1118.0,41.0
15111,151110.0,1790707396668,12345779718300,1109.0,34.0
15112,151120.0,1790707396678,12345789970100,1107.0,44.0
15113,151130.0,1790707396688,12345800030200,1136.0,42.0
15114,151140.0,1790707396698,12345810045400,1128.0,42.0
15115,151150.0,1790707396708,12345820375800,1135.0,43.0
15116,151160.0,1790707396719,12345830740200,1131.0,44.0
15117,151170.0,1790707396741,12345852812700,1123.0,43.0
15118,151180.0,1790707396744,12345855799400,1125.0,43.0
15119,151190.0,1790707396748,12345859992600,1129.0,47.0
15120,151200.0,1790707396808,12345920000200,1130.0,50.0
15121,151210.0,1790707396892,12346004042400,1134.0,50.0
15122,151220.0,1790707396894,12346006014200,1133.0,41.0
15123,151230.0,1790707396896,12346008346900,1158.0,28.0
15124,151240.0,1790707396898,12346009633700,1157.0,48.0
15125,151250.0,1790707396899,12346010869200,1154.0,34.0
15126,151260.0,1790707396900,12346012062900,1151.0,41.0
15127,151270.0,1790707396901,12346013265300,1171.0,45.0
15128,151280.0,1790707396904,12346015617400,1142.0,55.0
15129,151290.0,1790707396905,12346016868400,1151.0,54.0
15130,151300.0,1790707396906,12346017939700,1155.0,45.0
15131,151310.0,1790707396907,12346018958700,1150.0,43.0
15132,151320.0,1790707396908,12346019970000,1163.0,44.0
15133,151330.0,1790707396909,12346021084600,1163.0,25.0
15134,151340.0,1790707396911,12346022651500,1172.0,27.0
15135,151350.0,1790707396912,12346024278900,1169.0,48.0
15136,151360.0,1790707396917,12346029317700,1170.0,42.0
15137,151370.0,1790707396928,12346039537800,1159.0,52.0
15138,151380.0,1790707396937,12346049414300,1151.0,48.0
15139,151390.0,1790707396950,12346061757800,1170.0,50.0
15140,151400.0,1790707396957,12346069424300,1147.0,46.0
15141,151410.0,1790707396968,12346079559700,1170.0,34.0
15142,151420.0,1790707396978,12346090230900,1166.0,36.0
15143,151430.0,1790707396988,12346099655100,1182.0,30.0
15144,151440.0,1790707396998,12346109650000,1171.0,33.0
15145,151450.0,1790707397008,12346119634400,1166.0,44.0
15146,151460.0,1790707397018,12346129721000,1158.0,47.0
15147,151470.0,1790707397028,12346140002500,1158.0,42.0
15148,151480.0,1790707397038,12346150165400,1174.0,36.0
15149,151490.0,1790707397048,12346159553200,1159.0,55.0
15150,151500.0,1790707397058,12346169579300,1160.0,46.0
15151,151510.0,1790707397068,12346179595100,1177.0,39.0
15152,151520.0,1790707397078,12346190345900,1174.0,25.0
15153,151530.0,1790707397088,12346199607900,1172.0,37.0
15154,151540.0,1790707397098,12346209684500,1163.0,28.0
15155,151550.0,1790707397108,12346219725200,1166.0,49.0
15156,151560.0,1790707397118,12346229736300,1153.0,45.0
15157,151570.0,1790707397128,12346239902500,1164.0,46.0
15158,151580.0,1790707397138,12346249911700,1160.0,44.0
15159,151590.0,1790707397148,12346259938000,1162.0,45.0
15160,151600.0,1790707397158,12346270020400,1167.0,49.0
15161,151610.0,1790707397168,12346280044400,1167.0,29.0
15162,151620.0,1790707397180,12346291866700,1159.0,33.0
15163,151630.0,1790707397189,12346300973300,1163.0,53.0
15164,151640.0,1790707397199,12346311006900,1164.0,33.0
15165,151650.0,1790707397210,12346321990000,1176.0,42.0
15166,151660.0,1790707397220,12346331584700,1177.0,50.0
15167,151670.0,1790707397229,12346341271800,1146.0,50.0
15168,151680.0,1790707397239,12346350514900,1154.0,54.0
15169,151690.0,1790707397248,12346360258100,1155.0,33.0
15170,151700.0,1790707397258,12346370063300,1140.0,23.0
15171,151710.0,1790707397268,12346380184500,1156.0,37.0
15172,151720.0,1790707397278,12346390366000,1179.0,23.0
15173,151730.0,1790707397289,12346400739700,1163.0,34.0
15174,151740.0,1790707397298,12346410067200,1155.0,39.0
15175,151750.0,1790707397311,12346422739700,1167.0,38.0
15176,151760.0,1790707397321,12346433060700,1155.0,33.0
15177,151770.0,1790707397329,12346441254100,1162.0,37.0
15178,151780.0,1790707397338,12346450275000,1145.0,42.0
15179,151790.0,1790707397348,12346460215000,1139.0,48.0
15180,151800.0,1790707397359,12346470834900,1142.0,48.0
15181,151810.0,1790707397368,12346480322200,1131.0,50.0
15182,151820.0,1790707397379,12346490916300,1148.0,39.0
15183,151830.0,1790707397388,12346500382100,1137.0,40.0
15184,151840.0,1790707397399,12346510694400,1143.0,37.0
15185,151850.0,1790707397409,12346520738500,1134.0,36.0
15186,151860.0,1790707397419,12346530615200,1136.0,55.0
15187,151870.0,1790707397429,12346540915000,1140.0,60.0
15188,151880.0,1790707397439,12346551028400,1136.0,51.0
15189,151890.0,1790707397449,12346560997500,1131.0,38.0
15190,151900.0,1790707397459,12346571301100,1130.0,43.0
15191,151910.0,1790707397469,12346580922200,1131.0,40.0
15192,151920.0,1790707397479,12346590900700,1138.0,36.0
15193,151930.0,1790707397489,12346601061200,1135.0,39.0
15194,151940.0,1790707397499,12346610669700,1130.0,53.0
15195,151950.0,1790707397509,12346620719100,1127.0,39.0
15196,151960.0,1790707397519,12346630616300,1125.0,65.0
15197,151970.0,1790707397529,12346640927400,1135.0,43.0
15198,151980.0,1790707397539,12346651098600,1121.0,53.0
15199,151990.0,1790707397549,12346661110100,1126.0,61.0
15200,152000.0,1790707397559,12346671133800,1125.0,51.0
15201,152010.0,1790707397569,12346680885100,1129.0,41.0
15202,152020.0,1790707397579,12346691471400,1113.0,40.0
15203,152030.0,1790707397589,12346701335400,1135.0,50.0
15204,152040.0,1790707397599,12346711007500,1134.0,48.0
15205,152050.0,1790707397610,12346721818800,1127.0,43.0
15206,152060.0,1790707397619,12346731203200,1119.0,48.0
15207,152070.0,1790707397630,12346741906100,1122.0,59.0
15208,152080.0,1790707397639,12346751141900,1136.0,44.0
15209,152090.0,1790707397650,12346761985800,1116.0,64.0
15210,152100.0,1790707397660,12346772225500,1114.0,32.0
15211,152110.0,1790707397670,12346781835600,1110.0,44.0
15212,152120.0,1790707397680,12346791584900,1117.0,36.0
15213,152130.0,1790707397690,12346801539500,1115.0,32.0
15214,152140.0,1790707397700,12346811979300,1107.0,33.0
15215,152150.0,1790707397710,12346822093900,1097.0,42.0
15216,152160.0,1790707397720,12346831821900,1121.0,47.0
15217,152170.0,1790707397730,12346842263700,1096.0,38.0
15218,152180.0,1790707397740,12346852006800,1116.0,28.0
15219,152190.0,1790707397750,12346862129500,1125.0,33.0
15220,152200.0,1790707397760,12346872139000,1110.0,31.0
15221,152210.0,1790707397770,12346881852300,1108.0,35.0
15222,152220.0,1790707397780,12346892090100,1109.0,35.0
15223,152230.0,1790707397791,12346902585700,1120.0,48.0
15224,152240.0,1790707397801,12346912500000,1123.0,37.0
15225,152250.0,1790707397811,12346922520200,1132.0,22.0
15226,152260.0,1790707397821,12346932647300,1138.0,21.0
15227,152270.0,1790707397830,12346942180900,1140.0,35.0
15228,152280.0,1790707397841,12346952554200,1129.0,35.0
15229,152290.0,1790707397851,12346962522100,1145.0,35.0
15230,152300.0,1790707397861,12346972658600,1136.0,32.0
15231,152310.0,1790707397870,12346982283800,1144.0,26.0
15232,152320.0,1790707397880,12346992106000,1146.0,32.0
15233,152330.0,1790707397890,12347002373200,1155.0,14.0
15234,152340.0,1790707397909,12347021461800,1158.0,20.0
15235,152350.0,1790707397912,12347023594300,1160.0,15.0
15236,152360.0,1790707397980,12347091899200,1153.0,24.0
15237,152370.0,1790707398031,12347143338300,1139.0,17.0
15238,152380.0,1790707398033,12347144653300,1149.0,44.0
15239,152390.0,1790707398034,12347145765200,1142.0,23.0
15240,152400.0,1790707398035,12347146855700,1143.0,24.0
15241,152410.0,1790707398036,12347147954800,1130.0,25.0
15242,152420.0,1790707398037,12347149025200,1154.0,18.0
15243,152430.0,1790707398038,12347150086400,1150.0,20.0
15244,152440.0,1790707398039,12347151141000,1136.0,20.0
15245,152450.0,1790707398040,12347152201900,1146.0,17.0
15246,152460.0,1790707398041,12347153239200,1133.0,45.0
15247,152470.0,1790707398042,12347154373600,1129.0,34.0
15248,152480.0,1790707398046,12347157937900,1133.0,31.0
15249,152490.0,1790707398050,12347161535300,1111.0,21.0
15250,152500.0,1790707398060,12347171872400,1109.0,24.0
15251,152510.0,1790707398070,12347181714200,1114.0,24.0
15252,152520.0,1790707398080,12347191809700,1102.0,16.0
15253,152530.0,1790707398090,12347201791700,1116.0,2.0
15254,152540.0,1790707398100,12347211816200,1119.0,18.0
15255,152550.0,1790707398110,12347221802400,1106.0,9.0
15256,152560.0,1790707398120,12347231838700,1114.0,12.0
15257,152570.0,1790707398130,12347241912800,1120.0,21.0
15258,152580.0,1790707398140,12347251960900,1111.0,9.0
15259,152590.0,1790707398150,12347262015600,1122.0,21.0
15260,152600.0,1790707398160,12347272033000,1114.0,19.0
15261,152610.0,1790707398170,12347282041100,1114.0,9.0
15262,152620.0,1790707398180,12347292113500,1111.0,25.0
15263,152630.0,1790707398190,12347302143500,1122.0,1.0
15264,152640.0,1790707398200,12347312193800,1128.0,10.0
15265,152650.0,1790707398210,12347322202800,1143.0,25.0
15266,152660.0,1790707398220,12347332221300,1158.0,14.0
15267,152670.0,1790707398230,12347342230700,1156.0,11.0
15268,152680.0,1790707398240,12347352242300,1181.0,25.0
15269,152690.0,1790707398250,12347362325600,1185.0,44.0
15270,152700.0,1790707398260,12347372446800,1191.0,31.0
15271,152710.0,1790707398271,12347382767600,1214.0,41.0
15272,152720.0,1790707398280,12347392107700,1230.0,42.0
15273,152730.0,1790707398291,12347402609700,1229.0,30.0
15274,152740.0,1790707398301,12347412631200,1256.0,34.0
15275,152750.0,1790707398310,12347422224400,1256.0,34.0
15276,152760.0,1790707398320,12347432176800,1260.0,37.0
15277,152770.0,1790707398330,12347442284000,1252.0,33.0
15278,152780.0,1790707398341,12347452954700,1251.0,28.0
15279,152790.0,1790707398351,12347463001700,1253.0,40.0
15280,152800.0,1790707398360,12347472366900,1240.0,38.0
15281,152810.0,1790707398370,12347482464000,1262.0,37.0
15282,152820.0,1790707398381,12347492928300,1259.0,44.0
15283,152830.0,1790707398391,12347503064900,1241.0,57.0
15284,152840.0,1790707398401,12347513098100,1242.0,41.0
15285,152850.0,1790707398411,12347522770300,1268.0,40.0
15286,152860.0,1790707398421,12347532734100,1247.0,29.0
15287,152870.0,1790707398431,12347543052800,1250.0,43.0
15288,152880.0,1790707398441,12347553204800,1251.0,35.0
15289,152890.0,1790707398451,12347563285400,1246.0,45.0
15290,152900.0,1790707398461,12347572933900,1268.0,24.0
15291,152910.0,1790707398471,12347583032100,1234.0,60.0
15292,152920.0,1790707398481,12347593297600,1236.0,41.0
15293,152930.0,1790707398491,12347603182800,1215.0,40.0
15294,152940.0,1790707398501,12347612653300,1208.0,45.0
15295,152950.0,1790707398511,12347623300800,1209.0,30.0
15296,152960.0,1790707398521,12347632722800,1211.0,23.0
15297,152970.0,1790707398531,12347642768100,1240.0,27.0
15298,152980.0,1790707398541,12347652790000,1214.0,38.0
15299,152990.0,1790707398551,12347662699200,1192.0,18.0
15300,153000.0,1790707398561,12347673105200,1210.0,30.0
15301,153010.0,1790707398571,12347682794900,1195.0,32.0
15302,153020.0,1790707398581,12347692830900,1191.0,27.0
15303,153030.0,1790707398591,12347703106900,1205.0,21.0
15304,153040.0,1790707398624,12347736464600,1193.0,19.0
15305,153050.0,1790707398652,12347763752100,1204.0,9.0
15306,153060.0,1790707398654,12347765548800,1183.0,23.0
15307,153070.0,1790707398655,12347766694700,1208.0,19.0
15308,153080.0,1790707398656,12347767861800,1190.0,12.0
15309,153090.0,1790707398657,12347769132300,1194.0,27.0
15310,153100.0,1790707398661,12347773213200,1187.0,22.0
15311,153110.0,1790707398672,12347783514200,1192.0,21.0
15312,153120.0,1790707398682,12347793836800,1181.0,29.0
15313,153130.0,1790707398691,12347803445500,1187.0,30.0
15314,153140.0,1790707398701,12347813040000,1188.0,37.0
15315,153150.0,1790707398712,12347823532100,1195.0,29.0
15316,153160.0,1790707398721,12347832983100,1184.0,32.0
15317,153170.0,1790707398732,12347844402700,1199.0,34.0
15318,153180.0,1790707398743,12347854978500,1173.0,28.0
15319,153190.0,1790707398753,12347864495500,1181.0,49.0
15320,153200.0,1790707398763,12347874823300,1173.0,53.0
15321,153210.0,1790707398773,12347884794900,1169.0,45.0
15322,153220.0,1790707398783,12347894861700,1159.0,43.0
15323,153230.0,1790707398794,12347905572900,1151.0,40.0
15324,153240.0,1790707398803,12347915327100,1163.0,43.0
15325,153250.0,1790707398813,12347925017000,1153.0,44.0
15326,153260.0,1790707398824,12347935561300,1164.0,42.0
15327,153270.0,1790707398833,12347944961300,1156.0,40.0
15328,153280.0,1790707398844,12347955868500,1154.0,39.0
15329,153290.0,1790707398853,12347965108900,1161.0,32.0
15330,153300.0,1790707398862,12347974296700,1162.0,44.0
15331,153310.0,1790707398872,12347984246400,1142.0,49.0
15332,153320.0,1790707398883,12347994481900,1138.0,55.0
15333,153330.0,1790707398893,12348004730600,1130.0,61.0
15334,153340.0,1790707398913,12348025084300,1151.0,45.0
15335,153350.0,1790707398916,12348027533700,1139.0,47.0
15336,153360.0,1790707398984,12348095724100,1149.0,32.0
15337,153370.0,1790707399037,12348149308600,1153.0,49.0
15338,153380.0,1790707399039,12348150974200,1165.0,39.0
15339,153390.0,1790707399040,12348152361200,1144.0,43.0
15340,153400.0,1790707399042,12348153889000,1163.0,42.0
15341,153410.0,1790707399044,12348155498400,1152.0,51.0
15342,153420.0,1790707399045,12348156872000,1171.0,46.0
15343,153430.0,1790707399046,12348158122000,1152.0,44.0
15344,153440.0,1790707399047,12348159351400,1184.0,36.0
15345,153450.0,1790707399049,12348160582400,1162.0,32.0
15346,153460.0,1790707399050,12348161852400,1177.0,41.0
15347,153470.0,1790707399051,12348163019200,1173.0,35.0
15348,153480.0,1790707399052,12348164203500,1186.0,33.0
15349,153490.0,1790707399053,12348165464200,1186.0,37.0
15350,153500.0,1790707399062,12348173945100,1185.0,25.0
15351,153510.0,1790707399072,12348184043800,1179.0,42.0
15352,153520.0,1790707399082,12348194086500,1185.0,55.0
15353,153530.0,1790707399092,12348204023000,1170.0,47.0
15354,153540.0,1790707399102,12348214104100,1198.0,36.0
15355,153550.0,1790707399112,12348223942100,1176.0,31.0
15356,153560.0,1790707399122,12348233967800,1180.0,43.0
15357,153570.0,1790707399132,12348243908800,1188.0,45.0
15358,153580.0,1790707399142,12348254178600,1190.0,43.0
15359,153590.0,1790707399152,12348264013600,1187.0,36.0
15360,153600.0,1790707399162,12348274427500,1191.0,50.0
15361,153610.0,1790707399172,12348284161600,1175.0,52.0
15362,153620.0,1790707399182,12348294247900,1161.0,49.0
15363,153630.0,1790707399193,12348305146300,1177.0,33.0
15364,153640.0,1790707399202,12348314232300,1156.0,41.0
15365,153650.0,1790707399213,12348324854400,1187.0,46.0
15366,153660.0,1790707399222,12348334282800,1173.0,40.0
15367,153670.0,1790707399232,12348344373200,1179.0,41.0
15368,153680.0,1790707399243,12348354681800,1175.0,27.0
15369,153690.0,1790707399252,12348364415200,1185.0,40.0
15370,153700.0,1790707399263,12348374851400,1160.0,52.0
15371,153710.0,1790707399273,12348384773400,1158.0,43.0
15372,153720.0,1790707399282,12348394418800,1171.0,44.0
15373,153730.0,1790707399293,12348405324800,1164.0,57.0
15374,153740.0,1790707399302,12348414350500,1177.0,49.0
15375,153750.0,1790707399313,12348424733100,1172.0,48.0
15376,153760.0,1790707399322,12348434310000,1170.0,37.0
15377,153770.0,1790707399332,12348444354700,1181.0,30.0
15378,153780.0,1790707399343,12348455051700,1172.0,30.0
15379,153790.0,1790707399353,12348464552000,1180.0,45.0
15380,153800.0,1790707399363,12348474507600,1175.0,34.0
15381,153810.0,1790707399374,12348485596600,1172.0,51.0
15382,153820.0,1790707399383,12348494906000,1174.0,57.0
15383,153830.0,1790707399394,12348506285200,1165.0,49.0
15384,153840.0,1790707399403,12348514978500,1175.0,60.0
15385,153850.0,1790707399413,12348525222900,1178.0,58.0
15386,153860.0,1790707399423,12348534677100,1173.0,55.0
15387,153870.0,1790707399433,12348544953900,1173.0,66.0
15388,153880.0,1790707399444,12348555819700,1180.0,49.0
15389,153890.0,1790707399453,12348564894000,1181.0,65.0
15390,153900.0,1790707399463,12348575230600,1188.0,51.0
15391,153910.0,1790707399473,12348585082300,1189.0,62.0
15392,153920.0,1790707399483,12348595270800,1195.0,61.0
15393,153930.0,1790707399493,12348605037600,1182.0,65.0
15394,153940.0,1790707399505,12348616581800,1185.0,75.0
15395,153950.0,1790707399515,12348627353400,1194.0,59.0
15396,153960.0,1790707399523,12348635446300,1198.0,54.0
15397,153970.0,1790707399533,12348645326700,1190.0,53.0
15398,153980.0,1790707399543,12348655058300,1198.0,51.0
15399,153990.0,1790707399553,12348665113500,1199.0,53.0
15400,154000.0,1790707399563,12348675175900,1194.0,45.0
15401,154010.0,1790707399573,12348685068800,1212.0,60.0
15402,154020.0,1790707399583,12348695281500,1176.0,53.0
15403,154030.0,1790707399594,12348705632000,1174.0,63.0
15404,154040.0,1790707399604,12348715642200,1176.0,64.0
15405,154050.0,1790707399613,12348725140200,1169.0,51.0
15406,154060.0,1790707399624,12348735694500,1170.0,42.0
15407,154070.0,1790707399634,12348745571800,1169.0,30.0
15408,154080.0,1790707399644,12348756000700,1178.0,60.0
15409,154090.0,1790707399654,12348765879900,1176.0,54.0
15410,154100.0,1790707399664,12348776233800,1183.0,50.0
15411,154110.0,1790707399674,12348785998900,1170.0,55.0
15412,154120.0,1790707399683,12348795420400,1177.0,47.0
15413,154130.0,1790707399694,12348805614600,1165.0,43.0
15414,154140.0,1790707399704,12348815768300,1164.0,55.0
15415,154150.0,1790707399713,12348825229900,1158.0,48.0
15416,154160.0,1790707399724,12348835829600,1187.0,43.0
15417,154170.0,1790707399734,12348845771000,1178.0,30.0
15418,154180.0,1790707399744,12348855533200,1175.0,44.0
15419,154190.0,1790707399754,12348865644900,1175.0,47.0
15420,154200.0,1790707399763,12348875395900,1172.0,44.0
15421,154210.0,1790707399775,12348886639300,1174.0,50.0
15422,154220.0,1790707399784,12348895802600,1174.0,46.0
15423,154230.0,1790707399794,12348906052000,1167.0,45.0
15424,154240.0,1790707399804,12348916048100,1173.0,48.0
15425,154250.0,1790707399814,12348926129900,1160.0,51.0
15426,154260.0,1790707399824,12348935966700,1156.0,50.0
15427,154270.0,1790707399834,12348945927200,1159.0,43.0
15428,154280.0,1790707399844,12348956083100,1162.0,59.0
15429,154290.0,1790707399854,12348966266400,1171.0,39.0
15430,154300.0,1790707399864,12348976305900,1161.0,53.0
15431,154310.0,1790707399874,12348986221800,1155.0,39.0
15432,154320.0,1790707399884,12348995860100,1163.0,63.0
15433,154330.0,1790707399898,12349010211900,1149.0,70.0
15434,154340.0,1790707399968,12349079732000,1158.0,61.0
15435,154350.0,1790707400030,12349141506000,1142.0,73.0
15436,154360.0,1790707400031,12349143397500,1153.0,69.0
15437,154370.0,1790707400033,12349144803900,1153.0,72.0
15438,154380.0,1790707400034,12349146167800,1177.0,80.0
15439,154390.0,1790707400035,12349147471700,1148.0,60.0
15440,154400.0,1790707400037,12349148694100,1153.0,68.0
15441,154410.0,1790707400038,12349149931600,1161.0,83.0
15442,154420.0,1790707400039,12349151197300,1144.0,77.0
15443,154430.0,1790707400041,12349152611600,1144.0,78.0
15444,154440.0,1790707400043,12349154522800,1146.0,71.0
15445,154450.0,1790707400044,12349155852700,1137.0,62.0
15446,154460.0,1790707400045,12349157075900,1154.0,71.0
15447,154470.0,1790707400046,12349158236900,1150.0,67.0
15448,154480.0,1790707400047,12349159475100,1155.0,58.0
15449,154490.0,1790707400054,12349165965500,1162.0,55.0
15450,154500.0,1790707400064,12349176047600,1158.0,48.0
15451,154510.0,1790707400074,12349186032400,1151.0,61.0
15452,154520.0,1790707400084,12349196129800,1150.0,63.0
15453,154530.0,1790707400094,12349206209500,1146.0,68.0
15454,154540.0,1790707400104,12349216184600,1148.0,49.0
15455,154550.0,1790707400114,12349225917700,1147.0,62.0
15456,154560.0,1790707400124,12349236035600,1137.0,52.0
15457,154570.0,1790707400134,12349246048900,1152.0,53.0
15458,154580.0,1790707400144,12349256048500,1164.0,44.0
15459,154590.0,1790707400154,12349266019100,1147.0,45.0
15460,154600.0,1790707400164,12349276106100,1157.0,56.0
15461,154610.0,1790707400174,12349286191800,1140.0,48.0
15462,154620.0,1790707400184,12349296209000,1152.0,50.0
15463,154630.0,1790707400194,12349306241200,1132.0,58.0
15464,154640.0,1790707400204,12349316244100,1136.0,54.0
15465,154650.0,1790707400214,12349326320100,1144.0,43.0
15466,154660.0,1790707400224,12349336327000,1159.0,46.0
15467,154670.0,1790707400234,12349346359400,1162.0,43.0
15468,154680.0,1790707400244,12349356420100,1154.0,50.0
15469,154690.0,1790707400254,12349366450800,1140.0,41.0
15470,154700.0,1790707400265,12349376969700,1161.0,61.0
15471,154710.0,1790707400275,12349386781200,1145.0,61.0
15472,154720.0,1790707400285,12349397039500,1148.0,46.0
15473,154730.0,1790707400295,12349407097500,1166.0,61.0
15474,154740.0,1790707400305,12349416733100,1147.0,44.0
15475,154750.0,1790707400314,12349426383500,1156.0,56.0
15476,154760.0,1790707400324,12349436294700,1156.0,39.0
15477,154770.0,1790707400334,12349446355400,1164.0,46.0
15478,154780.0,1790707400345,12349456949500,1156.0,41.0
15479,154790.0,1790707400355,12349466783300,1142.0,39.0
15480,154800.0,1790707400365,12349476765100,1160.0,38.0
15481,154810.0,1790707400375,12349486629500,1158.0,41.0
15482,154820.0,1790707400385,12349497096500,1149.0,49.0
15483,154830.0,1790707400395,12349507207600,1154.0,58.0
15484,154840.0,1790707400405,12349517091100,1155.0,51.0
15485,154850.0,1790707400415,12349527260200,1157.0,38.0
15486,154860.0,1790707400425,12349536986200,1146.0,52.0
15487,154870.0,1790707400435,12349546874100,1156.0,31.0
15488,154880.0,1790707400445,12349556858200,1137.0,46.0
15489,154890.0,1790707400455,12349567199000,1161.0,46.0
15490,154900.0,1790707400465,12349577211500,1165.0,43.0
15491,154910.0,1790707400475,12349586996400,1160.0,48.0
15492,154920.0,1790707400485,12349596867800,1169.0,50.0
15493,154930.0,1790707400495,12349607160800,1170.0,46.0
15494,154940.0,1790707400507,12349618955200,1151.0,33.0
15495,154950.0,1790707400517,12349628617900,1159.0,34.0
15496,154960.0,1790707400526,12349638089800,1160.0,55.0
15497,154970.0,1790707400535,12349647017400,1136.0,31.0
15498,154980.0,1790707400545,12349657222700,1159.0,30.0
15499,154990.0,1790707400555,12349666968100,1157.0,32.0
15500,155000.0,1790707400565,12349677263300,1171.0,42.0
15501,155010.0,1790707400575,12349687029000,1161.0,43.0
15502,155020.0,1790707400585,12349697314000,1171.0,48.0
15503,155030.0,1790707400595,12349707298000,1161.0,41.0
15504,155040.0,1790707400607,12349718897300,1151.0,48.0
15505,155050.0,1790707400617,12349728798900,1150.0,51.0
15506,155060.0,1790707400626,12349738014700,1170.0,53.0
15507,155070.0,1790707400636,12349748131400,1159.0,42.0
15508,155080.0,1790707400646,12349757554800,1165.0,30.0
15509,155090.0,1790707400655,12349767452000,1167.0,38.0
15510,155100.0,1790707400666,12349777828600,1157.0,44.0
15511,155110.0,1790707400676,12349788267300,1175.0,34.0
15512,155120.0,1790707400686,12349797870500,1166.0,46.0
15513,155130.0,1790707400696,12349807494700,1148.0,39.0
15514,155140.0,1790707400708,12349819593000,1149.0,43.0
15515,155150.0,1790707400718,12349829495100,1154.0,53.0
15516,155160.0,1790707400727,12349839218200,1153.0,59.0
15517,155170.0,1790707400736,12349847684000,1166.0,43.0
15518,155180.0,1790707400746,12349857757500,1157.0,49.0
15519,155190.0,1790707400756,12349867677400,1149.0,35.0
15520,155200.0,1790707400765,12349877404700,1169.0,31.0
15521,155210.0,1790707400776,12349887921100,1161.0,32.0
15522,155220.0,1790707400787,12349899006900,1159.0,32.0
15523,155230.0,1790707400798,12349909601400,1149.0,37.0
15524,155240.0,1790707400807,12349919064100,1149.0,34.0
15525,155250.0,1790707400817,12349928751200,1159.0,24.0
15526,155260.0,1790707400827,12349938806200,1158.0,42.0
15527,155270.0,1790707400836,12349948369300,1152.0,34.0
15528,155280.0,1790707400846,12349958274100,1159.0,40.0
15529,155290.0,1790707400858,12349969717500,1156.0,46.0
15530,155300.0,1790707400867,12349979334200,1155.0,50.0
15531,155310.0,1790707400878,12349989529200,1172.0,37.0
15532,155320.0,1790707400887,12349998661500,1179.0,40.0
15533,155330.0,1790707400902,12350013937300,1161.0,27.0
15534,155340.0,1790707400949,12350060958100,1163.0,42.0
15535,155350.0,1790707401020,12350131973800,1155.0,58.0
15536,155360.0,1790707401021,12350133425400,1169.0,28.0
15537,155370.0,1790707401023,12350134835600,1163.0,34.0
15538,155380.0,1790707401024,12350136465000,1172.0,50.0
15539,155390.0,1790707401026,12350137929500,1179.0,41.0
15540,155400.0,1790707401027,12350139222100,1164.0,31.0
15541,155410.0,1790707401029,12350140522100,1168.0,41.0
15542,155420.0,1790707401030,12350141844200,1191.0,37.0
15543,155430.0,1790707401031,12350143353800,1177.0,40.0
15544,155440.0,1790707401033,12350144843900,1168.0,43.0
15545,155450.0,1790707401034,12350146124900,1149.0,44.0
15546,155460.0,1790707401035,12350147298200,1156.0,29.0
15547,155470.0,1790707401036,12350148471700,1174.0,43.0
15548,155480.0,1790707401046,12350157981000,1162.0,29.0
15549,155490.0,1790707401056,12350168180600,1166.0,30.0
15550,155500.0,1790707401066,12350178109600,1151.0,42.0
15551,155510.0,1790707401076,12350188090200,1174.0,38.0
15552,155520.0,1790707401086,12350198153100,1155.0,44.0
15553,155530.0,1790707401096,12350208229900,1162.0,54.0
15554,155540.0,1790707401107,12350218537500,1170.0,43.0
15555,155550.0,1790707401116,12350228372000,1151.0,43.0
15556,155560.0,1790707401126,12350238039000,1147.0,40.0
15557,155570.0,1790707401136,12350248158100,1154.0,35.0
15558,155580.0,1790707401146,12350258133100,1172.0,31.0
15559,155590.0,1790707401156,12350268215300,1165.0,40.0
15560,155600.0,1790707401166,12350278276900,1168.0,37.0
15561,155610.0,1790707401176,12350288122900,1163.0,34.0
15562,155620.0,1790707401186,12350298288500,1156.0,39.0
15563,155630.0,1790707401196,12350308234000,1160.0,38.0
15564,155640.0,1790707401206,12350318399000,1151.0,31.0
15565,155650.0,1790707401216,12350328430800,1151.0,43.0
15566,155660.0,1790707401226,12350338426900,1155.0,37.0
15567,155670.0,1790707401237,12350348558800,1156.0,40.0
15568,155680.0,1790707401247,12350358496200,1156.0,45.0
15569,155690.0,1790707401257,12350368606700,1153.0,51.0
15570,155700.0,1790707401267,12350378546600,1165.0,37.0
15571,155710.0,1790707401277,12350388575200,1158.0,39.0
15572,155720.0,1790707401287,12350399098700,1152.0,36.0
15573,155730.0,1790707401297,12350408963400,1150.0,42.0
15574,155740.0,1790707401307,12350418935600,1144.0,41.0
15575,155750.0,1790707401317,12350428740200,1153.0,43.0
15576,155760.0,1790707401327,12350438820000,1143.0,38.0
15577,155770.0,1790707401337,12350448886600,1136.0,44.0
15578,155780.0,1790707401347,12350458671300,1146.0,49.0
15579,155790.0,1790707401357,12350468522500,1150.0,37.0
15580,155800.0,1790707401367,12350478851100,1142.0,43.0
15581,155810.0,1790707401377,12350488932400,1132.0,37.0
15582,155820.0,1790707401387,12350498722200,1142.0,45.0
15583,155830.0,1790707401397,12350508784100,1148.0,47.0
15584,155840.0,1790707401407,12350519064800,1151.0,39.0
15585,155850.0,1790707401417,12350529085700,1138.0,66.0
15586,155860.0,1790707401427,12350538827400,1144.0,37.0
15587,155870.0,1790707401437,12350549197800,1137.0,52.0
15588,155880.0,1790707401447,12350558988800,1125.0,34.0
15589,155890.0,1790707401457,12350569024100,1128.0,40.0
15590,155900.0,1790707401467,12350579354200,1135.0,42.0
15591,155910.0,1790707401477,12350589011200,1150.0,36.0
15592,155920.0,1790707401487,12350599041500,1140.0,37.0
15593,155930.0,1790707401498,12350609504500,1148.0,38.0
15594,155940.0,1790707401507,12350619325800,1137.0,50.0
15595,155950.0,1790707401518,12350629490600,1142.0,49.0
15596,155960.0,1790707401527,12350639431500,1123.0,26.0
15597,155970.0,1790707401537,12350649399600,1126.0,44.0
15598,155980.0,1790707401547,12350658965300,1122.0,51.0
15599,155990.0,1790707401557,12350669162200,1123.0,42.0
15600,156000.0,1790707401567,12350679398600,1129.0,43.0
15601,156010.0,1790707401577,12350689099600,1137.0,24.0
15602,156020.0,1790707401587,12350699367000,1120.0,42.0
15603,156030.0,1790707401598,12350709552600,1124.0,36.0
15604,156040.0,1790707401608,12350719928100,1111.0,47.0
15605,156050.0,1790707401617,12350729443000,1126.0,44.0
15606,156060.0,1790707401628,12350739685700,1121.0,42.0
15607,156070.0,1790707401637,12350749293900,1117.0,44.0
15608,156080.0,1790707401647,12350759363500,1120.0,41.0
15609,156090.0,1790707401659,12350770653100,1133.0,40.0
15610,156100.0,1790707401668,12350780114100,1129.0,24.0
15611,156110.0,1790707401678,12350790094100,1122.0,27.0
15612,156120.0,1790707401688,12350800104200,1141.0,21.0
15613,156130.0,1790707401699,12350810964200,1139.0,41.0
15614,156140.0,1790707401709,12350821278600,1154.0,42.0
15615,156150.0,1790707401719,12350831079800,1142.0,34.0
15616,156160.0,1790707401728,12350840222200,1141.0,33.0
15617,156170.0,1790707401738,12350850196700,1147.0,32.0
15618,156180.0,1790707401748,12350859652400,1152.0,26.0
15619,156190.0,1790707401758,12350869912700,1145.0,13.0
15620,156200.0,1790707401768,12350879486100,1151.0,20.0
15621,156210.0,1790707401778,12350889525300,1150.0,46.0
15622,156220.0,1790707401788,12350900084500,1143.0,31.0
15623,156230.0,1790707401798,12350909788900,1133.0,25.0
15624,156240.0,1790707401808,12350920347000,1149.0,34.0
15625,156250.0,1790707401818,12350930105800,1145.0,16.0
15626,156260.0,1790707401828,12350940256500,1143.0,41.0
15627,156270.0,1790707401838,12350950390900,1136.0,38.0
15628,156280.0,1790707401848,12350960072300,1148.0,26.0
15629,156290.0,1790707401858,12350969850500,1141.0,26.0
15630,156300.0,1790707401868,12350980320100,1143.0,26.0
15631,156310.0,1790707401878,12350989895700,1159.0,27.0
15632,156320.0,1790707401890,12351001843500,1148.0,18.0
15633,156330.0,1790707401916,12351028235700,1157.0,17.0
15634,156340.0,1790707401920,12351031515700,1149.0,25.0
15635,156350.0,1790707401922,12351033805100,1151.0,20.0
15636,156360.0,1790707401995,12351106487900,1142.0,29.0
15637,156370.0,1790707402050,12351161702100,1145.0,31.0
15638,156380.0,1790707402051,12351163191500,1146.0,25.0
15639,156390.0,1790707402052,12351164415800,1135.0,14.0
15640,156400.0,1790707402054,12351165598100,1150.0,16.0
15641,156410.0,1790707402055,12351166743600,1145.0,14.0
15642,156420.0,1790707402056,12351168222800,1141.0,14.0
15643,156430.0,1790707402060,12351171773500,1131.0,9.0
15644,156440.0,1790707402062,12351173741500,1134.0,7.0
15645,156450.0,1790707402063,12351175139400,1133.0,17.0
15646,156460.0,1790707402065,12351176707100,1130.0,27.0
15647,156470.0,1790707402066,12351178221700,1116.0,17.0
15648,156480.0,1790707402068,12351179558200,1120.0,23.0
15649,156490.0,1790707402069,12351180763300,1118.0,18.0
15650,156500.0,1790707402070,12351182023900,1134.0,20.0
15651,156510.0,1790707402078,12351190257400,1137.0,20.0
15652,156520.0,1790707402088,12351200388600,1126.0,20.0
15653,156530.0,1790707402098,12351210452900,1132.0,23.0
15654,156540.0,1790707402108,12351220392000,1138.0,22.0
15655,156550.0,1790707402118,12351230396200,1122.0,28.0
15656,156560.0,1790707402128,12351240450400,1115.0,35.0
15657,156570.0,1790707402138,12351250400100,1124.0,38.0
15658,156580.0,1790707402148,12351260082500,1127.0,41.0
15659,156590.0,1790707402158,12351270229900,1134.0,18.0
15660,156600.0,1790707402168,12351280235600,1136.0,44.0
15661,156610.0,1790707402178,12351290278400,1134.0,35.0
15662,156620.0,1790707402188,12351300254000,1136.0,40.0
15663,156630.0,1790707402198,12351310373900,1142.0,41.0
15664,156640.0,1790707402209,12351320584100,1130.0,37.0
15665,156650.0,1790707402218,12351330379500,1136.0,45.0
15666,156660.0,1790707402229,12351340692600,1132.0,59.0
15667,156670.0,1790707402239,12351350624000,1138.0,33.0
15668,156680.0,1790707402249,12351360552500,1122.0,47.0
15669,156690.0,1790707402259,12351370534400,1154.0,31.0
15670,156700.0,1790707402269,12351380682000,1136.0,32.0
15671,156710.0,1790707402279,12351390657200,1142.0,38.0
15672,156720.0,1790707402289,12351400885700,1157.0,37.0
15673,156730.0,1790707402299,12351410703800,1149.0,37.0
15674,156740.0,1790707402309,12351420733300,1140.0,54.0
15675,156750.0,1790707402319,12351430771400,1144.0,33.0
15676,156760.0,1790707402329,12351440787300,1130.0,39.0
15677,156770.0,1790707402339,12351450598400,1139.0,53.0
15678,156780.0,1790707402349,12351460559700,1141.0,42.0
15679,156790.0,1790707402359,12351470517300,1140.0,25.0
15680,156800.0,1790707402369,12351480974300,1130.0,25.0
15681,156810.0,1790707402379,12351490698000,1134.0,21.0
15682,156820.0,1790707402389,12351501161900,1151.0,31.0
15683,156830.0,1790707402399,12351510918500,1140.0,26.0
15684,156840.0,1790707402409,12351520876200,1156.0,35.0
15685,156850.0,1790707402419,12351531360200,1139.0,32.0
15686,156860.0,1790707402429,12351540870800,1140.0,25.0
15687,156870.0,1790707402439,12351551282900,1124.0,45.0
15688,156880.0,1790707402449,12351561390100,1128.0,36.0
15689,156890.0,1790707402459,12351571479700,1120.0,32.0
15690,156900.0,1790707402469,12351581441000,1127.0,19.0
15691,156910.0,1790707402479,12351591247200,1133.0,19.0
15692,156920.0,1790707402489,12351601386500,1134.0,25.0
15693,156930.0,1790707402499,12351611127100,1141.0,15.0
15694,156940.0,1790707402509,12351621244800,1142.0,12.0
15695,156950.0,1790707402519,12351631189000,1145.0,24.0
15696,156960.0,1790707402529,12351641292600,1139.0,19.0
15697,156970.0,1790707402540,12351651526500,1132.0,27.0
15698,156980.0,1790707402550,12351661605300,1130.0,34.0
15699,156990.0,1790707402560,12351671552700,1125.0,25.0
15700,157000.0,1790707402570,12351681497600,1136.0,33.0
15701,157010.0,1790707402579,12351691124500,1146.0,26.0
15702,157020.0,1790707402589,12351701356400,1152.0,19.0
15703,157030.0,1790707402599,12351711194000,1133.0,20.0
15704,157040.0,1790707402610,12351721758600,1142.0,29.0
15705,157050.0,1790707402620,12351731500500,1141.0,23.0
15706,157060.0,1790707402629,12351741373100,1139.0,37.0
15707,157070.0,1790707402640,12351751485400,1140.0,32.0
15708,157080.0,1790707402649,12351761400500,1138.0,46.0
15709,157090.0,1790707402660,12351771870900,1141.0,40.0
15710,157100.0,1790707402670,12351781583600,1130.0,27.0
15711,157110.0,1790707402680,12351791609700,1137.0,34.0
15712,157120.0,1790707402690,12351801604200,1123.0,29.0
15713,157130.0,1790707402700,12351812031100,1136.0,43.0
15714,157140.0,1790707402710,12351821828600,1142.0,45.0
15715,157150.0,1790707402720,12351831835700,1127.0,53.0
15716,157160.0,1790707402730,12351841662700,1138.0,39.0
15717,157170.0,1790707402740,12351851744300,1146.0,45.0
15718,157180.0,1790707402750,12351862317000,1132.0,36.0
15719,157190.0,1790707402760,12351871489900,1125.0,53.0
15720,157200.0,1790707402770,12351882090100,1132.0,33.0
15721,157210.0,1790707402780,12351891549700,1134.0,38.0
15722,157220.0,1790707402790,12351901716700,1145.0,34.0
15723,157230.0,1790707402800,12351912182600,1139.0,37.0
15724,157240.0,1790707402810,12351921675300,1150.0,37.0
15725,157250.0,1790707402820,12351931897600,1133.0,50.0
15726,157260.0,1790707402830,12351941685700,1145.0,41.0
15727,157270.0,1790707402840,12351951654300,1149.0,46.0
15728,157280.0,1790707402851,12351963337300,1151.0,47.0
15729,157290.0,1790707402861,12351972664300,1155.0,53.0
15730,157300.0,1790707402871,12351983132900,1143.0,42.0
15731,157310.0,1790707402881,12351993000700,1148.0,45.0
15732,157320.0,1790707402891,12352002568000,1144.0,29.0
15733,157330.0,1790707402901,12352013150900,1156.0,40.0
15734,157340.0,1790707402925,12352036928900,1153.0,35.0
15735,157350.0,1790707402928,12352039775600,1154.0,52.0
15736,157360.0,1790707402930,12352042374000,1170.0,55.0
15737,157370.0,1790707402996,12352107934000,1174.0,47.0
15738,157380.0,1790707403050,12352162362700,1155.0,56.0
15739,157390.0,1790707403053,12352164800200,1147.0,38.0
15740,157400.0,1790707403054,12352166169200,1158.0,48.0
15741,157410.0,1790707403056,12352167635400,1137.0,41.0
15742,157420.0,1790707403057,12352169093300,1150.0,41.0
15743,157430.0,1790707403058,12352170381300,1151.0,44.0
15744,157440.0,1790707403060,12352171857300,1141.0,30.0
15745,157450.0,1790707403061,12352173134900,1165.0,38.0
15746,157460.0,1790707403062,12352174354000,1157.0,29.0
15747,157470.0,1790707403064,12352175515100,1162.0,47.0
15748,157480.0,1790707403065,12352176643500,1138.0,53.0
15749,157490.0,1790707403066,12352177709500,1135.0,49.0
15750,157500.0,1790707403070,12352182151900,1145.0,47.0
15751,157510.0,1790707403080,12352192291300,1137.0,43.0
15752,157520.0,1790707403090,12352202341800,1131.0,42.0
15753,157530.0,1790707403100,12352212315200,1144.0,36.0
15754,157540.0,1790707403110,12352222373400,1134.0,32.0
15755,157550.0,1790707403120,12352232388500,1143.0,42.0
15756,157560.0,1790707403131,12352242485700,1139.0,30.0
15757,157570.0,1790707403141,12352252493600,1142.0,39.0
15758,157580.0,1790707403150,12352262467400,1134.0,51.0
15759,157590.0,1790707403161,12352272569900,1124.0,37.0
15760,157600.0,1790707403170,12352282342400,1136.0,43.0
15761,157610.0,1790707403180,12352292377600,1135.0,53.0
15762,157620.0,1790707403190,12352302357300,1132.0,46.0
15763,157630.0,1790707403200,12352312342300,1122.0,44.0
15764,157640.0,1790707403210,12352322454200,1151.0,48.0
15765,157650.0,1790707403221,12352332491300,1135.0,42.0
15766,157660.0,1790707403231,12352342576600,1151.0,51.0
15767,157670.0,1790707403241,12352352537600,1149.0,52.0
15768,157680.0,1790707403251,12352362546900,1145.0,42.0
15769,157690.0,1790707403261,12352372615700,1128.0,61.0
15770,157700.0,1790707403271,12352382622400,1146.0,58.0
15771,157710.0,1790707403281,12352392652500,1126.0,57.0
15772,157720.0,1790707403291,12352402716400,1140.0,62.0
15773,157730.0,1790707403302,12352414325100,1141.0,69.0
15774,157740.0,1790707403312,12352424309100,1148.0,57.0
15775,157750.0,1790707403322,12352433575500,1151.0,53.0
15776,157760.0,1790707403331,12352443138100,1172.0,54.0
15777,157770.0,1790707403341,12352453122800,1157.0,49.0
15778,157780.0,1790707403351,12352462991000,1162.0,57.0
15779,157790.0,1790707403361,12352473006700,1154.0,60.0
15780,157800.0,1790707403371,12352483147500,1154.0,64.0
15781,157810.0,1790707403381,12352493016200,1146.0,48.0
15782,157820.0,1790707403391,12352502794500,1162.0,54.0
15783,157830.0,1790707403401,12352512821700,1165.0,49.0
15784,157840.0,1790707403411,12352522828500,1168.0,57.0
15785,157850.0,1790707403421,12352532893600,1158.0,38.0
15786,157860.0,1790707403431,12352542962800,1155.0,46.0
15787,157870.0,1790707403441,12352553075200,1145.0,44.0
15788,157880.0,1790707403451,12352563004000,1149.0,62.0
15789,157890.0,1790707403461,12352573018300,1146.0,53.0
15790,157900.0,1790707403471,12352583372500,1139.0,56.0
15791,157910.0,1790707403481,12352593116400,1159.0,46.0
15792,157920.0,1790707403491,12352603157500,1157.0,55.0
15793,157930.0,1790707403501,12352613110500,1138.0,39.0
15794,157940.0,1790707403511,12352623200800,1144.0,41.0
15795,157950.0,1790707403521,12352633285400,1148.0,36.0
15796,157960.0,1790707403531,12352643261600,1144.0,46.0
15797,157970.0,1790707403541,12352653448100,1148.0,37.0
15798,157980.0,1790707403551,12352663403200,1157.0,39.0
15799,157990.0,1790707403561,12352673407400,1153.0,39.0
15800,158000.0,1790707403571,12352683476800,1153.0,30.0
15801,158010.0,1790707403582,12352693498000,1137.0,52.0
15802,158020.0,1790707403592,12352703534600,1136.0,48.0
15803,158030.0,1790707403601,12352713254900,1134.0,48.0
15804,158040.0,1790707403611,12352723285500,1139.0,44.0
15805,158050.0,1790707403622,12352733555300,1143.0,45.0
15806,158060.0,1790707403631,12352743416400,1160.0,44.0
15807,158070.0,1790707403641,12352753436500,1155.0,52.0
15808,158080.0,1790707403651,12352763430300,1135.0,53.0
15809,158090.0,1790707403662,12352773503300,1149.0,67.0
15810,158100.0,1790707403672,12352783479400,1134.0,57.0
15811,158110.0,1790707403682,12352793550600,1124.0,52.0
15812,158120.0,1790707403692,12352803541500,1133.0,57.0
15813,158130.0,1790707403702,12352813622500,1132.0,64.0
15814,158140.0,1790707403712,12352823698800,1129.0,49.0
15815,158150.0,1790707403722,12352833687100,1151.0,64.0
15816,158160.0,1790707403732,12352843721800,1146.0,65.0
15817,158170.0,1790707403742,12352853747400,1130.0,61.0
15818,158180.0,1790707403752,12352863811600,1135.0,71.0
15819,158190.0,1790707403762,12352873850000,1132.0,65.0
15820,158200.0,1790707403772,12352883869800,1127.0,67.0
15821,158210.0,1790707403782,12352893899700,1134.0,72.0
15822,158220.0,1790707403792,12352903942500,1138.0,71.0
15823,158230.0,1790707403802,12352914036400,1127.0,86.0
15824,158240.0,1790707403812,12352923714800,1139.0,49.0
15825,158250.0,1790707403822,12352934116900,1119.0,68.0
15826,158260.0,1790707403832,12352944054500,1123.0,61.0
15827,158270.0,1790707403842,12352953777000,1130.0,68.0
15828,158280.0,1790707403852,12352963838600,1142.0,56.0
15829,158290.0,1790707403862,12352973867500,1135.0,70.0
15830,158300.0,1790707403872,12352983939400,1148.0,55.0
15831,158310.0,1790707403882,12352993900200,1153.0,57.0
15832,158320.0,1790707403897,12353008992700,1152.0,61.0
15833,158330.0,1790707403963,12353075121400,1148.0,58.0
15834,158340.0,1790707404016,12353128394700,1133.0,50.0
15835,158350.0,1790707404018,12353129838700,1135.0,51.0
15836,158360.0,1790707404019,12353131060900,1131.0,61.0
15837,158370.0,1790707404020,12353132191300,1119.0,48.0
15838,158380.0,1790707404022,12353133946500,1143.0,57.0
15839,158390.0,1790707404024,12353135631800,1126.0,42.0
15840,158400.0,1790707404025,12353136995800,1145.0,58.0
15841,158410.0,1790707404026,12353138202000,1139.0,50.0
15842,158420.0,1790707404027,12353139358400,1139.0,41.0
15843,158430.0,1790707404029,12353140612000,1138.0,58.0
15844,158440.0,1790707404030,12353141730500,1154.0,48.0
15845,158450.0,1790707404031,12353142812600,1125.0,66.0
15846,158460.0,1790707404032,12353144381000,1132.0,56.0
15847,158470.0,1790707404042,12353154238100,1128.0,49.0
15848,158480.0,1790707404052,12353164255400,1131.0,55.0
15849,158490.0,1790707404062,12353174238500,1130.0,52.0
15850,158500.0,1790707404072,12353184303400,1131.0,43.0
15851,158510.0,1790707404082,12353194335600,1137.0,47.0
15852,158520.0,1790707404093,12353204491900,1138.0,53.0
15853,158530.0,1790707404102,12353214422900,1140.0,43.0
15854,158540.0,1790707404113,12353224480300,1147.0,46.0
15855,158550.0,1790707404123,12353234517500,1141.0,66.0
15856,158560.0,1790707404133,12353244530500,1130.0,42.0
15857,158570.0,1790707404143,12353254588000,1130.0,57.0
15858,158580.0,1790707404153,12353264578900,1125.0,70.0
15859,158590.0,1790707404163,12353274665800,1123.0,39.0
15860,158600.0,1790707404173,12353284715800,1137.0,39.0
15861,158610.0,1790707404183,12353294681400,1150.0,49.0
15862,158620.0,1790707404193,12353304753200,1130.0,35.0
15863,158630.0,1790707404203,12353314739900,1129.0,31.0
15864,158640.0,1790707404213,12353324865800,1140.0,50.0
15865,158650.0,1790707404223,12353334898500,1123.0,49.0
15866,158660.0,1790707404233,12353344855500,1123.0,53.0
15867,158670.0,1790707404243,12353354936200,1127.0,60.0
15868,158680.0,1790707404253,12353364946600,1126.0,50.0
15869,158690.0,1790707404263,12353374706000,1132.0,31.0
15870,158700.0,1790707404273,12353384736000,1127.0,46.0
15871,158710.0,1790707404283,12353394765800,1126.0,33.0
15872,158720.0,1790707404293,12353404792700,1143.0,41.0
15873,158730.0,1790707404303,12353414781600,1120.0,37.0
15874,158740.0,1790707404313,12353424859300,1141.0,50.0
15875,158750.0,1790707404323,12353434906600,1150.0,43.0
15876,158760.0,1790707404333,12353444881600,1140.0,54.0
15877,158770.0,1790707404343,12353454953500,1129.0,48.0
15878,158780.0,1790707404353,12353464989200,1137.0,47.0
15879,158790.0,1790707404363,12353475031300,1123.0,41.0
15880,158800.0,1790707404373,12353485074300,1121.0,54.0
15881,158810.0,1790707404383,12353495055800,1125.0,33.0
15882,158820.0,1790707404393,12353505154100,1131.0,47.0
15883,158830.0,1790707404403,12353515168300,1110.0,35.0
15884,158840.0,1790707404413,12353525254300,1123.0,34.0
15885,158850.0,1790707404423,12353535285200,1132.0,37.0
15886,158860.0,1790707404433,12353545269900,1118.0,36.0
15887,158870.0,1790707404443,12353555350800,1140.0,39.0
15888,158880.0,1790707404454,12353565504100,1129.0,34.0
15889,158890.0,1790707404464,12353575502800,1118.0,47.0
15890,158900.0,1790707404474,12353585507100,1126.0,58.0
15891,158910.0,1790707404484,12353595483200,1139.0,49.0
15892,158920.0,1790707404493,12353605237200,1116.0,41.0
15893,158930.0,1790707404503,12353615467600,1137.0,37.0
15894,158940.0,1790707404513,12353625305600,1138.0,33.0
15895,158950.0,1790707404524,12353635696400,1128.0,34.0
15896,158960.0,1790707404533,12353645376700,1143.0,32.0
15897,158970.0,1790707404543,12353655401700,1122.0,50.0
15898,158980.0,1790707404554,12353665744800,1126.0,47.0
15899,158990.0,1790707404564,12353675503400,1116.0,44.0
15900,159000.0,1790707404574,12353685526100,1115.0,49.0
15901,159010.0,1790707404584,12353695583300,1119.0,42.0
15902,159020.0,1790707404594,12353706039300,1130.0,33.0
15903,159030.0,1790707404604,12353715988300,1123.0,33.0
15904,159040.0,1790707404614,12353725944400,1123.0,38.0
15905,159050.0,1790707404624,12353735944700,1144.0,27.0
15906,159060.0,1790707404634,12353746105800,1143.0,31.0
15907,159070.0,1790707404644,12353755959900,1111.0,46.0
15908,159080.0,1790707404654,12353766155100,1131.0,52.0
15909,159090.0,1790707404664,12353776325500,1129.0,44.0
15910,159100.0,1790707404674,12353786039500,1129.0,51.0
15911,159110.0,1790707404684,12353795994200,1126.0,46.0
15912,159120.0,1790707404694,12353806052800,1124.0,34.0
15913,159130.0,1790707404704,12353816061300,1126.0,38.0
15914,159140.0,1790707404714,12353825887100,1125.0,31.0
15915,159150.0,1790707404724,12353835914300,1123.0,30.0
15916,159160.0,1790707404734,12353846020300,1133.0,35.0
15917,159170.0,1790707404744,12353856012800,1128.0,44.0
15918,159180.0,1790707404754,12353866399500,1136.0,27.0
15919,159190.0,1790707404764,12353875730400,1135.0,25.0
15920,159200.0,1790707404774,12353885834000,1131.0,37.0
15921,159210.0,1790707404784,12353895847400,1119.0,51.0
15922,159220.0,1790707404794,12353905898600,1124.0,61.0
15923,159230.0,1790707404804,12353915961300,1120.0,57.0
15924,159240.0,1790707404814,12353925990100,1123.0,47.0
15925,159250.0,1790707404824,12353936091300,1135.0,38.0
15926,159260.0,1790707404835,12353947285900,1124.0,35.0
15927,159270.0,1790707404845,12353957379800,1133.0,26.0
15928,159280.0,1790707404855,12353967357800,1138.0,36.0
15929,159290.0,1790707404866,12353977652200,1121.0,33.0
15930,159300.0,1790707404876,12353987593400,1123.0,41.0
15931,159310.0,1790707404886,12353997715100,1130.0,42.0
15932,159320.0,1790707404896,12354007513700,1110.0,43.0
15933,159330.0,1790707404927,12354039424600,1122.0,44.0
15934,159340.0,1790707404931,12354042938800,1116.0,36.0
15935,159350.0,1790707404934,12354046229700,1135.0,23.0
15936,159360.0,1790707405002,12354113958300,1127.0,43.0
15937,159370.0,1790707405057,12354168642400,1125.0,24.0
15938,159380.0,1790707405059,12354170756500,1137.0,43.0
15939,159390.0,1790707405060,12354172362700,1124.0,71.0
15940,159400.0,1790707405062,12354173792300,1111.0,47.0
15941,159410.0,1790707405063,12354175225200,1126.0,48.0
15942,159420.0,1790707405065,12354176578800,1110.0,39.0
15943,159430.0,1790707405066,12354177874400,1113.0,53.0
15944,159440.0,1790707405067,12354179292400,1104.0,39.0
15945,159450.0,1790707405069,12354180704800,1113.0,35.0
15946,159460.0,1790707405070,12354182397700,1109.0,34.0
15947,159470.0,1790707405072,12354184382100,1109.0,37.0
15948,159480.0,1790707405074,12354185706400,1110.0,26.0
15949,159490.0,1790707405075,12354186937800,1111.0,50.0
15950,159500.0,1790707405076,12354188167500,1117.0,49.0
15951,159510.0,1790707405085,12354196715500,1111.0,51.0
15952,159520.0,1790707405094,12354206460200,1103.0,34.0
15953,159530.0,1790707405105,12354216605300,1114.0,42.0
15954,159540.0,1790707405115,12354226636200,1104.0,44.0
15955,159550.0,1790707405125,12354236595000,1116.0,39.0
15956,159560.0,1790707405135,12354246609000,1121.0,37.0
15957,159570.0,1790707405145,12354256708600,1125.0,58.0
15958,159580.0,1790707405155,12354266777700,1122.0,43.0
15959,159590.0,1790707405165,12354276666400,1123.0,46.0
15960,159600.0,1790707405175,12354286792000,1132.0,39.0
15961,159610.0,1790707405185,12354296715100,1114.0,45.0
15962,159620.0,1790707405195,12354306848700,1120.0,62.0
15963,159630.0,1790707405205,12354317060500,1128.0,54.0
15964,159640.0,1790707405215,12354326866700,1132.0,49.0
15965,159650.0,1790707405225,12354336959800,1140.0,43.0
15966,159660.0,1790707405235,12354346969300,1144.0,42.0
15967,159670.0,1790707405245,12354357029300,1143.0,48.0
15968,159680.0,1790707405255,12354367247300,1156.0,37.0
15969,159690.0,1790707405265,12354377061100,1168.0,49.0
15970,159700.0,1790707405275,12354387137200,1163.0,36.0
15971,159710.0,1790707405285,12354397193700,1147.0,59.0
15972,159720.0,1790707405295,12354407170800,1163.0,44.0
15973,159730.0,1790707405305,12354416967000,1183.0,40.0
15974,159740.0,1790707405315,12354426938400,1191.0,35.0
15975,159750.0,1790707405325,12354436976600,1191.0,37.0
15976,159760.0,1790707405335,12354447344400,1207.0,55.0
15977,159770.0,1790707405346,12354458142500,1206.0,40.0
15978,159780.0,1790707405356,12354467762700,1211.0,30.0
15979,159790.0,1790707405366,12354477540300,1221.0,33.0
15980,159800.0,1790707405376,12354487715800,1216.0,53.0
15981,159810.0,1790707405385,12354497390300,1222.0,39.0
15982,159820.0,1790707405395,12354507378900,1228.0,41.0
15983,159830.0,1790707405405,12354517455300,1235.0,41.0
15984,159840.0,1790707405416,12354527706100,1247.0,28.0
15985,159850.0,1790707405425,12354537475800,1254.0,31.0
15986,159860.0,1790707405435,12354547406000,1259.0,25.0
15987,159870.0,1790707405446,12354557552400,1266.0,21.0
15988,159880.0,1790707405456,12354567524900,1253.0,31.0
15989,159890.0,1790707405466,12354577930000,1271.0,40.0
15990,159900.0,1790707405476,12354587750100,1259.0,27.0
15991,159910.0,1790707405486,12354598464700,1270.0,52.0
15992,159920.0,1790707405496,12354607658300,1283.0,37.0
15993,159930.0,1790707405506,12354617539400,1294.0,31.0
15994,159940.0,1790707405517,12354629030400,1275.0,25.0
15995,159950.0,1790707405527,12354638587900,1293.0,4.0
15996,159960.0,1790707405538,12354649836600,1292.0,11.0
15997,159970.0,1790707405546,12354658282800,1277.0,38.0
15998,159980.0,1790707405556,12354668057000,1292.0,36.0
15999,159990.0,1790707405566,12354677769300,1304.0,38.0
16000,160000.0,1790707405576,12354687710800,1298.0,28.0
16001,160010.0,1790707405586,12354697678700,1294.0,32.0
16002,160020.0,1790707405596,12354707701200,1335.0,24.0
16003,160030.0,1790707405606,12354718200200,1327.0,19.0
16004,160040.0,1790707405616,12354728435200,1340.0,24.0
16005,160050.0,1790707405626,12354738355300,1334.0,28.0
16006,160060.0,1790707405637,12354748911600,1359.0,33.0
16007,160070.0,1790707405646,12354757887600,1366.0,42.0
16008,160080.0,1790707405656,12354767912700,1366.0,20.0
16009,160090.0,1790707405666,12354778029600,1375.0,26.0
16010,160100.0,1790707405677,12354788622000,1379.0,27.0
16011,160110.0,1790707405686,12354798369800,1390.0,30.0
16012,160120.0,1790707405696,12354807974200,1399.0,20.0
16013,160130.0,1790707405706,12354817798800,1413.0,26.0
16014,160140.0,1790707405717,12354829088300,1425.0,33.0
16015,160150.0,1790707405728,12354839511100,1424.0,16.0
16016,160160.0,1790707405737,12354849433900,1438.0,31.0
16017,160170.0,1790707405747,12354858742300,1440.0,19.0
16018,160180.0,1790707405756,12354868180900,1440.0,30.0
16019,160190.0,1790707405766,12354878200500,1473.0,19.0
16020,160200.0,1790707405777,12354888681700,1477.0,30.0
16021,160210.0,1790707405787,12354898639300,1480.0,11.0
16022,160220.0,1790707405796,12354908249700,1494.0,25.0
16023,160230.0,1790707405806,12354918258200,1498.0,21.0
16024,160240.0,1790707405818,12354929715800,1507.0,15.0
16025,160250.0,1790707405828,12354940159600,1522.0,8.0
16026,160260.0,1790707405838,12354950480600,1529.0,18.0
16027,160270.0,1790707405847,12354959038700,1527.0,9.0
16028,160280.0,1790707405857,12354968846000,1539.0,12.0
16029,160290.0,1790707405866,12354978296200,1554.0,11.0
16030,160300.0,1790707405876,12354988477700,1550.0,28.0
16031,160310.0,1790707405888,12355000147600,1557.0,30.0
16032,160320.0,1790707405907,12355019468200,1562.0,39.0
16033,160330.0,1790707405910,12355021761700,1558.0,24.0
16034,160340.0,1790707405981,12355092830300,1565.0,26.0
16035,160350.0,1790707406047,12355158528900,1575.0,41.0
16036,160360.0,1790707406050,12355161613400,1555.0,38.0
16037,160370.0,1790707406051,12355163004100,1565.0,23.0
16038,160380.0,1790707406052,12355164357200,1581.0,42.0
16039,160390.0,1790707406054,12355165937400,1555.0,46.0
16040,160400.0,1790707406055,12355167430800,1561.0,49.0
16041,160410.0,1790707406057,12355168692500,1546.0,41.0
16042,160420.0,1790707406058,12355169961500,1547.0,45.0
16043,160430.0,1790707406059,12355171200600,1547.0,38.0
16044,160440.0,1790707406061,12355172484900,1550.0,37.0
16045,160450.0,1790707406062,12355173836700,1567.0,26.0
16046,160460.0,1790707406063,12355175180700,1570.0,47.0
16047,160470.0,1790707406064,12355176387800,1556.0,41.0
16048,160480.0,1790707406066,12355177548700,1565.0,45.0
16049,160490.0,1790707406067,12355178713300,1553.0,33.0
16050,160500.0,1790707406077,12355188783000,1549.0,38.0
16051,160510.0,1790707406087,12355198547000,1567.0,40.0
16052,160520.0,1790707406097,12355208568100,1565.0,42.0
16053,160530.0,1790707406107,12355218574100,1564.0,38.0
16054,160540.0,1790707406117,12355229075400,1563.0,30.0
16055,160550.0,1790707406127,12355238713500,1567.0,30.0
16056,160560.0,1790707406137,12355248756100,1570.0,36.0
16057,160570.0,1790707406147,12355258717100,1578.0,44.0
16058,160580.0,1790707406157,12355268742100,1578.0,35.0
16059,160590.0,1790707406167,12355278754700,1590.0,24.0
16060,160600.0,1790707406177,12355288845900,1594.0,31.0
16061,160610.0,1790707406187,12355298896800,1595.0,28.0
16062,160620.0,1790707406197,12355308937200,1589.0,38.0
16063,160630.0,1790707406207,12355318938900,1582.0,27.0
16064,160640.0,1790707406217,12355328996100,1573.0,23.0
16065,160650.0,1790707406227,12355339031400,1571.0,23.0
16066,160660.0,1790707406237,12355349478000,1568.0,24.0
16067,160670.0,1790707406247,12355359381900,1556.0,13.0
16068,160680.0,1790707406257,12355369102600,1551.0,33.0
16069,160690.0,1790707406267,12355379031400,1547.0,28.0
16070,160700.0,1790707406277,12355388869500,1566.0,17.0
16071,160710.0,1790707406287,12355398892600,1563.0,15.0
16072,160720.0,1790707406297,12355409175700,1575.0,20.0
16073,160730.0,1790707406307,12355418940400,1576.0,41.0
16074,160740.0,1790707406317,12355429317800,1572.0,17.0
16075,160750.0,1790707406327,12355439107500,1571.0,6.0
16076,160760.0,1790707406337,12355449203300,1563.0,26.0
16077,160770.0,1790707406348,12355459557400,1558.0,17.0
16078,160780.0,1790707406357,12355469380000,1548.0,21.0
16079,160790.0,1790707406368,12355479605900,1537.0,24.0
16080,160800.0,1790707406378,12355489664900,1546.0,26.0
16081,160810.0,1790707406387,12355499359100,1539.0,39.0
16082,160820.0,1790707406398,12355509666400,1526.0,19.0
16083,160830.0,1790707406408,12355519772800,1555.0,34.0
16084,160840.0,1790707406418,12355529482500,1556.0,31.0
16085,160850.0,1790707406427,12355539407500,1561.0,26.0
16086,160860.0,1790707406438,12355549691800,1569.0,38.0
16087,160870.0,1790707406448,12355559882600,1575.0,43.0
16088,160880.0,1790707406458,12355569958000,1589.0,46.0
16089,160890.0,1790707406468,12355579913000,1584.0,39.0
16090,160900.0,1790707406478,12355589725400,1596.0,41.0
16091,160910.0,1790707406488,12355599736500,1613.0,39.0
16092,160920.0,1790707406498,12355609544300,1598.0,40.0
16093,160930.0,1790707406508,12355620205200,1619.0,40.0
16094,160940.0,1790707406518,12355629993300,1635.0,45.0
16095,160950.0,1790707406529,12355640500200,1626.0,36.0
16096,160960.0,1790707406538,12355650424700,1651.0,33.0
16097,160970.0,1790707406548,12355660455000,1644.0,31.0
16098,160980.0,1790707406559,12355670636700,1653.0,49.0
16099,160990.0,1790707406568,12355679677100,1630.0,45.0
16100,161000.0,1790707406578,12355689911500,1630.0,46.0
16101,161010.0,1790707406588,12355699987100,1621.0,47.0
16102,161020.0,1790707406598,12355710079000,1610.0,43.0
16103,161030.0,1790707406608,12355720254400,1596.0,30.0
16104,161040.0,1790707406618,12355730281500,1570.0,39.0
16105,161050.0,1790707406628,12355740374000,1549.0,37.0
16106,161060.0,1790707406639,12355750630700,1522.0,32.0
16107,161070.0,1790707406649,12355760623600,1480.0,46.0
16108,161080.0,1790707406658,12355770045900,1442.0,51.0
16109,161090.0,1790707406668,12355780123600,1398.0,48.0
16110,161100.0,1790707406680,12355791900100,1372.0,47.0
16111,161110.0,1790707406691,12355802521100,1323.0,53.0
16112,161120.0,1790707406699,12355810494900,1299.0,40.0
16113,161130.0,1790707406708,12355819830100,1258.0,37.0
16114,161140.0,1790707406718,12355829741000,1253.0,33.0
16115,161150.0,1790707406728,12355839877800,1220.0,39.0
16116,161160.0,1790707406738,12355849909100,1192.0,39.0
16117,161170.0,1790707406748,12355860331300,1166.0,50.0
16118,161180.0,1790707406758,12355869977000,1146.0,51.0
16119,161190.0,1790707406768,12355879984900,1147.0,42.0
16120,161200.0,1790707406778,12355890019400,1139.0,35.0
16121,161210.0,1790707406788,12355900059800,1125.0,65.0
16122,161220.0,1790707406798,12355910200800,1128.0,42.0
16123,161230.0,1790707406808,12355920118000,1143.0,49.0
16124,161240.0,1790707406820,12355931984800,1135.0,40.0
16125,161250.0,1790707406829,12355940797800,1128.0,38.0
16126,161260.0,1790707406907,12356019254500,1120.0,35.0
16127,161270.0,1790707406967,12356078521000,1124.0,33.0
16128,161280.0,1790707406969,12356080532000,1119.0,36.0
16129,161290.0,1790707406971,12356083001300,1131.0,42.0
16130,161300.0,1790707406973,12356084499300,1123.0,52.0
16131,161310.0,1790707406974,12356085849500,1135.0,47.0
16132,161320.0,1790707406975,12356087141100,1142.0,41.0
16133,161330.0,1790707406976,12356088409600,1131.0,36.0
16134,161340.0,1790707406978,12356089774900,1129.0,56.0
16135,161350.0,1790707406979,12356091246700,1135.0,36.0
16136,161360.0,1790707406983,12356095290400,1119.0,37.0
16137,161370.0,1790707406985,12356097072400,1123.0,53.0
16138,161380.0,1790707406988,12356099540800,1139.0,27.0
16139,161390.0,1790707406989,12356100877900,1150.0,45.0
16140,161400.0,1790707406990,12356102187300,1157.0,48.0
16141,161410.0,1790707406991,12356103408800,1158.0,40.0
16142,161420.0,1790707406999,12356110510300,1183.0,49.0
16143,161430.0,1790707407009,12356120561800,1208.0,40.0
16144,161440.0,1790707407019,12356130698700,1218.0,37.0
16145,161450.0,1790707407029,12356140686000,1232.0,44.0
16146,161460.0,1790707407039,12356150698000,1214.0,53.0
16147,161470.0,1790707407049,12356160858900,1212.0,55.0
16148,161480.0,1790707407059,12356170486300,1213.0,58.0
16149,161490.0,1790707407069,12356180630300,1219.0,44.0
16150,161500.0,1790707407079,12356190516100,1225.0,35.0
16151,161510.0,1790707407089,12356200555200,1204.0,27.0
16152,161520.0,1790707407099,12356210610800,1224.0,50.0
16153,161530.0,1790707407109,12356220639600,1217.0,36.0
16154,161540.0,1790707407119,12356230633400,1222.0,52.0
16155,161550.0,1790707407129,12356240676600,1228.0,62.0
16156,161560.0,1790707407139,12356250821500,1216.0,50.0
16157,161570.0,1790707407149,12356260867700,1213.0,66.0
16158,161580.0,1790707407159,12356270950600,1218.0,50.0
16159,161590.0,1790707407169,12356280840200,1225.0,55.0
16160,161600.0,1790707407179,12356290867800,1224.0,63.0
16161,161610.0,1790707407189,12356301166500,1237.0,52.0
16162,161620.0,1790707407199,12356310955900,1252.0,44.0
16163,161630.0,1790707407209,12356321036300,1243.0,60.0
16164,161640.0,1790707407220,12356331856600,1254.0,67.0
16165,161650.0,1790707407229,12356341217000,1269.0,77.0
16166,161660.0,1790707407239,12356351196400,1248.0,70.0
16167,161670.0,1790707407255,12356366528400,1253.0,58.0
16168,161680.0,1790707407261,12356373019800,1253.0,65.0
16169,161690.0,1790707407304,12356415601400,1251.0,58.0
16170,161700.0,1790707407321,12356432858100,1248.0,54.0
16171,161710.0,1790707407322,12356434435800,1269.0,52.0
16172,161720.0,1790707407325,12356436728200,1260.0,37.0
16173,161730.0,1790707407326,12356438229700,1260.0,57.0
16174,161740.0,1790707407360,12356471883300,1253.0,48.0
16175,161750.0,1790707407363,12356475147600,1257.0,56.0
16176,161760.0,1790707407396,12356507545000,1258.0,36.0
16177,161770.0,1790707407429,12356541332200,1246.0,61.0
16178,161780.0,1790707407438,12356549768100,1248.0,52.0
16179,161790.0,1790707407439,12356551273700,1259.0,67.0
16180,161800.0,1790707407441,12356552844300,1251.0,54.0
16181,161810.0,1790707407442,12356554112300,1254.0,44.0
16182,161820.0,1790707407443,12356555446900,1253.0,48.0
16183,161830.0,1790707407445,12356557030400,1266.0,57.0
16184,161840.0,1790707407446,12356558215100,1256.0,41.0
16185,161850.0,1790707407448,12356559630100,1261.0,47.0
16186,161860.0,1790707407449,12356561090600,1239.0,58.0
16187,161870.0,1790707407451,12356562581400,1238.0,47.0
16188,161880.0,1790707407460,12356571926300,1243.0,36.0
16189,161890.0,1790707407469,12356581376200,1248.0,50.0
16190,161900.0,1790707407480,12356591494200,1240.0,35.0
16191,161910.0,1790707407490,12356601677800,1236.0,39.0
16192,161920.0,1790707407499,12356611329100,1246.0,43.0
16193,161930.0,1790707407510,12356621478200,1245.0,36.0
16194,161940.0,1790707407520,12356632477300,1244.0,40.0
16195,161950.0,1790707407531,12356642707300,1226.0,46.0
16196,161960.0,1790707407541,12356652808800,1235.0,54.0
16197,161970.0,1790707407551,12356663349000,1234.0,53.0
16198,161980.0,1790707407561,12356672950600,1218.0,53.0
16199,161990.0,1790707407571,12356683140400,1221.0,43.0
16200,162000.0,1790707407581,12356693051900,1242.0,52.0
16201,162010.0,1790707407591,12356703170700,1244.0,42.0
16202,162020.0,1790707407602,12356713699100,1228.0,51.0
16203,162030.0,1790707407613,12356724557700,1247.0,46.0
16204,162040.0,1790707407621,12356733307800,1230.0,61.0
16205,162050.0,1790707407631,12356742529300,1232.0,63.0
16206,162060.0,1790707407640,12356752140600,1229.0,70.0
16207,162070.0,1790707407650,12356761809900,1230.0,66.0
16208,162080.0,1790707407660,12356771826400,1216.0,56.0
16209,162090.0,1790707407670,12356781707700,1233.0,71.0
16210,162100.0,1790707407680,12356791661400,1235.0,67.0
16211,162110.0,1790707407690,12356801847600,1245.0,61.0
16212,162120.0,1790707407700,12356811773700,1228.0,61.0
16213,162130.0,1790707407710,12356821807800,1221.0,72.0
16214,162140.0,1790707407725,12356836571300,1227.0,74.0
16215,162150.0,1790707407804,12356915975100,1213.0,82.0
16216,162160.0,1790707407868,12356980171400,1198.0,83.0
16217,162170.0,1790707407871,12356982717900,1204.0,55.0
16218,162180.0,1790707407872,12356984142300,1205.0,63.0
16219,162190.0,1790707407873,12356985415700,1197.0,56.0
16220,162200.0,1790707407875,12356986787600,1207.0,53.0
16221,162210.0,1790707407876,12356988275600,1221.0,65.0
16222,162220.0,1790707407878,12356989663600,1214.0,51.0
16223,162230.0,1790707407879,12356990942300,1221.0,59.0
16224,162240.0,1790707407880,12356992305900,1218.0,60.0
16225,162250.0,1790707407882,12356993548700,1230.0,67.0
16226,162260.0,1790707407883,12356995238200,1215.0,63.0
16227,162270.0,1790707407885,12356997043200,1202.0,75.0
16228,162280.0,1790707407887,12356998567500,1205.0,42.0
16229,162290.0,1790707407888,12356999902900,1188.0,53.0
16230,162300.0,1790707407889,12357001170700,1213.0,55.0
16231,162310.0,1790707407891,12357002487900,1211.0,50.0
16232,162320.0,1790707407900,12357012349500,1213.0,50.0
16233,162330.0,1790707407910,12357022399700,1210.0,61.0
16234,162340.0,1790707407921,12357032971800,1206.0,65.0
16235,162350.0,1790707407930,12357042348700,1192.0,60.0
16236,162360.0,1790707407941,12357052726000,1185.0,55.0
16237,162370.0,1790707407951,12357062770500,1194.0,53.0
16238,162380.0,1790707407960,12357072433600,1188.0,46.0
16239,162390.0,1790707407971,12357082565900,1196.0,53.0
16240,162400.0,1790707407981,12357092534400,1208.0,53.0
16241,162410.0,1790707407991,12357102628200,1202.0,47.0
16242,162420.0,1790707408001,12357112721600,1193.0,47.0
16243,162430.0,1790707408011,12357122632300,1192.0,59.0
16244,162440.0,1790707408021,12357132720400,1162.0,52.0
16245,162450.0,1790707408031,12357142885300,1191.0,53.0
16246,162460.0,1790707408041,12357152712400,1182.0,36.0
16247,162470.0,1790707408051,12357162598900,1180.0,49.0
16248,162480.0,1790707408060,12357172444200,1190.0,56.0
16249,162490.0,1790707408071,12357182511800,1188.0,38.0
16250,162500.0,1790707408081,12357192568600,1180.0,38.0
16251,162510.0,1790707408092,12357204455700,1181.0,48.0
16252,162520.0,1790707408102,12357213623300,1167.0,50.0
16253,162530.0,1790707408111,12357222758800,1166.0,50.0
16254,162540.0,1790707408121,12357232986000,1171.0,49.0
16255,162550.0,1790707408131,12357242874000,1155.0,49.0
16256,162560.0,1790707408144,12357256038700,1159.0,43.0
16257,162570.0,1790707408151,12357262861900,1145.0,49.0
