sample_index,expected_timestamp_ms,host_timestamp_ms,ir,red
218470,0,218958,1000.0,46.0
218480,10,218968,994.0,38.0
218490,20,218978,998.0,41.0
218500,30,218988,991.0,33.0
218510,40,218998,997.0,34.0
218520,50,219008,1006.0,39.0
218530,60,219018,1026.0,24.0
218540,70,219028,1011.0,24.0
218550,80,219038,1012.0,30.0
218560,90,219048,1000.0,20.0
218570,100,219058,1011.0,28.0
218580,110,219068,998.0,26.0
218590,120,219078,993.0,29.0
218600,130,219088,993.0,35.0
218610,140,219098,992.0,18.0
218620,150,219108,976.0,21.0
218630,160,219118,1011.0,13.0
218640,170,219128,994.0,6.0
218650,180,219138,986.0,12.0
218660,190,219148,998.0,2.0
218670,200,219158,993.0,2.0
218680,210,219168,996.0,22.0
218690,220,219178,989.0,13.0
218700,230,219188,993.0,14.0
218710,240,219198,996.0,0.0
218720,250,219208,992.0,0.0
218730,260,219218,998.0,2.0
218740,270,219228,1002.0,0.0
218750,280,219238,991.0,2.0
218760,290,219248,1003.0,7.0
218770,300,219259,1001.0,0.0
218780,310,219269,1001.0,0.0
218790,320,219279,1011.0,9.0
218800,330,219289,999.0,3.0
218810,340,219299,1002.0,19.0
218820,350,219309,991.0,14.0
218830,360,219319,1004.0,6.0
218840,370,219329,1007.0,20.0
218850,380,219338,999.0,27.0
218860,390,219349,1000.0,14.0
218870,400,219359,1008.0,17.0
218880,410,219369,999.0,17.0
218890,420,219379,993.0,18.0
218900,430,219389,1002.0,22.0
218910,440,219399,1022.0,19.0
218920,450,219409,1006.0,22.0
218930,460,219419,1000.0,17.0
218940,470,219429,1017.0,33.0
218950,480,219439,1009.0,24.0
218960,490,219449,1002.0,26.0
218970,500,219459,1015.0,41.0
218980,510,219469,991.0,20.0
218990,520,219479,1026.0,16.0
219000,530,219489,1017.0,26.0
219010,540,219499,1020.0,32.0
219020,550,219509,1032.0,24.0
219030,560,219519,1023.0,26.0
219040,570,219529,1025.0,28.0
219050,580,219539,1028.0,27.0
219060,590,219549,1023.0,39.0
219070,600,219559,1037.0,32.0
219080,610,219569,1023.0,28.0
219090,620,219579,1038.0,27.0
219100,630,219589,1033.0,8.0
219110,640,219599,1029.0,22.0
219120,650,219609,1032.0,28.0
219130,660,219619,1041.0,9.0
219140,670,219629,1045.0,31.0
219150,680,219639,1047.0,17.0
219160,690,219649,1054.0,21.0
219170,700,219659,1056.0,23.0
219180,710,219669,1051.0,33.0
219190,720,219679,1066.0,19.0
219200,730,219689,1072.0,20.0
219210,740,219699,1071.0,30.0
219220,750,219709,1082.0,28.0
219230,760,219720,1085.0,23.0
219240,770,219730,1077.0,14.0
219250,780,219740,1099.0,34.0
219260,790,219750,1095.0,33.0
219270,800,219760,1113.0,44.0
219280,810,219770,1104.0,40.0
219290,820,219780,1097.0,44.0
219300,830,219790,1090.0,27.0
219310,840,219800,1097.0,33.0
219320,850,219810,1114.0,44.0
219330,860,219820,1116.0,35.0
219340,870,219830,1115.0,33.0
219350,880,219840,1126.0,28.0
219360,890,219850,1129.0,20.0
219370,900,219860,1126.0,26.0
219380,910,219870,1125.0,29.0
219390,920,219880,1132.0,29.0
219400,930,219890,1132.0,24.0
219410,940,219900,1138.0,47.0
219420,950,219910,1140.0,46.0
219430,960,219920,1147.0,43.0
219440,970,219930,1141.0,32.0
219450,980,219940,1152.0,31.0
219460,990,219950,1162.0,34.0
219470,1000,219960,1153.0,25.0
219480,1010,219970,1175.0,36.0
219490,1020,219980,1185.0,30.0
219500,1030,219990,1180.0,25.0
219510,1040,220000,1196.0,43.0
219520,1050,220010,1196.0,43.0
219530,1060,220020,1193.0,47.0
219540,1070,220030,1194.0,43.0
219550,1080,220040,1197.0,58.0
219560,1090,220050,1226.0,35.0
219570,1100,220060,1219.0,32.0
219580,1110,220070,1233.0,50.0
219590,1120,220080,1243.0,39.0
219600,1130,220090,1255.0,34.0
219610,1140,220100,1271.0,36.0
219620,1150,220110,1278.0,52.0
219630,1160,220120,1293.0,52.0
219640,1170,220130,1307.0,34.0
219650,1180,220140,1319.0,38.0
219660,1190,220150,1336.0,37.0
219670,1200,220160,1357.0,49.0
219680,1210,220171,1373.0,37.0
219690,1220,220181,1387.0,38.0
219700,1230,220191,1394.0,27.0
219710,1240,220201,1370.0,37.0
219720,1250,220211,1392.0,47.0
219730,1260,220221,1375.0,43.0
219740,1270,220231,1392.0,34.0
219750,1280,220241,1414.0,35.0
219760,1290,220251,1414.0,43.0
219770,1300,220261,1421.0,52.0
219780,1310,220271,1433.0,37.0
219790,1320,220281,1445.0,53.0
219800,1330,220291,1452.0,47.0
219810,1340,220301,1459.0,30.0
219820,1350,220311,1485.0,49.0
219830,1360,220321,1486.0,46.0
219840,1370,220331,1482.0,35.0
219850,1380,220341,1499.0,27.0
219860,1390,220351,1511.0,33.0
219870,1400,220361,1532.0,36.0
219880,1410,220371,1535.0,21.0
219890,1420,220381,1564.0,53.0
219900,1430,220391,1596.0,43.0
219910,1440,220401,1630.0,54.0
219920,1450,220411,1675.0,39.0
219930,1460,220421,1726.0,32.0
219940,1470,220431,1783.0,37.0
219950,1480,220441,1848.0,19.0
219960,1490,220451,1937.0,47.0
219970,1500,220461,2047.0,30.0
219980,1510,220471,2184.0,40.0
219990,1520,220481,2337.0,42.0
220000,1530,220491,2484.0,33.0
220010,1540,220501,2584.0,49.0
220020,1550,220511,2667.0,40.0
220030,1560,220521,2762.0,34.0
220040,1570,220531,2895.0,40.0
220050,1580,220541,3059.0,35.0
220060,1590,220551,3277.0,34.0
220070,1600,220561,3560.0,43.0
220080,1610,220571,3855.0,27.0
220090,1620,220581,4188.0,43.0
220100,1630,220591,4574.0,45.0
220110,1640,220601,5016.0,43.0
220120,1650,220611,5442.0,34.0
220130,1660,220622,5804.0,40.0
220140,1670,220632,6050.0,48.0
220150,1680,220642,6242.0,49.0
220160,1690,220652,6397.0,42.0
220170,1700,220662,6535.0,39.0
220180,1710,220672,6577.0,32.0
220190,1720,220682,6422.0,35.0
220200,1730,220692,6029.0,34.0
220210,1740,220702,5444.0,33.0
220220,1750,220712,4750.0,40.0
220230,1760,220722,4023.0,51.0
220240,1770,220732,3381.0,45.0
220250,1780,220742,2928.0,45.0
220260,1790,220752,2614.0,37.0
220270,1800,220762,2410.0,34.0
220280,1810,220772,2315.0,41.0
220290,1820,220782,2215.0,52.0
220300,1830,220792,2136.0,27.0
220310,1840,220802,2005.0,37.0
220320,1850,220812,1909.0,31.0
220330,1860,220822,1761.0,47.0
220340,1870,220832,1652.0,47.0
220350,1880,220842,1520.0,41.0
220360,1890,220852,1428.0,56.0
220370,1900,220862,1364.0,51.0
220380,1910,220872,1286.0,35.0
220390,1920,220882,1252.0,37.0
220400,1930,220892,1213.0,52.0
220410,1940,220902,1194.0,30.0
220420,1950,220912,1176.0,31.0
220430,1960,220922,1142.0,34.0
220440,1970,220932,1128.0,42.0
220450,1980,220942,1092.0,35.0
220460,1990,220952,1087.0,34.0
220470,2000,220962,1071.0,45.0
220480,2010,220972,1078.0,45.0
220490,2020,220982,1080.0,38.0
220500,2030,220992,1075.0,33.0
220510,2040,221002,1081.0,52.0
220520,2050,221012,1078.0,46.0
220530,2060,221022,1076.0,30.0
220540,2070,221032,1068.0,27.0
220550,2080,221042,1068.0,49.0
220560,2090,221052,1076.0,52.0
220570,2100,221062,1058.0,44.0
220580,2110,221073,1085.0,44.0
220590,2120,221083,1080.0,46.0
220600,2130,221093,1089.0,44.0
220610,2140,221103,1109.0,41.0
220620,2150,221113,1120.0,38.0
220630,2160,221123,1117.0,25.0
220640,2170,221133,1132.0,32.0
220650,2180,221143,1134.0,28.0
220660,2190,221153,1160.0,37.0
220670,2200,221163,1168.0,57.0
220680,2210,221173,1160.0,52.0
220690,2220,221183,1178.0,37.0
220700,2230,221193,1194.0,28.0
220710,2240,221203,1216.0,37.0
220720,2250,221213,1209.0,27.0
220730,2260,221223,1252.0,40.0
220740,2270,221233,1265.0,43.0
220750,2280,221243,1302.0,31.0
220760,2290,221253,1320.0,50.0
220770,2300,221263,1346.0,50.0
220780,2310,221273,1390.0,33.0
220790,2320,221283,1418.0,39.0
220800,2330,221293,1442.0,46.0
220810,2340,221303,1485.0,58.0
220820,2350,221313,1522.0,63.0
220830,2360,221323,1584.0,46.0
220840,2370,221333,1678.0,41.0
220850,2380,221343,1790.0,53.0
220860,2390,221353,1904.0,29.0
220870,2400,221363,2028.0,37.0
220880,2410,221373,2172.0,48.0
220890,2420,221383,2297.0,44.0
220900,2430,221393,2460.0,41.0
220910,2440,221403,2651.0,54.0
220920,2450,221413,2861.0,43.0
220930,2460,221423,3082.0,49.0
220940,2470,221433,3301.0,44.0
220950,2480,221443,3491.0,37.0
220960,2490,221453,3674.0,39.0
220970,2500,221463,3820.0,46.0
220980,2510,221473,3850.0,42.0
220990,2520,221483,3859.0,40.0
221000,2530,221493,3827.0,38.0
221010,2540,221503,3749.0,53.0
221020,2550,221513,3649.0,42.0
221030,2560,221524,3467.0,40.0
221040,2570,221534,3215.0,47.0
221050,2580,221544,2878.0,53.0
221060,2590,221554,2418.0,33.0
221070,2600,221564,1908.0,51.0
221080,2610,221574,1413.0,32.0
221090,2620,221584,1113.0,39.0
221100,2630,221594,1034.0,43.0
221110,2640,221604,1027.0,41.0
221120,2650,221614,1015.0,27.0
221130,2660,221624,1035.0,58.0
221140,2670,221634,1013.0,50.0
221150,2680,221644,1022.0,59.0
221160,2690,221654,1026.0,44.0
221170,2700,221664,1023.0,41.0
221180,2710,221674,1033.0,36.0
221190,2720,221684,1034.0,33.0
221200,2730,221694,1051.0,34.0
221210,2740,221704,1050.0,43.0
221220,2750,221714,1074.0,29.0
221230,2760,221724,1049.0,40.0
221240,2770,221734,1043.0,57.0
221250,2780,221744,1037.0,40.0
221260,2790,221754,1049.0,45.0
221270,2800,221764,1057.0,40.0
221280,2810,221774,1075.0,46.0
221290,2820,221784,1101.0,43.0
221300,2830,221794,1120.0,43.0
221310,2840,221804,1139.0,40.0
221320,2850,221814,1111.0,27.0
221330,2860,221824,1088.0,51.0
221340,2870,221834,1090.0,44.0
221350,2880,221844,1070.0,41.0
221360,2890,221854,1072.0,45.0
221370,2900,221864,1048.0,56.0
221380,2910,221874,1045.0,47.0
221390,2920,221885,1034.0,55.0
221400,2930,221895,1037.0,38.0
221410,2940,221905,1036.0,40.0
221420,2950,221914,1046.0,42.0
221430,2960,221924,1042.0,39.0
221440,2970,221934,1038.0,38.0
221450,2980,221944,1041.0,33.0
221460,2990,221954,1059.0,39.0
221470,3000,221964,1055.0,43.0
221480,3010,221975,1059.0,46.0
221490,3020,221985,1090.0,48.0
221500,3030,221995,1120.0,59.0
221510,3040,222005,1198.0,55.0
221520,3050,222015,1272.0,53.0
221530,3060,222025,1360.0,50.0
221540,3070,222035,1464.0,52.0
221550,3080,222045,1598.0,50.0
221560,3090,222055,1713.0,36.0
221570,3100,222065,1846.0,58.0
221580,3110,222075,2011.0,47.0
221590,3120,222085,2187.0,43.0
221600,3130,222095,2391.0,37.0
221610,3140,222105,2633.0,47.0
221620,3150,222115,2888.0,54.0
221630,3160,222125,3166.0,48.0
221640,3170,222135,3466.0,51.0
221650,3180,222145,3770.0,54.0
221660,3190,222155,4114.0,47.0
221670,3200,222165,4470.0,51.0
221680,3210,222175,4934.0,50.0
221690,3220,222185,5518.0,54.0
221700,3230,222195,6179.0,57.0
221710,3240,222205,6838.0,46.0
221720,3250,222215,7454.0,47.0
221730,3260,222225,8103.0,60.0
221740,3270,222235,8793.0,56.0
221750,3280,222245,9538.0,66.0
221760,3290,222255,10299.0,54.0
221770,3300,222265,11031.0,57.0
221780,3310,222275,11711.0,70.0
221790,3320,222285,12427.0,57.0
221800,3330,222295,13253.0,32.0
221810,3340,222305,14237.0,45.0
221820,3350,222315,15360.0,45.0
221830,3360,222325,16690.0,38.0
221840,3370,222335,18129.0,52.0
221850,3380,222346,19383.0,58.0
221860,3390,222356,20604.0,47.0
221870,3400,222366,22034.0,57.0
221880,3410,222376,23827.0,43.0
221890,3420,222386,26064.0,55.0
221900,3430,222396,28910.0,60.0
221910,3440,222406,32498.0,61.0
221920,3450,222415,38062.0,58.0
221930,3460,222425,47031.0,38.0
221940,3470,222436,58864.0,51.0
221950,3480,222446,74831.0,44.0
221960,3490,222456,90329.0,42.0
221970,3500,222466,105008.0,50.0
221980,3510,222476,119475.0,39.0
221990,3520,222486,133471.0,47.0
222000,3530,222496,148268.0,44.0
222010,3540,222506,164772.0,57.0
222020,3550,222516,176552.0,51.0
222030,3560,222526,181439.0,55.0
222040,3570,222536,181111.0,34.0
222050,3580,222546,178912.0,54.0
222060,3590,222556,177489.0,33.0
222070,3600,222566,176012.0,41.0
222080,3610,222576,174055.0,39.0
222090,3620,222586,171802.0,56.0
222100,3630,222596,171703.0,48.0
222110,3640,222606,172202.0,53.0
222120,3650,222616,172312.0,39.0
222130,3660,222626,169983.0,50.0
222140,3670,222636,166897.0,47.0
222150,3680,222646,163449.0,46.0
222160,3690,222656,161149.0,37.0
222170,3700,222666,158377.0,47.0
222180,3710,222676,155071.0,39.0
222190,3720,222686,150859.0,39.0
222200,3730,222696,144337.0,45.0
222210,3740,222706,137275.0,51.0
222220,3750,222716,131652.0,50.0
222230,3760,222726,128439.0,53.0
222240,3770,222736,126646.0,43.0
222250,3780,222746,124776.0,55.0
222260,3790,222756,123543.0,46.0
222270,3800,222766,122728.0,30.0
222280,3810,222776,121928.0,34.0
222290,3820,222786,121191.0,38.0
222300,3830,222796,120320.0,36.0
222310,3840,222807,119487.0,50.0
222320,3850,222817,118861.0,51.0
222330,3860,222827,118487.0,54.0
222340,3870,222837,118276.0,46.0
222350,3880,222847,118029.0,56.0
222360,3890,222857,117698.0,40.0
222370,3900,222867,117443.0,53.0
222380,3910,222876,117528.0,46.0
222390,3920,222886,117855.0,38.0
222400,3930,222897,118437.0,48.0
222410,3940,222907,119125.0,27.0
222420,3950,222917,119842.0,40.0
222430,3960,222927,120650.0,58.0
222440,3970,222937,121563.0,37.0
222450,3980,222947,122463.0,51.0
222460,3990,222957,123526.0,52.0
222470,4000,222967,124419.0,37.0
222480,4010,222977,124817.0,55.0
222490,4020,222987,124883.0,35.0
222500,4030,222997,124452.0,39.0
222510,4040,223007,124115.0,36.0
222520,4050,223017,122399.0,27.0
222530,4060,223027,115786.0,38.0
222540,4070,223037,112042.0,33.0
222550,4080,223047,110296.0,50.0
222560,4090,223057,107467.0,41.0
222570,4100,223067,105326.0,39.0
222580,4110,223077,97685.0,41.0
222590,4120,223087,96251.0,49.0
222600,4130,223097,96199.0,41.0
222610,4140,223107,94405.0,56.0
222620,4150,223117,92686.0,39.0
222630,4160,223127,93132.0,35.0
222640,4170,223137,95113.0,42.0
222650,4180,223147,97262.0,45.0
222660,4190,223157,100324.0,32.0
222670,4200,223167,103255.0,45.0
222680,4210,223177,108536.0,55.0
222690,4220,223187,113332.0,38.0
222700,4230,223197,118759.0,46.0
222710,4240,223207,120424.0,45.0
222720,4250,223217,121844.0,43.0
222730,4260,223227,122065.0,45.0
222740,4270,223237,125656.0,30.0
222750,4280,223247,126923.0,39.0
222760,4290,223257,129941.0,38.0
222770,4300,223268,130973.0,41.0
222780,4310,223278,132224.0,39.0
222790,4320,223288,133645.0,55.0
222800,4330,223298,134797.0,50.0
222810,4340,223308,136118.0,50.0
222820,4350,223318,136738.0,51.0
222830,4360,223327,136635.0,38.0
222840,4370,223337,138115.0,44.0
222850,4380,223347,141239.0,42.0
222860,4390,223358,144282.0,35.0
222870,4400,223368,145881.0,42.0
222880,4410,223378,146646.0,33.0
222890,4420,223388,148585.0,53.0
222900,4430,223398,150035.0,53.0
222910,4440,223408,149422.0,42.0
222920,4450,223418,148663.0,50.0
222930,4460,223428,149064.0,46.0
222940,4470,223438,149727.0,38.0
222950,4480,223448,151408.0,40.0
222960,4490,223458,154238.0,37.0
222970,4500,223468,156909.0,37.0
222980,4510,223478,157257.0,36.0
222990,4520,223488,158266.0,43.0
223000,4530,223498,160112.0,41.0
223010,4540,223508,161158.0,39.0
223020,4550,223518,161740.0,52.0
223030,4560,223528,163078.0,45.0
223040,4570,223538,163933.0,39.0
223050,4580,223548,164524.0,56.0
223060,4590,223558,165337.0,28.0
223070,4600,223568,165568.0,38.0
223080,4610,223578,166457.0,24.0
223090,4620,223588,167369.0,37.0
223100,4630,223598,171940.0,46.0
223110,4640,223608,176588.0,52.0
223120,4650,223618,181478.0,46.0
223130,4660,223628,186223.0,35.0
223140,4670,223638,184149.0,55.0
223150,4680,223648,182709.0,42.0
223160,4690,223658,185152.0,35.0
223170,4700,223668,191981.0,42.0
223180,4710,223678,197900.0,35.0
223190,4720,223688,201456.0,50.0
223200,4730,223699,204498.0,52.0
223210,4740,223709,207857.0,41.0
223220,4750,223719,211748.0,54.0
223230,4760,223729,215258.0,47.0
223240,4770,223738,217890.0,49.0
223250,4780,223748,220113.0,22.0
223260,4790,223758,222367.0,43.0
223270,4800,223768,224153.0,46.0
223280,4810,223778,225480.0,43.0
223290,4820,223789,226735.0,29.0
223300,4830,223799,227712.0,41.0
223310,4840,223809,228417.0,41.0
223320,4850,223819,228869.0,47.0
223330,4860,223829,229149.0,52.0
223340,4870,223839,229448.0,45.0
223350,4880,223849,229380.0,49.0
223360,4890,223859,229207.0,36.0
223370,4900,223869,228786.0,46.0
223380,4910,223879,228242.0,24.0
223390,4920,223889,227621.0,41.0
223400,4930,223899,226832.0,41.0
223410,4940,223909,225979.0,33.0
223420,4950,223919,225119.0,42.0
223430,4960,223929,224437.0,54.0
223440,4970,223939,223763.0,46.0
223450,4980,223949,222998.0,56.0
223460,4990,223959,222125.0,29.0
223470,5000,223969,221275.0,50.0
223480,5010,223979,220374.0,28.0
223490,5020,223989,219515.0,45.0
223500,5030,223999,218615.0,40.0
223510,5040,224009,217404.0,50.0
223520,5050,224019,215999.0,44.0
223530,5060,224029,214643.0,55.0
223540,5070,224039,214090.0,40.0
223550,5080,224049,213703.0,49.0
223560,5090,224059,213355.0,34.0
223570,5100,224069,212937.0,23.0
223580,5110,224079,212617.0,41.0
223590,5120,224089,211999.0,40.0
223600,5130,224099,211283.0,33.0
223610,5140,224109,210333.0,43.0
223620,5150,224119,209510.0,46.0
223630,5160,224129,207652.0,45.0
223640,5170,224140,204299.0,35.0
223650,5180,224150,200909.0,47.0
223660,5190,224160,198817.0,43.0
223670,5200,224169,197518.0,39.0
223680,5210,224179,195729.0,40.0
223690,5220,224189,194809.0,38.0
223700,5230,224199,192305.0,23.0
223710,5240,224209,189631.0,32.0
223720,5250,224219,187617.0,40.0
223730,5260,224230,185098.0,43.0
223740,5270,224240,181946.0,38.0
223750,5280,224250,179813.0,37.0
223760,5290,224260,179339.0,52.0
223770,5300,224270,179223.0,33.0
223780,5310,224280,179120.0,34.0
223790,5320,224290,179312.0,39.0
223800,5330,224300,179726.0,28.0
223810,5340,224310,177081.0,38.0
223820,5350,224320,175483.0,57.0
223830,5360,224330,173992.0,58.0
223840,5370,224340,174560.0,46.0
223850,5380,224350,175794.0,56.0
223860,5390,224360,177017.0,43.0
223870,5400,224370,177328.0,42.0
223880,5410,224380,176616.0,26.0
223890,5420,224390,176103.0,36.0
223900,5430,224400,175365.0,35.0
223910,5440,224410,169386.0,52.0
223920,5450,224420,166960.0,44.0
223930,5460,224430,165331.0,58.0
223940,5470,224440,164201.0,49.0
223950,5480,224450,164721.0,34.0
223960,5490,224460,165972.0,34.0
223970,5500,224470,165341.0,28.0
223980,5510,224480,165009.0,40.0
223990,5520,224490,164439.0,30.0
224000,5530,224500,163589.0,23.0
224010,5540,224510,162718.0,45.0
224020,5550,224520,161638.0,49.0
224030,5560,224530,161029.0,45.0
224040,5570,224540,160838.0,34.0
224050,5580,224550,160792.0,37.0
224060,5590,224560,160771.0,28.0
224070,5600,224570,160826.0,25.0
224080,5610,224580,160980.0,40.0
224090,5620,224590,161093.0,32.0
224100,5630,224600,161377.0,31.0
224110,5640,224610,161769.0,43.0
224120,5650,224620,162207.0,35.0
224130,5660,224630,162746.0,48.0
224140,5670,224640,163267.0,60.0
224150,5680,224650,163607.0,37.0
224160,5690,224660,163572.0,29.0
224170,5700,224671,163479.0,34.0
224180,5710,224681,163490.0,39.0
224190,5720,224691,163551.0,43.0
224200,5730,224701,163742.0,40.0
224210,5740,224711,162099.0,40.0
224220,5750,224721,161599.0,40.0
224230,5760,224731,161727.0,62.0
224240,5770,224741,161978.0,51.0
224250,5780,224751,162000.0,50.0
224260,5790,224760,162074.0,46.0
224270,5800,224771,162168.0,40.0
224280,5810,224781,162158.0,27.0
224290,5820,224791,162309.0,35.0
224300,5830,224801,162610.0,32.0
224310,5840,224811,163051.0,36.0
224320,5850,224821,163024.0,29.0
224330,5860,224831,162941.0,47.0
224340,5870,224841,163177.0,53.0
224350,5880,224851,163300.0,52.0
224360,5890,224861,163175.0,57.0
224370,5900,224871,163032.0,52.0
224380,5910,224881,162841.0,53.0
224390,5920,224891,162612.0,30.0
224400,5930,224901,162345.0,40.0
224410,5940,224911,162209.0,22.0
224420,5950,224921,162107.0,38.0
224430,5960,224931,161850.0,35.0
224440,5970,224941,161524.0,56.0
224450,5980,224951,161144.0,62.0
224460,5990,224961,160804.0,34.0
224470,6000,224971,160558.0,38.0
224480,6010,224981,160493.0,41.0
224490,6020,224991,160783.0,37.0
224500,6030,225001,161238.0,35.0
224510,6040,225011,161921.0,45.0
224520,6050,225021,162682.0,36.0
224530,6060,225031,163426.0,58.0
224540,6070,225041,164211.0,42.0
224550,6080,225051,165124.0,48.0
224560,6090,225061,166156.0,42.0
224570,6100,225071,166775.0,42.0
224580,6110,225081,166533.0,29.0
224590,6120,225091,166810.0,44.0
224600,6130,225101,166972.0,34.0
224610,6140,225111,167363.0,37.0
224620,6150,225122,167652.0,48.0
224630,6160,225132,167970.0,42.0
224640,6170,225142,168237.0,44.0
224650,6180,225152,168598.0,66.0
224660,6190,225161,169077.0,58.0
224670,6200,225171,169588.0,49.0
224680,6210,225181,169967.0,26.0
224690,6220,225191,170206.0,30.0
224700,6230,225201,170370.0,42.0
224710,6240,225212,170538.0,43.0
224720,6250,225222,170620.0,36.0
224730,6260,225232,170953.0,32.0
224740,6270,225242,171126.0,33.0
224750,6280,225252,171148.0,47.0
224760,6290,225262,171253.0,47.0
224770,6300,225272,171326.0,33.0
224780,6310,225282,171437.0,42.0
224790,6320,225292,171620.0,28.0
224800,6330,225302,171809.0,33.0
224810,6340,225312,172009.0,30.0
224820,6350,225322,171486.0,39.0
224830,6360,225332,171204.0,27.0
224840,6370,225342,171634.0,50.0
224850,6380,225352,171852.0,33.0
224860,6390,225362,172022.0,36.0
224870,6400,225372,172208.0,52.0
224880,6410,225382,172458.0,51.0
224890,6420,225392,172753.0,29.0
224900,6430,225402,173087.0,44.0
224910,6440,225412,173389.0,24.0
224920,6450,225422,172491.0,49.0
224930,6460,225432,172820.0,26.0
224940,6470,225442,172920.0,39.0
224950,6480,225452,172793.0,31.0
224960,6490,225462,172926.0,36.0
224970,6500,225472,172954.0,48.0
224980,6510,225482,172974.0,51.0
224990,6520,225492,173123.0,44.0
225000,6530,225502,173345.0,41.0
225010,6540,225512,173649.0,28.0
225020,6550,225522,174044.0,31.0
225030,6560,225532,174353.0,41.0
225040,6570,225542,174653.0,16.0
225050,6580,225552,174893.0,38.0
225060,6590,225562,175154.0,35.0
225070,6600,225573,175457.0,53.0
225080,6610,225583,175691.0,28.0
225090,6620,225593,175855.0,32.0
225100,6630,225603,176034.0,50.0
225110,6640,225612,176231.0,37.0
225120,6650,225622,176605.0,30.0
225130,6660,225632,177011.0,34.0
225140,6670,225642,177355.0,32.0
225150,6680,225652,177553.0,33.0
225160,6690,225663,177061.0,48.0
225170,6700,225673,176903.0,44.0
225180,6710,225683,176982.0,36.0
225190,6720,225693,176967.0,29.0
225200,6730,225703,176365.0,51.0
225210,6740,225713,176782.0,43.0
225220,6750,225723,177037.0,42.0
225230,6760,225733,177212.0,31.0
225240,6770,225743,177378.0,44.0
225250,6780,225753,177586.0,37.0
225260,6790,225763,177672.0,39.0
225270,6800,225773,177763.0,41.0
225280,6810,225783,177795.0,36.0
225290,6820,225793,177867.0,55.0
225300,6830,225803,177931.0,41.0
225310,6840,225813,178101.0,42.0
225320,6850,225823,178269.0,43.0
225330,6860,225833,178228.0,42.0
225340,6870,225843,176665.0,28.0
225350,6880,225853,176313.0,32.0
225360,6890,225863,176046.0,42.0
225370,6900,225873,175519.0,39.0
225380,6910,225883,174988.0,20.0
225390,6920,225893,174671.0,48.0
225400,6930,225903,174363.0,41.0
225410,6940,225913,174097.0,56.0
225420,6950,225923,173964.0,35.0
225430,6960,225933,173872.0,49.0
225440,6970,225943,173619.0,33.0
225450,6980,225953,173329.0,36.0
225460,6990,225963,173167.0,25.0
225470,7000,225973,173213.0,46.0
225480,7010,225983,173314.0,19.0
225490,7020,225993,173494.0,48.0
225500,7030,226003,173650.0,42.0
225510,7040,226013,173721.0,45.0
225520,7050,226023,173722.0,47.0
225530,7060,226034,173722.0,47.0
225540,7070,226044,173671.0,32.0
225550,7080,226054,173665.0,34.0
225560,7090,226063,173671.0,40.0
225570,7100,226073,173660.0,30.0
225580,7110,226083,173599.0,37.0
225590,7120,226093,173478.0,35.0
225600,7130,226103,173295.0,46.0
225610,7140,226113,173138.0,46.0
225620,7150,226124,173056.0,66.0
225630,7160,226134,173096.0,37.0
225640,7170,226144,173260.0,58.0
225650,7180,226154,173595.0,44.0
225660,7190,226164,173912.0,34.0
225670,7200,226174,174125.0,31.0
225680,7210,226184,174365.0,29.0
225690,7220,226194,174640.0,31.0
225700,7230,226204,174963.0,42.0
225710,7240,226214,175297.0,36.0
225720,7250,226224,175561.0,37.0
225730,7260,226234,175697.0,48.0
225740,7270,226244,175724.0,56.0
225750,7280,226254,175735.0,47.0
225760,7290,226264,175781.0,47.0
225770,7300,226274,175802.0,36.0
225780,7310,226284,175666.0,44.0
225790,7320,226294,175483.0,38.0
225800,7330,226304,175189.0,43.0
225810,7340,226314,174878.0,46.0
225820,7350,226324,174565.0,39.0
225830,7360,226334,174257.0,30.0
225840,7370,226344,173971.0,46.0
225850,7380,226354,173789.0,50.0
225860,7390,226364,173683.0,35.0
225870,7400,226374,173576.0,51.0
225880,7410,226384,173476.0,35.0
225890,7420,226394,173444.0,50.0
225900,7430,226404,173389.0,37.0
225910,7440,226414,173360.0,42.0
225920,7450,226424,173277.0,17.0
225930,7460,226434,173163.0,47.0
225940,7470,226444,172936.0,55.0
225950,7480,226454,172701.0,50.0
225960,7490,226464,172645.0,54.0
225970,7500,226474,172780.0,56.0
225980,7510,226485,172977.0,42.0
225990,7520,226495,173120.0,54.0
226000,7530,226505,173169.0,39.0
226010,7540,226514,173103.0,34.0
226020,7550,226524,172958.0,29.0
226030,7560,226534,172792.0,38.0
226040,7570,226544,172673.0,45.0
226050,7580,226554,172629.0,30.0
226060,7590,226564,172512.0,31.0
226070,7600,226575,172390.0,59.0
226080,7610,226585,172261.0,41.0
226090,7620,226595,172152.0,53.0
226100,7630,226605,172072.0,37.0
226110,7640,226615,172043.0,43.0
226120,7650,226625,172034.0,43.0
226130,7660,226635,171922.0,48.0
226140,7670,226645,171701.0,38.0
226150,7680,226655,171432.0,30.0
226160,7690,226665,171154.0,36.0
226170,7700,226675,171028.0,38.0
226180,7710,226685,171123.0,39.0
226190,7720,226695,171449.0,49.0
226200,7730,226705,172073.0,36.0
226210,7740,226715,172698.0,42.0
226220,7750,226725,173288.0,46.0
226230,7760,226735,173806.0,32.0
226240,7770,226745,174373.0,26.0
226250,7780,226755,174774.0,41.0
226260,7790,226765,175014.0,31.0
226270,7800,226775,174146.0,48.0
226280,7810,226785,173540.0,52.0
226290,7820,226795,173594.0,49.0
226300,7830,226805,173351.0,50.0
226310,7840,226815,173045.0,41.0
226320,7850,226825,172773.0,37.0
226330,7860,226835,172438.0,27.0
226340,7870,226845,172067.0,23.0
226350,7880,226855,171716.0,36.0
226360,7890,226865,171371.0,37.0
226370,7900,226875,171020.0,47.0
226380,7910,226885,170763.0,50.0
226390,7920,226895,170700.0,56.0
226400,7930,226905,170835.0,48.0
226410,7940,226915,170909.0,42.0
226420,7950,226925,170833.0,30.0
226430,7960,226935,170639.0,16.0
226440,7970,226945,170565.0,28.0
226450,7980,226955,170735.0,42.0
226460,7990,226965,171032.0,47.0
226470,8000,226975,171400.0,42.0
226480,8010,226985,171743.0,64.0
226490,8020,226995,171958.0,51.0
226500,8030,227005,172230.0,49.0
226510,8040,227016,172475.0,43.0
226520,8050,227026,172826.0,66.0
226530,8060,227036,173199.0,39.0
226540,8070,227046,173488.0,41.0
226550,8080,227056,173551.0,41.0
226560,8090,227066,173329.0,35.0
226570,8100,227076,172979.0,39.0
226580,8110,227086,172503.0,32.0
226590,8120,227096,172017.0,43.0
226600,8130,227106,171669.0,47.0
226610,8140,227116,171465.0,51.0
226620,8150,227126,171196.0,43.0
226630,8160,227136,170806.0,43.0
226640,8170,227146,170353.0,43.0
226650,8180,227156,169925.0,32.0
226660,8190,227166,169560.0,50.0
226670,8200,227176,169224.0,32.0
226680,8210,227186,168944.0,33.0
226690,8220,227196,168608.0,43.0
226700,8230,227206,168312.0,62.0
226710,8240,227216,168046.0,46.0
226720,8250,227226,167922.0,48.0
226730,8260,227236,167993.0,41.0
226740,8270,227246,168199.0,33.0
226750,8280,227256,168433.0,27.0
226760,8290,227266,168560.0,38.0
226770,8300,227276,168663.0,37.0
226780,8310,227286,168794.0,28.0
226790,8320,227296,168976.0,54.0
226800,8330,227306,169227.0,42.0
226810,8340,227316,169543.0,45.0
226820,8350,227326,169912.0,52.0
226830,8360,227336,170378.0,45.0
226840,8370,227346,170960.0,44.0
226850,8380,227356,171595.0,42.0
226860,8390,227366,172203.0,36.0
226870,8400,227376,172674.0,31.0
226880,8410,227386,173043.0,40.0
226890,8420,227396,173287.0,31.0
226900,8430,227406,173526.0,31.0
226910,8440,227416,173679.0,32.0
226920,8450,227426,173767.0,54.0
226930,8460,227436,173823.0,47.0
226940,8470,227446,173776.0,37.0
226950,8480,227456,173612.0,46.0
226960,8490,227467,173351.0,41.0
226970,8500,227477,173052.0,39.0
226980,8510,227487,172647.0,43.0
226990,8520,227497,172310.0,41.0
227000,8530,227507,172114.0,36.0
227010,8540,227517,172085.0,30.0
227020,8550,227527,172158.0,34.0
227030,8560,227537,172296.0,43.0
227040,8570,227547,172387.0,57.0
227050,8580,227557,172476.0,43.0
227060,8590,227567,172631.0,55.0
227070,8600,227577,172902.0,47.0
227080,8610,227587,173174.0,40.0
227090,8620,227597,173409.0,45.0
227100,8630,227607,173690.0,39.0
227110,8640,227617,173102.0,33.0
227120,8650,227627,172683.0,37.0
227130,8660,227637,173555.0,48.0
227140,8670,227647,172952.0,53.0
227150,8680,227657,172254.0,52.0
227160,8690,227667,173048.0,58.0
227170,8700,227677,172624.0,60.0
227180,8710,227687,172897.0,28.0
227190,8720,227697,173257.0,39.0
227200,8730,227707,173366.0,39.0
227210,8740,227717,173309.0,39.0
227220,8750,227727,173103.0,43.0
227230,8760,227737,172965.0,43.0
227240,8770,227747,173046.0,31.0
227250,8780,227757,173276.0,65.0
227260,8790,227767,173658.0,44.0
227270,8800,227777,174097.0,53.0
227280,8810,227787,174541.0,45.0
227290,8820,227797,174856.0,32.0
227300,8830,227807,174908.0,23.0
227310,8840,227817,174765.0,46.0
227320,8850,227827,174473.0,46.0
227330,8860,227837,174076.0,43.0
227340,8870,227847,173596.0,50.0
227350,8880,227857,173078.0,53.0
227360,8890,227867,172644.0,50.0
227370,8900,227877,172282.0,57.0
227380,8910,227887,171978.0,42.0
227390,8920,227897,171758.0,44.0
227400,8930,227908,171670.0,40.0
227410,8940,227918,171573.0,27.0
227420,8950,227928,171448.0,39.0
227430,8960,227938,171198.0,37.0
227440,8970,227948,170857.0,51.0
227450,8980,227958,170725.0,46.0
227460,8990,227968,170882.0,59.0
227470,9000,227978,171283.0,45.0
227480,9010,227987,171722.0,42.0
227490,9020,227998,171965.0,36.0
227500,9030,228008,171950.0,29.0
227510,9040,228018,171871.0,30.0
227520,9050,228028,171923.0,39.0
227530,9060,228038,172206.0,33.0
227540,9070,228048,172687.0,51.0
227550,9080,228058,173199.0,54.0
227560,9090,228068,173647.0,60.0
227570,9100,228078,173993.0,46.0
227580,9110,228088,174275.0,55.0
227590,9120,228098,174449.0,36.0
227600,9130,228108,174556.0,61.0
227610,9140,228118,174737.0,35.0
227620,9150,228128,174830.0,37.0
227630,9160,228138,174849.0,42.0
227640,9170,228148,174686.0,45.0
227650,9180,228158,174492.0,52.0
227660,9190,228168,174337.0,42.0
227670,9200,228178,174199.0,35.0
227680,9210,228188,174206.0,53.0
227690,9220,228198,174316.0,35.0
227700,9230,228208,174456.0,33.0
227710,9240,228218,174426.0,28.0
227720,9250,228228,174203.0,59.0
227730,9260,228238,173927.0,30.0
227740,9270,228248,173686.0,30.0
227750,9280,228258,173559.0,41.0
227760,9290,228268,173470.0,52.0
227770,9300,228278,173261.0,52.0
227780,9310,228288,172975.0,52.0
227790,9320,228298,172695.0,37.0
227800,9330,228308,172445.0,52.0
227810,9340,228318,172264.0,48.0
227820,9350,228328,172020.0,41.0
227830,9360,228338,171702.0,39.0
227840,9370,228349,171301.0,45.0
227850,9380,228359,170949.0,54.0
227860,9390,228369,170717.0,47.0
227870,9400,228379,170659.0,45.0
227880,9410,228389,170661.0,39.0
227890,9420,228399,170793.0,39.0
227900,9430,228409,170982.0,44.0
227910,9440,228419,171116.0,39.0
227920,9450,228428,171164.0,27.0
227930,9460,228439,171131.0,45.0
227940,9470,228449,170897.0,22.0
227950,9480,228459,170519.0,31.0
227960,9490,228469,170135.0,35.0
227970,9500,228479,169892.0,45.0
227980,9510,228489,169850.0,47.0
227990,9520,228499,169885.0,48.0
228000,9530,228509,169895.0,56.0
228010,9540,228519,169817.0,41.0
228020,9550,228529,169533.0,31.0
228030,9560,228539,169164.0,39.0
228040,9570,228549,168747.0,39.0
228050,9580,228559,168426.0,26.0
228060,9590,228569,168312.0,31.0
228070,9600,228579,168342.0,51.0
228080,9610,228589,168286.0,50.0
228090,9620,228599,168105.0,44.0
228100,9630,228609,167745.0,47.0
228110,9640,228619,167312.0,56.0
228120,9650,228629,166994.0,48.0
228130,9660,228639,166840.0,46.0
228140,9670,228649,166883.0,30.0
228150,9680,228659,167041.0,38.0
228160,9690,228669,167151.0,38.0
228170,9700,228679,167176.0,37.0
228180,9710,228689,167045.0,43.0
228190,9720,228699,166915.0,37.0
228200,9730,228709,166827.0,48.0
228210,9740,228719,166857.0,52.0
228220,9750,228729,167068.0,61.0
228230,9760,228739,167393.0,53.0
228240,9770,228749,167791.0,35.0
228250,9780,228759,168239.0,37.0
228260,9790,228769,168697.0,36.0
228270,9800,228779,169142.0,41.0
228280,9810,228789,169634.0,37.0
228290,9820,228800,170115.0,50.0
228300,9830,228810,170511.0,31.0
228310,9840,228820,170855.0,24.0
228320,9850,228830,171085.0,53.0
228330,9860,228839,171203.0,53.0
228340,9870,228849,171339.0,34.0
228350,9880,228859,171469.0,23.0
228360,9890,228869,171678.0,47.0
228370,9900,228879,171938.0,37.0
228380,9910,228890,172104.0,48.0
228390,9920,228900,170455.0,42.0
228400,9930,228910,170938.0,69.0
228410,9940,228920,171086.0,38.0
228420,9950,228930,170780.0,45.0
228430,9960,228940,170712.0,38.0
228440,9970,228950,170756.0,57.0
228450,9980,228960,170782.0,36.0
228460,9990,228970,170878.0,42.0
228470,10000,228980,171027.0,35.0
228480,10010,228990,171102.0,49.0
228490,10020,229000,171052.0,40.0
228500,10030,229010,170888.0,47.0
228510,10040,229020,170690.0,38.0
228520,10050,229030,170542.0,55.0
228530,10060,229040,170414.0,43.0
228540,10070,229050,170258.0,40.0
228550,10080,229060,170075.0,25.0
228560,10090,229070,169895.0,34.0
228570,10100,229080,169763.0,28.0
228580,10110,229090,169769.0,42.0
228590,10120,229100,169832.0,37.0
228600,10130,229110,169874.0,43.0
228610,10140,229120,169813.0,40.0
228620,10150,229130,169637.0,43.0
228630,10160,229140,169403.0,47.0
228640,10170,229150,169284.0,39.0
228650,10180,229160,169307.0,36.0
228660,10190,229170,169538.0,52.0
228670,10200,229180,169966.0,25.0
228680,10210,229190,170333.0,39.0
228690,10220,229200,170455.0,46.0
228700,10230,229210,170635.0,51.0
228710,10240,229220,170622.0,41.0
228720,10250,229230,170605.0,37.0
228730,10260,229240,170590.0,28.0
228740,10270,229251,170613.0,43.0
228750,10280,229261,170725.0,61.0
228760,10290,229271,170838.0,42.0
228770,10300,229281,170998.0,44.0
228780,10310,229290,171163.0,34.0
228790,10320,229300,171258.0,45.0
228800,10330,229310,171035.0,44.0
228810,10340,229320,170982.0,46.0
228820,10350,229330,170965.0,51.0
228830,10360,229341,170885.0,51.0
228840,10370,229351,170855.0,54.0
228850,10380,229361,170820.0,40.0
228860,10390,229371,170723.0,51.0
228870,10400,229381,170664.0,51.0
228880,10410,229391,170737.0,36.0
228890,10420,229401,170733.0,43.0
228900,10430,229411,170668.0,42.0
228910,10440,229421,170512.0,28.0
228920,10450,229431,170491.0,40.0
228930,10460,229441,170533.0,52.0
228940,10470,229451,170642.0,58.0
228950,10480,229461,170628.0,43.0
228960,10490,229471,170618.0,55.0
228970,10500,229481,170595.0,39.0
228980,10510,229491,170608.0,51.0
228990,10520,229501,170649.0,39.0
229000,10530,229511,170722.0,54.0
229010,10540,229521,170834.0,40.0
229020,10550,229531,170898.0,41.0
229030,10560,229541,170867.0,33.0
229040,10570,229551,170722.0,44.0
229050,10580,229561,170554.0,45.0
229060,10590,229571,170414.0,43.0
229070,10600,229581,170313.0,33.0
229080,10610,229591,170229.0,45.0
229090,10620,229601,170245.0,69.0
229100,10630,229611,170308.0,33.0
229110,10640,229621,170365.0,28.0
229120,10650,229631,170292.0,38.0
229130,10660,229641,170087.0,42.0
229140,10670,229651,169792.0,42.0
229150,10680,229661,169582.0,35.0
229160,10690,229671,169604.0,43.0
229170,10700,229681,169809.0,44.0
229180,10710,229691,170144.0,56.0
229190,10720,229701,170535.0,31.0
229200,10730,229711,170789.0,44.0
229210,10740,229721,170949.0,48.0
229220,10750,229731,171092.0,41.0
229230,10760,229741,171295.0,36.0
229240,10770,229751,171586.0,39.0
229250,10780,229761,172023.0,48.0
229260,10790,229771,172523.0,55.0
229270,10800,229781,173078.0,42.0
229280,10810,229792,172691.0,49.0
229290,10820,229802,173316.0,25.0
229300,10830,229812,173808.0,45.0
229310,10840,229822,174266.0,41.0
229320,10850,229832,174687.0,34.0
229330,10860,229842,174887.0,36.0
229340,10870,229852,174909.0,32.0
229350,10880,229862,175181.0,56.0
229360,10890,229872,175371.0,41.0
229370,10900,229882,175256.0,54.0
229380,10910,229892,175428.0,47.0
229390,10920,229902,175647.0,48.0
229400,10930,229912,174680.0,46.0
229410,10940,229922,175140.0,32.0
229420,10950,229932,175014.0,25.0
229430,10960,229942,174145.0,29.0
229440,10970,229952,174196.0,36.0
229450,10980,229962,173978.0,52.0
229460,10990,229972,173621.0,48.0
229470,11000,229982,173394.0,50.0
229480,11010,229992,173406.0,45.0
229490,11020,230002,173415.0,44.0
229500,11030,230012,173419.0,44.0
229510,11040,230022,173503.0,41.0
229520,11050,230032,173712.0,38.0
229530,11060,230042,173950.0,45.0
229540,11070,230052,174058.0,37.0
229550,11080,230062,173986.0,42.0
229560,11090,230072,173859.0,40.0
229570,11100,230082,173853.0,60.0
229580,11110,230092,173900.0,37.0
229590,11120,230102,173935.0,44.0
229600,11130,230112,173958.0,29.0
229610,11140,230122,173878.0,36.0
229620,11150,230132,173787.0,50.0
229630,11160,230142,173730.0,44.0
229640,11170,230152,173622.0,39.0
229650,11180,230162,173400.0,45.0
229660,11190,230172,173029.0,48.0
229670,11200,230182,172649.0,49.0
229680,11210,230192,172353.0,43.0
229690,11220,230202,172166.0,52.0
229700,11230,230212,172012.0,49.0
229710,11240,230222,171865.0,37.0
229720,11250,230233,171687.0,39.0
229730,11260,230243,171515.0,36.0
229740,11270,230253,171476.0,27.0
229750,11280,230263,171519.0,50.0
229760,11290,230273,171634.0,37.0
229770,11300,230283,171650.0,57.0
229780,11310,230293,171635.0,50.0
229790,11320,230303,171557.0,39.0
229800,11330,230312,171496.0,47.0
229810,11340,230323,171501.0,36.0
229820,11350,230333,171835.0,39.0
229830,11360,230343,172377.0,37.0
229840,11370,230353,172931.0,46.0
229850,11380,230363,173440.0,52.0
229860,11390,230373,173703.0,35.0
229870,11400,230383,173736.0,37.0
229880,11410,230393,173645.0,47.0
229890,11420,230403,173432.0,44.0
229900,11430,230413,173320.0,42.0
229910,11440,230423,173305.0,59.0
229920,11450,230433,173379.0,51.0
229930,11460,230443,173358.0,22.0
229940,11470,230453,173305.0,41.0
229950,11480,230463,173194.0,34.0
229960,11490,230473,173033.0,30.0
229970,11500,230483,172910.0,42.0
229980,11510,230493,172794.0,42.0
229990,11520,230503,172788.0,36.0
230000,11530,230513,172935.0,43.0
230010,11540,230523,173234.0,53.0
230020,11550,230533,173505.0,52.0
230030,11560,230543,173577.0,49.0
230040,11570,230553,173545.0,36.0
230050,11580,230563,173441.0,31.0
230060,11590,230573,173429.0,33.0
230070,11600,230583,173491.0,31.0
230080,11610,230593,173512.0,37.0
230090,11620,230603,173420.0,36.0
230100,11630,230613,173083.0,34.0
230110,11640,230623,172592.0,37.0
230120,11650,230633,172016.0,39.0
230130,11660,230643,171518.0,38.0
230140,11670,230653,171165.0,34.0
230150,11680,230663,170933.0,25.0
230160,11690,230673,170815.0,44.0
230170,11700,230684,170791.0,35.0
230180,11710,230694,170764.0,45.0
230190,11720,230704,170763.0,37.0
230200,11730,230714,170721.0,39.0
230210,11740,230724,170652.0,40.0
230220,11750,230734,170553.0,58.0
230230,11760,230744,170490.0,55.0
230240,11770,230754,170403.0,54.0
230250,11780,230763,170280.0,29.0
230260,11790,230774,170175.0,34.0
230270,11800,230784,170088.0,26.0
230280,11810,230794,170059.0,50.0
230290,11820,230804,170119.0,26.0
230300,11830,230814,170215.0,44.0
230310,11840,230824,170367.0,33.0
230320,11850,230834,170508.0,38.0
230330,11860,230844,170667.0,46.0
230340,11870,230854,170976.0,53.0
230350,11880,230864,171280.0,36.0
230360,11890,230874,171556.0,47.0
230370,11900,230884,171820.0,46.0
230380,11910,230894,172051.0,45.0
230390,11920,230904,172249.0,46.0
230400,11930,230914,172566.0,33.0
230410,11940,230924,172887.0,47.0
230420,11950,230934,173160.0,54.0
230430,11960,230944,173293.0,40.0
230440,11970,230954,173329.0,56.0
230450,11980,230964,173243.0,43.0
230460,11990,230974,172969.0,45.0
230470,12000,230984,172613.0,35.0
230480,12010,230994,172371.0,40.0
230490,12020,231004,172282.0,25.0
230500,12030,231014,172354.0,39.0
230510,12040,231024,172412.0,37.0
230520,12050,231034,172409.0,32.0
230530,12060,231044,172410.0,39.0
230540,12070,231054,172563.0,50.0
230550,12080,231064,172765.0,44.0
230560,12090,231074,173044.0,44.0
230570,12100,231084,173184.0,29.0
230580,12110,231094,173134.0,46.0
230590,12120,231104,172880.0,54.0
230600,12130,231114,172616.0,42.0
230610,12140,231125,172477.0,40.0
230620,12150,231135,172510.0,43.0
230630,12160,231145,172665.0,37.0
230640,12170,231155,172865.0,58.0
230650,12180,231165,172973.0,41.0
230660,12190,231175,172875.0,44.0
230670,12200,231185,172529.0,52.0
230680,12210,231194,172131.0,52.0
230690,12220,231204,171811.0,30.0
230700,12230,231215,171654.0,38.0
230710,12240,231225,171631.0,22.0
230720,12250,231235,171775.0,30.0
230730,12260,231245,171898.0,18.0
230740,12270,231255,171918.0,53.0
230750,12280,231265,171782.0,35.0
230760,12290,231275,171476.0,56.0
230770,12300,231285,171178.0,44.0
230780,12310,231295,170842.0,60.0
230790,12320,231305,170340.0,29.0
230800,12330,231315,169717.0,36.0
230810,12340,231325,170453.0,39.0
230820,12350,231335,170069.0,33.0
230830,12360,231345,170062.0,33.0
230840,12370,231355,170109.0,32.0
230850,12380,231365,170398.0,48.0
230860,12390,231375,170734.0,43.0
230870,12400,231385,170977.0,52.0
230880,12410,231395,170992.0,37.0
230890,12420,231405,170779.0,52.0
230900,12430,231415,170434.0,33.0
230910,12440,231425,170098.0,38.0
230920,12450,231435,169870.0,29.0
230930,12460,231445,170077.0,36.0
230940,12470,231455,170208.0,35.0
230950,12480,231465,170421.0,42.0
230960,12490,231475,170628.0,24.0
230970,12500,231485,170631.0,44.0
230980,12510,231495,170499.0,43.0
230990,12520,231505,170329.0,55.0
231000,12530,231515,170154.0,49.0
231010,12540,231525,170106.0,47.0
231020,12550,231535,170130.0,41.0
231030,12560,231545,170123.0,38.0
231040,12570,231555,170137.0,36.0
231050,12580,231565,170101.0,42.0
231060,12590,231576,170096.0,39.0
231070,12600,231586,170089.0,46.0
231080,12610,231596,170157.0,52.0
231090,12620,231606,170256.0,54.0
231100,12630,231615,170450.0,50.0
231110,12640,231625,170692.0,21.0
231120,12650,231635,170985.0,31.0
231130,12660,231645,170782.0,46.0
231140,12670,231655,170741.0,44.0
231150,12680,231666,170445.0,60.0
231160,12690,231676,170034.0,45.0
231170,12700,231686,169921.0,42.0
231180,12710,231696,169810.0,37.0
231190,12720,231706,169843.0,38.0
231200,12730,231716,170033.0,39.0
231210,12740,231726,170403.0,29.0
231220,12750,231736,170806.0,17.0
231230,12760,231746,171063.0,37.0
231240,12770,231756,171444.0,34.0
231250,12780,231766,171706.0,39.0
231260,12790,231776,171655.0,38.0
231270,12800,231786,171286.0,48.0
231280,12810,231796,170720.0,36.0
231290,12820,231806,170048.0,45.0
231300,12830,231816,169363.0,36.0
231310,12840,231826,168737.0,52.0
231320,12850,231836,168117.0,21.0
231330,12860,231846,167543.0,26.0
231340,12870,231856,167128.0,39.0
231350,12880,231866,166892.0,36.0
231360,12890,231876,166695.0,45.0
231370,12900,231886,166404.0,50.0
231380,12910,231896,166048.0,43.0
231390,12920,231906,165777.0,40.0
231400,12930,231916,165794.0,53.0
231410,12940,231926,165603.0,51.0
231420,12950,231936,165545.0,32.0
231430,12960,231946,165511.0,40.0
231440,12970,231956,165831.0,45.0
231450,12980,231966,166384.0,26.0
231460,12990,231976,166977.0,35.0
231470,13000,231986,167351.0,56.0
231480,13010,231996,167465.0,52.0
231490,13020,232006,167467.0,49.0
231500,13030,232016,167555.0,50.0
231510,13040,232026,167859.0,32.0
231520,13050,232036,168331.0,35.0
231530,13060,232046,168833.0,30.0
231540,13070,232056,169426.0,36.0
231550,13080,232066,169958.0,40.0
231560,13090,232076,170340.0,44.0
231570,13100,232086,170683.0,49.0
231580,13110,232096,171027.0,51.0
231590,13120,232106,171194.0,49.0
231600,13130,232117,171152.0,48.0
231610,13140,232127,171031.0,50.0
231620,13150,232137,170778.0,49.0
231630,13160,232147,170599.0,28.0
231640,13170,232157,168994.0,45.0
231650,13180,232167,167754.0,32.0
231660,13190,232177,168133.0,37.0
231670,13200,232187,167299.0,42.0
231680,13210,232197,166940.0,55.0
231690,13220,232207,166430.0,43.0
231700,13230,232217,166039.0,35.0
231710,13240,232227,165716.0,51.0
231720,13250,232237,165581.0,41.0
231730,13260,232247,165580.0,43.0
231740,13270,232257,165490.0,47.0
231750,13280,232267,165476.0,35.0
231760,13290,232277,165509.0,47.0
231770,13300,232287,165366.0,54.0
231780,13310,232297,165113.0,40.0
231790,13320,232307,164738.0,38.0
231800,13330,232317,164415.0,37.0
231810,13340,232327,163990.0,51.0
231820,13350,232337,163586.0,31.0
231830,13360,232347,163185.0,31.0
231840,13370,232357,162785.0,38.0
231850,13380,232367,162405.0,38.0
231860,13390,232377,162068.0,56.0
231870,13400,232387,161794.0,38.0
231880,13410,232397,161517.0,53.0
231890,13420,232407,161291.0,51.0
231900,13430,232417,161093.0,53.0
231910,13440,232427,160947.0,42.0
231920,13450,232437,160875.0,43.0
231930,13460,232447,160860.0,41.0
231940,13470,232457,161493.0,43.0
231950,13480,232467,161920.0,48.0
231960,13490,232477,162053.0,46.0
231970,13500,232487,162395.0,54.0
231980,13510,232497,162562.0,57.0
231990,13520,232507,162924.0,47.0
232000,13530,232517,163429.0,40.0
232010,13540,232527,163631.0,29.0
232020,13550,232537,162442.0,25.0
232030,13560,232547,162979.0,36.0
232040,13570,232558,163347.0,34.0
232050,13580,232568,163376.0,41.0
232060,13590,232578,162684.0,33.0
232070,13600,232588,167393.0,50.0
232080,13610,232598,174613.0,46.0
232090,13620,232608,176333.0,51.0
232100,13630,232618,182483.0,46.0
232110,13640,232627,189039.0,60.0
232120,13650,232637,193060.0,34.0
232130,13660,232648,195776.0,42.0
232140,13670,232658,197273.0,34.0
232150,13680,232668,198635.0,44.0
232160,13690,232678,199852.0,49.0
232170,13700,232688,201346.0,52.0
232180,13710,232698,202752.0,40.0
232190,13720,232708,204054.0,47.0
232200,13730,232718,205101.0,41.0
232210,13740,232728,205570.0,61.0
232220,13750,232738,205759.0,31.0
232230,13760,232748,205411.0,40.0
232240,13770,232758,204494.0,48.0
232250,13780,232768,203327.0,26.0
232260,13790,232778,202047.0,41.0
232270,13800,232788,201567.0,52.0
232280,13810,232798,201464.0,37.0
232290,13820,232808,202070.0,49.0
232300,13830,232818,203077.0,42.0
232310,13840,232828,204130.0,41.0
232320,13850,232838,204862.0,54.0
232330,13860,232848,205659.0,38.0
232340,13870,232858,206744.0,21.0
232350,13880,232868,207733.0,37.0
232360,13890,232878,208966.0,39.0
232370,13900,232888,210036.0,25.0
232380,13910,232898,210749.0,45.0
232390,13920,232908,211312.0,55.0
232400,13930,232918,211368.0,55.0
232410,13940,232928,211441.0,50.0
232420,13950,232938,211528.0,72.0
232430,13960,232948,211468.0,42.0
232440,13970,232958,211362.0,37.0
232450,13980,232968,211184.0,34.0
232460,13990,232978,211175.0,44.0
232470,14000,232989,211572.0,45.0
232480,14010,232999,212109.0,54.0
232490,14020,233009,212820.0,49.0
232500,14030,233019,213515.0,48.0
232510,14040,233029,213820.0,51.0
232520,14050,233038,214097.0,44.0
232530,14060,233048,214383.0,45.0
232540,14070,233058,214625.0,50.0
232550,14080,233068,214965.0,44.0
232560,14090,233079,215410.0,43.0
232570,14100,233089,215939.0,46.0
232580,14110,233099,216458.0,45.0
232590,14120,233109,216846.0,31.0
232600,14130,233119,217057.0,42.0
232610,14140,233129,217064.0,47.0
232620,14150,233139,216822.0,54.0
232630,14160,233149,216446.0,47.0
232640,14170,233159,215905.0,51.0
232650,14180,233169,215297.0,46.0
232660,14190,233179,214667.0,34.0
232670,14200,233189,214245.0,38.0
232680,14210,233199,213990.0,43.0
232690,14220,233209,213958.0,53.0
232700,14230,233219,214234.0,36.0
232710,14240,233229,214846.0,61.0
232720,14250,233239,215538.0,40.0
232730,14260,233249,216299.0,45.0
232740,14270,233259,216983.0,37.0
232750,14280,233269,217448.0,48.0
232760,14290,233279,217720.0,44.0
232770,14300,233289,217907.0,42.0
232780,14310,233299,218032.0,49.0
232790,14320,233309,218215.0,58.0
232800,14330,233319,218432.0,44.0
232810,14340,233329,218714.0,48.0
232820,14350,233339,219230.0,53.0
232830,14360,233349,219813.0,47.0
232840,14370,233359,220571.0,41.0
232850,14380,233369,221085.0,43.0
232860,14390,233379,221163.0,45.0
232870,14400,233389,220952.0,34.0
232880,14410,233399,220567.0,33.0
232890,14420,233409,220241.0,38.0
232900,14430,233419,219964.0,46.0
232910,14440,233430,219744.0,45.0
232920,14450,233440,219722.0,46.0
232930,14460,233450,219773.0,47.0
232940,14470,233459,219939.0,47.0
232950,14480,233469,220092.0,39.0
232960,14490,233479,220215.0,41.0
232970,14500,233489,220172.0,29.0
232980,14510,233499,219991.0,34.0
232990,14520,233509,219484.0,50.0
233000,14530,233520,218323.0,44.0
233010,14540,233530,216886.0,53.0
233020,14550,233540,215205.0,54.0
233030,14560,233550,213421.0,59.0
233040,14570,233560,211723.0,53.0
233050,14580,233570,210190.0,42.0
233060,14590,233580,208890.0,36.0
233070,14600,233590,207795.0,44.0
233080,14610,233600,207196.0,38.0
233090,14620,233610,207019.0,39.0
233100,14630,233620,207497.0,51.0
233110,14640,233630,208509.0,49.0
233120,14650,233640,209933.0,41.0
233130,14660,233650,211441.0,59.0
233140,14670,233660,213415.0,38.0
233150,14680,233670,215809.0,48.0
233160,14690,233680,218186.0,48.0
233170,14700,233690,220362.0,56.0
233180,14710,233700,222586.0,43.0
233190,14720,233710,224759.0,35.0
233200,14730,233720,226874.0,34.0
233210,14740,233730,228510.0,50.0
233220,14750,233740,229879.0,53.0
233230,14760,233750,230687.0,37.0
233240,14770,233760,231304.0,40.0
233250,14780,233770,231447.0,44.0
233260,14790,233780,231520.0,42.0
233270,14800,233790,231225.0,36.0
233280,14810,233800,231002.0,36.0
233290,14820,233810,230503.0,28.0
233300,14830,233820,230255.0,32.0
233310,14840,233830,229703.0,40.0
233320,14850,233840,229509.0,34.0
233330,14860,233850,229160.0,46.0
233340,14870,233861,229177.0,30.0
233350,14880,233871,228986.0,47.0
233360,14890,233881,228986.0,52.0
233370,14900,233890,228702.0,56.0
233380,14910,233900,228596.0,38.0
233390,14920,233910,228009.0,47.0
233400,14930,233920,227573.0,41.0
233410,14940,233930,226638.0,40.0
233420,14950,233940,226022.0,48.0
233430,14960,233951,225259.0,49.0
233440,14970,233961,224929.0,44.0
233450,14980,233971,224342.0,56.0
233460,14990,233981,224175.0,56.0
233470,15000,233991,223745.0,68.0
233480,15010,234001,223599.0,37.0
233490,15020,234011,223139.0,28.0
233500,15030,234021,222688.0,30.0
233510,15040,234031,221501.0,33.0
233520,15050,234041,220371.0,45.0
233530,15060,234051,218572.0,53.0
233540,15070,234061,217047.0,56.0
233550,15080,234071,215448.0,62.0
233560,15090,234081,214911.0,43.0
233570,15100,234091,214920.0,44.0
233580,15110,234101,216156.0,43.0
233590,15120,234111,217428.0,33.0
233600,15130,234121,219189.0,46.0
233610,15140,234131,220202.0,38.0
233620,15150,234141,221023.0,33.0
233630,15160,234151,220930.0,32.0
233640,15170,234161,220802.0,56.0
233650,15180,234171,220145.0,52.0
233660,15190,234181,219609.0,39.0
233670,15200,234191,218715.0,70.0
233680,15210,234201,218218.0,52.0
233690,15220,234211,217841.0,35.0
233700,15230,234221,218257.0,47.0
233710,15240,234231,218721.0,38.0
233720,15250,234241,219862.0,28.0
233730,15260,234251,220891.0,40.0
233740,15270,234261,222182.0,53.0
233750,15280,234271,222991.0,48.0
233760,15290,234281,223646.0,45.0
233770,15300,234291,223575.0,52.0
233780,15310,234302,223661.0,38.0
233790,15320,234312,223513.0,36.0
233800,15330,234322,223668.0,52.0
233810,15340,234331,223873.0,37.0
233820,15350,234341,224596.0,28.0
233830,15360,234351,225245.0,34.0
233840,15370,234361,225992.0,50.0
233850,15380,234371,226517.0,48.0
233860,15390,234381,226866.0,45.0
233870,15400,234392,226830.0,51.0
233880,15410,234402,226893.0,56.0
233890,15420,234412,226554.0,62.0
233900,15430,234422,226401.0,50.0
233910,15440,234432,225935.0,38.0
233920,15450,234442,225508.0,51.0
233930,15460,234452,225085.0,31.0
233940,15470,234462,224776.0,25.0
233950,15480,234472,224248.0,51.0
233960,15490,234482,224000.0,43.0
233970,15500,234492,223545.0,44.0
233980,15510,234502,223263.0,42.0
233990,15520,234512,222746.0,47.0
234000,15530,234522,222623.0,49.0
234010,15540,234532,222442.0,40.0
234020,15550,234542,222430.0,43.0
234030,15560,234552,222294.0,33.0
234040,15570,234562,222485.0,35.0
234050,15580,234572,222619.0,22.0
234060,15590,234582,222882.0,33.0
234070,15600,234592,222516.0,48.0
234080,15610,234602,222128.0,50.0
234090,15620,234612,221504.0,63.0
234100,15630,234622,221269.0,56.0
234110,15640,234632,220828.0,48.0
234120,15650,234642,220792.0,25.0
234130,15660,234652,220306.0,38.0
234140,15670,234662,220023.0,35.0
234150,15680,234672,219661.0,38.0
234160,15690,234682,219582.0,36.0
234170,15700,234692,219571.0,44.0
234180,15710,234702,219784.0,49.0
234190,15720,234712,219582.0,45.0
234200,15730,234722,219532.0,46.0
234210,15740,234733,219237.0,43.0
234220,15750,234743,219165.0,55.0
234230,15760,234753,218798.0,24.0
234240,15770,234762,218671.0,38.0
234250,15780,234772,218141.0,35.0
234260,15790,234782,217720.0,28.0
234270,15800,234792,216813.0,43.0
234280,15810,234802,215777.0,31.0
234290,15820,234812,214522.0,50.0
234300,15830,234823,213507.0,48.0
234310,15840,234833,212283.0,46.0
234320,15850,234843,211852.0,57.0
234330,15860,234853,211285.0,53.0
234340,15870,234863,211253.0,48.0
234350,15880,234873,211052.0,37.0
234360,15890,234883,210861.0,38.0
234370,15900,234893,210034.0,48.0
234380,15910,234903,209264.0,12.0
234390,15920,234913,208320.0,32.0
234400,15930,234923,207664.0,38.0
234410,15940,234933,206963.0,33.0
234420,15950,234943,206729.0,48.0
234430,15960,234953,206837.0,46.0
234440,15970,234963,207503.0,55.0
234450,15980,234973,208100.0,41.0
234460,15990,234983,209056.0,25.0
234470,16000,234993,209472.0,35.0
234480,16010,235003,209588.0,38.0
234490,16020,235013,209023.0,26.0
234500,16030,235023,208445.0,32.0
234510,16040,235033,207519.0,43.0
234520,16050,235043,206840.0,40.0
234530,16060,235053,205992.0,59.0
234540,16070,235063,205892.0,68.0
234550,16080,235073,206006.0,57.0
234560,16090,235083,206851.0,50.0
234570,16100,235093,207574.0,23.0
234580,16110,235103,208735.0,47.0
234590,16120,235113,209499.0,30.0
234600,16130,235123,210583.0,45.0
234610,16140,235133,211235.0,47.0
234620,16150,235143,211827.0,54.0
234630,16160,235153,211930.0,34.0
234640,16170,235163,212216.0,48.0
234650,16180,235174,211998.0,45.0
234660,16190,235184,212090.0,57.0
234670,16200,235194,211904.0,46.0
234680,16210,235203,212020.0,38.0
234690,16220,235213,211804.0,41.0
234700,16230,235223,211721.0,45.0
234710,16240,235233,211306.0,30.0
234720,16250,235243,211084.0,37.0
234730,16260,235253,210418.0,45.0
234740,16270,235264,209986.0,44.0
234750,16280,235274,209466.0,62.0
234760,16290,235284,209418.0,52.0
234770,16300,235294,209358.0,38.0
234780,16310,235304,209790.0,38.0
234790,16320,235314,210186.0,43.0
234800,16330,235324,210859.0,38.0
234810,16340,235334,211205.0,25.0
234820,16350,235344,211372.0,29.0
234830,16360,235354,210869.0,37.0
234840,16370,235364,210005.0,47.0
234850,16380,235374,208903.0,46.0
234860,16390,235384,208422.0,57.0
234870,16400,235394,207848.0,43.0
234880,16410,235404,207867.0,38.0
234890,16420,235414,208043.0,37.0
234900,16430,235424,208568.0,41.0
234910,16440,235434,208844.0,22.0
234920,16450,235444,209212.0,51.0
234930,16460,235454,209033.0,45.0
234940,16470,235464,208843.0,37.0
234950,16480,235474,208295.0,53.0
234960,16490,235484,208045.0,53.0
234970,16500,235494,207572.0,53.0
234980,16510,235504,207404.0,49.0
234990,16520,235514,207068.0,39.0
235000,16530,235524,207107.0,46.0
235010,16540,235534,206930.0,33.0
235020,16550,235544,206937.0,27.0
235030,16560,235554,206588.0,36.0
235040,16570,235564,206246.0,38.0
235050,16580,235574,205447.0,37.0
235060,16590,235584,204988.0,47.0
235070,16600,235594,204437.0,45.0
235080,16610,235604,204436.0,43.0
235090,16620,235614,204626.0,40.0
235100,16630,235624,205373.0,38.0
235110,16640,235634,206139.0,41.0
235120,16650,235644,206738.0,52.0
235130,16660,235654,206922.0,44.0
235140,16670,235664,207160.0,53.0
235150,16680,235674,207028.0,51.0
235160,16690,235685,207147.0,41.0
235170,16700,235695,207021.0,35.0
235180,16710,235705,207109.0,35.0
235190,16720,235715,207099.0,35.0
235200,16730,235725,207470.0,30.0
235210,16740,235735,207478.0,39.0
235220,16750,235745,207713.0,44.0
235230,16760,235755,207517.0,35.0
235240,16770,235765,207316.0,50.0
235250,16780,235775,206815.0,44.0
235260,16790,235785,206432.0,36.0
235270,16800,235795,205858.0,43.0
235280,16810,235805,205600.0,23.0
235290,16820,235815,205339.0,22.0
235300,16830,235825,205366.0,32.0
235310,16840,235835,205445.0,32.0
235320,16850,235845,205634.0,31.0
235330,16860,235855,205440.0,37.0
235340,16870,235865,205029.0,42.0
235350,16880,235875,204178.0,44.0
235360,16890,235885,203408.0,53.0
235370,16900,235895,202737.0,54.0
235380,16910,235905,202240.0,46.0
235390,16920,235915,202010.0,25.0
235400,16930,235925,202003.0,24.0
235410,16940,235935,202084.0,38.0
235420,16950,235945,201762.0,32.0
235430,16960,235955,201312.0,29.0
235440,16970,235965,200767.0,28.0
235450,16980,235975,200072.0,47.0
235460,16990,235985,199443.0,32.0
235470,17000,235995,198991.0,47.0
235480,17010,236005,198686.0,62.0
235490,17020,236015,198418.0,37.0
235500,17030,236025,198420.0,28.0
235510,17040,236035,198740.0,54.0
235520,17050,236045,199270.0,41.0
235530,17060,236055,199752.0,35.0
235540,17070,236065,199719.0,35.0
235550,17080,236075,199338.0,47.0
235560,17090,236085,198914.0,35.0
235570,17100,236095,198541.0,44.0
235580,17110,236105,198272.0,43.0
235590,17120,236116,197972.0,45.0
235600,17130,236126,197857.0,29.0
235610,17140,236136,197898.0,51.0
235620,17150,236146,198031.0,37.0
235630,17160,236156,198174.0,30.0
235640,17170,236166,198249.0,21.0
235650,17180,236176,198078.0,51.0
235660,17190,236186,197671.0,47.0
235670,17200,236196,197178.0,41.0
235680,17210,236206,196663.0,45.0
235690,17220,236216,196237.0,43.0
235700,17230,236226,196224.0,40.0
235710,17240,236236,196040.0,32.0
235720,17250,236246,196006.0,48.0
235730,17260,236256,196005.0,36.0
235740,17270,236266,195667.0,40.0
235750,17280,236276,194954.0,38.0
235760,17290,236286,194094.0,40.0
235770,17300,236296,193138.0,30.0
235780,17310,236306,192205.0,38.0
235790,17320,236316,191522.0,33.0
235800,17330,236326,191033.0,37.0
235810,17340,236336,191032.0,39.0
235820,17350,236346,191650.0,40.0
235830,17360,236356,192111.0,43.0
235840,17370,236366,191892.0,39.0
235850,17380,236376,191171.0,47.0
235860,17390,236386,190332.0,30.0
235870,17400,236396,189525.0,37.0
235880,17410,236406,188909.0,38.0
235890,17420,236416,188494.0,52.0
235900,17430,236426,188031.0,44.0
235910,17440,236436,187966.0,53.0
235920,17450,236446,188298.0,44.0
235930,17460,236456,188625.0,24.0
235940,17470,236466,188789.0,41.0
235950,17480,236476,188794.0,41.0
235960,17490,236486,188433.0,31.0
235970,17500,236496,188045.0,50.0
235980,17510,236506,187742.0,47.0
235990,17520,236516,187640.0,43.0
236000,17530,236526,187704.0,34.0
236010,17540,236536,187955.0,45.0
236020,17550,236546,188414.0,46.0
236030,17560,236557,189124.0,39.0
236040,17570,236567,189775.0,43.0
236050,17580,236577,189515.0,39.0
236060,17590,236587,188157.0,30.0
236070,17600,236597,186690.0,33.0
236080,17610,236607,184870.0,51.0
236090,17620,236617,181968.0,31.0
236100,17630,236627,181233.0,50.0
236110,17640,236637,182518.0,42.0
236120,17650,236647,183443.0,65.0
236130,17660,236657,185951.0,53.0
236140,17670,236667,187436.0,48.0
236150,17680,236677,187905.0,41.0
236160,17690,236687,187604.0,30.0
236170,17700,236697,186424.0,31.0
236180,17710,236707,184210.0,36.0
236190,17720,236717,179446.0,32.0
236200,17730,236727,177150.0,55.0
236210,17740,236737,183489.0,47.0
236220,17750,236747,185148.0,58.0
236230,17760,236757,185237.0,42.0
236240,17770,236767,184911.0,40.0
236250,17780,236777,183644.0,37.0
236260,17790,236787,183272.0,35.0
236270,17800,236797,183529.0,33.0
236280,17810,236807,184660.0,41.0
236290,17820,236817,186442.0,34.0
236300,17830,236827,187861.0,47.0
236310,17840,236837,188173.0,48.0
236320,17850,236847,187435.0,49.0
236330,17860,236857,186484.0,42.0
236340,17870,236867,185590.0,52.0
236350,17880,236877,184053.0,32.0
236360,17890,236887,181973.0,41.0
236370,17900,236897,180581.0,37.0
236380,17910,236907,180558.0,45.0
236390,17920,236917,181936.0,34.0
236400,17930,236927,183905.0,29.0
236410,17940,236937,185206.0,35.0
236420,17950,236947,185667.0,44.0
236430,17960,236957,185467.0,52.0
236440,17970,236967,184979.0,51.0
236450,17980,236977,184278.0,46.0
236460,17990,236987,183476.0,49.0
236470,18000,236997,182456.0,51.0
236480,18010,237008,181328.0,31.0
236490,18020,237018,180111.0,24.0
236500,18030,237028,179567.0,30.0
236510,18040,237038,179407.0,43.0
236520,18050,237048,179190.0,41.0
236530,18060,237058,178818.0,46.0
236540,18070,237068,177852.0,41.0
236550,18080,237078,176744.0,55.0
236560,18090,237088,176758.0,60.0
236570,18100,237098,176742.0,40.0
236580,18110,237108,176677.0,36.0
236590,18120,237118,176555.0,41.0
236600,18130,237128,176534.0,38.0
236610,18140,237138,176558.0,32.0
236620,18150,237148,176551.0,43.0
236630,18160,237158,176659.0,44.0
236640,18170,237168,176859.0,41.0
236650,18180,237178,177018.0,49.0
236660,18190,237188,177166.0,44.0
236670,18200,237198,177298.0,34.0
236680,18210,237208,177395.0,44.0
236690,18220,237218,177441.0,42.0
236700,18230,237228,177392.0,39.0
236710,18240,237238,177137.0,51.0
236720,18250,237248,176815.0,41.0
236730,18260,237258,176535.0,40.0
236740,18270,237268,176467.0,37.0
236750,18280,237278,176432.0,51.0
236760,18290,237288,176586.0,56.0
236770,18300,237298,176646.0,40.0
236780,18310,237308,176752.0,38.0
236790,18320,237318,176763.0,53.0
236800,18330,237328,176616.0,38.0
236810,18340,237338,176440.0,33.0
236820,18350,237348,176177.0,31.0
236830,18360,237358,175902.0,47.0
236840,18370,237368,175732.0,32.0
236850,18380,237378,175704.0,50.0
236860,18390,237388,175710.0,41.0
236870,18400,237398,175860.0,48.0
236880,18410,237408,176014.0,51.0
236890,18420,237418,176120.0,52.0
236900,18430,237428,176183.0,46.0
236910,18440,237438,176268.0,44.0
236920,18450,237448,176336.0,37.0
236930,18460,237459,176375.0,37.0
236940,18470,237469,176364.0,35.0
236950,18480,237479,176387.0,35.0
236960,18490,237489,176392.0,23.0
236970,18500,237499,176416.0,63.0
236980,18510,237509,176523.0,43.0
236990,18520,237519,176763.0,50.0
237000,18530,237529,176960.0,53.0
237010,18540,237538,177083.0,50.0
237020,18550,237549,177167.0,26.0
237030,18560,237559,177141.0,53.0
237040,18570,237569,177082.0,40.0
237050,18580,237579,176986.0,44.0
237060,18590,237589,176905.0,38.0
237070,18600,237599,176945.0,42.0
237080,18610,237609,177070.0,36.0
237090,18620,237619,177209.0,48.0
237100,18630,237629,177407.0,35.0
237110,18640,237639,177573.0,35.0
237120,18650,237649,177588.0,36.0
237130,18660,237659,177591.0,59.0
237140,18670,237669,177606.0,35.0
237150,18680,237679,177613.0,27.0
237160,18690,237689,177664.0,42.0
237170,18700,237699,177724.0,27.0
237180,18710,237709,177778.0,39.0
237190,18720,237719,177848.0,51.0
237200,18730,237729,177729.0,60.0
237210,18740,237739,177603.0,37.0
237220,18750,237749,177381.0,52.0
237230,18760,237759,177160.0,48.0
237240,18770,237769,176790.0,42.0
237250,18780,237779,176511.0,34.0
237260,18790,237789,176261.0,34.0
237270,18800,237799,175967.0,36.0
237280,18810,237809,175727.0,33.0
237290,18820,237819,175470.0,43.0
237300,18830,237829,175198.0,50.0
237310,18840,237839,174895.0,39.0
237320,18850,237849,174628.0,49.0
237330,18860,237859,174434.0,49.0
237340,18870,237869,174216.0,47.0
237350,18880,237879,174004.0,38.0
237360,18890,237889,173860.0,41.0
237370,18900,237899,173775.0,44.0
237380,18910,237910,173782.0,43.0
237390,18920,237920,173856.0,54.0
237400,18930,237930,173880.0,32.0
237410,18940,237940,173885.0,23.0
237420,18950,237950,173928.0,45.0
237430,18960,237960,173932.0,53.0
237440,18970,237970,173931.0,55.0
237450,18980,237980,173902.0,48.0
237460,18990,237989,173901.0,47.0
237470,19000,238000,173963.0,39.0
237480,19010,238010,174055.0,48.0
237490,19020,238020,174230.0,35.0
237500,19030,238030,174323.0,37.0
237510,19040,238040,174381.0,26.0
237520,19050,238050,174355.0,55.0
237530,19060,238060,174213.0,44.0
237540,19070,238070,174064.0,55.0
237550,19080,238080,173907.0,46.0
237560,19090,238090,173803.0,56.0
237570,19100,238100,173767.0,31.0
237580,19110,238110,173751.0,39.0
237590,19120,238120,173806.0,57.0
237600,19130,238130,173874.0,28.0
237610,19140,238140,173972.0,32.0
237620,19150,238150,174044.0,48.0
237630,19160,238160,174069.0,49.0
237640,19170,238170,174106.0,53.0
237650,19180,238180,174147.0,63.0
237660,19190,238190,174219.0,45.0
237670,19200,238200,174241.0,52.0
237680,19210,238210,174176.0,44.0
237690,19220,238220,174087.0,36.0
237700,19230,238230,174005.0,44.0
237710,19240,238240,173951.0,31.0
237720,19250,238250,173884.0,41.0
237730,19260,238260,173825.0,47.0
237740,19270,238270,173837.0,37.0
237750,19280,238280,173793.0,39.0
237760,19290,238290,173714.0,47.0
237770,19300,238300,173579.0,52.0
237780,19310,238310,173446.0,54.0
237790,19320,238320,173270.0,51.0
237800,19330,238330,173110.0,50.0
237810,19340,238340,173066.0,48.0
237820,19350,238350,173106.0,45.0
237830,19360,238360,173219.0,36.0
237840,19370,238371,173402.0,46.0
237850,19380,238381,173584.0,45.0
237860,19390,238391,173659.0,42.0
237870,19400,238401,173575.0,29.0
237880,19410,238411,173207.0,58.0
237890,19420,238421,172545.0,48.0
237900,19430,238431,171759.0,46.0
237910,19440,238441,171985.0,50.0
237920,19450,238450,173640.0,51.0
237930,19460,238461,174075.0,48.0
237940,19470,238471,174233.0,40.0
237950,19480,238481,174158.0,34.0
237960,19490,238491,174037.0,40.0
237970,19500,238501,173891.0,29.0
237980,19510,238511,173742.0,61.0
237990,19520,238521,173519.0,49.0
238000,19530,238531,173354.0,46.0
238010,19540,238541,173242.0,41.0
238020,19550,238551,173133.0,67.0
238030,19560,238561,173050.0,38.0
238040,19570,238571,172988.0,53.0
238050,19580,238581,172878.0,49.0
238060,19590,238591,172862.0,43.0
238070,19600,238601,172883.0,35.0
238080,19610,238611,172990.0,58.0
238090,19620,238621,173027.0,43.0
238100,19630,238631,173066.0,64.0
238110,19640,238641,173027.0,48.0
238120,19650,238651,173002.0,46.0
238130,19660,238661,172930.0,45.0
238140,19670,238671,172849.0,63.0
238150,19680,238681,172709.0,66.0
238160,19690,238691,172561.0,49.0
238170,19700,238701,172579.0,43.0
238180,19710,238711,172672.0,48.0
238190,19720,238721,172699.0,38.0
238200,19730,238731,172776.0,56.0
238210,19740,238741,172768.0,59.0
238220,19750,238751,172659.0,48.0
238230,19760,238761,172574.0,48.0
238240,19770,238771,172477.0,48.0
238250,19780,238781,172396.0,56.0
238260,19790,238791,172165.0,54.0
238270,19800,238801,172058.0,45.0
238280,19810,238811,172124.0,43.0
238290,19820,238822,172220.0,36.0
238300,19830,238832,172322.0,44.0
238310,19840,238842,172467.0,41.0
238320,19850,238852,172556.0,26.0
238330,19860,238862,172564.0,51.0
238340,19870,238872,172466.0,46.0
238350,19880,238882,172371.0,52.0
238360,19890,238892,172254.0,40.0
238370,19900,238901,172205.0,50.0
238380,19910,238912,172192.0,38.0
238390,19920,238922,172268.0,45.0
238400,19930,238932,172380.0,48.0
238410,19940,238942,172470.0,41.0
238420,19950,238952,172510.0,40.0
238430,19960,238962,172535.0,27.0
238440,19970,238972,172460.0,25.0
238450,19980,238982,172389.0,51.0
238460,19990,238992,172363.0,46.0
238470,20000,239002,172357.0,57.0
238480,20010,239012,172452.0,44.0
238490,20020,239022,172560.0,48.0
238500,20030,239032,172667.0,46.0
238510,20040,239042,172785.0,29.0
238520,20050,239052,172898.0,41.0
238530,20060,239062,172946.0,24.0
238540,20070,239072,172956.0,21.0
238550,20080,239082,172969.0,30.0
238560,20090,239092,172983.0,35.0
238570,20100,239102,173062.0,52.0
238580,20110,239112,173158.0,49.0
238590,20120,239122,173278.0,39.0
238600,20130,239132,173367.0,56.0
238610,20140,239142,173403.0,36.0
238620,20150,239152,173404.0,44.0
238630,20160,239162,173238.0,42.0
238640,20170,239172,173176.0,43.0
238650,20180,239182,173205.0,52.0
238660,20190,239192,173213.0,45.0
238670,20200,239202,173223.0,59.0
238680,20210,239212,173186.0,48.0
238690,20220,239222,173145.0,47.0
238700,20230,239232,173114.0,50.0
238710,20240,239242,173119.0,39.0
238720,20250,239252,173164.0,51.0
238730,20260,239262,173119.0,42.0
238740,20270,239273,173031.0,45.0
238750,20280,239283,172917.0,32.0
238760,20290,239293,172790.0,40.0
238770,20300,239303,172670.0,35.0
238780,20310,239313,172559.0,51.0
238790,20320,239323,172506.0,47.0
238800,20330,239333,172471.0,62.0
238810,20340,239343,172289.0,46.0
238820,20350,239352,172337.0,52.0
238830,20360,239363,172374.0,39.0
238840,20370,239373,172382.0,58.0
238850,20380,239383,172351.0,39.0
238860,20390,239393,172296.0,26.0
238870,20400,239403,172210.0,25.0
238880,20410,239413,172161.0,51.0
238890,20420,239423,172117.0,56.0
238900,20430,239433,172149.0,43.0
238910,20440,239443,172245.0,36.0
238920,20450,239453,172385.0,46.0
238930,20460,239463,172523.0,36.0
238940,20470,239473,172671.0,61.0
238950,20480,239483,172734.0,40.0
238960,20490,239493,172758.0,44.0
238970,20500,239503,172712.0,50.0
238980,20510,239513,172646.0,40.0
238990,20520,239523,172566.0,26.0
239000,20530,239533,172555.0,41.0
239010,20540,239543,172602.0,38.0
239020,20550,239553,172682.0,51.0
239030,20560,239563,172769.0,33.0
239040,20570,239573,172885.0,46.0
239050,20580,239583,172986.0,33.0
239060,20590,239593,173068.0,41.0
239070,20600,239603,173094.0,38.0
239080,20610,239613,173030.0,29.0
239090,20620,239623,172883.0,36.0
239100,20630,239633,172719.0,41.0
239110,20640,239643,172542.0,33.0
239120,20650,239653,172485.0,44.0
239130,20660,239663,172400.0,37.0
239140,20670,239673,172438.0,44.0
239150,20680,239683,172503.0,48.0
239160,20690,239693,172611.0,44.0
239170,20700,239703,172689.0,40.0
239180,20710,239713,172717.0,46.0
239190,20720,239724,172663.0,34.0
239200,20730,239734,172536.0,45.0
239210,20740,239744,172316.0,32.0
239220,20750,239754,172145.0,43.0
239230,20760,239764,171987.0,50.0
239240,20770,239774,171893.0,51.0
239250,20780,239784,171900.0,44.0
239260,20790,239794,172066.0,47.0
239270,20800,239803,172251.0,43.0
239280,20810,239814,172416.0,48.0
239290,20820,239824,172500.0,38.0
239300,20830,239834,172538.0,43.0
239310,20840,239844,172512.0,34.0
239320,20850,239854,172417.0,43.0
239330,20860,239864,172319.0,30.0
239340,20870,239874,172311.0,42.0
239350,20880,239884,172385.0,43.0
239360,20890,239894,172617.0,41.0
239370,20900,239904,172886.0,45.0
239380,20910,239914,173057.0,48.0
239390,20920,239924,173128.0,30.0
239400,20930,239934,173198.0,47.0
239410,20940,239944,173252.0,21.0
239420,20950,239954,173210.0,49.0
239430,20960,239964,173208.0,40.0
239440,20970,239974,173222.0,35.0
239450,20980,239984,173190.0,41.0
239460,20990,239994,173196.0,47.0
239470,21000,240004,173209.0,48.0
239480,21010,240014,173268.0,44.0
239490,21020,240024,173253.0,55.0
239500,21030,240034,173248.0,45.0
239510,21040,240044,173165.0,43.0
239520,21050,240054,173050.0,35.0
239530,21060,240064,172916.0,43.0
239540,21070,240074,172842.0,54.0
239550,21080,240084,172732.0,36.0
239560,21090,240094,172645.0,55.0
239570,21100,240104,172585.0,48.0
239580,21110,240114,172516.0,37.0
239590,21120,240124,172457.0,45.0
239600,21130,240134,172429.0,54.0
239610,21140,240144,172458.0,45.0
239620,21150,240154,172454.0,36.0
239630,21160,240164,172457.0,29.0
239640,21170,240175,172428.0,37.0
239650,21180,240185,172401.0,48.0
239660,21190,240195,172349.0,53.0
239670,21200,240205,172278.0,42.0
239680,21210,240215,172285.0,45.0
239690,21220,240225,172254.0,50.0
239700,21230,240235,172291.0,60.0
239710,21240,240245,172311.0,46.0
239720,21250,240255,172393.0,64.0
239730,21260,240264,172461.0,40.0
239740,21270,240275,172623.0,46.0
239750,21280,240285,172800.0,35.0
239760,21290,240295,172846.0,40.0
239770,21300,240305,172781.0,21.0
239780,21310,240315,172615.0,42.0
239790,21320,240325,172361.0,35.0
239800,21330,240335,172208.0,38.0
239810,21340,240345,172111.0,30.0
239820,21350,240355,172115.0,48.0
239830,21360,240365,172168.0,49.0
239840,21370,240375,172272.0,39.0
239850,21380,240385,172368.0,46.0
239860,21390,240395,172428.0,51.0
239870,21400,240405,172418.0,31.0
239880,21410,240415,172387.0,29.0
239890,21420,240425,172358.0,18.0
239900,21430,240435,172376.0,20.0
239910,21440,240445,172402.0,40.0
239920,21450,240455,172443.0,46.0
239930,21460,240465,172473.0,51.0
239940,21470,240475,172537.0,29.0
239950,21480,240485,172576.0,43.0
239960,21490,240495,172644.0,26.0
239970,21500,240505,172627.0,29.0
239980,21510,240515,172540.0,33.0
239990,21520,240525,172399.0,19.0
240000,21530,240535,172309.0,25.0
240010,21540,240545,172281.0,27.0
240020,21550,240555,172262.0,35.0
240030,21560,240565,172303.0,39.0
240040,21570,240575,172398.0,35.0
240050,21580,240585,172501.0,31.0
240060,21590,240595,172635.0,51.0
240070,21600,240605,172762.0,54.0
240080,21610,240615,172840.0,39.0
240090,21620,240625,172858.0,18.0
240100,21630,240636,172866.0,32.0
240110,21640,240646,172848.0,29.0
240120,21650,240656,172876.0,37.0
240130,21660,240666,172870.0,36.0
240140,21670,240676,172859.0,43.0
240150,21680,240686,172911.0,30.0
240160,21690,240696,172980.0,59.0
240170,21700,240706,173086.0,46.0
240180,21710,240715,173129.0,50.0
240190,21720,240726,173091.0,43.0
240200,21730,240736,172985.0,43.0
240210,21740,240746,172851.0,35.0
240220,21750,240756,172759.0,43.0
240230,21760,240766,172731.0,39.0
240240,21770,240776,172788.0,40.0
240250,21780,240786,172846.0,27.0
240260,21790,240796,172793.0,46.0
240270,21800,240806,172627.0,47.0
240280,21810,240816,172480.0,46.0
240290,21820,240826,172331.0,54.0
240300,21830,240836,172209.0,32.0
240310,21840,240846,172093.0,39.0
240320,21850,240856,171981.0,37.0
240330,21860,240866,171903.0,38.0
240340,21870,240876,171890.0,31.0
240350,21880,240886,171892.0,35.0
240360,21890,240896,171918.0,30.0
240370,21900,240906,171986.0,50.0
240380,21910,240916,172054.0,44.0
240390,21920,240926,172059.0,40.0
240400,21930,240936,171978.0,49.0
240410,21940,240946,171900.0,46.0
240420,21950,240956,171855.0,30.0
240430,21960,240966,171853.0,37.0
240440,21970,240976,171835.0,39.0
240450,21980,240986,171747.0,33.0
240460,21990,240996,171595.0,38.0
240470,22000,241006,171525.0,30.0
240480,22010,241016,171544.0,44.0
240490,22020,241026,171608.0,26.0
240500,22030,241036,171761.0,43.0
240510,22040,241046,171900.0,46.0
240520,22050,241056,172048.0,59.0
240530,22060,241066,172087.0,33.0
240540,22070,241076,172028.0,40.0
240550,22080,241087,171916.0,38.0
240560,22090,241097,171815.0,39.0
240570,22100,241107,171741.0,27.0
240580,22110,241117,171826.0,33.0
240590,22120,241127,171860.0,38.0
240600,22130,241137,171936.0,48.0
240610,22140,241147,172024.0,37.0
240620,22150,241157,172108.0,40.0
240630,22160,241166,172194.0,35.0
240640,22170,241177,172209.0,32.0
240650,22180,241187,172168.0,33.0
240660,22190,241197,172140.0,38.0
240670,22200,241207,172119.0,26.0
240680,22210,241217,172097.0,23.0
240690,22220,241227,172143.0,17.0
240700,22230,241237,172201.0,32.0
240710,22240,241247,172265.0,24.0
240720,22250,241257,172362.0,49.0
240730,22260,241267,172442.0,36.0
240740,22270,241277,172526.0,49.0
240750,22280,241287,172541.0,23.0
240760,22290,241297,172533.0,35.0
240770,22300,241307,172525.0,25.0
240780,22310,241317,172503.0,39.0
240790,22320,241327,172494.0,31.0
240800,22330,241337,172532.0,42.0
240810,22340,241347,172546.0,37.0
240820,22350,241357,172590.0,44.0
240830,22360,241367,172617.0,42.0
240840,22370,241377,172653.0,45.0
240850,22380,241387,172636.0,37.0
240860,22390,241397,172635.0,45.0
240870,22400,241407,172602.0,41.0
240880,22410,241417,172585.0,44.0
240890,22420,241427,172527.0,32.0
240900,22430,241437,172516.0,44.0
240910,22440,241447,172540.0,45.0
240920,22450,241457,172624.0,25.0
240930,22460,241467,172733.0,35.0
240940,22470,241477,172827.0,29.0
240950,22480,241487,172887.0,40.0
240960,22490,241497,172886.0,50.0
240970,22500,241507,172852.0,45.0
240980,22510,241517,172813.0,33.0
240990,22520,241527,172698.0,43.0
241000,22530,241538,172646.0,31.0
241010,22540,241548,172556.0,42.0
241020,22550,241558,172525.0,32.0
241030,22560,241568,172523.0,25.0
241040,22570,241578,172565.0,46.0
241050,22580,241588,172557.0,46.0
241060,22590,241598,172599.0,48.0
241070,22600,241608,172602.0,24.0
241080,22610,241617,172510.0,37.0
241090,22620,241628,172473.0,42.0
241100,22630,241638,172464.0,42.0
241110,22640,241648,172396.0,33.0
241120,22650,241658,172205.0,24.0
241130,22660,241668,171996.0,29.0
241140,22670,241678,171881.0,38.0
241150,22680,241688,171864.0,46.0
241160,22690,241698,171979.0,42.0
241170,22700,241708,172131.0,42.0
241180,22710,241718,172241.0,41.0
241190,22720,241728,172342.0,41.0
241200,22730,241738,172468.0,45.0
241210,22740,241748,172541.0,32.0
241220,22750,241758,172556.0,37.0
241230,22760,241768,172541.0,41.0
241240,22770,241778,172513.0,50.0
241250,22780,241788,172497.0,34.0
241260,22790,241798,172528.0,23.0
241270,22800,241808,172604.0,45.0
241280,22810,241818,172706.0,26.0
241290,22820,241828,172794.0,39.0
241300,22830,241838,172896.0,40.0
241310,22840,241848,172943.0,29.0
241320,22850,241858,173026.0,43.0
241330,22860,241868,173065.0,41.0
241340,22870,241878,173005.0,37.0
241350,22880,241888,172920.0,36.0
241360,22890,241898,172862.0,42.0
241370,22900,241908,172825.0,41.0
241380,22910,241918,172903.0,40.0
241390,22920,241928,173040.0,55.0
241400,22930,241938,173177.0,49.0
241410,22940,241948,173305.0,54.0
241420,22950,241958,173388.0,37.0
241430,22960,241968,173407.0,42.0
241440,22970,241978,173362.0,39.0
241450,22980,241989,173228.0,38.0
241460,22990,241999,173044.0,39.0
241470,23000,242009,172846.0,32.0
241480,23010,242019,172710.0,44.0
241490,23020,242029,172589.0,47.0
241500,23030,242039,172595.0,43.0
241510,23040,242049,172702.0,53.0
241520,23050,242059,172786.0,37.0
241530,23060,242068,172814.0,38.0
241540,23070,242079,172813.0,35.0
241550,23080,242089,172814.0,28.0
241560,23090,242099,172767.0,35.0
241570,23100,242109,172652.0,46.0
241580,23110,242119,172607.0,45.0
241590,23120,242129,172586.0,52.0
241600,23130,242139,172665.0,47.0
241610,23140,242149,172742.0,42.0
241620,23150,242159,172856.0,41.0
241630,23160,242169,172962.0,31.0
241640,23170,242179,173007.0,30.0
241650,23180,242189,172937.0,33.0
241660,23190,242199,172865.0,44.0
241670,23200,242209,172774.0,46.0
241680,23210,242219,172759.0,29.0
241690,23220,242229,172789.0,46.0
241700,23230,242239,172902.0,39.0
241710,23240,242249,173027.0,43.0
241720,23250,242259,173140.0,49.0
241730,23260,242269,173214.0,51.0
241740,23270,242279,173213.0,45.0
241750,23280,242289,173154.0,41.0
241760,23290,242299,172997.0,55.0
241770,23300,242309,172890.0,34.0
241780,23310,242319,172826.0,39.0
241790,23320,242329,172822.0,29.0
241800,23330,242339,172917.0,33.0
241810,23340,242349,173036.0,48.0
241820,23350,242359,173192.0,44.0
241830,23360,242369,173301.0,36.0
241840,23370,242379,173325.0,38.0
241850,23380,242389,173297.0,58.0
241860,23390,242399,173247.0,42.0
241870,23400,242409,173145.0,33.0
241880,23410,242419,172996.0,38.0
241890,23420,242429,172840.0,13.0
241900,23430,242440,172739.0,46.0
241910,23440,242450,172639.0,34.0
241920,23450,242460,172602.0,44.0
241930,23460,242470,172638.0,52.0
241940,23470,242480,172702.0,46.0
241950,23480,242490,172772.0,37.0
241960,23490,242500,172759.0,56.0
241970,23500,242510,172740.0,45.0
241980,23510,242519,172708.0,29.0
241990,23520,242530,172674.0,43.0
242000,23530,242540,172682.0,25.0
242010,23540,242550,172764.0,36.0
242020,23550,242560,172844.0,33.0
242030,23560,242570,172883.0,37.0
242040,23570,242580,172975.0,33.0
242050,23580,242590,173134.0,47.0
242060,23590,242600,173349.0,48.0
242070,23600,242610,173514.0,42.0
242080,23610,242620,173579.0,36.0
242090,23620,242630,173589.0,39.0
242100,23630,242640,173571.0,58.0
242110,23640,242650,173548.0,30.0
242120,23650,242660,173466.0,40.0
242130,23660,242670,173377.0,42.0
242140,23670,242680,173307.0,54.0
242150,23680,242690,173288.0,39.0
242160,23690,242700,173359.0,45.0
242170,23700,242710,173453.0,33.0
242180,23710,242720,173542.0,48.0
242190,23720,242730,173591.0,28.0
242200,23730,242740,173576.0,46.0
242210,23740,242750,173542.0,31.0
242220,23750,242760,173530.0,52.0
242230,23760,242770,173569.0,37.0
242240,23770,242780,173631.0,36.0
242250,23780,242790,173640.0,39.0
242260,23790,242800,173634.0,41.0
242270,23800,242810,173558.0,46.0
242280,23810,242820,173522.0,32.0
242290,23820,242830,173476.0,35.0
242300,23830,242840,173490.0,41.0
242310,23840,242850,173419.0,40.0
242320,23850,242860,173347.0,39.0
242330,23860,242870,173295.0,30.0
242340,23870,242880,173295.0,46.0
242350,23880,242890,173365.0,41.0
242360,23890,242901,173489.0,39.0
242370,23900,242911,173595.0,36.0
242380,23910,242921,173620.0,38.0
242390,23920,242931,173567.0,52.0
242400,23930,242941,173483.0,41.0
242410,23940,242951,173367.0,53.0
242420,23950,242961,173302.0,41.0
242430,23960,242971,173262.0,47.0
242440,23970,242980,173195.0,29.0
242450,23980,242991,173190.0,49.0
242460,23990,243001,173180.0,37.0
242470,24000,243011,173173.0,46.0
242480,24010,243021,173098.0,39.0
242490,24020,243031,173071.0,44.0
242500,24030,243041,173053.0,53.0
242510,24040,243051,173115.0,38.0
242520,24050,243061,173182.0,46.0
242530,24060,243071,173183.0,27.0
242540,24070,243081,173211.0,55.0
242550,24080,243091,173271.0,55.0
242560,24090,243101,173303.0,36.0
242570,24100,243111,173388.0,46.0
242580,24110,243121,173520.0,23.0
242590,24120,243131,173695.0,39.0
242600,24130,243141,173836.0,39.0
242610,24140,243151,173868.0,32.0
242620,24150,243161,173883.0,36.0
242630,24160,243171,173900.0,55.0
242640,24170,243181,173915.0,45.0
242650,24180,243191,173882.0,39.0
242660,24190,243201,173848.0,46.0
242670,24200,243211,173754.0,58.0
242680,24210,243221,173615.0,41.0
242690,24220,243231,173436.0,34.0
242700,24230,243241,173229.0,23.0
242710,24240,243251,173043.0,41.0
242720,24250,243261,172919.0,39.0
242730,24260,243271,172807.0,48.0
242740,24270,243281,172743.0,44.0
242750,24280,243291,172714.0,59.0
242760,24290,243301,172730.0,48.0
242770,24300,243311,172750.0,55.0
242780,24310,243321,172810.0,50.0
242790,24320,243331,172860.0,37.0
242800,24330,243341,172905.0,40.0
242810,24340,243352,172917.0,34.0
242820,24350,243362,172888.0,47.0
242830,24360,243372,172827.0,32.0
242840,24370,243382,172785.0,38.0
242850,24380,243392,172759.0,45.0
242860,24390,243402,172718.0,48.0
242870,24400,243412,172729.0,48.0
242880,24410,243422,172732.0,48.0
242890,24420,243431,172732.0,42.0
242900,24430,243442,172741.0,36.0
242910,24440,243452,172713.0,44.0
242920,24450,243462,172634.0,39.0
242930,24460,243472,172547.0,36.0
242940,24470,243482,172428.0,31.0
242950,24480,243492,172290.0,51.0
242960,24490,243502,172172.0,31.0
242970,24500,243512,172073.0,46.0
242980,24510,243522,171886.0,54.0
242990,24520,243532,171953.0,52.0
243000,24530,243542,171998.0,39.0
243010,24540,243552,171980.0,52.0
243020,24550,243562,171939.0,43.0
243030,24560,243572,171924.0,29.0
243040,24570,243582,171965.0,39.0
243050,24580,243592,172036.0,40.0
243060,24590,243602,172148.0,40.0
243070,24600,243612,172307.0,21.0
243080,24610,243622,172449.0,46.0
243090,24620,243632,172472.0,46.0
243100,24630,243642,172453.0,59.0
243110,24640,243652,172446.0,48.0
243120,24650,243662,172526.0,51.0
243130,24660,243672,172624.0,29.0
243140,24670,243682,172722.0,46.0
243150,24680,243692,172742.0,40.0
243160,24690,243702,172758.0,47.0
243170,24700,243712,172759.0,41.0
243180,24710,243722,172782.0,25.0
243190,24720,243732,172809.0,36.0
243200,24730,243742,172878.0,56.0
243210,24740,243752,172899.0,43.0
243220,24750,243762,172925.0,53.0
243230,24760,243772,172967.0,58.0
243240,24770,243782,173019.0,58.0
243250,24780,243792,173147.0,38.0
243260,24790,243803,173226.0,40.0
243270,24800,243813,173260.0,54.0
243280,24810,243823,173229.0,38.0
243290,24820,243833,173157.0,51.0
243300,24830,243843,173070.0,34.0
243310,24840,243853,172994.0,57.0
243320,24850,243863,173022.0,41.0
243330,24860,243873,173104.0,58.0
243340,24870,243883,173181.0,40.0
243350,24880,243893,173237.0,54.0
243360,24890,243903,173264.0,42.0
243370,24900,243913,173312.0,49.0
243380,24910,243923,173296.0,38.0
243390,24920,243933,173247.0,45.0
243400,24930,243943,173168.0,45.0
243410,24940,243953,173132.0,54.0
243420,24950,243963,173049.0,51.0
243430,24960,243973,173026.0,57.0
243440,24970,243983,172923.0,62.0
243450,24980,243993,172791.0,61.0
243460,24990,244003,172656.0,56.0
243470,25000,244013,172542.0,64.0
243480,25010,244023,172469.0,59.0
243490,25020,244033,172512.0,51.0
243500,25030,244043,172619.0,61.0
243510,25040,244053,172752.0,62.0
243520,25050,244063,172862.0,47.0
243530,25060,244073,172989.0,39.0
243540,25070,244083,173055.0,61.0
243550,25080,244093,173115.0,59.0
243560,25090,244103,173179.0,54.0
243570,25100,244113,173255.0,39.0
243580,25110,244123,173321.0,51.0
243590,25120,244133,173374.0,47.0
243600,25130,244143,173426.0,50.0
243610,25140,244153,173551.0,45.0
243620,25150,244163,173607.0,59.0
243630,25160,244173,173661.0,34.0
243640,25170,244183,173723.0,48.0
243650,25180,244193,173819.0,39.0
243660,25190,244203,173871.0,57.0
243670,25200,244213,173883.0,43.0
243680,25210,244223,173887.0,46.0
243690,25220,244233,173900.0,48.0
243700,25230,244243,173927.0,52.0
243710,25240,244254,173958.0,39.0
243720,25250,244264,173981.0,29.0
243730,25260,244274,173997.0,38.0
243740,25270,244284,173956.0,32.0
243750,25280,244294,173911.0,28.0
243760,25290,244304,173907.0,63.0
243770,25300,244314,173903.0,54.0
243780,25310,244324,173879.0,40.0
243790,25320,244334,173774.0,41.0
243800,25330,244344,173731.0,43.0
243810,25340,244354,173763.0,39.0
243820,25350,244364,173807.0,49.0
243830,25360,244374,173836.0,42.0
243840,25370,244384,173846.0,41.0
243850,25380,244394,173930.0,26.0
243860,25390,244404,174001.0,33.0
243870,25400,244414,174059.0,43.0
243880,25410,244424,174063.0,42.0
243890,25420,244434,173992.0,46.0
243900,25430,244444,173914.0,47.0
243910,25440,244454,173863.0,44.0
243920,25450,244464,173913.0,49.0
243930,25460,244474,174009.0,42.0
243940,25470,244484,174085.0,28.0
243950,25480,244494,174127.0,43.0
243960,25490,244504,174070.0,39.0
243970,25500,244514,174019.0,47.0
243980,25510,244524,173974.0,52.0
243990,25520,244534,174001.0,42.0
244000,25530,244544,174021.0,51.0
244010,25540,244554,174082.0,51.0
244020,25550,244564,174085.0,47.0
244030,25560,244574,174092.0,36.0
244040,25570,244584,174091.0,42.0
244050,25580,244594,174156.0,56.0
244060,25590,244604,174273.0,40.0
244070,25600,244614,174380.0,40.0
244080,25610,244624,174515.0,40.0
244090,25620,244634,174585.0,46.0
244100,25630,244644,174668.0,58.0
244110,25640,244654,174812.0,42.0
244120,25650,244664,174950.0,39.0
244130,25660,244674,175086.0,42.0
244140,25670,244684,175206.0,48.0
244150,25680,244694,175244.0,43.0
244160,25690,244705,175239.0,44.0
244170,25700,244715,175176.0,53.0
244180,25710,244725,175141.0,50.0
244190,25720,244735,175119.0,52.0
244200,25730,244745,175104.0,47.0
244210,25740,244755,175094.0,51.0
244220,25750,244765,174995.0,53.0
244230,25760,244775,174863.0,55.0
244240,25770,244785,174691.0,50.0
244250,25780,244795,174509.0,54.0
244260,25790,244805,174280.0,52.0
244270,25800,244815,174125.0,35.0
244280,25810,244825,174019.0,35.0
244290,25820,244835,173929.0,44.0
244300,25830,244845,173870.0,26.0
244310,25840,244855,173780.0,36.0
244320,25850,244865,173770.0,35.0
244330,25860,244875,173806.0,56.0
244340,25870,244885,173767.0,48.0
244350,25880,244895,173662.0,47.0
244360,25890,244905,173526.0,44.0
244370,25900,244915,173496.0,52.0
244380,25910,244925,173484.0,38.0
244390,25920,244935,173396.0,47.0
244400,25930,244945,173300.0,40.0
244410,25940,244955,173272.0,43.0
244420,25950,244965,173280.0,44.0
244430,25960,244975,173323.0,49.0
244440,25970,244985,173296.0,56.0
244450,25980,244995,173159.0,53.0
244460,25990,245005,173096.0,54.0
244470,26000,245015,173048.0,33.0
244480,26010,245025,173030.0,38.0
244490,26020,245035,172987.0,39.0
244500,26030,245045,172996.0,50.0
244510,26040,245055,173019.0,51.0
244520,26050,245065,173100.0,36.0
244530,26060,245075,173192.0,45.0
244540,26070,245085,173310.0,40.0
244550,26080,245095,173414.0,40.0
244560,26090,245105,173486.0,41.0
244570,26100,245115,173551.0,52.0
244580,26110,245125,173574.0,56.0
244590,26120,245135,173590.0,62.0
244600,26130,245146,173584.0,31.0
244610,26140,245156,173583.0,37.0
244620,26150,245166,173517.0,46.0
244630,26160,245176,173466.0,28.0
244640,26170,245186,173417.0,38.0
244650,26180,245196,173390.0,57.0
244660,26190,245206,173337.0,39.0
244670,26200,245216,173295.0,59.0
244680,26210,245226,173185.0,39.0
244690,26220,245236,173128.0,63.0
244700,26230,245246,173069.0,47.0
244710,26240,245256,173093.0,49.0
244720,26250,245266,173137.0,42.0
244730,26260,245276,173224.0,51.0
244740,26270,245286,173208.0,30.0
244750,26280,245296,173172.0,30.0
244760,26290,245306,173092.0,36.0
244770,26300,245316,173068.0,50.0
244780,26310,245326,173084.0,47.0
244790,26320,245336,173182.0,49.0
244800,26330,245346,173293.0,44.0
244810,26340,245356,173369.0,43.0
244820,26350,245366,173359.0,33.0
244830,26360,245376,173378.0,54.0
244840,26370,245386,173430.0,40.0
244850,26380,245396,173503.0,44.0
244860,26390,245406,173550.0,45.0
244870,26400,245416,173629.0,35.0
244880,26410,245426,173760.0,49.0
244890,26420,245436,173918.0,46.0
244900,26430,245446,174036.0,35.0
244910,26440,245456,174063.0,41.0
244920,26450,245466,174083.0,60.0
244930,26460,245476,174105.0,50.0
244940,26470,245486,174131.0,39.0
244950,26480,245496,174114.0,38.0
244960,26490,245506,174129.0,43.0
244970,26500,245516,174113.0,38.0
244980,26510,245526,174103.0,33.0
244990,26520,245536,174068.0,38.0
245000,26530,245546,174018.0,37.0
245010,26540,245556,173998.0,36.0
245020,26550,245566,173903.0,53.0
245030,26560,245576,173861.0,51.0
245040,26570,245586,173825.0,49.0
245050,26580,245597,173804.0,48.0
245060,26590,245607,173788.0,36.0
245070,26600,245617,173809.0,42.0
245080,26610,245627,173764.0,34.0
245090,26620,245637,173759.0,37.0
245100,26630,245647,173654.0,48.0
245110,26640,245657,173592.0,34.0
245120,26650,245667,173556.0,29.0
245130,26660,245677,173549.0,53.0
245140,26670,245687,173547.0,28.0
245150,26680,245697,173624.0,38.0
245160,26690,245707,173691.0,42.0
245170,26700,245717,173699.0,35.0
245180,26710,245727,173619.0,27.0
245190,26720,245737,173491.0,42.0
245200,26730,245747,173409.0,37.0
245210,26740,245757,173376.0,43.0
245220,26750,245767,173330.0,25.0
245230,26760,245777,173142.0,37.0
245240,26770,245787,172888.0,41.0
245250,26780,245797,172528.0,34.0
245260,26790,245807,172458.0,42.0
245270,26800,245817,172367.0,54.0
245280,26810,245827,172212.0,44.0
245290,26820,245837,172072.0,41.0
245300,26830,245847,172033.0,37.0
245310,26840,245857,172182.0,34.0
245320,26850,245867,172373.0,35.0
245330,26860,245877,172627.0,34.0
245340,26870,245887,172779.0,29.0
245350,26880,245897,172948.0,42.0
245360,26890,245907,173044.0,36.0
245370,26900,245917,173104.0,35.0
245380,26910,245927,173160.0,41.0
245390,26920,245937,173212.0,58.0
245400,26930,245947,173281.0,36.0
245410,26940,245957,173418.0,45.0
245420,26950,245967,173548.0,50.0
245430,26960,245977,173703.0,32.0
245440,26970,245987,173820.0,40.0
245450,26980,245997,173934.0,48.0
245460,26990,246007,174009.0,45.0
245470,27000,246017,174106.0,43.0
245480,27010,246027,174180.0,39.0
245490,27020,246037,174243.0,53.0
245500,27030,246048,174286.0,43.0
245510,27040,246058,174346.0,36.0
245520,27050,246068,174410.0,41.0
245530,27060,246078,174461.0,41.0
245540,27070,246088,174539.0,31.0
245550,27080,246098,174604.0,35.0
245560,27090,246108,174656.0,33.0
245570,27100,246118,174712.0,37.0
245580,27110,246128,174710.0,39.0
245590,27120,246138,174656.0,47.0
245600,27130,246148,174571.0,34.0
245610,27140,246158,174500.0,46.0
245620,27150,246168,174497.0,65.0
245630,27160,246178,174538.0,32.0
245640,27170,246188,174037.0,43.0
245650,27180,246198,174068.0,48.0
245660,27190,246208,174115.0,33.0
245670,27200,246218,174105.0,32.0
245680,27210,246228,174100.0,45.0
245690,27220,246238,174098.0,33.0
245700,27230,246248,174110.0,42.0
245710,27240,246258,174104.0,39.0
245720,27250,246268,174069.0,50.0
245730,27260,246278,174018.0,48.0
245740,27270,246288,173930.0,48.0
245750,27280,246298,173878.0,51.0
245760,27290,246308,173856.0,31.0
245770,27300,246318,173808.0,36.0
245780,27310,246328,173766.0,31.0
245790,27320,246338,173673.0,41.0
245800,27330,246348,173612.0,33.0
245810,27340,246358,173575.0,40.0
245820,27350,246368,173576.0,37.0
245830,27360,246378,173587.0,49.0
245840,27370,246388,173640.0,37.0
245850,27380,246398,173733.0,42.0
245860,27390,246408,173817.0,31.0
245870,27400,246418,173938.0,32.0
245880,27410,246428,174038.0,44.0
245890,27420,246438,174084.0,29.0
245900,27430,246448,174119.0,34.0
245910,27440,246458,174116.0,42.0
245920,27450,246468,174079.0,27.0
245930,27460,246478,174008.0,43.0
245940,27470,246488,173919.0,32.0
245950,27480,246499,173869.0,50.0
245960,27490,246509,173794.0,39.0
245970,27500,246519,173688.0,35.0
245980,27510,246529,173598.0,43.0
245990,27520,246539,173469.0,28.0
246000,27530,246549,173363.0,28.0
246010,27540,246559,173235.0,39.0
246020,27550,246569,173172.0,28.0
246030,27560,246579,173043.0,29.0
246040,27570,246589,172827.0,28.0
246050,27580,246599,172796.0,28.0
246060,27590,246609,172854.0,44.0
246070,27600,246619,172975.0,43.0
246080,27610,246629,173187.0,22.0
246090,27620,246639,173358.0,24.0
246100,27630,246649,173429.0,18.0
246110,27640,246659,173483.0,31.0
246120,27650,246669,173474.0,30.0
246130,27660,246679,173495.0,24.0
246140,27670,246689,173493.0,36.0
246150,27680,246699,173447.0,32.0
246160,27690,246709,173449.0,36.0
246170,27700,246719,173391.0,43.0
246180,27710,246729,173331.0,42.0
246190,27720,246739,173236.0,51.0
246200,27730,246749,173192.0,37.0
246210,27740,246759,173142.0,40.0
246220,27750,246769,173120.0,23.0
246230,27760,246779,173160.0,47.0
246240,27770,246789,173219.0,25.0
246250,27780,246799,173219.0,32.0
246260,27790,246809,173240.0,39.0
246270,27800,246819,173227.0,40.0
246280,27810,246829,173196.0,52.0
246290,27820,246839,173127.0,56.0
246300,27830,246849,173074.0,32.0
246310,27840,246860,173025.0,34.0
246320,27850,246870,172973.0,40.0
246330,27860,246880,172937.0,33.0
246340,27870,246889,172897.0,35.0
246350,27880,246899,172913.0,37.0
246360,27890,246909,172964.0,40.0
246370,27900,246919,173038.0,32.0
246380,27910,246929,173157.0,33.0
246390,27920,246939,173380.0,34.0
246400,27930,246950,173546.0,46.0
246410,27940,246960,173651.0,56.0
246420,27950,246970,173738.0,41.0
246430,27960,246980,173782.0,43.0
246440,27970,246990,173814.0,51.0
246450,27980,247000,173787.0,43.0
246460,27990,247010,173799.0,33.0
246470,28000,247020,173849.0,48.0
246480,28010,247030,173883.0,15.0
246490,28020,247040,173864.0,34.0
246500,28030,247050,173807.0,14.0
246510,28040,247060,173847.0,32.0
246520,28050,247070,173920.0,53.0
246530,28060,247080,174014.0,51.0
246540,28070,247090,174018.0,27.0
246550,28080,247100,173915.0,49.0
246560,28090,247110,173819.0,26.0
246570,28100,247120,173791.0,57.0
246580,28110,247130,173774.0,19.0
246590,28120,247140,173749.0,37.0
246600,28130,247150,173718.0,32.0
246610,28140,247160,173669.0,45.0
246620,28150,247170,173690.0,30.0
246630,28160,247180,173785.0,49.0
246640,28170,247190,173871.0,40.0
246650,28180,247200,173971.0,35.0
246660,28190,247210,173989.0,36.0
246670,28200,247220,174040.0,31.0
246680,28210,247230,174072.0,33.0
246690,28220,247240,174142.0,43.0
246700,28230,247250,174244.0,36.0
246710,28240,247260,174300.0,38.0
246720,28250,247270,174308.0,52.0
246730,28260,247280,174260.0,34.0
246740,28270,247290,174265.0,44.0
246750,28280,247300,174209.0,31.0
246760,28290,247311,174164.0,48.0
246770,28300,247321,174023.0,52.0
246780,28310,247331,173785.0,56.0
246790,28320,247341,173481.0,44.0
246800,28330,247350,173152.0,48.0
246810,28340,247360,172440.0,24.0
246820,28350,247370,172314.0,38.0
246830,28360,247380,172241.0,51.0
246840,28370,247390,172302.0,52.0
246850,28380,247401,172450.0,46.0
246860,28390,247411,172708.0,59.0
246870,28400,247421,173001.0,38.0
246880,28410,247431,173099.0,44.0
246890,28420,247441,173130.0,38.0
246900,28430,247451,173113.0,35.0
246910,28440,247461,173040.0,39.0
246920,28450,247471,172975.0,31.0
246930,28460,247481,172901.0,36.0
246940,28470,247491,172906.0,37.0
246950,28480,247501,172853.0,34.0
246960,28490,247511,172770.0,36.0
246970,28500,247521,172665.0,25.0
246980,28510,247531,172574.0,44.0
246990,28520,247541,172444.0,47.0
247000,28530,247551,172330.0,40.0
247010,28540,247561,172235.0,55.0
247020,28550,247571,172179.0,39.0
247030,28560,247581,172135.0,34.0
247040,28570,247591,172130.0,45.0
247050,28580,247601,172165.0,39.0
247060,28590,247611,172197.0,45.0
247070,28600,247621,172241.0,39.0
247080,28610,247631,172399.0,52.0
247090,28620,247641,172526.0,55.0
247100,28630,247651,172640.0,51.0
247110,28640,247661,172741.0,58.0
247120,28650,247671,172774.0,48.0
247130,28660,247681,172868.0,51.0
247140,28670,247691,172934.0,59.0
247150,28680,247701,173046.0,49.0
247160,28690,247711,173087.0,27.0
247170,28700,247721,173180.0,41.0
247180,28710,247731,173186.0,24.0
247190,28720,247741,173191.0,29.0
247200,28730,247751,173180.0,33.0
247210,28740,247762,173190.0,35.0
247220,28750,247772,173244.0,48.0
247230,28760,247782,173309.0,48.0
247240,28770,247792,173427.0,41.0
247250,28780,247801,173574.0,46.0
247260,28790,247811,173758.0,38.0
247270,28800,247821,173989.0,49.0
247280,28810,247831,174168.0,41.0
247290,28820,247841,174248.0,45.0
247300,28830,247852,174342.0,48.0
247310,28840,247862,174395.0,37.0
247320,28850,247872,174444.0,37.0
247330,28860,247882,174485.0,52.0
247340,28870,247892,174524.0,53.0
247350,28880,247902,174545.0,55.0
247360,28890,247912,174554.0,43.0
247370,28900,247922,174520.0,42.0
247380,28910,247932,174569.0,30.0
247390,28920,247942,174663.0,40.0
247400,28930,247952,174745.0,46.0
247410,28940,247962,174841.0,45.0
247420,28950,247972,174914.0,34.0
247430,28960,247982,174928.0,46.0
247440,28970,247992,174936.0,42.0
247450,28980,248002,174958.0,38.0
247460,28990,248012,175006.0,44.0
247470,29000,248022,175037.0,38.0
247480,29010,248032,175086.0,48.0
247490,29020,248042,175137.0,34.0
247500,29030,248052,175162.0,43.0
247510,29040,248062,175143.0,35.0
247520,29050,248072,175123.0,40.0
247530,29060,248082,175039.0,31.0
247540,29070,248092,174968.0,24.0
247550,29080,248102,174915.0,50.0
247560,29090,248112,174933.0,45.0
247570,29100,248122,175012.0,49.0
247580,29110,248132,175101.0,51.0
247590,29120,248142,175211.0,38.0
247600,29130,248152,175243.0,43.0
247610,29140,248162,175203.0,44.0
247620,29150,248172,175164.0,42.0
247630,29160,248182,175156.0,45.0
247640,29170,248192,175147.0,38.0
247650,29180,248202,175138.0,33.0
247660,29190,248213,175167.0,29.0
247670,29200,248223,175202.0,49.0
247680,29210,248233,175256.0,48.0
247690,29220,248243,175295.0,40.0
247700,29230,248253,175335.0,42.0
247710,29240,248263,175419.0,46.0
247720,29250,248273,175384.0,41.0
247730,29260,248282,175253.0,25.0
247740,29270,248292,175137.0,30.0
247750,29280,248303,175018.0,33.0
247760,29290,248313,174878.0,52.0
247770,29300,248323,174797.0,51.0
247780,29310,248333,174683.0,47.0
247790,29320,248343,174588.0,48.0
247800,29330,248353,174476.0,52.0
247810,29340,248363,174349.0,38.0
247820,29350,248373,174292.0,39.0
247830,29360,248383,174213.0,61.0
247840,29370,248393,174091.0,45.0
247850,29380,248403,173902.0,37.0
247860,29390,248413,173738.0,31.0
247870,29400,248423,173631.0,39.0
247880,29410,248433,173606.0,49.0
247890,29420,248443,173652.0,35.0
247900,29430,248453,173685.0,41.0
247910,29440,248463,173738.0,49.0
247920,29450,248473,173814.0,48.0
247930,29460,248483,173897.0,43.0
247940,29470,248493,173948.0,56.0
247950,29480,248503,174032.0,48.0
247960,29490,248513,174142.0,63.0
247970,29500,248523,174221.0,49.0
247980,29510,248533,174247.0,35.0
247990,29520,248543,174233.0,47.0
248000,29530,248553,174289.0,43.0
248010,29540,248563,174291.0,29.0
248020,29550,248573,174301.0,42.0
248030,29560,248583,174307.0,48.0
248040,29570,248593,174333.0,51.0
248050,29580,248603,174328.0,55.0
248060,29590,248613,174321.0,43.0
248070,29600,248623,174291.0,51.0
248080,29610,248633,174261.0,43.0
248090,29620,248643,174242.0,35.0
248100,29630,248653,174258.0,57.0
248110,29640,248663,174333.0,39.0
248120,29650,248674,174400.0,45.0
248130,29660,248684,174501.0,21.0
248140,29670,248694,174528.0,30.0
248150,29680,248704,174533.0,31.0
248160,29690,248714,174476.0,46.0
248170,29700,248724,174392.0,45.0
248180,29710,248734,174340.0,54.0
248190,29720,248744,174293.0,48.0
248200,29730,248753,174246.0,51.0
248210,29740,248764,174216.0,41.0
248220,29750,248774,174216.0,35.0
248230,29760,248784,174228.0,30.0
248240,29770,248794,174276.0,55.0
248250,29780,248804,174304.0,47.0
248260,29790,248814,174276.0,41.0
248270,29800,248824,174250.0,50.0
248280,29810,248834,174206.0,41.0
248290,29820,248844,174246.0,40.0
248300,29830,248854,174257.0,36.0
248310,29840,248864,174285.0,46.0
248320,29850,248874,174307.0,46.0
248330,29860,248884,174284.0,36.0
248340,29870,248894,174240.0,54.0
248350,29880,248904,174190.0,50.0
248360,29890,248914,174115.0,46.0
248370,29900,248924,174094.0,64.0
248380,29910,248934,174075.0,43.0
248390,29920,248944,174068.0,53.0
248400,29930,248954,174071.0,67.0
248410,29940,248964,174074.0,45.0
248420,29950,248974,174054.0,40.0
248430,29960,248984,173969.0,49.0
248440,29970,248994,173858.0,60.0
248450,29980,249004,173775.0,39.0
248460,29990,249014,173725.0,37.0
248470,30000,249024,173748.0,44.0
248480,30010,249034,173803.0,49.0
248490,30020,249044,173874.0,38.0
248500,30030,249054,173974.0,40.0
248510,30040,249064,174102.0,52.0
248520,30050,249074,174244.0,51.0
248530,30060,249084,174390.0,42.0
248540,30070,249094,174539.0,47.0
248550,30080,249104,174647.0,54.0
248560,30090,249114,174695.0,44.0
248570,30100,249125,174726.0,36.0
248580,30110,249135,174685.0,45.0
248590,30120,249145,174610.0,37.0
248600,30130,249155,174523.0,31.0
248610,30140,249165,174382.0,41.0
248620,30150,249175,174252.0,52.0
248630,30160,249185,174129.0,48.0
248640,30170,249195,174012.0,48.0
248650,30180,249205,173944.0,46.0
248660,30190,249215,173899.0,52.0
248670,30200,249225,173916.0,38.0
248680,30210,249235,173893.0,51.0
248690,30220,249245,173918.0,31.0
248700,30230,249255,173905.0,48.0
248710,30240,249265,173854.0,36.0
248720,30250,249275,173772.0,46.0
248730,30260,249285,173692.0,29.0
248740,30270,249295,173654.0,43.0
248750,30280,249305,173622.0,52.0
248760,30290,249315,173634.0,59.0
248770,30300,249325,173626.0,63.0
248780,30310,249335,173570.0,49.0
248790,30320,249345,173500.0,54.0
248800,30330,249355,173428.0,58.0
248810,30340,249365,173379.0,54.0
248820,30350,249375,173383.0,61.0
248830,30360,249385,173410.0,40.0
248840,30370,249395,173483.0,48.0
248850,30380,249405,173611.0,54.0
248860,30390,249415,173617.0,53.0
248870,30400,249425,173660.0,35.0
248880,30410,249435,173670.0,56.0
248890,30420,249445,173625.0,44.0
248900,30430,249455,173573.0,42.0
248910,30440,249465,173474.0,56.0
248920,30450,249475,173421.0,47.0
248930,30460,249485,173373.0,57.0
248940,30470,249495,173377.0,44.0
248950,30480,249505,173384.0,32.0
248960,30490,249515,173463.0,51.0
248970,30500,249525,173546.0,40.0
248980,30510,249535,173584.0,40.0
248990,30520,249545,173586.0,35.0
249000,30530,249555,173619.0,43.0
249010,30540,249565,173683.0,48.0
249020,30550,249576,173763.0,56.0
249030,30560,249586,173784.0,46.0
249040,30570,249596,173742.0,54.0
249050,30580,249606,173672.0,52.0
249060,30590,249616,173651.0,53.0
249070,30600,249626,173648.0,39.0
249080,30610,249636,173609.0,58.0
249090,30620,249646,173594.0,42.0
249100,30630,249656,173611.0,42.0
249110,30640,249666,173659.0,34.0
249120,30650,249676,173815.0,35.0
249130,30660,249686,174002.0,37.0
249140,30670,249696,174257.0,49.0
249150,30680,249706,174486.0,44.0
249160,30690,249716,174666.0,46.0
249170,30700,249726,174842.0,52.0
249180,30710,249736,174917.0,48.0
249190,30720,249746,174940.0,51.0
249200,30730,249756,174934.0,51.0
249210,30740,249766,174936.0,49.0
249220,30750,249776,174974.0,47.0
249230,30760,249786,175076.0,32.0
249240,30770,249796,175220.0,45.0
249250,30780,249806,175270.0,44.0
249260,30790,249816,175305.0,37.0
249270,30800,249826,175277.0,45.0
249280,30810,249836,175267.0,42.0
249290,30820,249846,175159.0,40.0
249300,30830,249856,175079.0,43.0
249310,30840,249866,174958.0,38.0
249320,30850,249876,174886.0,49.0
249330,30860,249886,174811.0,61.0
249340,30870,249896,174813.0,29.0
249350,30880,249906,174808.0,50.0
249360,30890,249916,174811.0,36.0
249370,30900,249926,174785.0,36.0
249380,30910,249937,174765.0,56.0
249390,30920,249947,174687.0,27.0
249400,30930,249957,174625.0,51.0
249410,30940,249967,174588.0,39.0
249420,30950,249977,174503.0,56.0
249430,30960,249987,174382.0,53.0
249440,30970,249997,174244.0,64.0
249450,30980,250006,174105.0,37.0
249460,30990,250016,173965.0,49.0
249470,31000,250026,173829.0,47.0
249480,31010,250037,173628.0,51.0
249490,31020,250047,173479.0,36.0
249500,31030,250057,173399.0,55.0
249510,31040,250067,173363.0,28.0
249520,31050,250077,173317.0,66.0
249530,31060,250087,173269.0,49.0
249540,31070,250097,173236.0,60.0
249550,31080,250107,173143.0,45.0
249560,31090,250117,172987.0,45.0
249570,31100,250127,172822.0,45.0
249580,31110,250137,172686.0,45.0
249590,31120,250147,172596.0,40.0
249600,31130,250157,172543.0,43.0
249610,31140,250167,172580.0,24.0
249620,31150,250177,172667.0,42.0
249630,31160,250187,172797.0,40.0
249640,31170,250197,173005.0,42.0
249650,31180,250207,173223.0,56.0
249660,31190,250217,173442.0,45.0
249670,31200,250227,173608.0,38.0
249680,31210,250237,173710.0,55.0
249690,31220,250247,173735.0,51.0
249700,31230,250257,173762.0,43.0
249710,31240,250267,173778.0,40.0
249720,31250,250277,173844.0,35.0
249730,31260,250287,173890.0,32.0
249740,31270,250297,173955.0,46.0
249750,31280,250307,173942.0,52.0
249760,31290,250317,173911.0,43.0
249770,31300,250327,173827.0,39.0
249780,31310,250337,173800.0,43.0
249790,31320,250347,173789.0,35.0
249800,31330,250357,173748.0,48.0
249810,31340,250367,173717.0,43.0
249820,31350,250377,173739.0,29.0
249830,31360,250387,173863.0,45.0
249840,31370,250398,173969.0,33.0
249850,31380,250408,174099.0,21.0
249860,31390,250418,174231.0,24.0
249870,31400,250428,174378.0,33.0
249880,31410,250438,174472.0,43.0
249890,31420,250448,174486.0,49.0
249900,31430,250458,174498.0,56.0
249910,31440,250468,174490.0,43.0
249920,31450,250477,174501.0,36.0
249930,31460,250488,174483.0,29.0
249940,31470,250498,174527.0,29.0
249950,31480,250508,174564.0,26.0
249960,31490,250518,174628.0,25.0
249970,31500,250528,174670.0,46.0
249980,31510,250538,174733.0,42.0
249990,31520,250548,174777.0,38.0
250000,31530,250558,174847.0,40.0
250010,31540,250568,174955.0,56.0
250020,31550,250578,175043.0,52.0
250030,31560,250588,175121.0,37.0
250040,31570,250598,175219.0,50.0
250050,31580,250608,175281.0,40.0
250060,31590,250618,175335.0,46.0
250070,31600,250628,175380.0,26.0
250080,31610,250638,175410.0,42.0
250090,31620,250648,175435.0,38.0
250100,31630,250658,175519.0,40.0
250110,31640,250668,175594.0,51.0
250120,31650,250678,175664.0,47.0
250130,31660,250688,175733.0,44.0
250140,31670,250698,175776.0,50.0
250150,31680,250708,175909.0,55.0
250160,31690,250718,175868.0,48.0
250170,31700,250728,175911.0,32.0
250180,31710,250738,175500.0,49.0
250190,31720,250748,175537.0,43.0
250200,31730,250758,175573.0,47.0
250210,31740,250768,175579.0,39.0
250220,31750,250778,175608.0,34.0
250230,31760,250788,175662.0,30.0
250240,31770,250798,175677.0,41.0
250250,31780,250808,175842.0,48.0
250260,31790,250818,175801.0,54.0
250270,31800,250828,175938.0,48.0
250280,31810,250838,175858.0,47.0
250290,31820,250849,176003.0,24.0
250300,31830,250859,175912.0,44.0
250310,31840,250869,175988.0,34.0
250320,31850,250879,175833.0,40.0
250330,31860,250889,175854.0,36.0
250340,31870,250899,175704.0,47.0
250350,31880,250909,175610.0,49.0
250360,31890,250919,175500.0,48.0
250370,31900,250929,175332.0,49.0
250380,31910,250939,175124.0,40.0
250390,31920,250949,174908.0,46.0
250400,31930,250959,174623.0,41.0
250410,31940,250969,174384.0,36.0
250420,31950,250979,174183.0,26.0
250430,31960,250989,173982.0,37.0
250440,31970,250999,173768.0,38.0
250450,31980,251009,173550.0,38.0
250460,31990,251019,173250.0,53.0
250470,32000,251029,173054.0,48.0
250480,32010,251039,173063.0,53.0
250490,32020,251049,172986.0,34.0
250500,32030,251059,172944.0,44.0
250510,32040,251069,172967.0,26.0
250520,32050,251079,173044.0,39.0
250530,32060,251089,173118.0,36.0
250540,32070,251099,173186.0,28.0
250550,32080,251109,173223.0,38.0
250560,32090,251119,173274.0,40.0
250570,32100,251129,173304.0,41.0
250580,32110,251139,173356.0,41.0
250590,32120,251149,173397.0,35.0
250600,32130,251159,173522.0,54.0
250610,32140,251169,173648.0,34.0
250620,32150,251179,173735.0,50.0
250630,32160,251189,173788.0,31.0
250640,32170,251199,173893.0,32.0
250650,32180,251209,173966.0,33.0
250660,32190,251219,174050.0,37.0
250670,32200,251229,174112.0,35.0
250680,32210,251239,174163.0,26.0
250690,32220,251249,174232.0,32.0
250700,32230,251259,174246.0,29.0
250710,32240,251269,174244.0,43.0
250720,32250,251279,174231.0,45.0
250730,32260,251290,174268.0,22.0
250740,32270,251300,174341.0,34.0
250750,32280,251310,174341.0,33.0
250760,32290,251320,174296.0,47.0
250770,32300,251330,174294.0,39.0
250780,32310,251340,174295.0,33.0
250790,32320,251350,174294.0,41.0
250800,32330,251360,174209.0,43.0
250810,32340,251370,174105.0,47.0
250820,32350,251380,173998.0,50.0
250830,32360,251390,173894.0,32.0
250840,32370,251400,173799.0,60.0
250850,32380,251410,173718.0,40.0
250860,32390,251420,173660.0,39.0
250870,32400,251430,173563.0,48.0
250880,32410,251440,173518.0,49.0
250890,32420,251450,173515.0,36.0
250900,32430,251460,173554.0,26.0
250910,32440,251470,173583.0,46.0
250920,32450,251480,173662.0,55.0
250930,32460,251490,173694.0,36.0
250940,32470,251500,173697.0,27.0
250950,32480,251510,173779.0,47.0
250960,32490,251520,173852.0,43.0
250970,32500,251530,173931.0,29.0
250980,32510,251540,173943.0,42.0
250990,32520,251550,173943.0,42.0
251000,32530,251560,173941.0,28.0
251010,32540,251570,173966.0,35.0
251020,32550,251580,174013.0,32.0
251030,32560,251590,174089.0,41.0
251040,32570,251600,174137.0,37.0
251050,32580,251610,174096.0,38.0
251060,32590,251620,174105.0,61.0
251070,32600,251630,174012.0,35.0
251080,32610,251640,173887.0,51.0
251090,32620,251650,173698.0,49.0
251100,32630,251660,173436.0,48.0
251110,32640,251670,173225.0,37.0
251120,32650,251680,173047.0,35.0
251130,32660,251690,172421.0,30.0
251140,32670,251700,172306.0,38.0
251150,32680,251710,172230.0,38.0
251160,32690,251720,172378.0,43.0
251170,32700,251730,172391.0,26.0
251180,32710,251741,172292.0,47.0
251190,32720,251751,172232.0,34.0
251200,32730,251761,172212.0,47.0
251210,32740,251771,172190.0,37.0
251220,32750,251781,172249.0,52.0
251230,32760,251791,172386.0,35.0
251240,32770,251801,172557.0,32.0
251250,32780,251811,172708.0,30.0
251260,32790,251821,172951.0,44.0
251270,32800,251831,173214.0,31.0
251280,32810,251841,173305.0,42.0
251290,32820,251851,173358.0,24.0
251300,32830,251861,173373.0,49.0
251310,32840,251871,173361.0,46.0
251320,32850,251881,173397.0,46.0
251330,32860,251891,173424.0,22.0
251340,32870,251901,173473.0,39.0
251350,32880,251911,173551.0,16.0
251360,32890,251921,173687.0,22.0
251370,32900,251931,173773.0,15.0
251380,32910,251941,173836.0,23.0
251390,32920,251951,173871.0,44.0
251400,32930,251961,173860.0,43.0
251410,32940,251971,173823.0,38.0
251420,32950,251981,173770.0,46.0
251430,32960,251991,173683.0,32.0
251440,32970,252001,173581.0,29.0
251450,32980,252011,173438.0,31.0
251460,32990,252021,173387.0,40.0
251470,33000,252031,173321.0,26.0
251480,33010,252041,173269.0,35.0
251490,33020,252051,173225.0,28.0
251500,33030,252061,173162.0,41.0
251510,33040,252071,173117.0,34.0
251520,33050,252081,173000.0,41.0
251530,33060,252091,172999.0,47.0
251540,33070,252101,173133.0,38.0
251550,33080,252112,173270.0,42.0
251560,33090,252122,173507.0,25.0
251570,33100,252131,173716.0,34.0
251580,33110,252141,173927.0,26.0
251590,33120,252151,174130.0,30.0
251600,33130,252161,174256.0,32.0
251610,33140,252171,174298.0,27.0
251620,33150,252181,174306.0,40.0
251630,33160,252192,174315.0,24.0
251640,33170,252202,174320.0,46.0
251650,33180,252212,174349.0,27.0
251660,33190,252222,174396.0,36.0
251670,33200,252232,174440.0,49.0
251680,33210,252242,174469.0,30.0
251690,33220,252252,174526.0,35.0
251700,33230,252262,174555.0,37.0
251710,33240,252272,174609.0,29.0
251720,33250,252282,174710.0,33.0
251730,33260,252292,174787.0,42.0
251740,33270,252302,174865.0,40.0
251750,33280,252312,174875.0,48.0
251760,33290,252322,174844.0,41.0
251770,33300,252332,174828.0,34.0
251780,33310,252342,174801.0,27.0
251790,33320,252352,174868.0,34.0
251800,33330,252362,174931.0,35.0
251810,33340,252372,174988.0,30.0
251820,33350,252382,175094.0,41.0
251830,33360,252392,175189.0,30.0
251840,33370,252402,175296.0,43.0
251850,33380,252412,175335.0,47.0
251860,33390,252422,175427.0,46.0
251870,33400,252432,175506.0,40.0
251880,33410,252442,175611.0,41.0
251890,33420,252452,175704.0,30.0
251900,33430,252462,175827.0,54.0
251910,33440,252472,175902.0,43.0
251920,33450,252482,175958.0,39.0
251930,33460,252492,175943.0,46.0
251940,33470,252502,175875.0,45.0
251950,33480,252512,175781.0,56.0
251960,33490,252522,175742.0,43.0
251970,33500,252532,175735.0,49.0
251980,33510,252542,175798.0,58.0
251990,33520,252552,175838.0,54.0
252000,33530,252563,175840.0,29.0
252010,33540,252573,175829.0,39.0
252020,33550,252582,175802.0,47.0
252030,33560,252592,175773.0,41.0
252040,33570,252602,175667.0,46.0
252050,33580,252612,175570.0,58.0
252060,33590,252622,175481.0,41.0
252070,33600,252632,175376.0,63.0
252080,33610,252643,175273.0,36.0
252090,33620,252653,175098.0,48.0
252100,33630,252663,174812.0,35.0
252110,33640,252673,174706.0,64.0
252120,33650,252683,174665.0,34.0
252130,33660,252693,174682.0,42.0
252140,33670,252703,174688.0,35.0
252150,33680,252713,174651.0,28.0
252160,33690,252723,174597.0,27.0
252170,33700,252733,174511.0,56.0
252180,33710,252743,174462.0,38.0
252190,33720,252753,174452.0,42.0
252200,33730,252763,174482.0,40.0
252210,33740,252773,174579.0,54.0
252220,33750,252783,174698.0,50.0
252230,33760,252793,174777.0,37.0
252240,33770,252803,174822.0,43.0
252250,33780,252813,174811.0,39.0
252260,33790,252823,174820.0,41.0
252270,33800,252833,174820.0,25.0
252280,33810,252843,174827.0,35.0
252290,33820,252853,174836.0,28.0
252300,33830,252863,174806.0,54.0
252310,33840,252873,174745.0,50.0
252320,33850,252883,174667.0,33.0
252330,33860,252893,174565.0,44.0
252340,33870,252903,174447.0,46.0
252350,33880,252913,174378.0,38.0
252360,33890,252923,174379.0,33.0
252370,33900,252933,174390.0,36.0
252380,33910,252943,174433.0,41.0
252390,33920,252953,174445.0,45.0
252400,33930,252963,174470.0,39.0
252410,33940,252973,174500.0,38.0
252420,33950,252983,174569.0,48.0
252430,33960,252993,174661.0,39.0
252440,33970,253003,174738.0,40.0
252450,33980,253013,174765.0,38.0
252460,33990,253023,174772.0,40.0
252470,34000,253033,174755.0,34.0
252480,34010,253043,174720.0,46.0
252490,34020,253053,174641.0,31.0
252500,34030,253063,174597.0,35.0
252510,34040,253073,174529.0,34.0
252520,34050,253083,174519.0,58.0
252530,34060,253094,174506.0,41.0
252540,34070,253104,174529.0,58.0
252550,34080,253114,174564.0,41.0
252560,34090,253124,174616.0,54.0
252570,34100,253134,174688.0,40.0
252580,34110,253144,174644.0,57.0
252590,34120,253154,174576.0,25.0
252600,34130,253164,174515.0,33.0
252610,34140,253174,174532.0,40.0
252620,34150,253184,174512.0,55.0
252630,34160,253194,174509.0,38.0
252640,34170,253204,174505.0,46.0
252650,34180,253214,174470.0,48.0
252660,34190,253224,174422.0,42.0
252670,34200,253234,174399.0,53.0
252680,34210,253244,174363.0,42.0
252690,34220,253254,174349.0,55.0
252700,34230,253264,174384.0,37.0
252710,34240,253274,174421.0,45.0
252720,34250,253284,174441.0,38.0
252730,34260,253294,174511.0,45.0
252740,34270,253304,174532.0,37.0
252750,34280,253314,174537.0,45.0
252760,34290,253324,174533.0,60.0
252770,34300,253334,174524.0,47.0
252780,34310,253344,174488.0,54.0
252790,34320,253354,174390.0,37.0
252800,34330,253364,174320.0,42.0
252810,34340,253374,174219.0,40.0
252820,34350,253384,174203.0,30.0
252830,34360,253394,174136.0,48.0
252840,34370,253404,174116.0,37.0
252850,34380,253414,174081.0,56.0
252860,34390,253424,174021.0,35.0
252870,34400,253434,173983.0,49.0
252880,34410,253444,173905.0,51.0
252890,34420,253454,173794.0,28.0
252900,34430,253464,173708.0,49.0
252910,34440,253474,173604.0,42.0
252920,34450,253484,173524.0,41.0
252930,34460,253494,173430.0,43.0
252940,34470,253504,173399.0,43.0
252950,34480,253514,173402.0,51.0
252960,34490,253524,173474.0,44.0
252970,34500,253534,173527.0,41.0
252980,34510,253545,173560.0,53.0
252990,34520,253555,173618.0,41.0
253000,34530,253565,173649.0,43.0
253010,34540,253575,173665.0,39.0
253020,34550,253585,173655.0,26.0
253030,34560,253595,173657.0,39.0
253040,34570,253605,173655.0,46.0
253050,34580,253615,173673.0,37.0
253060,34590,253625,173754.0,45.0
253070,34600,253635,173759.0,55.0
253080,34610,253645,173781.0,39.0
253090,34620,253655,173749.0,40.0
253100,34630,253665,173709.0,61.0
253110,34640,253675,173695.0,26.0
253120,34650,253685,173744.0,42.0
253130,34660,253695,173814.0,37.0
253140,34670,253705,173881.0,27.0
253150,34680,253715,173939.0,41.0
253160,34690,253725,174007.0,42.0
253170,34700,253735,174018.0,48.0
253180,34710,253745,174058.0,44.0
253190,34720,253755,174118.0,52.0
253200,34730,253765,174152.0,47.0
253210,34740,253775,174241.0,28.0
253220,34750,253785,174310.0,41.0
253230,34760,253795,174398.0,32.0
253240,34770,253805,174468.0,20.0
253250,34780,253815,174575.0,31.0
253260,34790,253825,174673.0,39.0
253270,34800,253835,174777.0,37.0
253280,34810,253845,174889.0,42.0
253290,34820,253855,174921.0,40.0
253300,34830,253865,174945.0,32.0
253310,34840,253875,174922.0,46.0
253320,34850,253885,174923.0,47.0
253330,34860,253895,174947.0,37.0
253340,34870,253905,174978.0,45.0
253350,34880,253915,175001.0,46.0
253360,34890,253925,175067.0,41.0
253370,34900,253935,175123.0,49.0
253380,34910,253945,175179.0,27.0
253390,34920,253955,175174.0,53.0
253400,34930,253965,175242.0,42.0
253410,34940,253975,175257.0,49.0
253420,34950,253985,175282.0,53.0
253430,34960,253996,175217.0,53.0
253440,34970,254006,175240.0,34.0
253450,34980,254016,175234.0,32.0
253460,34990,254026,175244.0,46.0
253470,35000,254036,175200.0,33.0
253480,35010,254046,175138.0,38.0
253490,35020,254056,175033.0,40.0
253500,35030,254066,174974.0,48.0
253510,35040,254076,174915.0,55.0
253520,35050,254086,174909.0,49.0
253530,35060,254096,174932.0,37.0
253540,35070,254106,174989.0,40.0
253550,35080,254116,175040.0,49.0
253560,35090,254126,175040.0,33.0
253570,35100,254136,174981.0,47.0
253580,35110,254146,174909.0,39.0
253590,35120,254156,174851.0,48.0
253600,35130,254166,174820.0,58.0
253610,35140,254176,174827.0,53.0
253620,35150,254186,174822.0,47.0
253630,35160,254196,174782.0,44.0
253640,35170,254206,174724.0,58.0
253650,35180,254216,174628.0,40.0
253660,35190,254226,174489.0,47.0
253670,35200,254236,174304.0,40.0
253680,35210,254246,174117.0,48.0
253690,35220,254256,174052.0,51.0
253700,35230,254266,173910.0,45.0
253710,35240,254276,173789.0,43.0
253720,35250,254286,173717.0,56.0
253730,35260,254296,173645.0,48.0
253740,35270,254306,173595.0,45.0
253750,35280,254316,173577.0,50.0
253760,35290,254326,173597.0,39.0
253770,35300,254336,173663.0,42.0
253780,35310,254346,173831.0,35.0
253790,35320,254356,174031.0,34.0
253800,35330,254366,174215.0,25.0
253810,35340,254376,174409.0,44.0
253820,35350,254386,174605.0,46.0
253830,35360,254396,174770.0,57.0
253840,35370,254406,175029.0,51.0
253850,35380,254416,175020.0,56.0
253860,35390,254426,175204.0,56.0
253870,35400,254437,174815.0,41.0
253880,35410,254447,174966.0,31.0
253890,35420,254457,174922.0,54.0
253900,35430,254467,175082.0,41.0
253910,35440,254477,174944.0,60.0
253920,35450,254487,175051.0,57.0
253930,35460,254497,174842.0,54.0
253940,35470,254507,174969.0,60.0
253950,35480,254517,174755.0,60.0
253960,35490,254527,174806.0,55.0
253970,35500,254537,174575.0,63.0
253980,35510,254547,174484.0,42.0
253990,35520,254557,174253.0,53.0
254000,35530,254567,174062.0,42.0
254010,35540,254577,173915.0,51.0
254020,35550,254587,173788.0,52.0
254030,35560,254597,173629.0,36.0
254040,35570,254607,173592.0,46.0
254050,35580,254617,173348.0,58.0
254060,35590,254627,173166.0,49.0
254070,35600,254637,173105.0,60.0
254080,35610,254647,173009.0,61.0
254090,35620,254657,172945.0,45.0
254100,35630,254667,172909.0,31.0
254110,35640,254677,172815.0,43.0
254120,35650,254687,172757.0,39.0
254130,35660,254697,172716.0,36.0
254140,35670,254707,172560.0,49.0
254150,35680,254717,172097.0,53.0
254160,35690,254727,172139.0,54.0
254170,35700,254737,172057.0,48.0
254180,35710,254747,171963.0,41.0
254190,35720,254757,171880.0,48.0
254200,35730,254767,171938.0,42.0
254210,35740,254777,172034.0,43.0
254220,35750,254787,172264.0,39.0
254230,35760,254797,172939.0,26.0
254240,35770,254807,173072.0,28.0
254250,35780,254817,173163.0,36.0
254260,35790,254827,173199.0,35.0
254270,35800,254837,173202.0,52.0
254280,35810,254847,173176.0,51.0
254290,35820,254857,173177.0,39.0
254300,35830,254867,173160.0,62.0
254310,35840,254878,173195.0,41.0
254320,35850,254888,173212.0,44.0
254330,35860,254898,173196.0,43.0
254340,35870,254908,173179.0,48.0
254350,35880,254918,173177.0,39.0
254360,35890,254928,173167.0,44.0
254370,35900,254938,173186.0,41.0
254380,35910,254948,173182.0,40.0
254390,35920,254958,173260.0,44.0
254400,35930,254968,173261.0,38.0
254410,35940,254978,173240.0,60.0
254420,35950,254988,173247.0,51.0
254430,35960,254998,173249.0,36.0
254440,35970,255008,173265.0,37.0
254450,35980,255018,173340.0,49.0
254460,35990,255028,173423.0,40.0
254470,36000,255038,173503.0,54.0
254480,36010,255048,173618.0,35.0
254490,36020,255058,173735.0,48.0
254500,36030,255068,173795.0,46.0
254510,36040,255078,173883.0,55.0
254520,36050,255088,173840.0,49.0
254530,36060,255098,173738.0,67.0
254540,36070,255108,173556.0,60.0
254550,36080,255118,173364.0,45.0
254560,36090,255128,173171.0,50.0
254570,36100,255138,173007.0,53.0
254580,36110,255148,172852.0,36.0
254590,36120,255158,172778.0,49.0
254600,36130,255168,172763.0,44.0
254610,36140,255178,172725.0,43.0
254620,36150,255188,172705.0,51.0
254630,36160,255198,172684.0,71.0
254640,36170,255208,172630.0,59.0
254650,36180,255218,172546.0,50.0
254660,36190,255228,172522.0,33.0
254670,36200,255238,172520.0,37.0
254680,36210,255248,172608.0,38.0
254690,36220,255258,172866.0,44.0
254700,36230,255268,173119.0,37.0
254710,36240,255278,173310.0,53.0
254720,36250,255288,173524.0,40.0
254730,36260,255298,173732.0,56.0
254740,36270,255308,173746.0,43.0
254750,36280,255318,173711.0,43.0
254760,36290,255329,173755.0,45.0
254770,36300,255339,173817.0,39.0
254780,36310,255349,173802.0,36.0
254790,36320,255359,173808.0,51.0
254800,36330,255369,173825.0,40.0
254810,36340,255379,173850.0,37.0
254820,36350,255389,173887.0,31.0
254830,36360,255399,173836.0,38.0
254840,36370,255409,173802.0,44.0
254850,36380,255419,173760.0,44.0
254860,36390,255429,173721.0,54.0
254870,36400,255439,173682.0,47.0
254880,36410,255449,173611.0,59.0
254890,36420,255459,173585.0,41.0
254900,36430,255469,173568.0,33.0
254910,36440,255479,173533.0,33.0
254920,36450,255489,173493.0,50.0
254930,36460,255499,173490.0,39.0
254940,36470,255509,173479.0,53.0
254950,36480,255519,173500.0,38.0
254960,36490,255529,173576.0,35.0
254970,36500,255539,173623.0,52.0
254980,36510,255549,173668.0,39.0
254990,36520,255559,173669.0,28.0
255000,36530,255569,173601.0,40.0
255010,36540,255579,173564.0,37.0
255020,36550,255589,173540.0,41.0
255030,36560,255599,173520.0,39.0
255040,36570,255609,173549.0,29.0
255050,36580,255619,173581.0,53.0
255060,36590,255629,173581.0,50.0
255070,36600,255639,173588.0,66.0
255080,36610,255649,173563.0,38.0
255090,36620,255659,173524.0,39.0
255100,36630,255669,173505.0,28.0
255110,36640,255679,173490.0,48.0
255120,36650,255689,173461.0,40.0
255130,36660,255699,173425.0,46.0
255140,36670,255709,173366.0,22.0
255150,36680,255719,173359.0,46.0
255160,36690,255729,173255.0,38.0
255170,36700,255739,173242.0,55.0
255180,36710,255749,173206.0,56.0
255190,36720,255759,173240.0,50.0
255200,36730,255770,173232.0,45.0
255210,36740,255780,173251.0,33.0
255220,36750,255790,173223.0,25.0
255230,36760,255800,173250.0,31.0
255240,36770,255810,173231.0,33.0
255250,36780,255820,173189.0,34.0
255260,36790,255830,173197.0,36.0
255270,36800,255840,173151.0,34.0
255280,36810,255850,173125.0,55.0
255290,36820,255860,173057.0,43.0
255300,36830,255870,172957.0,47.0
255310,36840,255880,172869.0,50.0
255320,36850,255890,172686.0,29.0
255330,36860,255900,172567.0,38.0
255340,36870,255910,172544.0,37.0
255350,36880,255920,172461.0,43.0
255360,36890,255930,172287.0,30.0
255370,36900,255940,172061.0,60.0
255380,36910,255950,171492.0,44.0
255390,36920,255960,171070.0,42.0
255400,36930,255970,170892.0,45.0
255410,36940,255980,170699.0,50.0
255420,36950,255990,170663.0,37.0
255430,36960,256000,170652.0,40.0
255440,36970,256010,170641.0,43.0
255450,36980,256020,170682.0,46.0
255460,36990,256030,170753.0,35.0
255470,37000,256040,170810.0,42.0
255480,37010,256050,170879.0,35.0
255490,37020,256060,171013.0,46.0
255500,37030,256070,171130.0,52.0
255510,37040,256080,171188.0,52.0
255520,37050,256090,171312.0,33.0
255530,37060,256100,171420.0,49.0
255540,37070,256110,171537.0,44.0
255550,37080,256120,171664.0,43.0
255560,37090,256130,171818.0,47.0
255570,37100,256140,171980.0,45.0
255580,37110,256150,172114.0,26.0
255590,37120,256160,172235.0,20.0
255600,37130,256170,172324.0,40.0
255610,37140,256180,172412.0,38.0
255620,37150,256190,172485.0,42.0
255630,37160,256200,172515.0,45.0
255640,37170,256211,172435.0,42.0
255650,37180,256221,172345.0,33.0
255660,37190,256231,172221.0,50.0
255670,37200,256241,172104.0,42.0
255680,37210,256251,172078.0,48.0
255690,37220,256261,172105.0,35.0
255700,37230,256271,172224.0,21.0
255710,37240,256281,172374.0,17.0
255720,37250,256291,172511.0,38.0
255730,37260,256301,172668.0,38.0
255740,37270,256311,172817.0,44.0
255750,37280,256321,172931.0,45.0
255760,37290,256331,173031.0,40.0
255770,37300,256341,173147.0,24.0
255780,37310,256351,173254.0,30.0
255790,37320,256361,173337.0,36.0
255800,37330,256371,173390.0,28.0
255810,37340,256381,173412.0,34.0
255820,37350,256391,173412.0,27.0
255830,37360,256401,173449.0,33.0
255840,37370,256411,173472.0,39.0
255850,37380,256421,173534.0,37.0
255860,37390,256431,173595.0,42.0
255870,37400,256441,173648.0,43.0
255880,37410,256451,173694.0,53.0
255890,37420,256461,173706.0,37.0
255900,37430,256471,173753.0,34.0
255910,37440,256481,173749.0,49.0
255920,37450,256491,173735.0,37.0
255930,37460,256501,173739.0,48.0
255940,37470,256511,173739.0,35.0
255950,37480,256521,173780.0,49.0
255960,37490,256531,173793.0,39.0
255970,37500,256541,173826.0,47.0
255980,37510,256551,173878.0,37.0
255990,37520,256561,173853.0,36.0
256000,37530,256571,173920.0,36.0
256010,37540,256581,173894.0,23.0
256020,37550,256591,174011.0,33.0
256030,37560,256601,173953.0,41.0
256040,37570,256611,174062.0,36.0
256050,37580,256621,174005.0,45.0
256060,37590,256631,174109.0,40.0
256070,37600,256641,174026.0,41.0
256080,37610,256652,174112.0,41.0
256090,37620,256662,173971.0,39.0
256100,37630,256672,174088.0,39.0
256110,37640,256682,173973.0,40.0
256120,37650,256692,174102.0,54.0
256130,37660,256702,174022.0,48.0
256140,37670,256712,174121.0,45.0
256150,37680,256722,174031.0,39.0
256160,37690,256732,174088.0,36.0
256170,37700,256742,173946.0,46.0
256180,37710,256752,173961.0,50.0
256190,37720,256762,173746.0,40.0
256200,37730,256772,173729.0,35.0
256210,37740,256782,173529.0,49.0
256220,37750,256792,173464.0,44.0
256230,37760,256802,173251.0,45.0
256240,37770,256812,173027.0,22.0
256250,37780,256822,172834.0,40.0
256260,37790,256832,172647.0,24.0
256270,37800,256842,172534.0,37.0
256280,37810,256852,172498.0,28.0
256290,37820,256862,172421.0,27.0
256300,37830,256872,172425.0,44.0
256310,37840,256882,172389.0,35.0
256320,37850,256892,172420.0,26.0
256330,37860,256902,172399.0,36.0
256340,37870,256912,172442.0,37.0
256350,37880,256922,172409.0,42.0
256360,37890,256932,172458.0,28.0
256370,37900,256942,172430.0,30.0
256380,37910,256952,172480.0,13.0
256390,37920,256962,172490.0,28.0
256400,37930,256972,172598.0,38.0
256410,37940,256982,172612.0,25.0
256420,37950,256992,172703.0,34.0
256430,37960,257002,172666.0,38.0
256440,37970,257013,172682.0,38.0
256450,37980,257023,172651.0,43.0
256460,37990,257033,172680.0,41.0
256470,38000,257042,172686.0,37.0
256480,38010,257052,172808.0,27.0
256490,38020,257062,172869.0,41.0
256500,38030,257072,173008.0,27.0
256510,38040,257082,173065.0,29.0
256520,38050,257092,173157.0,39.0
256530,38060,257103,173139.0,39.0
256540,38070,257113,173204.0,48.0
256550,38080,257123,173152.0,43.0
256560,38090,257133,173177.0,42.0
256570,38100,257143,173158.0,46.0
256580,38110,257153,173208.0,40.0
256590,38120,257163,173179.0,45.0
256600,38130,257173,173235.0,50.0
256610,38140,257183,173232.0,33.0
256620,38150,257193,173305.0,41.0
256630,38160,257203,173319.0,38.0
256640,38170,257213,173395.0,35.0
256650,38180,257223,173337.0,39.0
256660,38190,257233,173343.0,43.0
256670,38200,257243,173247.0,34.0
256680,38210,257253,173252.0,31.0
256690,38220,257263,173192.0,38.0
256700,38230,257273,173235.0,55.0
256710,38240,257283,173200.0,46.0
256720,38250,257293,173256.0,40.0
256730,38260,257303,173243.0,24.0
256740,38270,257313,173293.0,37.0
256750,38280,257323,173289.0,29.0
256760,38290,257333,173322.0,37.0
256770,38300,257343,173316.0,39.0
256780,38310,257353,173360.0,35.0
256790,38320,257363,173367.0,32.0
256800,38330,257373,173394.0,45.0
256810,38340,257383,173402.0,42.0
256820,38350,257393,173437.0,42.0
256830,38360,257403,173419.0,34.0
256840,38370,257413,173450.0,29.0
256850,38380,257423,173463.0,38.0
256860,38390,257433,173517.0,34.0
256870,38400,257443,173516.0,47.0
256880,38410,257454,173576.0,31.0
256890,38420,257464,173546.0,54.0
256900,38430,257474,173547.0,46.0
256910,38440,257484,173525.0,48.0
256920,38450,257494,173550.0,46.0
256930,38460,257504,173495.0,47.0
256940,38470,257514,173511.0,35.0
256950,38480,257523,173420.0,40.0
256960,38490,257533,173445.0,33.0
256970,38500,257544,173417.0,32.0
256980,38510,257554,173444.0,32.0
256990,38520,257564,173422.0,40.0
257000,38530,257574,173447.0,25.0
257010,38540,257584,173431.0,47.0
257020,38550,257594,173441.0,32.0
257030,38560,257604,173388.0,49.0
257040,38570,257614,173339.0,46.0
257050,38580,257624,173282.0,48.0
257060,38590,257634,173258.0,29.0
257070,38600,257644,173281.0,40.0
257080,38610,257654,173293.0,38.0
257090,38620,257664,173255.0,33.0
257100,38630,257674,173213.0,43.0
257110,38640,257684,173167.0,47.0
257120,38650,257694,173124.0,52.0
257130,38660,257704,173149.0,41.0
257140,38670,257714,173098.0,65.0
257150,38680,257724,173048.0,52.0
257160,38690,257734,172952.0,58.0
257170,38700,257744,172811.0,51.0
257180,38710,257754,172704.0,57.0
257190,38720,257764,172642.0,36.0
257200,38730,257774,172623.0,29.0
257210,38740,257784,172622.0,37.0
257220,38750,257794,172650.0,32.0
257230,38760,257804,172646.0,34.0
257240,38770,257814,172631.0,45.0
257250,38780,257824,172601.0,44.0
257260,38790,257834,172562.0,47.0
257270,38800,257844,172522.0,40.0
257280,38810,257854,172504.0,48.0
257290,38820,257864,172493.0,43.0
257300,38830,257874,172477.0,41.0
257310,38840,257884,172501.0,43.0
257320,38850,257894,172526.0,27.0
257330,38860,257905,172529.0,33.0
257340,38870,257915,172577.0,45.0
257350,38880,257925,172583.0,43.0
257360,38890,257935,172615.0,39.0
257370,38900,257945,172629.0,39.0
257380,38910,257955,172647.0,43.0
257390,38920,257965,172690.0,45.0
257400,38930,257975,172711.0,33.0
257410,38940,257984,172738.0,36.0
257420,38950,257995,172744.0,36.0
257430,38960,258005,172740.0,28.0
257440,38970,258015,172722.0,51.0
257450,38980,258025,172743.0,29.0
257460,38990,258035,172749.0,26.0
257470,39000,258045,172750.0,41.0
257480,39010,258055,172734.0,45.0
257490,39020,258065,172728.0,39.0
257500,39030,258075,172690.0,32.0
257510,39040,258085,172707.0,40.0
257520,39050,258095,172695.0,31.0
257530,39060,258105,172735.0,27.0
257540,39070,258115,172727.0,18.0
257550,39080,258125,172711.0,30.0
257560,39090,258135,172659.0,36.0
257570,39100,258145,172633.0,47.0
257580,39110,258155,172595.0,47.0
257590,39120,258165,172621.0,46.0
257600,39130,258175,172603.0,38.0
257610,39140,258185,172632.0,44.0
257620,39150,258195,172636.0,49.0
257630,39160,258205,172653.0,43.0
257640,39170,258215,172667.0,41.0
257650,39180,258225,172673.0,45.0
257660,39190,258235,172684.0,40.0
257670,39200,258245,172718.0,37.0
257680,39210,258255,172695.0,40.0
257690,39220,258265,172725.0,42.0
257700,39230,258275,172737.0,48.0
257710,39240,258285,172793.0,34.0
257720,39250,258295,172769.0,48.0
257730,39260,258305,172825.0,43.0
257740,39270,258315,172831.0,40.0
257750,39280,258325,172865.0,38.0
257760,39290,258335,172818.0,36.0
257770,39300,258346,172820.0,33.0
257780,39310,258356,172762.0,26.0
257790,39320,258366,172768.0,40.0
257800,39330,258376,172697.0,25.0
257810,39340,258386,172698.0,49.0
257820,39350,258396,172633.0,55.0
257830,39360,258406,172674.0,53.0
257840,39370,258416,172611.0,54.0
257850,39380,258425,172721.0,54.0
257860,39390,258436,172699.0,34.0
257870,39400,258446,172802.0,38.0
257880,39410,258456,172741.0,31.0
257890,39420,258466,172812.0,45.0
257900,39430,258476,172751.0,45.0
257910,39440,258486,172824.0,31.0
257920,39450,258496,172767.0,42.0
257930,39460,258506,172845.0,62.0
257940,39470,258516,172798.0,55.0
257950,39480,258526,172884.0,47.0
257960,39490,258536,172849.0,61.0
257970,39500,258546,172955.0,37.0
257980,39510,258556,172919.0,37.0
257990,39520,258566,173022.0,51.0
258000,39530,258576,172940.0,26.0
258010,39540,258586,172948.0,39.0
258020,39550,258596,172736.0,35.0
258030,39560,258606,172677.0,46.0
258040,39570,258616,172461.0,54.0
258050,39580,258626,172377.0,52.0
258060,39590,258636,172199.0,37.0
258070,39600,258646,172165.0,51.0
258080,39610,258656,172021.0,44.0
258090,39620,258666,172041.0,41.0
258100,39630,258676,171907.0,34.0
258110,39640,258686,171933.0,48.0
258120,39650,258696,171806.0,38.0
258130,39660,258706,171856.0,39.0
258140,39670,258716,171661.0,44.0
258150,39680,258726,171662.0,38.0
258160,39690,258736,171579.0,22.0
258170,39700,258746,171699.0,35.0
258180,39710,258756,171596.0,23.0
258190,39720,258766,171703.0,37.0
258200,39730,258776,171689.0,52.0
258210,39740,258787,171833.0,39.0
258220,39750,258797,171815.0,33.0
258230,39760,258807,171962.0,44.0
258240,39770,258817,171943.0,49.0
258250,39780,258827,172096.0,46.0
258260,39790,258837,172081.0,52.0
258270,39800,258847,172219.0,59.0
258280,39810,258857,172169.0,54.0
258290,39820,258866,172288.0,54.0
258300,39830,258877,172217.0,46.0
258310,39840,258887,172320.0,15.0
258320,39850,258897,172206.0,46.0
258330,39860,258907,172302.0,33.0
258340,39870,258917,172189.0,52.0
258350,39880,258927,172309.0,48.0
258360,39890,258937,172245.0,44.0
258370,39900,258947,172364.0,43.0
258380,39910,258957,172280.0,53.0
258390,39920,258967,172409.0,34.0
258400,39930,258977,172303.0,47.0
258410,39940,258987,172398.0,45.0
258420,39950,258997,172276.0,34.0
258430,39960,259007,172409.0,44.0
258440,39970,259017,172326.0,43.0
258450,39980,259027,172423.0,39.0
258460,39990,259037,172319.0,38.0
258470,40000,259047,172386.0,33.0
258480,40010,259057,172265.0,61.0
258490,40020,259067,172374.0,48.0
258500,40030,259077,172268.0,58.0
258510,40040,259087,172433.0,45.0
258520,40050,259097,172353.0,47.0
258530,40060,259107,172485.0,31.0
258540,40070,259117,172403.0,46.0
258550,40080,259127,172504.0,35.0
258560,40090,259137,172381.0,40.0
258570,40100,259147,172487.0,36.0
258580,40110,259157,172434.0,47.0
258590,40120,259167,172581.0,62.0
258600,40130,259177,172543.0,51.0
258610,40140,259187,172665.0,57.0
258620,40150,259197,172600.0,47.0
258630,40160,259207,172752.0,58.0
258640,40170,259217,172652.0,48.0
258650,40180,259227,172737.0,42.0
258660,40190,259238,172626.0,37.0
258670,40200,259248,172766.0,42.0
258680,40210,259258,172640.0,47.0
258690,40220,259268,172816.0,44.0
258700,40230,259278,172691.0,45.0
258710,40240,259288,172810.0,48.0
258720,40250,259298,172690.0,35.0
258730,40260,259308,172781.0,56.0
258740,40270,259317,172660.0,43.0
258750,40280,259328,172754.0,29.0
258760,40290,259338,172643.0,45.0
258770,40300,259348,172783.0,51.0
258780,40310,259358,172698.0,47.0
258790,40320,259368,172889.0,31.0
258800,40330,259378,172783.0,44.0
258810,40340,259388,172939.0,41.0
258820,40350,259398,172840.0,45.0
258830,40360,259408,172966.0,56.0
258840,40370,259418,172854.0,48.0
258850,40380,259428,172970.0,43.0
258860,40390,259438,172828.0,46.0
258870,40400,259448,172940.0,40.0
258880,40410,259458,172816.0,44.0
258890,40420,259468,172899.0,42.0
258900,40430,259478,172757.0,43.0
258910,40440,259488,172890.0,35.0
258920,40450,259498,172697.0,40.0
258930,40460,259508,172785.0,55.0
258940,40470,259518,172570.0,53.0
258950,40480,259528,172636.0,46.0
258960,40490,259538,172419.0,61.0
258970,40500,259548,172474.0,52.0
258980,40510,259558,172294.0,50.0
258990,40520,259568,172347.0,29.0
259000,40530,259578,172131.0,44.0
259010,40540,259588,172208.0,40.0
259020,40550,259598,172019.0,73.0
259030,40560,259608,172108.0,60.0
259040,40570,259618,171913.0,62.0
259050,40580,259628,171975.0,48.0
259060,40590,259638,171785.0,64.0
259070,40600,259648,171874.0,65.0
259080,40610,259658,171765.0,59.0
259090,40620,259668,171936.0,46.0
259100,40630,259678,171891.0,54.0
259110,40640,259689,172122.0,42.0
259120,40650,259699,172111.0,48.0
259130,40660,259709,172352.0,50.0
259140,40670,259719,172260.0,43.0
259150,40680,259729,172431.0,57.0
259160,40690,259739,172317.0,45.0
259170,40700,259749,172512.0,63.0
259180,40710,259759,172408.0,59.0
259190,40720,259768,172618.0,50.0
259200,40730,259779,172504.0,34.0
259210,40740,259789,172711.0,31.0
259220,40750,259799,172544.0,40.0
259230,40760,259809,172691.0,41.0
259240,40770,259819,172482.0,39.0
259250,40780,259829,172632.0,46.0
259260,40790,259839,172465.0,47.0
259270,40800,259849,172653.0,41.0
259280,40810,259859,172545.0,54.0
259290,40820,259869,172751.0,62.0
259300,40830,259879,172600.0,57.0
259310,40840,259889,172798.0,55.0
259320,40850,259899,172608.0,28.0
259330,40860,259909,172733.0,47.0
259340,40870,259919,172551.0,44.0
259350,40880,259929,172660.0,28.0
259360,40890,259939,172483.0,48.0
259370,40900,259949,172624.0,48.0
259380,40910,259959,172481.0,52.0
259390,40920,259969,172660.0,44.0
259400,40930,259979,172537.0,49.0
259410,40940,259989,172703.0,42.0
259420,40950,259999,172555.0,49.0
259430,40960,260009,172722.0,40.0
259440,40970,260019,172552.0,48.0
259450,40980,260029,172710.0,37.0
259460,40990,260039,172572.0,33.0
259470,41000,260049,172750.0,35.0
259480,41010,260059,172628.0,45.0
259490,41020,260069,172763.0,36.0
259500,41030,260079,172632.0,46.0
259510,41040,260089,172810.0,48.0
259520,41050,260099,172690.0,45.0
259530,41060,260109,172865.0,49.0
259540,41070,260119,172722.0,47.0
259550,41080,260129,172887.0,41.0
259560,41090,260140,172715.0,55.0
259570,41100,260150,172885.0,42.0
259580,41110,260160,172693.0,43.0
259590,41120,260170,172875.0,33.0
259600,41130,260180,172742.0,56.0
259610,41140,260190,172929.0,37.0
259620,41150,260200,172771.0,51.0
259630,41160,260210,172949.0,37.0
259640,41170,260219,172770.0,62.0
259650,41180,260230,172962.0,47.0
259660,41190,260240,172776.0,40.0
259670,41200,260250,172988.0,45.0
259680,41210,260260,172814.0,49.0
259690,41220,260270,173057.0,37.0
259700,41230,260280,172886.0,52.0
259710,41240,260290,173090.0,43.0
259720,41250,260300,172924.0,60.0
259730,41260,260310,173107.0,60.0
259740,41270,260320,172876.0,53.0
259750,41280,260330,173069.0,49.0
259760,41290,260340,172860.0,45.0
259770,41300,260350,173083.0,25.0
259780,41310,260360,172910.0,45.0
259790,41320,260370,173125.0,42.0
259800,41330,260380,172934.0,42.0
259810,41340,260390,173146.0,30.0
259820,41350,260400,172954.0,42.0
259830,41360,260410,173169.0,35.0
259840,41370,260420,172973.0,45.0
259850,41380,260430,173126.0,54.0
259860,41390,260440,172855.0,50.0
259870,41400,260450,172931.0,31.0
259880,41410,260460,172602.0,46.0
259890,41420,260470,172681.0,42.0
259900,41430,260480,172364.0,42.0
259910,41440,260490,172423.0,43.0
259920,41450,260500,172142.0,44.0
259930,41460,260510,172221.0,45.0
259940,41470,260520,171982.0,52.0
259950,41480,260530,172114.0,50.0
259960,41490,260540,171906.0,65.0
259970,41500,260550,172092.0,47.0
259980,41510,260560,171881.0,47.0
259990,41520,260570,172074.0,50.0
260000,41530,260580,171863.0,33.0
260010,41540,260591,172060.0,37.0
260020,41550,260601,171893.0,29.0
260030,41560,260611,172122.0,42.0
260040,41570,260621,172013.0,27.0
260050,41580,260631,172248.0,67.0
260060,41590,260641,172114.0,59.0
260070,41600,260651,172322.0,50.0
260080,41610,260661,172186.0,44.0
260090,41620,260670,172406.0,33.0
260100,41630,260681,172268.0,41.0
260110,41640,260691,172470.0,34.0
260120,41650,260701,172281.0,31.0
260130,41660,260711,172444.0,46.0
260140,41670,260721,172237.0,41.0
260150,41680,260731,172400.0,32.0
260160,41690,260741,172229.0,48.0
260170,41700,260751,172407.0,53.0
260180,41710,260761,172285.0,43.0
260190,41720,260771,172474.0,47.0
260200,41730,260781,172313.0,44.0
260210,41740,260791,172457.0,31.0
260220,41750,260801,172302.0,35.0
260230,41760,260811,172449.0,48.0
260240,41770,260821,172273.0,30.0
260250,41780,260831,172413.0,34.0
260260,41790,260841,172224.0,49.0
260270,41800,260851,172398.0,53.0
260280,41810,260861,172239.0,45.0
260290,41820,260871,172442.0,37.0
260300,41830,260881,172299.0,62.0
260310,41840,260891,172451.0,36.0
260320,41850,260901,172288.0,41.0
260330,41860,260911,172429.0,56.0
260340,41870,260921,172284.0,44.0
260350,41880,260931,172456.0,30.0
260360,41890,260941,172290.0,45.0
260370,41900,260951,172479.0,49.0
260380,41910,260961,172311.0,52.0
260390,41920,260971,172439.0,37.0
260400,41930,260981,172265.0,45.0
260410,41940,260991,172403.0,54.0
260420,41950,261001,172273.0,49.0
260430,41960,261011,172444.0,43.0
260440,41970,261021,172306.0,27.0
260450,41980,261032,172485.0,34.0
260460,41990,261042,172331.0,40.0
260470,42000,261052,172507.0,40.0
260480,42010,261062,172397.0,47.0
260490,42020,261072,172601.0,44.0
260500,42030,261082,172487.0,49.0
260510,42040,261092,172680.0,55.0
260520,42050,261102,172518.0,58.0
260530,42060,261111,172674.0,40.0
260540,42070,261122,172513.0,40.0
260550,42080,261132,172645.0,38.0
260560,42090,261142,172518.0,40.0
260570,42100,261152,172707.0,41.0
260580,42110,261162,172595.0,29.0
260590,42120,261172,172767.0,45.0
260600,42130,261182,172609.0,49.0
260610,42140,261192,172722.0,48.0
260620,42150,261202,172545.0,60.0
260630,42160,261212,172662.0,41.0
260640,42170,261222,172484.0,45.0
260650,42180,261232,172526.0,41.0
260660,42190,261242,172514.0,37.0
260670,42200,261252,172535.0,24.0
260680,42210,261262,172558.0,45.0
260690,42220,261272,172588.0,24.0
260700,42230,261282,172597.0,31.0
260710,42240,261292,172658.0,36.0
260720,42250,261302,172572.0,29.0
260730,42260,261312,172595.0,44.0
260740,42270,261322,172409.0,45.0
260750,42280,261332,172432.0,28.0
260760,42290,261342,172189.0,36.0
260770,42300,261352,172215.0,45.0
260780,42310,261362,171996.0,25.0
260790,42320,261372,172030.0,40.0
260800,42330,261382,171822.0,29.0
260810,42340,261392,171828.0,28.0
260820,42350,261402,171628.0,26.0
260830,42360,261412,171641.0,30.0
260840,42370,261422,171486.0,27.0
260850,42380,261432,171366.0,42.0
260860,42390,261442,171272.0,51.0
260870,42400,261452,171281.0,44.0
260880,42410,261462,171311.0,44.0
260890,42420,261472,171352.0,47.0
260900,42430,261482,171387.0,39.0
260910,42440,261493,171481.0,18.0
260920,42450,261503,171540.0,42.0
260930,42460,261513,171575.0,24.0
260940,42470,261523,171626.0,35.0
260950,42480,261533,171662.0,23.0
260960,42490,261543,171732.0,44.0
260970,42500,261553,171738.0,48.0
260980,42510,261563,171731.0,56.0
260990,42520,261573,171720.0,48.0
261000,42530,261583,171746.0,51.0
261010,42540,261593,171744.0,48.0
261020,42550,261603,171748.0,52.0
261030,42560,261613,171734.0,41.0
261040,42570,261623,171730.0,42.0
261050,42580,261633,171736.0,37.0
261060,42590,261643,171759.0,43.0
261070,42600,261653,171761.0,35.0
261080,42610,261663,171790.0,52.0
261090,42620,261673,171798.0,32.0
261100,42630,261683,171862.0,40.0
261110,42640,261693,171906.0,40.0
261120,42650,261703,171970.0,52.0
261130,42660,261713,172019.0,55.0
261140,42670,261723,172114.0,37.0
261150,42680,261733,172192.0,32.0
261160,42690,261743,172258.0,51.0
261170,42700,261753,172324.0,34.0
261180,42710,261763,172359.0,43.0
261190,42720,261773,172388.0,36.0
261200,42730,261783,172418.0,42.0
261210,42740,261793,172388.0,47.0
261220,42750,261803,172385.0,46.0
261230,42760,261813,172361.0,45.0
261240,42770,261823,172346.0,47.0
261250,42780,261833,172322.0,31.0
261260,42790,261843,172395.0,39.0
261270,42800,261853,172483.0,35.0
261280,42810,261863,172547.0,29.0
261290,42820,261873,172703.0,28.0
261300,42830,261883,172702.0,39.0
261310,42840,261893,172795.0,31.0
261320,42850,261903,172716.0,36.0
261330,42860,261913,172831.0,47.0
261340,42870,261923,172750.0,44.0
261350,42880,261934,172853.0,27.0
261360,42890,261944,172767.0,47.0
261370,42900,261954,172761.0,32.0
261380,42910,261964,172659.0,37.0
261390,42920,261974,172678.0,18.0
261400,42930,261984,172584.0,37.0
261410,42940,261994,172630.0,36.0
261420,42950,262004,172519.0,46.0
261430,42960,262014,172524.0,32.0
261440,42970,262024,172410.0,35.0
261450,42980,262034,172359.0,28.0
261460,42990,262044,172317.0,41.0
261470,43000,262054,172285.0,33.0
261480,43010,262064,172276.0,39.0
261490,43020,262074,172264.0,23.0
261500,43030,262084,172219.0,34.0
261510,43040,262094,172136.0,22.0
261520,43050,262104,172062.0,19.0
261530,43060,262114,171975.0,46.0
261540,43070,262124,171919.0,34.0
261550,43080,262134,171865.0,38.0
261560,43090,262144,171818.0,33.0
261570,43100,262154,171806.0,30.0
261580,43110,262164,171764.0,23.0
261590,43120,262174,171783.0,38.0
261600,43130,262184,171765.0,40.0
261610,43140,262194,171761.0,34.0
261620,43150,262204,171719.0,31.0
261630,43160,262214,171643.0,30.0
261640,43170,262224,171558.0,42.0
261650,43180,262234,171501.0,32.0
261660,43190,262244,171430.0,44.0
261670,43200,262254,171433.0,47.0
261680,43210,262264,171469.0,42.0
261690,43220,262274,171512.0,42.0
261700,43230,262284,171555.0,44.0
261710,43240,262294,171607.0,38.0
261720,43250,262304,171690.0,30.0
261730,43260,262314,171779.0,26.0
261740,43270,262324,171889.0,38.0
261750,43280,262334,172017.0,40.0
261760,43290,262344,172160.0,47.0
261770,43300,262354,172318.0,44.0
261780,43310,262364,172446.0,50.0
261790,43320,262374,172600.0,48.0
261800,43330,262385,172613.0,36.0
261810,43340,262395,172691.0,44.0
261820,43350,262405,172671.0,43.0
261830,43360,262415,172664.0,59.0
261840,43370,262425,172552.0,40.0
261850,43380,262435,172521.0,37.0
261860,43390,262445,172410.0,31.0
261870,43400,262455,172253.0,32.0
261880,43410,262465,172083.0,31.0
261890,43420,262475,171875.0,35.0
261900,43430,262485,171645.0,35.0
261910,43440,262495,171470.0,35.0
261920,43450,262505,171336.0,43.0
261930,43460,262515,171255.0,39.0
261940,43470,262525,171206.0,45.0
261950,43480,262535,171190.0,54.0
261960,43490,262545,171170.0,56.0
261970,43500,262555,171173.0,21.0
261980,43510,262565,171163.0,39.0
261990,43520,262575,171112.0,25.0
262000,43530,262585,171058.0,41.0
262010,43540,262595,170960.0,31.0
262020,43550,262605,170917.0,50.0
262030,43560,262615,170902.0,57.0
262040,43570,262625,171003.0,45.0
262050,43580,262635,171129.0,31.0
262060,43590,262645,171356.0,45.0
262070,43600,262655,171615.0,53.0
262080,43610,262665,171885.0,40.0
262090,43620,262675,172084.0,40.0
262100,43630,262685,172282.0,46.0
262110,43640,262695,172410.0,28.0
262120,43650,262705,172459.0,37.0
262130,43660,262715,172514.0,43.0
262140,43670,262725,172568.0,16.0
262150,43680,262735,172592.0,55.0
262160,43690,262746,172615.0,38.0
262170,43700,262756,172608.0,46.0
262180,43710,262766,172628.0,40.0
262190,43720,262776,172622.0,50.0
262200,43730,262785,172607.0,46.0
262210,43740,262795,172637.0,47.0
262220,43750,262805,172638.0,33.0
262230,43760,262815,172628.0,55.0
262240,43770,262825,172603.0,27.0
262250,43780,262836,172572.0,43.0
262260,43790,262846,172561.0,51.0
262270,43800,262856,172568.0,28.0
262280,43810,262866,172641.0,37.0
262290,43820,262876,172702.0,46.0
262300,43830,262886,172798.0,48.0
262310,43840,262896,172874.0,55.0
262320,43850,262906,172920.0,49.0
262330,43860,262916,172970.0,50.0
262340,43870,262926,173000.0,32.0
262350,43880,262936,172958.0,44.0
262360,43890,262946,173005.0,45.0
262370,43900,262956,173035.0,45.0
262380,43910,262966,173090.0,41.0
262390,43920,262976,173144.0,40.0
262400,43930,262986,173183.0,49.0
262410,43940,262996,173243.0,48.0
262420,43950,263006,173272.0,40.0
262430,43960,263016,173240.0,44.0
262440,43970,263026,173224.0,39.0
262450,43980,263036,173133.0,39.0
262460,43990,263046,173060.0,40.0
262470,44000,263056,172933.0,27.0
262480,44010,263066,172806.0,45.0
262490,44020,263076,172664.0,37.0
262500,44030,263086,172563.0,38.0
262510,44040,263096,172437.0,41.0
262520,44050,263106,172374.0,38.0
262530,44060,263116,172317.0,36.0
262540,44070,263126,172310.0,41.0
262550,44080,263136,172294.0,52.0
262560,44090,263146,172339.0,42.0
262570,44100,263156,172320.0,43.0
262580,44110,263166,172372.0,48.0
262590,44120,263176,172310.0,36.0
262600,44130,263186,172341.0,44.0
262610,44140,263196,172330.0,30.0
262620,44150,263207,172401.0,40.0
262630,44160,263217,172453.0,37.0
262640,44170,263227,172600.0,36.0
262650,44180,263237,172693.0,43.0
262660,44190,263247,172774.0,47.0
262670,44200,263257,172782.0,36.0
262680,44210,263267,172858.0,46.0
262690,44220,263277,172815.0,45.0
262700,44230,263286,172896.0,40.0
262710,44240,263297,172912.0,48.0
262720,44250,263307,172985.0,33.0
262730,44260,263317,172984.0,42.0
262740,44270,263327,173052.0,38.0
262750,44280,263337,173044.0,42.0
262760,44290,263347,173045.0,29.0
262770,44300,263357,172972.0,34.0
262780,44310,263367,172965.0,39.0
262790,44320,263377,172913.0,39.0
262800,44330,263387,172972.0,41.0
262810,44340,263397,172942.0,56.0
262820,44350,263407,172997.0,27.0
262830,44360,263417,172964.0,33.0
262840,44370,263427,173015.0,44.0
262850,44380,263437,172994.0,35.0
262860,44390,263447,173078.0,34.0
262870,44400,263457,173007.0,41.0
262880,44410,263467,173057.0,28.0
262890,44420,263477,172982.0,49.0
262900,44430,263487,173002.0,42.0
262910,44440,263497,172929.0,46.0
262920,44450,263507,172985.0,46.0
262930,44460,263517,172900.0,46.0
262940,44470,263527,172960.0,49.0
262950,44480,263537,172907.0,46.0
262960,44490,263547,172981.0,60.0
262970,44500,263557,172894.0,39.0
262980,44510,263567,172965.0,38.0
262990,44520,263577,172848.0,39.0
263000,44530,263587,172928.0,48.0
263010,44540,263597,172838.0,39.0
263020,44550,263607,172917.0,50.0
263030,44560,263617,172828.0,37.0
263040,44570,263627,172947.0,45.0
263050,44580,263637,172848.0,47.0
263060,44590,263647,172967.0,45.0
263070,44600,263658,172881.0,59.0
263080,44610,263668,173002.0,43.0
263090,44620,263678,172896.0,38.0
263100,44630,263688,173017.0,35.0
263110,44640,263698,172924.0,33.0
263120,44650,263708,173023.0,43.0
263130,44660,263718,172930.0,38.0
263140,44670,263728,173054.0,32.0
263150,44680,263738,172994.0,34.0
263160,44690,263748,173138.0,34.0
263170,44700,263758,173059.0,46.0
263180,44710,263768,173171.0,38.0
263190,44720,263778,173038.0,37.0
263200,44730,263788,173148.0,25.0
263210,44740,263798,173016.0,47.0
263220,44750,263808,173157.0,42.0
263230,44760,263818,173036.0,46.0
263240,44770,263828,173134.0,43.0
263250,44780,263838,172931.0,37.0
263260,44790,263848,172891.0,31.0
263270,44800,263858,172649.0,45.0
263280,44810,263868,172654.0,32.0
263290,44820,263878,172463.0,54.0
263300,44830,263888,172482.0,34.0
263310,44840,263898,172291.0,52.0
263320,44850,263908,172354.0,37.0
263330,44860,263918,172207.0,52.0
263340,44870,263928,172276.0,48.0
263350,44880,263938,172103.0,52.0
263360,44890,263948,172152.0,35.0
263370,44900,263958,171987.0,29.0
263380,44910,263968,172050.0,22.0
263390,44920,263978,171880.0,39.0
263400,44930,263988,171984.0,34.0
263410,44940,263998,171859.0,39.0
263420,44950,264008,172055.0,36.0
263430,44960,264018,171958.0,35.0
263440,44970,264029,172149.0,32.0
263450,44980,264039,172054.0,48.0
263460,44990,264049,172273.0,42.0
263470,45000,264058,172165.0,45.0
263480,45010,264068,172350.0,33.0
263490,45020,264078,172225.0,35.0
263500,45030,264088,172404.0,36.0
263510,45040,264098,172246.0,38.0
263520,45050,264108,172431.0,22.0
263530,45060,264119,172312.0,30.0
263540,45070,264129,172499.0,44.0
263550,45080,264139,172392.0,33.0
263560,45090,264149,172584.0,24.0
263570,45100,264159,172431.0,56.0
263580,45110,264169,172612.0,44.0
263590,45120,264179,172515.0,44.0
263600,45130,264189,172745.0,42.0
263610,45140,264199,172628.0,35.0
263620,45150,264209,172872.0,37.0
263630,45160,264219,172735.0,44.0
263640,45170,264229,172937.0,36.0
263650,45180,264239,172826.0,38.0
263660,45190,264249,173001.0,39.0
263670,45200,264259,172900.0,51.0
263680,45210,264269,173071.0,46.0
263690,45220,264279,172907.0,44.0
263700,45230,264289,173068.0,48.0
263710,45240,264299,172896.0,44.0
263720,45250,264309,173048.0,41.0
263730,45260,264319,172859.0,50.0
263740,45270,264329,172987.0,36.0
263750,45280,264339,172810.0,27.0
263760,45290,264349,172944.0,48.0
263770,45300,264359,172783.0,34.0
263780,45310,264369,172949.0,34.0
263790,45320,264379,172832.0,53.0
263800,45330,264389,172998.0,60.0
263810,45340,264399,172826.0,42.0
263820,45350,264409,173007.0,53.0
263830,45360,264419,172836.0,46.0
263840,45370,264429,173024.0,52.0
263850,45380,264439,172878.0,27.0
263860,45390,264449,173098.0,41.0
263870,45400,264459,172973.0,44.0
263880,45410,264469,173219.0,37.0
263890,45420,264480,173075.0,50.0
263900,45430,264490,173283.0,32.0
263910,45440,264500,173138.0,51.0
263920,45450,264510,173344.0,43.0
263930,45460,264520,173136.0,50.0
263940,45470,264530,173349.0,41.0
263950,45480,264540,173161.0,64.0
263960,45490,264550,173336.0,38.0
263970,45500,264559,173177.0,49.0
263980,45510,264570,173358.0,35.0
263990,45520,264580,173173.0,49.0
264000,45530,264590,173347.0,33.0
264010,45540,264600,173089.0,43.0
264020,45550,264610,173205.0,36.0
264030,45560,264620,172933.0,55.0
264040,45570,264630,172970.0,34.0
264050,45580,264640,172686.0,42.0
264060,45590,264650,172748.0,44.0
264070,45600,264660,172464.0,56.0
264080,45610,264670,172575.0,46.0
264090,45620,264680,172297.0,66.0
264100,45630,264690,172385.0,50.0
264110,45640,264700,172153.0,53.0
264120,45650,264710,172291.0,49.0
264130,45660,264720,172062.0,52.0
264140,45670,264730,172236.0,40.0
264150,45680,264740,171985.0,65.0
264160,45690,264750,172168.0,63.0
264170,45700,264760,171913.0,63.0
264180,45710,264770,172143.0,53.0
264190,45720,264780,171946.0,56.0
264200,45730,264790,172223.0,55.0
264210,45740,264800,172057.0,46.0
264220,45750,264810,172324.0,58.0
264230,45760,264820,172166.0,60.0
264240,45770,264830,172417.0,57.0
264250,45780,264840,172193.0,55.0
264260,45790,264850,172424.0,33.0
264270,45800,264860,172210.0,45.0
264280,45810,264870,172452.0,49.0
264290,45820,264880,172268.0,42.0
264300,45830,264890,172518.0,36.0
264310,45840,264900,172302.0,45.0
264320,45850,264910,172518.0,43.0
264330,45860,264920,172249.0,59.0
264340,45870,264931,172440.0,42.0
264350,45880,264941,172153.0,48.0
264360,45890,264951,172342.0,39.0
264370,45900,264961,172054.0,63.0
264380,45910,264971,172092.0,33.0
264390,45920,264981,172051.0,52.0
264400,45930,264991,171974.0,39.0
264410,45940,265001,171898.0,32.0
264420,45950,265011,171854.0,31.0
264430,45960,265021,171785.0,42.0
264440,45970,265031,171729.0,41.0
264450,45980,265041,171699.0,54.0
264460,45990,265051,171666.0,49.0
264470,46000,265061,171631.0,45.0
264480,46010,265071,171629.0,41.0
264490,46020,265081,171639.0,42.0
264500,46030,265091,171667.0,39.0
264510,46040,265101,171710.0,49.0
264520,46050,265111,171764.0,33.0
264530,46060,265121,171846.0,41.0
264540,46070,265131,171945.0,47.0
264550,46080,265141,172028.0,45.0
264560,46090,265151,172076.0,41.0
264570,46100,265161,172171.0,59.0
264580,46110,265171,172274.0,38.0
264590,46120,265181,172384.0,56.0
264600,46130,265191,172530.0,45.0
264610,46140,265201,172715.0,37.0
264620,46150,265211,172821.0,44.0
264630,46160,265221,172867.0,31.0
264640,46170,265231,172881.0,33.0
264650,46180,265241,172908.0,61.0
264660,46190,265251,172983.0,56.0
264670,46200,265261,172945.0,50.0
264680,46210,265271,173267.0,46.0
264690,46220,265281,173175.0,42.0
264700,46230,265291,173484.0,32.0
264710,46240,265301,173291.0,48.0
264720,46250,265311,173572.0,31.0
264730,46260,265321,173366.0,46.0
264740,46270,265331,173642.0,51.0
264750,46280,265341,173416.0,48.0
264760,46290,265351,173701.0,46.0
264770,46300,265361,173427.0,55.0
264780,46310,265372,173636.0,48.0
264790,46320,265382,173367.0,50.0
264800,46330,265392,173583.0,54.0
264810,46340,265402,173302.0,54.0
264820,46350,265412,173463.0,47.0
264830,46360,265422,173161.0,46.0
264840,46370,265432,173315.0,42.0
264850,46380,265442,172948.0,31.0
264860,46390,265452,173022.0,39.0
264870,46400,265462,172657.0,53.0
264880,46410,265472,172759.0,45.0
264890,46420,265482,172444.0,49.0
264900,46430,265492,172562.0,50.0
264910,46440,265502,172282.0,53.0
264920,46450,265512,172477.0,51.0
264930,46460,265522,172233.0,50.0
264940,46470,265532,172475.0,43.0
264950,46480,265542,172123.0,47.0
264960,46490,265552,172358.0,44.0
264970,46500,265562,172125.0,39.0
264980,46510,265572,172409.0,47.0
264990,46520,265582,172174.0,35.0
265000,46530,265592,172471.0,45.0
265010,46540,265602,172291.0,47.0
265020,46550,265612,172557.0,52.0
265030,46560,265622,172382.0,60.0
265040,46570,265632,172630.0,41.0
265050,46580,265642,172433.0,48.0
265060,46590,265652,172717.0,43.0
265070,46600,265662,172512.0,45.0
265080,46610,265672,172779.0,23.0
265090,46620,265682,172548.0,50.0
265100,46630,265692,172797.0,37.0
265110,46640,265702,172586.0,32.0
265120,46650,265712,172836.0,53.0
265130,46660,265722,172628.0,44.0
265140,46670,265733,172843.0,56.0
265150,46680,265743,172601.0,48.0
265160,46690,265753,172799.0,41.0
265170,46700,265762,172582.0,47.0
265180,46710,265772,172822.0,44.0
265190,46720,265782,172576.0,37.0
265200,46730,265792,172784.0,34.0
265210,46740,265802,172550.0,51.0
265220,46750,265812,172746.0,50.0
265230,46760,265823,172511.0,51.0
265240,46770,265833,172730.0,52.0
265250,46780,265843,172510.0,33.0
265260,46790,265853,172737.0,40.0
265270,46800,265863,172506.0,45.0
265280,46810,265873,172766.0,41.0
265290,46820,265883,172507.0,38.0
265300,46830,265893,172774.0,25.0
265310,46840,265903,172574.0,37.0
265320,46850,265913,172796.0,31.0
265330,46860,265923,172566.0,49.0
265340,46870,265933,172814.0,36.0
265350,46880,265943,172563.0,48.0
265360,46890,265953,172816.0,54.0
265370,46900,265963,172593.0,45.0
265380,46910,265973,172884.0,49.0
265390,46920,265983,172640.0,38.0
265400,46930,265993,172883.0,44.0
265410,46940,266003,172603.0,47.0
265420,46950,266013,172827.0,31.0
265430,46960,266023,172588.0,52.0
265440,46970,266033,172848.0,46.0
265450,46980,266043,172613.0,28.0
265460,46990,266053,172864.0,45.0
265470,47000,266063,172598.0,45.0
265480,47010,266073,172863.0,41.0
265490,47020,266083,172582.0,48.0
265500,47030,266093,172809.0,40.0
265510,47040,266103,172549.0,50.0
265520,47050,266113,172791.0,30.0
265530,47060,266123,172489.0,51.0
265540,47070,266133,172727.0,52.0
265550,47080,266143,172546.0,55.0
265560,47090,266153,172776.0,35.0
265570,47100,266163,172558.0,42.0
265580,47110,266173,172719.0,40.0
265590,47120,266184,172409.0,43.0
265600,47130,266194,172523.0,41.0
265610,47140,266204,172178.0,52.0
265620,47150,266214,172304.0,30.0
265630,47160,266223,172006.0,44.0
265640,47170,266233,172179.0,26.0
265650,47180,266243,171925.0,41.0
265660,47190,266253,172137.0,35.0
265670,47200,266263,171897.0,41.0
265680,47210,266274,172069.0,41.0
265690,47220,266284,171842.0,49.0
265700,47230,266294,172040.0,54.0
265710,47240,266304,171829.0,40.0
265720,47250,266314,172068.0,48.0
265730,47260,266324,171880.0,51.0
265740,47270,266334,172158.0,53.0
265750,47280,266344,172027.0,43.0
265760,47290,266354,172291.0,32.0
265770,47300,266364,172129.0,31.0
265780,47310,266374,172407.0,40.0
265790,47320,266384,172256.0,35.0
265800,47330,266394,172508.0,25.0
265810,47340,266404,172371.0,46.0
265820,47350,266414,172579.0,38.0
265830,47360,266424,172408.0,30.0
265840,47370,266434,172628.0,35.0
265850,47380,266444,172424.0,44.0
265860,47390,266454,172621.0,47.0
265870,47400,266464,172436.0,28.0
265880,47410,266474,172656.0,60.0
265890,47420,266484,172458.0,14.0
265900,47430,266494,172654.0,35.0
265910,47440,266504,172439.0,25.0
265920,47450,266514,172630.0,39.0
265930,47460,266524,172403.0,34.0
265940,47470,266534,172555.0,32.0
265950,47480,266544,172315.0,41.0
265960,47490,266554,172495.0,49.0
265970,47500,266564,172299.0,43.0
265980,47510,266574,172513.0,46.0
265990,47520,266584,172334.0,18.0
266000,47530,266594,172570.0,32.0
266010,47540,266604,172396.0,46.0
266020,47550,266614,172642.0,30.0
266030,47560,266624,172455.0,44.0
266040,47570,266635,172605.0,45.0
266050,47580,266645,172402.0,50.0
266060,47590,266655,172576.0,44.0
266070,47600,266665,172399.0,49.0
266080,47610,266674,172614.0,35.0
266090,47620,266684,172493.0,40.0
266100,47630,266694,172736.0,27.0
266110,47640,266704,172588.0,47.0
266120,47650,266714,172769.0,41.0
266130,47660,266725,172597.0,31.0
266140,47670,266735,172751.0,31.0
266150,47680,266745,172541.0,46.0
266160,47690,266755,172652.0,39.0
266170,47700,266765,172459.0,46.0
266180,47710,266775,172578.0,53.0
266190,47720,266785,172408.0,46.0
266200,47730,266795,172555.0,48.0
266210,47740,266805,172447.0,41.0
266220,47750,266815,172628.0,44.0
266230,47760,266825,172470.0,40.0
266240,47770,266835,172627.0,32.0
266250,47780,266845,172427.0,34.0
266260,47790,266855,172534.0,42.0
266270,47800,266865,172350.0,50.0
266280,47810,266875,172459.0,46.0
266290,47820,266885,172347.0,46.0
266300,47830,266895,172457.0,48.0
266310,47840,266905,172405.0,33.0
266320,47850,266915,172413.0,37.0
266330,47860,266925,172403.0,40.0
266340,47870,266935,172393.0,32.0
266350,47880,266945,172374.0,37.0
266360,47890,266955,172375.0,35.0
266370,47900,266965,172348.0,39.0
266380,47910,266975,172440.0,31.0
266390,47920,266985,172316.0,42.0
266400,47930,266995,172363.0,42.0
266410,47940,267005,172159.0,48.0
266420,47950,267015,172207.0,37.0
266430,47960,267025,172054.0,43.0
266440,47970,267035,172141.0,31.0
266450,47980,267045,171994.0,46.0
266460,47990,267055,172060.0,44.0
266470,48000,267065,171839.0,31.0
266480,48010,267075,171789.0,15.0
266490,48020,267086,171560.0,50.0
266500,48030,267096,171508.0,27.0
266510,48040,267106,171507.0,28.0
266520,48050,267116,171557.0,31.0
266530,48060,267125,171634.0,38.0
266540,48070,267135,171692.0,34.0
266550,48080,267145,171785.0,23.0
266560,48090,267155,171837.0,27.0
266570,48100,267165,171882.0,24.0
266580,48110,267176,171919.0,20.0
266590,48120,267186,171927.0,21.0
266600,48130,267196,171912.0,30.0
266610,48140,267206,171900.0,39.0
266620,48150,267216,171862.0,40.0
266630,48160,267226,171824.0,34.0
266640,48170,267236,171831.0,43.0
266650,48180,267246,171811.0,49.0
266660,48190,267256,171810.0,34.0
266670,48200,267266,171804.0,40.0
266680,48210,267276,171809.0,36.0
266690,48220,267286,171789.0,41.0
266700,48230,267296,171741.0,42.0
266710,48240,267306,171712.0,26.0
266720,48250,267316,171690.0,43.0
266730,48260,267326,171676.0,33.0
266740,48270,267336,171741.0,35.0
266750,48280,267346,171868.0,48.0
266760,48290,267356,172074.0,40.0
266770,48300,267366,172309.0,36.0
266780,48310,267376,172574.0,40.0
266790,48320,267386,172728.0,35.0
266800,48330,267396,172836.0,36.0
266810,48340,267406,172901.0,25.0
266820,48350,267416,172972.0,30.0
266830,48360,267426,173010.0,35.0
266840,48370,267436,173093.0,34.0
266850,48380,267446,173112.0,35.0
266860,48390,267456,173258.0,38.0
266870,48400,267466,173231.0,37.0
266880,48410,267476,173334.0,37.0
266890,48420,267486,173290.0,43.0
266900,48430,267496,173308.0,30.0
266910,48440,267506,173233.0,33.0
266920,48450,267516,173248.0,31.0
266930,48460,267526,173230.0,29.0
266940,48470,267536,173310.0,23.0
266950,48480,267547,173340.0,36.0
266960,48490,267557,173437.0,35.0
266970,48500,267567,173459.0,40.0
266980,48510,267577,173520.0,40.0
266990,48520,267587,173467.0,49.0
267000,48530,267597,173518.0,32.0
267010,48540,267607,173446.0,52.0
267020,48550,267617,173481.0,45.0
267030,48560,267626,173464.0,34.0
267040,48570,267637,173545.0,38.0
267050,48580,267647,173517.0,43.0
267060,48590,267657,173574.0,38.0
267070,48600,267667,173527.0,44.0
267080,48610,267677,173586.0,35.0
267090,48620,267687,173567.0,45.0
267100,48630,267697,173605.0,42.0
267110,48640,267707,173565.0,38.0
267120,48650,267717,173596.0,35.0
267130,48660,267727,173508.0,54.0
267140,48670,267737,173508.0,35.0
267150,48680,267747,173422.0,38.0
267160,48690,267757,173441.0,31.0
267170,48700,267767,173382.0,24.0
267180,48710,267777,173358.0,36.0
267190,48720,267787,173287.0,31.0
267200,48730,267797,173175.0,31.0
267210,48740,267807,173052.0,19.0
267220,48750,267817,172943.0,29.0
267230,48760,267827,172764.0,44.0
267240,48770,267837,172677.0,37.0
267250,48780,267847,172543.0,45.0
267260,48790,267857,172520.0,44.0
267270,48800,267867,172466.0,39.0
267280,48810,267877,172463.0,34.0
267290,48820,267887,172409.0,32.0
267300,48830,267897,172440.0,29.0
267310,48840,267907,172415.0,29.0
267320,48850,267917,172433.0,33.0
267330,48860,267927,172412.0,40.0
267340,48870,267937,172429.0,48.0
267350,48880,267947,172400.0,46.0
267360,48890,267957,172406.0,54.0
267370,48900,267967,172399.0,30.0
267380,48910,267977,172449.0,49.0
267390,48920,267987,172453.0,26.0
267400,48930,267998,172499.0,39.0
267410,48940,268008,172547.0,31.0
267420,48950,268018,172573.0,44.0
267430,48960,268028,172563.0,45.0
267440,48970,268038,172563.0,35.0
267450,48980,268048,172542.0,42.0
267460,48990,268058,172518.0,51.0
267470,49000,268068,172540.0,42.0
267480,49010,268078,172553.0,43.0
267490,49020,268088,172576.0,37.0
267500,49030,268098,172605.0,48.0
267510,49040,268108,172647.0,56.0
267520,49050,268118,172651.0,41.0
267530,49060,268128,172675.0,31.0
267540,49070,268138,172659.0,30.0
267550,49080,268148,172693.0,33.0
267560,49090,268158,172646.0,28.0
267570,49100,268168,172695.0,46.0
267580,49110,268178,172676.0,51.0
267590,49120,268188,172671.0,38.0
267600,49130,268198,172667.0,31.0
267610,49140,268208,172677.0,44.0
267620,49150,268218,172628.0,47.0
267630,49160,268228,172622.0,36.0
267640,49170,268238,172555.0,37.0
267650,49180,268248,172490.0,40.0
267660,49190,268258,172311.0,42.0
267670,49200,268268,172130.0,38.0
267680,49210,268278,171785.0,28.0
267690,49220,268288,171603.0,39.0
267700,49230,268298,171628.0,44.0
267710,49240,268308,171737.0,41.0
267720,49250,268318,171933.0,55.0
267730,49260,268328,172164.0,40.0
267740,49270,268338,172312.0,49.0
267750,49280,268348,172382.0,28.0
267760,49290,268358,172334.0,26.0
267770,49300,268368,172372.0,23.0
267780,49310,268378,172327.0,40.0
267790,49320,268388,172288.0,51.0
267800,49330,268398,172242.0,37.0
267810,49340,268408,172229.0,38.0
267820,49350,268418,172279.0,40.0
267830,49360,268428,172340.0,48.0
267840,49370,268438,172399.0,43.0
267850,49380,268449,172515.0,46.0
267860,49390,268459,172526.0,36.0
267870,49400,268469,172604.0,49.0
267880,49410,268479,172579.0,57.0
267890,49420,268489,172594.0,52.0
267900,49430,268499,172479.0,49.0
267910,49440,268509,172467.0,28.0
267920,49450,268519,172337.0,50.0
267930,49460,268529,172265.0,41.0
267940,49470,268539,172233.0,42.0
267950,49480,268549,172180.0,49.0
267960,49490,268559,172194.0,59.0
267970,49500,268569,172153.0,35.0
267980,49510,268579,172151.0,46.0
267990,49520,268589,172045.0,53.0
268000,49530,268599,171924.0,44.0
268010,49540,268609,171769.0,48.0
268020,49550,268619,171629.0,27.0
268030,49560,268629,171554.0,24.0
268040,49570,268639,171522.0,41.0
268050,49580,268649,171489.0,24.0
268060,49590,268659,171518.0,38.0
268070,49600,268669,171523.0,44.0
268080,49610,268679,171577.0,39.0
268090,49620,268689,171581.0,38.0
268100,49630,268699,171591.0,32.0
268110,49640,268709,171564.0,30.0
268120,49650,268719,171519.0,45.0
268130,49660,268729,171503.0,49.0
268140,49670,268739,171545.0,42.0
268150,49680,268749,171654.0,52.0
268160,49690,268759,171749.0,45.0
268170,49700,268769,171960.0,47.0
268180,49710,268779,172006.0,50.0
268190,49720,268789,172200.0,35.0
268200,49730,268799,172148.0,30.0
268210,49740,268810,172290.0,19.0
268220,49750,268820,172208.0,54.0
268230,49760,268830,172332.0,31.0
268240,49770,268840,172259.0,45.0
268250,49780,268850,172387.0,56.0
268260,49790,268859,172287.0,50.0
268270,49800,268869,172450.0,39.0
268280,49810,268879,172355.0,37.0
268290,49820,268889,172480.0,39.0
268300,49830,268900,172417.0,24.0
268310,49840,268910,172542.0,50.0
268320,49850,268920,172472.0,29.0
268330,49860,268930,172617.0,39.0
268340,49870,268940,172481.0,39.0
268350,49880,268950,172611.0,35.0
268360,49890,268960,172478.0,56.0
268370,49900,268970,172567.0,35.0
268380,49910,268980,172472.0,35.0
268390,49920,268990,172561.0,32.0
268400,49930,269000,172449.0,40.0
268410,49940,269010,172586.0,30.0
268420,49950,269020,172476.0,49.0
268430,49960,269030,172603.0,38.0
268440,49970,269040,172475.0,42.0
268450,49980,269050,172570.0,45.0
268460,49990,269060,172439.0,45.0
268470,50000,269070,172546.0,36.0
268480,50010,269080,172433.0,41.0
268490,50020,269090,172558.0,44.0
268500,50030,269100,172463.0,57.0
268510,50040,269110,172627.0,38.0
268520,50050,269120,172554.0,48.0
268530,50060,269130,172727.0,37.0
268540,50070,269140,172613.0,49.0
268550,50080,269150,172734.0,47.0
268560,50090,269160,172585.0,44.0
268570,50100,269170,172730.0,33.0
268580,50110,269180,172578.0,61.0
268590,50120,269190,172731.0,29.0
268600,50130,269200,172609.0,49.0
268610,50140,269210,172736.0,52.0
268620,50150,269220,172623.0,54.0
268630,50160,269230,172780.0,33.0
268640,50170,269240,172637.0,46.0
268650,50180,269250,172813.0,55.0
268660,50190,269261,172677.0,27.0
268670,50200,269271,172802.0,42.0
268680,50210,269281,172611.0,48.0
268690,50220,269291,172688.0,39.0
268700,50230,269301,172438.0,39.0
268710,50240,269311,172548.0,39.0
268720,50250,269321,172376.0,33.0
268730,50260,269331,172604.0,42.0
268740,50270,269341,172483.0,53.0
268750,50280,269351,172712.0,39.0
268760,50290,269361,172545.0,62.0
268770,50300,269371,172687.0,40.0
268780,50310,269381,172503.0,43.0
268790,50320,269391,172628.0,36.0
268800,50330,269401,172413.0,44.0
268810,50340,269411,172518.0,36.0
268820,50350,269421,172225.0,38.0
268830,50360,269431,172213.0,32.0
268840,50370,269441,171906.0,42.0
268850,50380,269451,171939.0,44.0
268860,50390,269461,171762.0,32.0
268870,50400,269471,171868.0,30.0
268880,50410,269481,171693.0,56.0
268890,50420,269491,171817.0,52.0
268900,50430,269501,171621.0,44.0
268910,50440,269511,171700.0,56.0
268920,50450,269521,171518.0,61.0
268930,50460,269531,171646.0,44.0
268940,50470,269541,171594.0,43.0
268950,50480,269551,171671.0,28.0
268960,50490,269561,171661.0,41.0
268970,50500,269571,171843.0,48.0
268980,50510,269581,171810.0,59.0
268990,50520,269591,172055.0,51.0
269000,50530,269601,172014.0,49.0
269010,50540,269611,172280.0,52.0
269020,50550,269621,172186.0,57.0
269030,50560,269632,172381.0,52.0
269040,50570,269642,172275.0,57.0
269050,50580,269651,172519.0,28.0
269060,50590,269661,172390.0,46.0
269070,50600,269671,172586.0,50.0
269080,50610,269681,172426.0,30.0
269090,50620,269691,172591.0,27.0
269100,50630,269701,172383.0,47.0
269110,50640,269712,172594.0,37.0
269120,50650,269722,172484.0,43.0
269130,50660,269732,172701.0,51.0
269140,50670,269742,172572.0,53.0
269150,50680,269752,172776.0,48.0
269160,50690,269762,172580.0,43.0
269170,50700,269772,172755.0,41.0
269180,50710,269782,172562.0,52.0
269190,50720,269792,172767.0,30.0
269200,50730,269802,172600.0,53.0
269210,50740,269812,172795.0,27.0
269220,50750,269822,172587.0,48.0
269230,50760,269832,172792.0,38.0
269240,50770,269842,172629.0,52.0
269250,50780,269852,172887.0,51.0
269260,50790,269862,172768.0,69.0
269270,50800,269872,173011.0,63.0
269280,50810,269882,172856.0,47.0
269290,50820,269892,173057.0,37.0
269300,50830,269902,172884.0,50.0
269310,50840,269912,173070.0,37.0
269320,50850,269922,172863.0,45.0
269330,50860,269932,173114.0,42.0
269340,50870,269942,172941.0,51.0
269350,50880,269952,173208.0,51.0
269360,50890,269962,173046.0,62.0
269370,50900,269972,173299.0,50.0
269380,50910,269982,173137.0,60.0
269390,50920,269992,173425.0,52.0
269400,50930,270002,173282.0,49.0
269410,50940,270012,173577.0,61.0
269420,50950,270022,173408.0,58.0
269430,50960,270032,173628.0,59.0
269440,50970,270042,173406.0,45.0
269450,50980,270052,173616.0,46.0
269460,50990,270062,173389.0,40.0
269470,51000,270073,173600.0,48.0
269480,51010,270083,173428.0,45.0
269490,51020,270093,173681.0,46.0
269500,51030,270103,173493.0,60.0
269510,51040,270113,173741.0,59.0
269520,51050,270123,173520.0,55.0
269530,51060,270133,173726.0,46.0
269540,51070,270142,173501.0,41.0
269550,51080,270152,173759.0,43.0
269560,51090,270163,173568.0,51.0
269570,51100,270173,173811.0,34.0
269580,51110,270183,173618.0,42.0
269590,51120,270193,173831.0,40.0
269600,51130,270203,173610.0,48.0
269610,51140,270213,173835.0,51.0
269620,51150,270223,173590.0,46.0
269630,51160,270233,173851.0,53.0
269640,51170,270243,173618.0,43.0
269650,51180,270253,173869.0,44.0
269660,51190,270263,173637.0,42.0
269670,51200,270273,173862.0,39.0
269680,51210,270283,173628.0,48.0
269690,51220,270293,173826.0,40.0
269700,51230,270303,173505.0,45.0
269710,51240,270313,173632.0,38.0
269720,51250,270323,173298.0,43.0
269730,51260,270333,173395.0,50.0
269740,51270,270343,173047.0,50.0
269750,51280,270353,173165.0,47.0
269760,51290,270363,172835.0,42.0
269770,51300,270373,172962.0,49.0
269780,51310,270383,172673.0,37.0
269790,51320,270393,172847.0,33.0
269800,51330,270403,172581.0,36.0
269810,51340,270413,172745.0,43.0
269820,51350,270423,172480.0,53.0
269830,51360,270433,172720.0,46.0
269840,51370,270443,172514.0,47.0
269850,51380,270453,172743.0,43.0
269860,51390,270463,172572.0,44.0
269870,51400,270473,172832.0,50.0
269880,51410,270483,172631.0,48.0
269890,51420,270493,172889.0,49.0
269900,51430,270503,172663.0,56.0
269910,51440,270513,172924.0,41.0
269920,51450,270524,172723.0,34.0
269930,51460,270534,172998.0,44.0
269940,51470,270544,172836.0,42.0
269950,51480,270554,173110.0,38.0
269960,51490,270564,172913.0,41.0
269970,51500,270574,173175.0,50.0
269980,51510,270584,172940.0,48.0
269990,51520,270594,173196.0,36.0
270000,51530,270604,172955.0,71.0
270010,51540,270614,173209.0,39.0
270020,51550,270624,172980.0,46.0
270030,51560,270634,173202.0,58.0
270040,51570,270644,172960.0,49.0
270050,51580,270654,173199.0,45.0
270060,51590,270664,172964.0,52.0
270070,51600,270674,173196.0,44.0
270080,51610,270684,172962.0,56.0
270090,51620,270694,173228.0,37.0
270100,51630,270704,172967.0,70.0
270110,51640,270714,173216.0,55.0
270120,51650,270724,172966.0,54.0
270130,51660,270734,173241.0,47.0
270140,51670,270744,172962.0,33.0
270150,51680,270754,173190.0,43.0
270160,51690,270764,172941.0,41.0
270170,51700,270774,173178.0,39.0
270180,51710,270784,172927.0,46.0
270190,51720,270794,173182.0,41.0
270200,51730,270804,172921.0,49.0
270210,51740,270814,173158.0,51.0
270220,51750,270824,172892.0,37.0
270230,51760,270834,173157.0,54.0
270240,51770,270844,172913.0,51.0
270250,51780,270854,173182.0,53.0
270260,51790,270864,172927.0,57.0
270270,51800,270874,173157.0,37.0
270280,51810,270884,172926.0,31.0
270290,51820,270894,173171.0,32.0
270300,51830,270904,172909.0,44.0
270310,51840,270914,173160.0,43.0
270320,51850,270924,172923.0,38.0
270330,51860,270934,173150.0,46.0
270340,51870,270944,172890.0,45.0
270350,51880,270954,173150.0,67.0
270360,51890,270964,172862.0,50.0
270370,51900,270975,173134.0,49.0
270380,51910,270985,172869.0,26.0
270390,51920,270995,173123.0,45.0
270400,51930,271005,172853.0,43.0
270410,51940,271015,173098.0,42.0
270420,51950,271025,172864.0,47.0
270430,51960,271035,173106.0,31.0
270440,51970,271045,172854.0,32.0
270450,51980,271055,173115.0,53.0
270460,51990,271065,172864.0,51.0
270470,52000,271075,173115.0,49.0
270480,52010,271085,172857.0,35.0
270490,52020,271095,173049.0,58.0
270500,52030,271105,172820.0,38.0
270510,52040,271115,172999.0,35.0
270520,52050,271125,172738.0,40.0
270530,52060,271135,172866.0,45.0
270540,52070,271145,172554.0,33.0
270550,52080,271155,172649.0,54.0
270560,52090,271165,172248.0,44.0
270570,52100,271175,172439.0,38.0
270580,52110,271185,172069.0,37.0
270590,52120,271195,172269.0,41.0
270600,52130,271205,171950.0,46.0
270610,52140,271215,172165.0,39.0
270620,52150,271225,171939.0,49.0
270630,52160,271235,172160.0,38.0
270640,52170,271245,171922.0,45.0
270650,52180,271255,172161.0,37.0
270660,52190,271265,171938.0,47.0
270670,52200,271275,172165.0,29.0
270680,52210,271285,171917.0,50.0
270690,52220,271295,172140.0,38.0
270700,52230,271305,171921.0,37.0
270710,52240,271315,172186.0,56.0
270720,52250,271325,172031.0,52.0
270730,52260,271335,172288.0,30.0
270740,52270,271345,172107.0,38.0
270750,52280,271355,172391.0,33.0
270760,52290,271365,172186.0,39.0
270770,52300,271375,172445.0,40.0
270780,52310,271385,172245.0,35.0
270790,52320,271395,172478.0,35.0
270800,52330,271405,172273.0,40.0
270810,52340,271416,172494.0,48.0
270820,52350,271426,172241.0,43.0
270830,52360,271436,172482.0,49.0
270840,52370,271446,172271.0,57.0
270850,52380,271456,172519.0,46.0
270860,52390,271466,172322.0,41.0
270870,52400,271476,172537.0,40.0
270880,52410,271486,172322.0,35.0
270890,52420,271496,172549.0,41.0
270900,52430,271506,172324.0,46.0
270910,52440,271516,172562.0,41.0
270920,52450,271526,172332.0,53.0
270930,52460,271536,172559.0,48.0
270940,52470,271546,172346.0,48.0
270950,52480,271556,172580.0,57.0
270960,52490,271566,172370.0,40.0
270970,52500,271576,172599.0,34.0
270980,52510,271586,172385.0,41.0
270990,52520,271596,172617.0,35.0
271000,52530,271606,172404.0,35.0
271010,52540,271616,172640.0,37.0
271020,52550,271626,172438.0,29.0
271030,52560,271636,172710.0,49.0
271040,52570,271646,172473.0,60.0
271050,52580,271656,172719.0,50.0
271060,52590,271666,172500.0,49.0
271070,52600,271676,172719.0,52.0
271080,52610,271686,172524.0,43.0
271090,52620,271696,172724.0,36.0
271100,52630,271706,172488.0,31.0
271110,52640,271716,172722.0,42.0
271120,52650,271726,172534.0,41.0
271130,52660,271736,172774.0,29.0
271140,52670,271746,172602.0,28.0
271150,52680,271756,172842.0,46.0
271160,52690,271766,172651.0,53.0
271170,52700,271777,172879.0,48.0
271180,52710,271787,172704.0,44.0
271190,52720,271797,172897.0,45.0
271200,52730,271807,172737.0,51.0
271210,52740,271816,172945.0,42.0
271220,52750,271826,172760.0,33.0
271230,52760,271836,172941.0,34.0
271240,52770,271846,172773.0,27.0
271250,52780,271856,172963.0,36.0
271260,52790,271867,172780.0,42.0
271270,52800,271877,172964.0,51.0
271280,52810,271887,172742.0,27.0
271290,52820,271897,172903.0,46.0
271300,52830,271907,172707.0,36.0
271310,52840,271917,172850.0,45.0
271320,52850,271927,172668.0,44.0
271330,52860,271937,172852.0,39.0
271340,52870,271947,172619.0,32.0
271350,52880,271957,172697.0,39.0
271360,52890,271967,172399.0,33.0
271370,52900,271977,172453.0,32.0
271380,52910,271987,172151.0,34.0
271390,52920,271997,172209.0,32.0
271400,52930,272007,171915.0,37.0
271410,52940,272017,172004.0,36.0
271420,52950,272027,171721.0,51.0
271430,52960,272037,171855.0,53.0
271440,52970,272047,171652.0,30.0
271450,52980,272057,171797.0,31.0
271460,52990,272067,171588.0,40.0
271470,53000,272077,171785.0,32.0
271480,53010,272087,171591.0,36.0
271490,53020,272097,171799.0,40.0
271500,53030,272107,171648.0,42.0
271510,53040,272117,171861.0,34.0
271520,53050,272127,171694.0,34.0
271530,53060,272137,171909.0,47.0
271540,53070,272147,171774.0,48.0
271550,53080,272157,171965.0,39.0
271560,53090,272167,171814.0,56.0
271570,53100,272177,172047.0,34.0
271580,53110,272187,171936.0,43.0
271590,53120,272197,172154.0,41.0
271600,53130,272207,172031.0,42.0
271610,53140,272217,172218.0,49.0
271620,53150,272228,172101.0,34.0
271630,53160,272238,172250.0,32.0
271640,53170,272248,172074.0,39.0
271650,53180,272258,172248.0,34.0
271660,53190,272268,172077.0,39.0
271670,53200,272278,172270.0,48.0
271680,53210,272288,172090.0,37.0
271690,53220,272298,172263.0,41.0
271700,53230,272307,172093.0,30.0
271710,53240,272318,172257.0,42.0
271720,53250,272328,172110.0,51.0
271730,53260,272338,172305.0,44.0
271740,53270,272348,172150.0,40.0
271750,53280,272358,172335.0,38.0
271760,53290,272368,172160.0,42.0
271770,53300,272378,172334.0,39.0
271780,53310,272388,172180.0,43.0
271790,53320,272398,172306.0,34.0
271800,53330,272408,172165.0,46.0
271810,53340,272418,172335.0,45.0
271820,53350,272428,172202.0,55.0
271830,53360,272438,172383.0,38.0
271840,53370,272448,172259.0,42.0
271850,53380,272458,172442.0,33.0
271860,53390,272468,172337.0,43.0
271870,53400,272478,172475.0,43.0
271880,53410,272488,172373.0,34.0
271890,53420,272498,172565.0,25.0
271900,53430,272508,172478.0,43.0
271910,53440,272518,172663.0,19.0
271920,53450,272528,172561.0,36.0
271930,53460,272538,172694.0,40.0
271940,53470,272548,172585.0,55.0
271950,53480,272558,172760.0,40.0
271960,53490,272568,172661.0,37.0
271970,53500,272578,172846.0,32.0
271980,53510,272588,172779.0,38.0
271990,53520,272598,172941.0,17.0
272000,53530,272608,172851.0,16.0
272010,53540,272618,172992.0,29.0
272020,53550,272628,172922.0,24.0
272030,53560,272638,173056.0,46.0
272040,53570,272648,172965.0,37.0
272050,53580,272658,173100.0,37.0
272060,53590,272668,173001.0,26.0
272070,53600,272679,173104.0,42.0
272080,53610,272689,173004.0,39.0
272090,53620,272699,173087.0,29.0
272100,53630,272709,172974.0,28.0
272110,53640,272719,173063.0,35.0
272120,53650,272729,172981.0,29.0
272130,53660,272739,173119.0,32.0
272140,53670,272749,173057.0,25.0
272150,53680,272759,173175.0,32.0
272160,53690,272769,173089.0,35.0
272170,53700,272779,173129.0,38.0
272180,53710,272789,173001.0,32.0
272190,53720,272799,173058.0,42.0
272200,53730,272809,172938.0,42.0
272210,53740,272819,173003.0,44.0
272220,53750,272829,172863.0,29.0
272230,53760,272839,172879.0,34.0
272240,53770,272849,172693.0,28.0
272250,53780,272859,172692.0,23.0
272260,53790,272869,172502.0,35.0
272270,53800,272879,172505.0,34.0
272280,53810,272889,172324.0,26.0
272290,53820,272899,172353.0,33.0
272300,53830,272909,172202.0,40.0
272310,53840,272919,172252.0,33.0
272320,53850,272929,172141.0,48.0
272330,53860,272939,172195.0,48.0
272340,53870,272949,172128.0,37.0
272350,53880,272959,172246.0,39.0
272360,53890,272969,172194.0,47.0
272370,53900,272979,172291.0,49.0
272380,53910,272989,172275.0,32.0
272390,53920,272999,172408.0,42.0
272400,53930,273009,172390.0,20.0
272410,53940,273019,172495.0,29.0
272420,53950,273029,172457.0,37.0
272430,53960,273040,172527.0,45.0
272440,53970,273050,172482.0,42.0
272450,53980,273060,172577.0,41.0
272460,53990,273070,172565.0,33.0
272470,54000,273079,172657.0,33.0
272480,54010,273089,172612.0,39.0
272490,54020,273099,172684.0,42.0
272500,54030,273109,172631.0,40.0
272510,54040,273119,172674.0,33.0
272520,54050,273130,172622.0,34.0
272530,54060,273140,172683.0,37.0
272540,54070,273150,172659.0,33.0
272550,54080,273160,172730.0,33.0
272560,54090,273170,172702.0,43.0
272570,54100,273180,172763.0,49.0
272580,54110,273190,172711.0,60.0
272590,54120,273200,172760.0,31.0
272600,54130,273210,172696.0,38.0
272610,54140,273220,172749.0,31.0
272620,54150,273230,172669.0,32.0
272630,54160,273240,172700.0,31.0
272640,54170,273250,172625.0,41.0
272650,54180,273260,172673.0,34.0
272660,54190,273270,172608.0,31.0
272670,54200,273280,172655.0,30.0
272680,54210,273290,172581.0,32.0
272690,54220,273300,172647.0,41.0
272700,54230,273310,172587.0,40.0
272710,54240,273320,172628.0,34.0
272720,54250,273330,172632.0,39.0
272730,54260,273340,172669.0,44.0
272740,54270,273350,172625.0,36.0
272750,54280,273360,172669.0,38.0
272760,54290,273370,172683.0,49.0
272770,54300,273380,172742.0,29.0
272780,54310,273390,172757.0,26.0
272790,54320,273400,172837.0,32.0
272800,54330,273410,172831.0,32.0
272810,54340,273420,172889.0,32.0
272820,54350,273430,172870.0,33.0
272830,54360,273440,172892.0,53.0
272840,54370,273450,172829.0,36.0
272850,54380,273460,172859.0,49.0
272860,54390,273470,172819.0,42.0
272870,54400,273480,172825.0,58.0
272880,54410,273491,172833.0,27.0
272890,54420,273501,172894.0,34.0
272900,54430,273511,172865.0,34.0
272910,54440,273521,172889.0,36.0
272920,54450,273531,172859.0,41.0
272930,54460,273541,172891.0,45.0
272940,54470,273551,172865.0,39.0
272950,54480,273561,172866.0,56.0
272960,54490,273571,172796.0,49.0
272970,54500,273581,172807.0,42.0
272980,54510,273591,172810.0,48.0
272990,54520,273601,172807.0,59.0
273000,54530,273611,172782.0,36.0
273010,54540,273621,172780.0,40.0
273020,54550,273631,172772.0,31.0
273030,54560,273641,172737.0,40.0
273040,54570,273651,172641.0,28.0
273050,54580,273661,172563.0,46.0
273060,54590,273671,172431.0,29.0
273070,54600,273681,172294.0,47.0
273080,54610,273691,172158.0,37.0
273090,54620,273701,172042.0,47.0
273100,54630,273711,171980.0,28.0
273110,54640,273721,171923.0,51.0
273120,54650,273731,171882.0,32.0
273130,54660,273741,171860.0,47.0
273140,54670,273751,171841.0,43.0
273150,54680,273761,171838.0,35.0
273160,54690,273771,171846.0,33.0
273170,54700,273781,171832.0,43.0
273180,54710,273791,171837.0,46.0
273190,54720,273801,171820.0,40.0
273200,54730,273811,171824.0,45.0
273210,54740,273821,171840.0,48.0
273220,54750,273831,171908.0,40.0
273230,54760,273841,171917.0,51.0
273240,54770,273851,171979.0,57.0
273250,54780,273861,171982.0,36.0
273260,54790,273871,172025.0,28.0
273270,54800,273881,172033.0,41.0
273280,54810,273891,172114.0,45.0
273290,54820,273901,172101.0,40.0
273300,54830,273911,172167.0,41.0
273310,54840,273921,172137.0,54.0
273320,54850,273932,172209.0,46.0
273330,54860,273942,172151.0,33.0
273340,54870,273952,172213.0,40.0
273350,54880,273962,172170.0,42.0
273360,54890,273972,172232.0,38.0
273370,54900,273982,172171.0,28.0
273380,54910,273992,172206.0,27.0
273390,54920,274002,172116.0,29.0
273400,54930,274012,172185.0,40.0
273410,54940,274022,172146.0,47.0
273420,54950,274032,172274.0,33.0
273430,54960,274042,172275.0,47.0
273440,54970,274052,172362.0,39.0
273450,54980,274062,172315.0,21.0
273460,54990,274072,172373.0,27.0
273470,55000,274082,172327.0,36.0
273480,55010,274092,172335.0,38.0
273490,55020,274102,172195.0,35.0
273500,55030,274112,172128.0,28.0
273510,55040,274122,171977.0,47.0
273520,55050,274132,171960.0,52.0
273530,55060,274142,171956.0,40.0
273540,55070,274152,172039.0,36.0
273550,55080,274162,172058.0,57.0
273560,55090,274172,172141.0,50.0
273570,55100,274182,172149.0,38.0
273580,55110,274192,172257.0,40.0
273590,55120,274202,172239.0,35.0
273600,55130,274212,172321.0,40.0
273610,55140,274222,172205.0,39.0
273620,55150,274232,172235.0,33.0
273630,55160,274242,172160.0,48.0
273640,55170,274252,172255.0,39.0
273650,55180,274262,172258.0,40.0
273660,55190,274272,172411.0,52.0
273670,55200,274282,172424.0,61.0
273680,55210,274292,172516.0,43.0
273690,55220,274302,172463.0,29.0
273700,55230,274312,172532.0,26.0
273710,55240,274322,172404.0,47.0
273720,55250,274332,172477.0,38.0
273730,55260,274342,172369.0,38.0
273740,55270,274352,172363.0,30.0
273750,55280,274362,172279.0,50.0
273760,55290,274372,172151.0,29.0
273770,55300,274383,171956.0,34.0
273780,55310,274393,171847.0,59.0
273790,55320,274403,171783.0,40.0
273800,55330,274413,171780.0,45.0
273810,55340,274423,171792.0,55.0
273820,55350,274433,171787.0,34.0
273830,55360,274443,171820.0,40.0
273840,55370,274453,171802.0,46.0
273850,55380,274463,171782.0,37.0
273860,55390,274473,171772.0,47.0
273870,55400,274483,171720.0,33.0
273880,55410,274493,171747.0,58.0
273890,55420,274503,171767.0,56.0
273900,55430,274513,171817.0,38.0
273910,55440,274523,171761.0,42.0
273920,55450,274533,171885.0,39.0
273930,55460,274543,171776.0,25.0
273940,55470,274553,171930.0,37.0
273950,55480,274563,171859.0,31.0
273960,55490,274573,172050.0,31.0
273970,55500,274583,172016.0,37.0
273980,55510,274593,172211.0,47.0
273990,55520,274603,172159.0,55.0
274000,55530,274613,172348.0,44.0
274010,55540,274623,172237.0,46.0
274020,55550,274633,172439.0,33.0
274030,55560,274643,172353.0,45.0
274040,55570,274653,172539.0,21.0
274050,55580,274663,172455.0,40.0
274060,55590,274673,172646.0,30.0
274070,55600,274683,172542.0,40.0
274080,55610,274693,172674.0,49.0
274090,55620,274703,172533.0,59.0
274100,55630,274713,172670.0,43.0
274110,55640,274723,172505.0,43.0
274120,55650,274733,172627.0,33.0
274130,55660,274743,172488.0,31.0
274140,55670,274753,172621.0,37.0
274150,55680,274763,172412.0,32.0
274160,55690,274773,172551.0,22.0
274170,55700,274783,172418.0,31.0
274180,55710,274793,172603.0,31.0
274190,55720,274803,172473.0,33.0
274200,55730,274813,172646.0,42.0
274210,55740,274824,172502.0,41.0
274220,55750,274834,172702.0,29.0
274230,55760,274844,172535.0,47.0
274240,55770,274854,172722.0,35.0
274250,55780,274864,172574.0,39.0
274260,55790,274874,172784.0,25.0
274270,55800,274884,172635.0,49.0
274280,55810,274894,172820.0,22.0
274290,55820,274904,172661.0,46.0
274300,55830,274914,172867.0,32.0
274310,55840,274924,172706.0,55.0
274320,55850,274934,172909.0,42.0
274330,55860,274944,172751.0,50.0
274340,55870,274954,172957.0,26.0
274350,55880,274964,172773.0,42.0
274360,55890,274974,173002.0,26.0
274370,55900,274984,172815.0,28.0
274380,55910,274994,173027.0,22.0
274390,55920,275004,172832.0,43.0
274400,55930,275014,173060.0,28.0
274410,55940,275024,172865.0,55.0
274420,55950,275034,173058.0,51.0
274430,55960,275044,172894.0,40.0
274440,55970,275054,173099.0,25.0
274450,55980,275064,172905.0,49.0
274460,55990,275074,173128.0,51.0
274470,56000,275084,172937.0,42.0
274480,56010,275094,173169.0,31.0
274490,56020,275104,172952.0,35.0
274500,56030,275114,173186.0,31.0
274510,56040,275124,172993.0,43.0
274520,56050,275134,173228.0,33.0
274530,56060,275144,173007.0,47.0
274540,56070,275154,173260.0,37.0
274550,56080,275164,173051.0,44.0
274560,56090,275174,173282.0,45.0
274570,56100,275184,173067.0,38.0
274580,56110,275194,173288.0,41.0
274590,56120,275204,173038.0,44.0
274600,56130,275214,173221.0,36.0
274610,56140,275224,172975.0,44.0
274620,56150,275234,173138.0,47.0
274630,56160,275244,172899.0,53.0
274640,56170,275254,173050.0,44.0
274650,56180,275265,172704.0,49.0
274660,56190,275275,172786.0,54.0
274670,56200,275285,172415.0,60.0
274680,56210,275295,172540.0,50.0
274690,56220,275305,172267.0,49.0
274700,56230,275315,172440.0,47.0
274710,56240,275325,172190.0,34.0
274720,56250,275335,172380.0,52.0
274730,56260,275345,172110.0,32.0
274740,56270,275355,172335.0,47.0
274750,56280,275365,172112.0,64.0
274760,56290,275375,172336.0,37.0
274770,56300,275385,172138.0,50.0
274780,56310,275395,172416.0,59.0
274790,56320,275405,172284.0,47.0
274800,56330,275415,172598.0,48.0
274810,56340,275425,172486.0,54.0
274820,56350,275435,172813.0,32.0
274830,56360,275445,172658.0,47.0
274840,56370,275455,172938.0,43.0
274850,56380,275465,172743.0,49.0
274860,56390,275475,172999.0,29.0
274870,56400,275485,172789.0,58.0
274880,56410,275495,173048.0,26.0
274890,56420,275505,172811.0,53.0
274900,56430,275515,173062.0,41.0
274910,56440,275525,172817.0,50.0
274920,56450,275535,173060.0,32.0
274930,56460,275545,172795.0,52.0
274940,56470,275555,173044.0,43.0
274950,56480,275565,172790.0,40.0
274960,56490,275575,173025.0,47.0
274970,56500,275585,172748.0,43.0
274980,56510,275595,172973.0,37.0
274990,56520,275605,172690.0,42.0
275000,56530,275615,172922.0,41.0
275010,56540,275626,172684.0,54.0
275020,56550,275636,172931.0,53.0
275030,56560,275646,172686.0,68.0
275040,56570,275656,172942.0,43.0
275050,56580,275665,172688.0,51.0
275060,56590,275675,172914.0,62.0
275070,56600,275685,172663.0,52.0
275080,56610,275695,172918.0,45.0
275090,56620,275705,172656.0,66.0
275100,56630,275716,172947.0,50.0
275110,56640,275726,172615.0,49.0
275120,56650,275736,172946.0,42.0
275130,56660,275746,172666.0,56.0
275140,56670,275756,172939.0,44.0
275150,56680,275766,172677.0,54.0
275160,56690,275776,172969.0,46.0
275170,56700,275786,172707.0,53.0
275180,56710,275796,172993.0,54.0
275190,56720,275806,172712.0,55.0
275200,56730,275816,172967.0,53.0
275210,56740,275826,172659.0,45.0
275220,56750,275836,172888.0,34.0
275230,56760,275846,172521.0,47.0
275240,56770,275856,172707.0,40.0
275250,56780,275866,172395.0,56.0
275260,56790,275876,172729.0,40.0
275270,56800,275886,172522.0,45.0
275280,56810,275896,172902.0,37.0
275290,56820,275906,172677.0,51.0
275300,56830,275916,173019.0,50.0
275310,56840,275926,172733.0,44.0
275320,56850,275936,173047.0,46.0
275330,56860,275946,172755.0,39.0
275340,56870,275956,173062.0,44.0
275350,56880,275966,172770.0,43.0
275360,56890,275976,173076.0,47.0
275370,56900,275986,172799.0,58.0
275380,56910,275996,173119.0,60.0
275390,56920,276006,172810.0,40.0
275400,56930,276016,173120.0,52.0
275410,56940,276026,172808.0,44.0
275420,56950,276036,173105.0,52.0
275430,56960,276046,172782.0,49.0
275440,56970,276056,173033.0,47.0
275450,56980,276066,172632.0,40.0
275460,56990,276076,172808.0,45.0
275470,57000,276087,172403.0,37.0
275480,57010,276097,172510.0,33.0
275490,57020,276107,172078.0,36.0
275500,57030,276117,172214.0,37.0
275510,57040,276127,171844.0,41.0
275520,57050,276137,172007.0,43.0
275530,57060,276147,171659.0,56.0
275540,57070,276157,171874.0,43.0
275550,57080,276166,171576.0,46.0
275560,57090,276177,171815.0,42.0
275570,57100,276187,171493.0,34.0
275580,57110,276197,171804.0,45.0
275590,57120,276207,171567.0,51.0
275600,57130,276217,171912.0,48.0
275610,57140,276227,171621.0,37.0
275620,57150,276237,171962.0,39.0
275630,57160,276247,171682.0,39.0
275640,57170,276257,172015.0,51.0
275650,57180,276267,171714.0,42.0
275660,57190,276277,172028.0,55.0
275670,57200,276287,171781.0,52.0
275680,57210,276297,172095.0,29.0
275690,57220,276307,171831.0,35.0
275700,57230,276317,172196.0,33.0
275710,57240,276327,171916.0,50.0
275720,57250,276337,172263.0,42.0
275730,57260,276347,171963.0,31.0
275740,57270,276357,172288.0,47.0
275750,57280,276367,171979.0,64.0
275760,57290,276377,172312.0,53.0
275770,57300,276387,172023.0,55.0
275780,57310,276397,172344.0,46.0
275790,57320,276407,172051.0,63.0
275800,57330,276417,172409.0,57.0
275810,57340,276427,172115.0,56.0
275820,57350,276437,172420.0,43.0
275830,57360,276447,172094.0,53.0
275840,57370,276457,172423.0,35.0
275850,57380,276467,172029.0,44.0
275860,57390,276477,172315.0,36.0
275870,57400,276487,171981.0,62.0
275880,57410,276497,172290.0,46.0
275890,57420,276507,171948.0,49.0
275900,57430,276517,172283.0,64.0
275910,57440,276527,171977.0,48.0
275920,57450,276538,172331.0,44.0
275930,57460,276548,172029.0,38.0
275940,57470,276558,172324.0,43.0
275950,57480,276568,172045.0,45.0
275960,57490,276578,172386.0,40.0
275970,57500,276588,172098.0,39.0
275980,57510,276598,172434.0,42.0
275990,57520,276608,172118.0,39.0
276000,57530,276618,172432.0,45.0
276010,57540,276628,172127.0,53.0
276020,57550,276638,172453.0,55.0
276030,57560,276648,172156.0,61.0
276040,57570,276658,172484.0,51.0
276050,57580,276668,172238.0,39.0
276060,57590,276678,172572.0,51.0
276070,57600,276688,172343.0,43.0
276080,57610,276698,172659.0,42.0
276090,57620,276708,172379.0,55.0
276100,57630,276718,172719.0,46.0
276110,57640,276728,172450.0,51.0
276120,57650,276738,172793.0,38.0
276130,57660,276748,172512.0,46.0
276140,57670,276758,172782.0,40.0
276150,57680,276768,172468.0,40.0
276160,57690,276778,172723.0,52.0
276170,57700,276788,172412.0,29.0
276180,57710,276798,172668.0,48.0
276190,57720,276808,172354.0,42.0
276200,57730,276818,172591.0,39.0
276210,57740,276828,172198.0,45.0
276220,57750,276838,172364.0,43.0
276230,57760,276848,171986.0,24.0
276240,57770,276858,172158.0,59.0
276250,57780,276868,171805.0,60.0
276260,57790,276878,172036.0,68.0
276270,57800,276888,171714.0,40.0
276280,57810,276898,171957.0,41.0
276290,57820,276908,171653.0,36.0
276300,57830,276918,171944.0,41.0
276310,57840,276928,171661.0,57.0
276320,57850,276938,171967.0,52.0
276330,57860,276948,171711.0,49.0
276340,57870,276958,172003.0,41.0
276350,57880,276968,171717.0,35.0
276360,57890,276978,172016.0,36.0
276370,57900,276989,171765.0,51.0
276380,57910,276999,172091.0,46.0
276390,57920,277009,171830.0,47.0
276400,57930,277019,172167.0,50.0
276410,57940,277029,171922.0,38.0
276420,57950,277039,172271.0,35.0
276430,57960,277049,172036.0,36.0
276440,57970,277059,172360.0,47.0
276450,57980,277069,172111.0,43.0
276460,57990,277079,172432.0,43.0
276470,58000,277089,172135.0,58.0
276480,58010,277099,172452.0,39.0
276490,58020,277109,172130.0,52.0
276500,58030,277119,172422.0,49.0
276510,58040,277129,172143.0,46.0
276520,58050,277139,172436.0,44.0
276530,58060,277149,172182.0,45.0
276540,58070,277159,172476.0,48.0
276550,58080,277169,172187.0,38.0
276560,58090,277179,172512.0,34.0
276570,58100,277189,172226.0,34.0
276580,58110,277199,172516.0,32.0
276590,58120,277209,172199.0,44.0
276600,58130,277219,172467.0,49.0
276610,58140,277229,172176.0,61.0
276620,58150,277239,172467.0,41.0
276630,58160,277249,172151.0,52.0
276640,58170,277259,172443.0,37.0
276650,58180,277269,172158.0,48.0
276660,58190,277279,172440.0,35.0
276670,58200,277289,172138.0,43.0
276680,58210,277299,172457.0,48.0
276690,58220,277309,172165.0,53.0
276700,58230,277319,172474.0,35.0
276710,58240,277329,172162.0,37.0
276720,58250,277339,172458.0,57.0
276730,58260,277350,172162.0,51.0
276740,58270,277360,172458.0,28.0
276750,58280,277370,172149.0,40.0
276760,58290,277379,172458.0,42.0
276770,58300,277389,172164.0,44.0
276780,58310,277399,172483.0,53.0
276790,58320,277409,172189.0,36.0
276800,58330,277419,172489.0,33.0
276810,58340,277429,172184.0,28.0
276820,58350,277440,172477.0,57.0
276830,58360,277450,172187.0,54.0
276840,58370,277460,172479.0,44.0
276850,58380,277470,172188.0,55.0
276860,58390,277480,172498.0,54.0
276870,58400,277490,172213.0,47.0
276880,58410,277500,172506.0,42.0
276890,58420,277510,172227.0,44.0
276900,58430,277520,172512.0,40.0
276910,58440,277530,172239.0,38.0
276920,58450,277540,172522.0,38.0
276930,58460,277550,172250.0,41.0
276940,58470,277560,172521.0,42.0
276950,58480,277570,172270.0,49.0
276960,58490,277580,172476.0,60.0
276970,58500,277590,172140.0,49.0
276980,58510,277600,172291.0,54.0
276990,58520,277610,171937.0,53.0
277000,58530,277620,172075.0,50.0
277010,58540,277630,171745.0,40.0
277020,58550,277640,171867.0,38.0
277030,58560,277650,171564.0,43.0
277040,58570,277660,171727.0,36.0
277050,58580,277670,171469.0,32.0
277060,58590,277680,171674.0,49.0
277070,58600,277690,171408.0,55.0
277080,58610,277700,171639.0,36.0
277090,58620,277710,171383.0,29.0
277100,58630,277720,171645.0,44.0
277110,58640,277730,171447.0,39.0
277120,58650,277740,171697.0,29.0
277130,58660,277750,171492.0,40.0
277140,58670,277760,171784.0,28.0
277150,58680,277770,171607.0,29.0
277160,58690,277780,171870.0,25.0
277170,58700,277790,171702.0,29.0
277180,58710,277801,171961.0,53.0
277190,58720,277811,171772.0,26.0
277200,58730,277821,172070.0,47.0
277210,58740,277831,171900.0,43.0
277220,58750,277841,172176.0,48.0
277230,58760,277850,171967.0,33.0
277240,58770,277860,172220.0,54.0
277250,58780,277870,172027.0,42.0
277260,58790,277880,172274.0,37.0
277270,58800,277891,172066.0,34.0
277280,58810,277901,172283.0,32.0
277290,58820,277911,172053.0,31.0
277300,58830,277921,172301.0,22.0
277310,58840,277931,172082.0,33.0
277320,58850,277941,172314.0,42.0
277330,58860,277951,172097.0,43.0
277340,58870,277961,172339.0,59.0
277350,58880,277971,172117.0,48.0
277360,58890,277981,172341.0,41.0
277370,58900,277991,172144.0,36.0
277380,58910,278001,172339.0,38.0
277390,58920,278011,172139.0,37.0
277400,58930,278021,172343.0,43.0
277410,58940,278031,172124.0,43.0
277420,58950,278041,172339.0,42.0
277430,58960,278051,172125.0,46.0
277440,58970,278061,172325.0,51.0
277450,58980,278071,172109.0,42.0
277460,58990,278081,172309.0,54.0
277470,59000,278091,172104.0,41.0
277480,59010,278101,172301.0,46.0
277490,59020,278111,172095.0,45.0
277500,59030,278121,172304.0,35.0
277510,59040,278131,172135.0,32.0
277520,59050,278141,172319.0,44.0
277530,59060,278151,172136.0,37.0
277540,59070,278161,172339.0,37.0
277550,59080,278171,172153.0,50.0
277560,59090,278181,172335.0,41.0
277570,59100,278191,172138.0,33.0
277580,59110,278201,172328.0,49.0
277590,59120,278211,172121.0,53.0
277600,59130,278221,172311.0,53.0
277610,59140,278231,172142.0,42.0
277620,59150,278241,172375.0,46.0
277630,59160,278252,172199.0,43.0
277640,59170,278262,172425.0,44.0
277650,59180,278272,172229.0,43.0
277660,59190,278282,172422.0,37.0
277670,59200,278292,172230.0,52.0
277680,59210,278302,172426.0,37.0
277690,59220,278312,172270.0,45.0
277700,59230,278322,172451.0,42.0
277710,59240,278332,172271.0,47.0
277720,59250,278342,172467.0,42.0
277730,59260,278352,172288.0,34.0
277740,59270,278362,172440.0,34.0
277750,59280,278372,172266.0,36.0
277760,59290,278382,172447.0,25.0
277770,59300,278392,172240.0,33.0
277780,59310,278402,172336.0,23.0
277790,59320,278412,172078.0,37.0
277800,59330,278422,172099.0,32.0
277810,59340,278432,171791.0,38.0
277820,59350,278442,171816.0,41.0
277830,59360,278452,171532.0,47.0
277840,59370,278462,171565.0,28.0
277850,59380,278472,171301.0,34.0
277860,59390,278482,171368.0,23.0
277870,59400,278492,171172.0,36.0
277880,59410,278502,171277.0,25.0
277890,59420,278512,171098.0,39.0
277900,59430,278522,171241.0,24.0
277910,59440,278532,171118.0,36.0
277920,59450,278542,171249.0,36.0
277930,59460,278552,171138.0,26.0
277940,59470,278562,171300.0,28.0
277950,59480,278572,171196.0,41.0
277960,59490,278582,171382.0,42.0
277970,59500,278592,171252.0,45.0
277980,59510,278602,171415.0,40.0
277990,59520,278612,171336.0,37.0
278000,59530,278622,171506.0,28.0
278010,59540,278632,171389.0,37.0
278020,59550,278642,171562.0,39.0
278030,59560,278652,171483.0,15.0
278040,59570,278662,171617.0,56.0
278050,59580,278672,171531.0,37.0
278060,59590,278682,171657.0,43.0
278070,59600,278692,171538.0,39.0
278080,59610,278703,171678.0,32.0
278090,59620,278713,171549.0,42.0
278100,59630,278723,171668.0,43.0
278110,59640,278733,171545.0,43.0
278120,59650,278743,171692.0,35.0
278130,59660,278753,171575.0,34.0
278140,59670,278763,171694.0,25.0
278150,59680,278773,171575.0,39.0
278160,59690,278783,171669.0,37.0
278170,59700,278793,171535.0,42.0
278180,59710,278803,171648.0,43.0
278190,59720,278813,171514.0,30.0
278200,59730,278823,171622.0,37.0
278210,59740,278833,171500.0,46.0
278220,59750,278843,171603.0,36.0
278230,59760,278853,171484.0,51.0
278240,59770,278863,171595.0,23.0
278250,59780,278873,171494.0,35.0
278260,59790,278883,171572.0,45.0
278270,59800,278893,171498.0,21.0
278280,59810,278903,171607.0,35.0
278290,59820,278913,171503.0,30.0
278300,59830,278923,171602.0,26.0
278310,59840,278933,171541.0,38.0
278320,59850,278943,171621.0,44.0
278330,59860,278953,171540.0,43.0
278340,59870,278963,171615.0,46.0
278350,59880,278973,171567.0,33.0
278360,59890,278983,171646.0,46.0
278370,59900,278993,171555.0,35.0
278380,59910,279003,171627.0,25.0
278390,59920,279013,171572.0,31.0
278400,59930,279023,171633.0,51.0
278410,59940,279033,171557.0,41.0
278420,59950,279043,171634.0,51.0
278430,59960,279053,171549.0,55.0
278440,59970,279063,171594.0,31.0
278450,59980,279073,171525.0,44.0
278460,59990,279083,171605.0,35.0
278470,60000,279093,171515.0,43.0
278480,60010,279103,171597.0,44.0
278490,60020,279113,171532.0,26.0
278500,60030,279123,171616.0,38.0
278510,60040,279133,171538.0,52.0
278520,60050,279144,171588.0,33.0
278530,60060,279154,171499.0,49.0
278540,60070,279164,171505.0,49.0
278550,60080,279174,171316.0,51.0
278560,60090,279184,171243.0,47.0
278570,60100,279194,171052.0,42.0
278580,60110,279204,170972.0,38.0
278590,60120,279214,170801.0,42.0
278600,60130,279224,170711.0,34.0
278610,60140,279234,170588.0,43.0
278620,60150,279244,170559.0,35.0
278630,60160,279254,170454.0,37.0
278640,60170,279264,170485.0,50.0
278650,60180,279274,170436.0,32.0
278660,60190,279284,170493.0,35.0
278670,60200,279294,170440.0,27.0
278680,60210,279304,170531.0,39.0
278690,60220,279314,170501.0,21.0
278700,60230,279324,170570.0,31.0
278710,60240,279334,170550.0,30.0
278720,60250,279344,170616.0,28.0
278730,60260,279354,170624.0,25.0
278740,60270,279364,170680.0,59.0
278750,60280,279374,170691.0,48.0
278760,60290,279384,170735.0,36.0
278770,60300,279394,170759.0,38.0
278780,60310,279404,170850.0,45.0
278790,60320,279414,170845.0,33.0
278800,60330,279424,170927.0,49.0
278810,60340,279434,170960.0,37.0
278820,60350,279444,171011.0,38.0
278830,60360,279454,170996.0,33.0
278840,60370,279464,171077.0,65.0
278850,60380,279474,171041.0,44.0
278860,60390,279484,171092.0,37.0
278870,60400,279494,171080.0,42.0
278880,60410,279504,171089.0,61.0
278890,60420,279515,171057.0,42.0
278900,60430,279525,171066.0,35.0
278910,60440,279534,171051.0,47.0
278920,60450,279544,171070.0,51.0
278930,60460,279554,171072.0,33.0
278940,60470,279564,171088.0,44.0
278950,60480,279574,171096.0,35.0
278960,60490,279584,171128.0,51.0
278970,60500,279595,171147.0,45.0
278980,60510,279605,171195.0,47.0
278990,60520,279615,171216.0,43.0
279000,60530,279625,171242.0,35.0
279010,60540,279635,171276.0,52.0
279020,60550,279645,171293.0,29.0
279030,60560,279655,171329.0,33.0
279040,60570,279665,171359.0,34.0
279050,60580,279675,171374.0,38.0
279060,60590,279685,171398.0,46.0
279070,60600,279695,171448.0,36.0
279080,60610,279705,171456.0,44.0
279090,60620,279715,171503.0,30.0
279100,60630,279725,171539.0,42.0
279110,60640,279735,171571.0,40.0
279120,60650,279745,171568.0,40.0
279130,60660,279755,171586.0,36.0
279140,60670,279765,171569.0,34.0
279150,60680,279775,171638.0,35.0
279160,60690,279785,171586.0,47.0
279170,60700,279795,171615.0,24.0
279180,60710,279805,171586.0,22.0
279190,60720,279815,171638.0,39.0
279200,60730,279825,171604.0,45.0
279210,60740,279835,171617.0,41.0
279220,60750,279845,171588.0,39.0
279230,60760,279855,171650.0,34.0
279240,60770,279865,171617.0,25.0
279250,60780,279875,171682.0,46.0
279260,60790,279885,171636.0,37.0
279270,60800,279895,171665.0,41.0
279280,60810,279905,171636.0,37.0
279290,60820,279915,171666.0,36.0
279300,60830,279925,171614.0,34.0
279310,60840,279935,171604.0,38.0
279320,60850,279945,171455.0,50.0
279330,60860,279956,171377.0,47.0
279340,60870,279966,171178.0,48.0
279350,60880,279976,171093.0,45.0
279360,60890,279985,170894.0,44.0
279370,60900,279995,170826.0,31.0
279380,60910,280005,170684.0,35.0
279390,60920,280015,170624.0,42.0
279400,60930,280025,170518.0,44.0
279410,60940,280035,170560.0,38.0
279420,60950,280046,170458.0,48.0
279430,60960,280056,170516.0,36.0
279440,60970,280066,170474.0,57.0
279450,60980,280076,170552.0,44.0
279460,60990,280086,170479.0,58.0
279470,61000,280096,170601.0,45.0
279480,61010,280106,170559.0,39.0
279490,61020,280116,170686.0,37.0
279500,61030,280126,170624.0,40.0
279510,61040,280136,170813.0,21.0
279520,61050,280146,170783.0,27.0
279530,61060,280156,170977.0,31.0
279540,61070,280166,170935.0,28.0
279550,61080,280176,171108.0,32.0
279560,61090,280186,171044.0,42.0
279570,61100,280196,171204.0,32.0
279580,61110,280206,171129.0,38.0
279590,61120,280216,171267.0,39.0
279600,61130,280226,171164.0,28.0
279610,61140,280236,171295.0,41.0
279620,61150,280246,171185.0,32.0
279630,61160,280256,171320.0,30.0
279640,61170,280266,171208.0,35.0
279650,61180,280276,171363.0,51.0
279660,61190,280286,171251.0,44.0
279670,61200,280296,171404.0,35.0
279680,61210,280306,171287.0,37.0
279690,61220,280316,171421.0,34.0
279700,61230,280326,171278.0,44.0
279710,61240,280336,171442.0,34.0
279720,61250,280346,171318.0,41.0
279730,61260,280356,171480.0,41.0
279740,61270,280366,171357.0,47.0
279750,61280,280376,171527.0,28.0
279760,61290,280386,171406.0,22.0
279770,61300,280396,171530.0,31.0
279780,61310,280407,171399.0,27.0
279790,61320,280417,171525.0,39.0
279800,61330,280427,171403.0,41.0
279810,61340,280437,171540.0,44.0
279820,61350,280447,171407.0,35.0
279830,61360,280456,171563.0,33.0
279840,61370,280466,171413.0,34.0
279850,61380,280476,171564.0,33.0
279860,61390,280486,171429.0,39.0
279870,61400,280497,171597.0,36.0
279880,61410,280507,171450.0,37.0
279890,61420,280517,171628.0,51.0
279900,61430,280527,171467.0,42.0
279910,61440,280537,171641.0,38.0
279920,61450,280547,171510.0,37.0
279930,61460,280557,171695.0,46.0
279940,61470,280567,171547.0,49.0
279950,61480,280577,171703.0,50.0
279960,61490,280587,171556.0,33.0
279970,61500,280597,171710.0,34.0
279980,61510,280607,171553.0,40.0
279990,61520,280617,171739.0,27.0
280000,61530,280627,171554.0,41.0
280010,61540,280637,171729.0,25.0
280020,61550,280647,171561.0,54.0
280030,61560,280657,171726.0,29.0
280040,61570,280667,171577.0,51.0
280050,61580,280677,171767.0,39.0
280060,61590,280687,171609.0,50.0
280070,61600,280697,171790.0,47.0
280080,61610,280707,171620.0,46.0
280090,61620,280717,171802.0,32.0
280100,61630,280727,171639.0,45.0
280110,61640,280737,171821.0,33.0
280120,61650,280747,171663.0,32.0
280130,61660,280757,171851.0,37.0
280140,61670,280767,171682.0,40.0
280150,61680,280777,171825.0,10.0
280160,61690,280787,171554.0,37.0
280170,61700,280797,171577.0,46.0
280180,61710,280807,171235.0,49.0
280190,61720,280817,171280.0,38.0
280200,61730,280827,170925.0,46.0
280210,61740,280837,170956.0,39.0
280220,61750,280847,170704.0,28.0
280230,61760,280858,170767.0,36.0
280240,61770,280868,170571.0,41.0
280250,61780,280878,170669.0,19.0
280260,61790,280888,170475.0,49.0
280270,61800,280898,170637.0,34.0
280280,61810,280908,170456.0,37.0
280290,61820,280918,170616.0,36.0
280300,61830,280928,170470.0,56.0
280310,61840,280937,170649.0,41.0
280320,61850,280948,170497.0,34.0
280330,61860,280958,170670.0,23.0
280340,61870,280968,170527.0,32.0
280350,61880,280978,170695.0,41.0
280360,61890,280988,170568.0,44.0
280370,61900,280998,170754.0,35.0
280380,61910,281008,170636.0,47.0
280390,61920,281018,170825.0,41.0
280400,61930,281028,170698.0,43.0
280410,61940,281038,170888.0,41.0
280420,61950,281048,170722.0,46.0
280430,61960,281058,170906.0,51.0
280440,61970,281068,170744.0,49.0
280450,61980,281078,170930.0,30.0
280460,61990,281088,170749.0,48.0
280470,62000,281098,170915.0,37.0
280480,62010,281108,170744.0,53.0
280490,62020,281118,170904.0,26.0
280500,62030,281128,170722.0,44.0
280510,62040,281138,170886.0,51.0
280520,62050,281148,170682.0,56.0
280530,62060,281158,170838.0,45.0
280540,62070,281168,170665.0,46.0
280550,62080,281178,170829.0,47.0
280560,62090,281188,170621.0,53.0
280570,62100,281198,170806.0,32.0
280580,62110,281208,170610.0,33.0
280590,62120,281218,170772.0,38.0
280600,62130,281228,170597.0,44.0
280610,62140,281238,170772.0,29.0
280620,62150,281248,170581.0,48.0
280630,62160,281258,170741.0,39.0
280640,62170,281268,170551.0,42.0
280650,62180,281278,170738.0,38.0
280660,62190,281288,170544.0,49.0
280670,62200,281298,170741.0,50.0
280680,62210,281309,170540.0,48.0
280690,62220,281319,170751.0,36.0
280700,62230,281329,170540.0,41.0
280710,62240,281339,170736.0,31.0
280720,62250,281349,170537.0,48.0
280730,62260,281359,170723.0,44.0
280740,62270,281369,170509.0,57.0
280750,62280,281379,170715.0,29.0
280760,62290,281389,170509.0,49.0
280770,62300,281399,170703.0,41.0
280780,62310,281409,170532.0,42.0
280790,62320,281419,170719.0,47.0
280800,62330,281429,170536.0,47.0
280810,62340,281439,170761.0,32.0
280820,62350,281449,170567.0,31.0
280830,62360,281459,170813.0,13.0
280840,62370,281469,170616.0,43.0
280850,62380,281479,170847.0,31.0
280860,62390,281489,170614.0,59.0
280870,62400,281499,170851.0,47.0
280880,62410,281509,170638.0,46.0
280890,62420,281519,170837.0,40.0
280900,62430,281529,170633.0,60.0
280910,62440,281539,170880.0,40.0
280920,62450,281549,170675.0,40.0
280930,62460,281559,170903.0,31.0
280940,62470,281569,170702.0,49.0
280950,62480,281579,170883.0,44.0
280960,62490,281589,170640.0,60.0
280970,62500,281599,170789.0,30.0
280980,62510,281609,170428.0,56.0
280990,62520,281619,170514.0,57.0
281000,62530,281629,170105.0,56.0
281010,62540,281639,170224.0,46.0
281020,62550,281649,169850.0,51.0
281030,62560,281659,169982.0,54.0
281040,62570,281669,169690.0,45.0
281050,62580,281679,169876.0,45.0
281060,62590,281689,169598.0,45.0
281070,62600,281699,169828.0,46.0
281080,62610,281709,169579.0,49.0
281090,62620,281719,169833.0,48.0
281100,62630,281729,169637.0,41.0
281110,62640,281739,169882.0,48.0
281120,62650,281749,169678.0,43.0
281130,62660,281760,169938.0,60.0
281140,62670,281770,169738.0,46.0
281150,62680,281780,170040.0,55.0
281160,62690,281790,169839.0,52.0
281170,62700,281800,170140.0,47.0
281180,62710,281810,169925.0,44.0
281190,62720,281820,170216.0,38.0
281200,62730,281830,170003.0,44.0
281210,62740,281840,170294.0,33.0
281220,62750,281850,170082.0,57.0
281230,62760,281860,170407.0,42.0
281240,62770,281870,170129.0,41.0
281250,62780,281880,170475.0,46.0
281260,62790,281890,170204.0,38.0
281270,62800,281900,170537.0,47.0
281280,62810,281910,170236.0,40.0
281290,62820,281920,170548.0,45.0
281300,62830,281930,170253.0,33.0
281310,62840,281940,170577.0,50.0
281320,62850,281950,170283.0,37.0
281330,62860,281960,170612.0,28.0
281340,62870,281970,170312.0,47.0
281350,62880,281980,170629.0,51.0
281360,62890,281990,170316.0,48.0
281370,62900,282000,170618.0,44.0
281380,62910,282010,170370.0,58.0
281390,62920,282020,170676.0,61.0
281400,62930,282030,170389.0,34.0
281410,62940,282040,170704.0,39.0
281420,62950,282050,170434.0,45.0
281430,62960,282060,170746.0,37.0
281440,62970,282070,170463.0,35.0
281450,62980,282080,170804.0,39.0
281460,62990,282090,170535.0,30.0
281470,63000,282100,170861.0,54.0
281480,63010,282110,170592.0,45.0
281490,63020,282121,170920.0,41.0
281500,63030,282131,170639.0,47.0
281510,63040,282141,170965.0,41.0
281520,63050,282150,170677.0,58.0
281530,63060,282160,170996.0,43.0
281540,63070,282170,170712.0,49.0
281550,63080,282180,171028.0,41.0
281560,63090,282190,170716.0,43.0
281570,63100,282200,171046.0,32.0
281580,63110,282211,170749.0,41.0
281590,63120,282221,171047.0,34.0
281600,63130,282231,170759.0,45.0
281610,63140,282241,171070.0,48.0
281620,63150,282251,170757.0,51.0
281630,63160,282261,171111.0,47.0
281640,63170,282271,170812.0,51.0
281650,63180,282281,171156.0,38.0
281660,63190,282291,170868.0,52.0
281670,63200,282301,171224.0,38.0
281680,63210,282311,170889.0,51.0
281690,63220,282321,171219.0,26.0
281700,63230,282331,170901.0,46.0
281710,63240,282341,171224.0,41.0
281720,63250,282351,170885.0,59.0
281730,63260,282361,171259.0,51.0
281740,63270,282371,170924.0,61.0
281750,63280,282381,171276.0,66.0
281760,63290,282391,170964.0,62.0
281770,63300,282401,171334.0,41.0
281780,63310,282411,170998.0,48.0
281790,63320,282421,171348.0,34.0
281800,63330,282431,171031.0,45.0
281810,63340,282441,171374.0,49.0
281820,63350,282451,171004.0,43.0
281830,63360,282461,171271.0,49.0
281840,63370,282471,170825.0,51.0
281850,63380,282481,170998.0,53.0
281860,63390,282491,170504.0,51.0
281870,63400,282501,170677.0,51.0
281880,63410,282511,170189.0,48.0
281890,63420,282521,170385.0,59.0
281900,63430,282531,169948.0,48.0
281910,63440,282541,170159.0,37.0
281920,63450,282551,169787.0,28.0
281930,63460,282561,170032.0,53.0
281940,63470,282572,169643.0,33.0
281950,63480,282582,169902.0,40.0
281960,63490,282592,169532.0,38.0
281970,63500,282602,169838.0,53.0
281980,63510,282612,169552.0,42.0
281990,63520,282621,169938.0,46.0
282000,63530,282631,169689.0,35.0
282010,63540,282641,170062.0,33.0
282020,63550,282651,169816.0,40.0
282030,63560,282662,170192.0,45.0
282040,63570,282672,169926.0,40.0
282050,63580,282682,170309.0,46.0
282060,63590,282692,170002.0,31.0
282070,63600,282702,170373.0,52.0
282080,63610,282712,170081.0,54.0
282090,63620,282722,170439.0,61.0
282100,63630,282732,170142.0,41.0
282110,63640,282742,170484.0,65.0
282120,63650,282752,170160.0,35.0
282130,63660,282762,170499.0,57.0
282140,63670,282772,170166.0,39.0
282150,63680,282782,170494.0,49.0
282160,63690,282792,170179.0,32.0
282170,63700,282802,170517.0,69.0
282180,63710,282812,170204.0,46.0
282190,63720,282822,170544.0,53.0
282200,63730,282832,170223.0,34.0
282210,63740,282842,170533.0,52.0
282220,63750,282852,170222.0,53.0
282230,63760,282862,170578.0,42.0
282240,63770,282872,170254.0,49.0
282250,63780,282882,170592.0,35.0
282260,63790,282892,170265.0,43.0
282270,63800,282902,170600.0,34.0
282280,63810,282912,170295.0,50.0
282290,63820,282922,170605.0,32.0
282300,63830,282932,170309.0,44.0
282310,63840,282942,170644.0,57.0
282320,63850,282952,170333.0,41.0
282330,63860,282962,170655.0,58.0
282340,63870,282972,170349.0,49.0
282350,63880,282982,170700.0,30.0
282360,63890,282992,170415.0,61.0
282370,63900,283002,170726.0,46.0
282380,63910,283012,170416.0,43.0
282390,63920,283022,170745.0,37.0
282400,63930,283033,170450.0,30.0
282410,63940,283043,170781.0,39.0
282420,63950,283053,170473.0,42.0
282430,63960,283063,170790.0,26.0
282440,63970,283073,170487.0,49.0
282450,63980,283083,170826.0,42.0
282460,63990,283093,170536.0,34.0
282470,64000,283103,170897.0,37.0
282480,64010,283112,170608.0,39.0
282490,64020,283123,170956.0,49.0
282500,64030,283133,170637.0,39.0
282510,64040,283143,170971.0,44.0
282520,64050,283153,170644.0,36.0
282530,64060,283163,170960.0,46.0
282540,64070,283173,170670.0,27.0
282550,64080,283183,171012.0,39.0
282560,64090,283193,170706.0,44.0
282570,64100,283203,171017.0,45.0
282580,64110,283213,170701.0,35.0
282590,64120,283223,171023.0,48.0
282600,64130,283233,170700.0,48.0
282610,64140,283243,171015.0,45.0
282620,64150,283253,170697.0,50.0
282630,64160,283263,170996.0,46.0
282640,64170,283273,170711.0,48.0
282650,64180,283283,171011.0,47.0
282660,64190,283293,170720.0,38.0
282670,64200,283303,171037.0,41.0
282680,64210,283313,170770.0,32.0
282690,64220,283323,171117.0,36.0
282700,64230,283333,170828.0,43.0
282710,64240,283343,171163.0,37.0
282720,64250,283353,170856.0,35.0
282730,64260,283363,171158.0,51.0
282740,64270,283373,170871.0,47.0
282750,64280,283383,171127.0,45.0
282760,64290,283393,170806.0,41.0
282770,64300,283403,171035.0,48.0
282780,64310,283413,170639.0,51.0
282790,64320,283423,170853.0,37.0
282800,64330,283433,170467.0,50.0
282810,64340,283443,170662.0,48.0
282820,64350,283453,170289.0,37.0
282830,64360,283463,170494.0,41.0
282840,64370,283473,170129.0,47.0
282850,64380,283484,170359.0,48.0
282860,64390,283494,170038.0,49.0
282870,64400,283504,170296.0,61.0
282880,64410,283514,170055.0,47.0
282890,64420,283524,170316.0,33.0
282900,64430,283534,170137.0,36.0
282910,64440,283544,170436.0,39.0
282920,64450,283554,170227.0,29.0
282930,64460,283564,170533.0,27.0
282940,64470,283574,170343.0,49.0
282950,64480,283584,170613.0,45.0
282960,64490,283594,170395.0,47.0
282970,64500,283604,170668.0,26.0
282980,64510,283614,170465.0,34.0
282990,64520,283624,170745.0,43.0
283000,64530,283634,170564.0,48.0
283010,64540,283644,170835.0,36.0
283020,64550,283654,170633.0,34.0
283030,64560,283664,170917.0,45.0
283040,64570,283674,170660.0,33.0
283050,64580,283684,170897.0,36.0
283060,64590,283694,170666.0,38.0
283070,64600,283704,170919.0,41.0
283080,64610,283714,170653.0,42.0
283090,64620,283724,170916.0,36.0
283100,64630,283734,170676.0,39.0
283110,64640,283744,170904.0,43.0
283120,64650,283754,170639.0,49.0
283130,64660,283764,170875.0,48.0
283140,64670,283774,170643.0,35.0
283150,64680,283784,170871.0,27.0
283160,64690,283794,170616.0,39.0
283170,64700,283804,170862.0,36.0
283180,64710,283814,170633.0,40.0
283190,64720,283824,170872.0,41.0
283200,64730,283834,170622.0,41.0
283210,64740,283845,170867.0,40.0
283220,64750,283855,170619.0,36.0
283230,64760,283865,170865.0,47.0
283240,64770,283875,170637.0,57.0
283250,64780,283884,170870.0,46.0
283260,64790,283894,170593.0,48.0
283270,64800,283904,170830.0,31.0
283280,64810,283914,170562.0,42.0
283290,64820,283924,170846.0,36.0
283300,64830,283935,170637.0,34.0
283310,64840,283945,170903.0,35.0
283320,64850,283955,170741.0,24.0
283330,64860,283965,171001.0,28.0
283340,64870,283975,170811.0,41.0
283350,64880,283985,171040.0,47.0
283360,64890,283995,170833.0,48.0
283370,64900,284005,171050.0,50.0
283380,64910,284015,170860.0,53.0
283390,64920,284025,171089.0,39.0
283400,64930,284035,170908.0,47.0
283410,64940,284045,171139.0,44.0
283420,64950,284055,170932.0,41.0
283430,64960,284065,171185.0,34.0
283440,64970,284075,170989.0,49.0
283450,64980,284085,171227.0,37.0
283460,64990,284095,171042.0,40.0
283470,65000,284105,171257.0,55.0
283480,65010,284115,171061.0,42.0
283490,65020,284125,171260.0,48.0
283500,65030,284135,171061.0,57.0
283510,65040,284145,171250.0,46.0
283520,65050,284155,171065.0,40.0
283530,65060,284165,171250.0,36.0
283540,65070,284175,171041.0,52.0
283550,65080,284185,171219.0,29.0
283560,65090,284195,171010.0,28.0
283570,65100,284205,171185.0,35.0
283580,65110,284215,170989.0,52.0
283590,65120,284225,171204.0,39.0
283600,65130,284235,171004.0,45.0
283610,65140,284245,171188.0,46.0
283620,65150,284255,170977.0,42.0
283630,65160,284265,171125.0,41.0
283640,65170,284275,170830.0,34.0
283650,65180,284285,170912.0,22.0
283660,65190,284295,170590.0,36.0
283670,65200,284306,170639.0,32.0
283680,65210,284316,170363.0,38.0
283690,65220,284326,170473.0,49.0
283700,65230,284336,170194.0,38.0
283710,65240,284346,170295.0,43.0
283720,65250,284356,170075.0,43.0
283730,65260,284366,170193.0,38.0
283740,65270,284376,170026.0,39.0
283750,65280,284385,170187.0,32.0
283760,65290,284396,170034.0,29.0
283770,65300,284406,170210.0,25.0
283780,65310,284416,170087.0,35.0
283790,65320,284426,170262.0,26.0
283800,65330,284436,170159.0,19.0
283810,65340,284446,170340.0,37.0
283820,65350,284456,170269.0,26.0
283830,65360,284466,170466.0,28.0
283840,65370,284476,170371.0,34.0
283850,65380,284486,170579.0,41.0
283860,65390,284496,170470.0,52.0
283870,65400,284506,170661.0,43.0
283880,65410,284516,170581.0,47.0
283890,65420,284526,170739.0,29.0
283900,65430,284536,170620.0,40.0
283910,65440,284546,170761.0,48.0
283920,65450,284556,170629.0,17.0
283930,65460,284566,170749.0,27.0
283940,65470,284576,170619.0,41.0
283950,65480,284586,170788.0,42.0
283960,65490,284596,170688.0,50.0
283970,65500,284606,170865.0,37.0
283980,65510,284616,170804.0,28.0
283990,65520,284626,170951.0,52.0
284000,65530,284636,170890.0,44.0
284010,65540,284646,171016.0,48.0
284020,65550,284656,170888.0,18.0
284030,65560,284666,171033.0,42.0
284040,65570,284676,170908.0,48.0
284050,65580,284686,171024.0,27.0
284060,65590,284696,170928.0,31.0
284070,65600,284706,171060.0,48.0
284080,65610,284716,170918.0,45.0
284090,65620,284726,171032.0,32.0
284100,65630,284736,170908.0,49.0
284110,65640,284746,171003.0,30.0
284120,65650,284757,170881.0,30.0
284130,65660,284767,170982.0,35.0
284140,65670,284777,170893.0,39.0
284150,65680,284787,171038.0,27.0
284160,65690,284797,171003.0,23.0
284170,65700,284807,171158.0,37.0
284180,65710,284817,171121.0,29.0
284190,65720,284827,171241.0,14.0
284200,65730,284837,171224.0,37.0
284210,65740,284847,171283.0,32.0
284220,65750,284857,171235.0,44.0
284230,65760,284867,171309.0,39.0
284240,65770,284877,171200.0,40.0
284250,65780,284887,171243.0,31.0
284260,65790,284897,171154.0,28.0
284270,65800,284907,171237.0,29.0
284280,65810,284917,171146.0,33.0
284290,65820,284927,171212.0,43.0
284300,65830,284937,171173.0,39.0
284310,65840,284947,171229.0,37.0
284320,65850,284957,171174.0,29.0
284330,65860,284967,171255.0,41.0
284340,65870,284977,171187.0,45.0
284350,65880,284987,171188.0,38.0
284360,65890,284997,171140.0,42.0
284370,65900,285007,171161.0,49.0
284380,65910,285017,171147.0,48.0
284390,65920,285027,171181.0,31.0
284400,65930,285037,171218.0,46.0
284410,65940,285047,171224.0,37.0
284420,65950,285057,171238.0,42.0
284430,65960,285067,171231.0,33.0
284440,65970,285077,171231.0,53.0
284450,65980,285087,171226.0,35.0
284460,65990,285097,171203.0,42.0
284470,66000,285107,171174.0,44.0
284480,66010,285118,171144.0,62.0
284490,66020,285128,171063.0,25.0
284500,66030,285138,171029.0,40.0
284510,66040,285147,171016.0,54.0
284520,66050,285157,171010.0,27.0
284530,66060,285167,171000.0,56.0
284540,66070,285177,170991.0,35.0
284550,66080,285187,170983.0,28.0
284560,66090,285197,170988.0,33.0
284570,66100,285208,171019.0,56.0
284580,66110,285218,171015.0,38.0
284590,66120,285228,171009.0,34.0
284600,66130,285238,170940.0,27.0
284610,66140,285248,170938.0,49.0
284620,66150,285258,170883.0,30.0
284630,66160,285268,170887.0,43.0
284640,66170,285278,170855.0,14.0
284650,66180,285288,170903.0,42.0
284660,66190,285298,170920.0,22.0
284670,66200,285308,171024.0,33.0
284680,66210,285318,171092.0,33.0
284690,66220,285328,171194.0,45.0
284700,66230,285338,171229.0,44.0
284710,66240,285348,171318.0,57.0
284720,66250,285358,171318.0,28.0
284730,66260,285368,171403.0,53.0
284740,66270,285378,171425.0,41.0
284750,66280,285388,171450.0,42.0
284760,66290,285398,171457.0,33.0
284770,66300,285408,171472.0,44.0
284780,66310,285418,171454.0,40.0
284790,66320,285428,171454.0,51.0
284800,66330,285438,171429.0,39.0
284810,66340,285448,171435.0,47.0
284820,66350,285458,171429.0,39.0
284830,66360,285468,171418.0,39.0
284840,66370,285478,171414.0,46.0
284850,66380,285488,171429.0,58.0
284860,66390,285498,171414.0,40.0
284870,66400,285508,171438.0,52.0
284880,66410,285518,171434.0,34.0
284890,66420,285528,171480.0,51.0
284900,66430,285538,171486.0,39.0
284910,66440,285548,171481.0,41.0
284920,66450,285558,171513.0,29.0
284930,66460,285569,171492.0,48.0
284940,66470,285579,171507.0,40.0
284950,66480,285589,171524.0,50.0
284960,66490,285599,171529.0,30.0
284970,66500,285609,171544.0,49.0
284980,66510,285619,171546.0,36.0
284990,66520,285629,171550.0,56.0
285000,66530,285638,171549.0,40.0
285010,66540,285648,171507.0,39.0
285020,66550,285659,171512.0,40.0
285030,66560,285669,171509.0,42.0
285040,66570,285679,171557.0,53.0
285050,66580,285689,171550.0,49.0
285060,66590,285699,171646.0,24.0
285070,66600,285709,171616.0,40.0
285080,66610,285719,171634.0,39.0
285090,66620,285729,171590.0,40.0
285100,66630,285739,171611.0,44.0
285110,66640,285749,171562.0,33.0
285120,66650,285759,171632.0,53.0
285130,66660,285769,171623.0,37.0
285140,66670,285779,171722.0,31.0
285150,66680,285789,171760.0,36.0
285160,66690,285799,171869.0,38.0
285170,66700,285809,171889.0,40.0
285180,66710,285819,171967.0,25.0
285190,66720,285829,171940.0,50.0
285200,66730,285839,171967.0,32.0
285210,66740,285849,171916.0,49.0
285220,66750,285859,172009.0,32.0
285230,66760,285869,171997.0,57.0
285240,66770,285879,172080.0,38.0
285250,66780,285889,172076.0,34.0
285260,66790,285899,172120.0,34.0
285270,66800,285909,172092.0,37.0
285280,66810,285919,172130.0,42.0
285290,66820,285929,172123.0,28.0
285300,66830,285939,172211.0,23.0
285310,66840,285949,172185.0,32.0
285320,66850,285959,172259.0,27.0
285330,66860,285969,172230.0,42.0
285340,66870,285979,172300.0,36.0
285350,66880,285989,172225.0,51.0
285360,66890,285999,172279.0,52.0
285370,66900,286009,172176.0,57.0
285380,66910,286020,172214.0,33.0
285390,66920,286030,172041.0,38.0
285400,66930,286040,172014.0,32.0
285410,66940,286050,171816.0,39.0
285420,66950,286060,171777.0,40.0
285430,66960,286070,171587.0,56.0
285440,66970,286080,171583.0,40.0
285450,66980,286090,171454.0,37.0
285460,66990,286100,171497.0,39.0
285470,67000,286110,171362.0,43.0
285480,67010,286120,171420.0,47.0
285490,67020,286130,171297.0,41.0
285500,67030,286140,171397.0,46.0
285510,67040,286150,171303.0,46.0
285520,67050,286160,171432.0,28.0
285530,67060,286170,171353.0,31.0
285540,67070,286180,171507.0,36.0
285550,67080,286190,171431.0,22.0
285560,67090,286200,171624.0,34.0
285570,67100,286210,171505.0,42.0
285580,67110,286220,171666.0,29.0
285590,67120,286230,171586.0,44.0
285600,67130,286240,171721.0,45.0
285610,67140,286250,171636.0,39.0
285620,67150,286260,171818.0,55.0
285630,67160,286270,171721.0,55.0
285640,67170,286280,171902.0,31.0
285650,67180,286290,171784.0,43.0
285660,67190,286300,171940.0,30.0
285670,67200,286310,171802.0,43.0
285680,67210,286320,171920.0,44.0
285690,67220,286330,171797.0,36.0
285700,67230,286340,171951.0,36.0
285710,67240,286350,171823.0,35.0
285720,67250,286360,171966.0,9.0
285730,67260,286370,171796.0,55.0
285740,67270,286381,171931.0,40.0
285750,67280,286391,171770.0,30.0
285760,67290,286401,171939.0,42.0
285770,67300,286411,171777.0,41.0
285780,67310,286420,171942.0,43.0
285790,67320,286430,171776.0,40.0
285800,67330,286440,171938.0,39.0
285810,67340,286450,171767.0,53.0
285820,67350,286460,171924.0,28.0
285830,67360,286471,171743.0,46.0
285840,67370,286481,171904.0,47.0
285850,67380,286491,171763.0,42.0
285860,67390,286501,171947.0,37.0
285870,67400,286511,171790.0,49.0
285880,67410,286521,171956.0,42.0
285890,67420,286531,171816.0,48.0
285900,67430,286541,171959.0,46.0
285910,67440,286551,171787.0,37.0
285920,67450,286561,171939.0,38.0
285930,67460,286571,171758.0,48.0
285940,67470,286581,171914.0,41.0
285950,67480,286591,171757.0,37.0
285960,67490,286601,171900.0,33.0
285970,67500,286611,171716.0,48.0
285980,67510,286621,171899.0,39.0
285990,67520,286631,171740.0,49.0
286000,67530,286641,171892.0,39.0
286010,67540,286651,171734.0,43.0
286020,67550,286661,171897.0,41.0
286030,67560,286671,171725.0,39.0
286040,67570,286681,171924.0,42.0
286050,67580,286691,171734.0,41.0
286060,67590,286701,171944.0,33.0
286070,67600,286711,171771.0,34.0
286080,67610,286721,171993.0,37.0
286090,67620,286731,171801.0,31.0
286100,67630,286741,171992.0,25.0
286110,67640,286751,171793.0,52.0
286120,67650,286761,171993.0,53.0
286130,67660,286771,171788.0,37.0
286140,67670,286781,171968.0,36.0
286150,67680,286791,171758.0,56.0
286160,67690,286801,171949.0,38.0
286170,67700,286811,171779.0,41.0
286180,67710,286821,171983.0,44.0
286190,67720,286831,171824.0,40.0
286200,67730,286842,172061.0,32.0
286210,67740,286852,171867.0,34.0
286220,67750,286862,171986.0,28.0
286230,67760,286872,171678.0,36.0
286240,67770,286882,171767.0,41.0
286250,67780,286892,171455.0,49.0
286260,67790,286902,171533.0,40.0
286270,67800,286912,171239.0,35.0
286280,67810,286921,171398.0,35.0
286290,67820,286932,171147.0,39.0
286300,67830,286942,171351.0,45.0
286310,67840,286952,171160.0,35.0
286320,67850,286962,171369.0,34.0
286330,67860,286972,171201.0,40.0
286340,67870,286982,171422.0,25.0
286350,67880,286992,171213.0,41.0
286360,67890,287002,171462.0,31.0
286370,67900,287012,171271.0,41.0
286380,67910,287022,171538.0,42.0
286390,67920,287032,171363.0,58.0
286400,67930,287042,171644.0,46.0
286410,67940,287052,171435.0,49.0
286420,67950,287062,171693.0,33.0
286430,67960,287072,171505.0,39.0
286440,67970,287082,171782.0,37.0
286450,67980,287092,171614.0,29.0
286460,67990,287102,171888.0,41.0
286470,68000,287112,171686.0,41.0
286480,68010,287122,171911.0,41.0
286490,68020,287132,171676.0,44.0
286500,68030,287142,171914.0,45.0
286510,68040,287152,171684.0,53.0
286520,68050,287162,171913.0,56.0
286530,68060,287172,171689.0,53.0
286540,68070,287182,171931.0,47.0
286550,68080,287192,171708.0,52.0
286560,68090,287202,171931.0,36.0
286570,68100,287212,171713.0,52.0
286580,68110,287222,171970.0,36.0
286590,68120,287232,171723.0,43.0
286600,68130,287242,171964.0,37.0
286610,68140,287252,171716.0,39.0
286620,68150,287262,171961.0,35.0
286630,68160,287272,171719.0,44.0
286640,68170,287282,171959.0,39.0
286650,68180,287293,171731.0,52.0
286660,68190,287303,172032.0,38.0
286670,68200,287313,171803.0,43.0
286680,68210,287323,172067.0,55.0
286690,68220,287333,171840.0,43.0
286700,68230,287343,172132.0,40.0
286710,68240,287353,171874.0,57.0
286720,68250,287363,172169.0,39.0
286730,68260,287373,171945.0,53.0
286740,68270,287383,172208.0,40.0
286750,68280,287393,172006.0,48.0
286760,68290,287403,172272.0,45.0
286770,68300,287413,172028.0,69.0
286780,68310,287423,172302.0,36.0
286790,68320,287433,172068.0,42.0
286800,68330,287443,172353.0,41.0
286810,68340,287453,172131.0,41.0
286820,68350,287463,172409.0,46.0
286830,68360,287473,172140.0,60.0
286840,68370,287483,172399.0,43.0
286850,68380,287493,172107.0,63.0
286860,68390,287503,172369.0,42.0
286870,68400,287513,172104.0,62.0
286880,68410,287523,172387.0,61.0
286890,68420,287533,172154.0,54.0
286900,68430,287543,172433.0,53.0
286910,68440,287553,172193.0,56.0
286920,68450,287563,172465.0,45.0
286930,68460,287573,172252.0,49.0
286940,68470,287583,172510.0,41.0
286950,68480,287593,172266.0,58.0
286960,68490,287603,172532.0,45.0
286970,68500,287613,172274.0,65.0
286980,68510,287623,172551.0,46.0
286990,68520,287633,172294.0,52.0
287000,68530,287643,172583.0,38.0
287010,68540,287653,172297.0,46.0
287020,68550,287663,172560.0,48.0
287030,68560,287673,172234.0,36.0
287040,68570,287683,172442.0,41.0
287050,68580,287693,172032.0,51.0
287060,68590,287703,172165.0,44.0
287070,68600,287713,171733.0,51.0
287080,68610,287723,171882.0,36.0
287090,68620,287733,171453.0,52.0
287100,68630,287744,171647.0,46.0
287110,68640,287754,171266.0,42.0
287120,68650,287764,171489.0,39.0
287130,68660,287774,171139.0,44.0
287140,68670,287784,171425.0,46.0
287150,68680,287794,171114.0,41.0
287160,68690,287804,171397.0,38.0
287170,68700,287814,171076.0,49.0
287180,68710,287824,171375.0,34.0
287190,68720,287834,171094.0,32.0
287200,68730,287844,171407.0,45.0
287210,68740,287854,171160.0,48.0
287220,68750,287864,171479.0,45.0
287230,68760,287874,171239.0,48.0
287240,68770,287884,171601.0,35.0
287250,68780,287894,171344.0,55.0
287260,68790,287904,171686.0,50.0
287270,68800,287914,171439.0,48.0
287280,68810,287924,171737.0,49.0
287290,68820,287934,171499.0,33.0
287300,68830,287944,171802.0,47.0
287310,68840,287954,171561.0,46.0
287320,68850,287964,171901.0,35.0
287330,68860,287974,171676.0,45.0
287340,68870,287984,171969.0,37.0
287350,68880,287994,171742.0,50.0
287360,68890,288004,172010.0,42.0
287370,68900,288014,171759.0,48.0
287380,68910,288024,172030.0,50.0
287390,68920,288034,171756.0,60.0
287400,68930,288044,172059.0,53.0
287410,68940,288054,171789.0,47.0
287420,68950,288064,172110.0,37.0
287430,68960,288074,171846.0,45.0
287440,68970,288084,172163.0,34.0
287450,68980,288094,171914.0,40.0
287460,68990,288105,172228.0,39.0
287470,69000,288115,171982.0,58.0
287480,69010,288125,172301.0,53.0
287490,69020,288135,172062.0,60.0
287500,69030,288144,172347.0,47.0
287510,69040,288154,172087.0,49.0
287520,69050,288164,172393.0,29.0
287530,69060,288174,172104.0,41.0
287540,69070,288184,172429.0,32.0
287550,69080,288195,172138.0,47.0
287560,69090,288205,172475.0,38.0
287570,69100,288215,172164.0,58.0
287580,69110,288225,172482.0,33.0
287590,69120,288235,172211.0,61.0
287600,69130,288245,172542.0,54.0
287610,69140,288255,172246.0,58.0
287620,69150,288265,172559.0,59.0
287630,69160,288275,172273.0,65.0
287640,69170,288285,172599.0,33.0
287650,69180,288295,172310.0,54.0
287660,69190,288305,172668.0,39.0
287670,69200,288315,172366.0,45.0
287680,69210,288325,172715.0,47.0
287690,69220,288335,172384.0,53.0
287700,69230,288345,172704.0,56.0
287710,69240,288355,172380.0,63.0
287720,69250,288365,172685.0,51.0
287730,69260,288375,172389.0,50.0
287740,69270,288385,172740.0,45.0
287750,69280,288395,172419.0,45.0
287760,69290,288405,172712.0,54.0
287770,69300,288415,172397.0,44.0
287780,69310,288425,172696.0,33.0
287790,69320,288435,172403.0,47.0
287800,69330,288445,172743.0,38.0
287810,69340,288455,172461.0,20.0
287820,69350,288465,172789.0,24.0
287830,69360,288475,172517.0,54.0
287840,69370,288485,172788.0,50.0
287850,69380,288495,172487.0,40.0
287860,69390,288505,172743.0,56.0
287870,69400,288515,172427.0,49.0
287880,69410,288525,172717.0,45.0
287890,69420,288535,172443.0,58.0
287900,69430,288545,172703.0,54.0
287910,69440,288555,172411.0,27.0
287920,69450,288566,172596.0,46.0
287930,69460,288576,172243.0,53.0
287940,69470,288586,172403.0,43.0
287950,69480,288596,172010.0,34.0
287960,69490,288606,172182.0,45.0
287970,69500,288616,171748.0,41.0
287980,69510,288626,171933.0,56.0
287990,69520,288636,171588.0,33.0
288000,69530,288646,171828.0,43.0
288010,69540,288656,171503.0,41.0
288020,69550,288666,171751.0,38.0
288030,69560,288676,171458.0,41.0
288040,69570,288686,171698.0,46.0
288050,69580,288696,171417.0,32.0
288060,69590,288706,171736.0,39.0
288070,69600,288716,171465.0,36.0
288080,69610,288726,171774.0,44.0
288090,69620,288736,171555.0,49.0
288100,69630,288746,171892.0,55.0
288110,69640,288756,171655.0,45.0
288120,69650,288766,171975.0,40.0
288130,69660,288776,171756.0,44.0
288140,69670,288786,172046.0,48.0
288150,69680,288796,171818.0,37.0
288160,69690,288806,172142.0,37.0
288170,69700,288816,171908.0,48.0
288180,69710,288826,172214.0,42.0
288190,69720,288836,171952.0,36.0
288200,69730,288846,172228.0,26.0
288210,69740,288856,171967.0,49.0
288220,69750,288866,172261.0,37.0
288230,69760,288876,172013.0,55.0
288240,69770,288886,172286.0,39.0
288250,69780,288896,172017.0,54.0
288260,69790,288906,172264.0,46.0
288270,69800,288916,172005.0,49.0
288280,69810,288926,172279.0,42.0
288290,69820,288936,172025.0,33.0
288300,69830,288946,172312.0,44.0
288310,69840,288956,172023.0,35.0
288320,69850,288966,172281.0,40.0
288330,69860,288976,171988.0,40.0
288340,69870,288986,172253.0,42.0
288350,69880,288996,172014.0,54.0
288360,69890,289006,172294.0,49.0
288370,69900,289017,172039.0,33.0
288380,69910,289027,172323.0,42.0
288390,69920,289037,172088.0,41.0
288400,69930,289047,172380.0,49.0
288410,69940,289057,172114.0,38.0
288420,69950,289067,172400.0,47.0
288430,69960,289077,172176.0,34.0
288440,69970,289087,172446.0,39.0
288450,69980,289097,172193.0,50.0
288460,69990,289107,172496.0,50.0
288470,70000,289117,172245.0,55.0
288480,70010,289127,172498.0,46.0
288490,70020,289137,172239.0,47.0
288500,70030,289147,172476.0,26.0
288510,70040,289157,172219.0,51.0
288520,70050,289167,172461.0,38.0
288530,70060,289177,172214.0,41.0
288540,70070,289187,172455.0,40.0
288550,70080,289197,172258.0,51.0
288560,70090,289207,172511.0,42.0
288570,70100,289217,172273.0,60.0
288580,70110,289227,172544.0,46.0
288590,70120,289237,172302.0,55.0
288600,70130,289247,172594.0,40.0
288610,70140,289257,172348.0,44.0
288620,70150,289267,172615.0,46.0
288630,70160,289277,172375.0,45.0
288640,70170,289287,172621.0,47.0
288650,70180,289297,172413.0,47.0
288660,70190,289307,172648.0,39.0
288670,70200,289317,172419.0,40.0
288680,70210,289327,172622.0,47.0
288690,70220,289337,172361.0,41.0
288700,70230,289347,172546.0,46.0
288710,70240,289357,172312.0,52.0
288720,70250,289367,172522.0,37.0
288730,70260,289377,172253.0,35.0
288740,70270,289387,172420.0,34.0
288750,70280,289397,172116.0,38.0
288760,70290,289407,172236.0,31.0
288770,70300,289417,171888.0,36.0
288780,70310,289427,171995.0,38.0
288790,70320,289437,171686.0,30.0
288800,70330,289447,171813.0,44.0
288810,70340,289457,171536.0,31.0
288820,70350,289468,171713.0,39.0
288830,70360,289478,171458.0,64.0
288840,70370,289488,171660.0,40.0
288850,70380,289498,171444.0,28.0
288860,70390,289508,171649.0,33.0
288870,70400,289518,171443.0,28.0
288880,70410,289528,171693.0,45.0
288890,70420,289538,171479.0,30.0
288900,70430,289548,171704.0,28.0
288910,70440,289558,171516.0,45.0
288920,70450,289568,171775.0,50.0
288930,70460,289578,171598.0,24.0
288940,70470,289588,171870.0,43.0
288950,70480,289598,171699.0,43.0
288960,70490,289608,171991.0,29.0
288970,70500,289618,171827.0,55.0
288980,70510,289628,172092.0,47.0
288990,70520,289638,171893.0,40.0
289000,70530,289648,172123.0,46.0
289010,70540,289658,171915.0,39.0
289020,70550,289668,172133.0,28.0
289030,70560,289678,171941.0,33.0
289040,70570,289688,172168.0,34.0
289050,70580,289698,171948.0,45.0
289060,70590,289708,172171.0,48.0
289070,70600,289718,171966.0,39.0
289080,70610,289728,172197.0,38.0
289090,70620,289738,171995.0,44.0
289100,70630,289748,172220.0,51.0
289110,70640,289758,172024.0,34.0
289120,70650,289768,172241.0,49.0
289130,70660,289778,172035.0,27.0
289140,70670,289788,172247.0,24.0
289150,70680,289798,172048.0,36.0
289160,70690,289808,172223.0,36.0
289170,70700,289818,172035.0,34.0
289180,70710,289829,172220.0,58.0
289190,70720,289839,172021.0,38.0
289200,70730,289849,172218.0,49.0
289210,70740,289859,172048.0,37.0
289220,70750,289869,172252.0,47.0
289230,70760,289878,172090.0,41.0
289240,70770,289888,172310.0,47.0
289250,70780,289898,172134.0,43.0
289260,70790,289908,172356.0,37.0
289270,70800,289919,172175.0,35.0
289280,70810,289929,172377.0,39.0
289290,70820,289939,172178.0,41.0
289300,70830,289949,172371.0,18.0
289310,70840,289959,172194.0,48.0
289320,70850,289969,172370.0,44.0
289330,70860,289979,172196.0,53.0
289340,70870,289989,172394.0,43.0
289350,70880,289999,172206.0,33.0
289360,70890,290009,172380.0,19.0
289370,70900,290019,172194.0,38.0
289380,70910,290029,172393.0,30.0
289390,70920,290039,172249.0,32.0
289400,70930,290049,172412.0,39.0
289410,70940,290059,172277.0,37.0
289420,70950,290069,172436.0,37.0
289430,70960,290079,172274.0,36.0
289440,70970,290089,172451.0,41.0
289450,70980,290099,172302.0,41.0
289460,70990,290109,172430.0,53.0
289470,71000,290119,172282.0,37.0
289480,71010,290129,172423.0,31.0
289490,71020,290139,172286.0,29.0
289500,71030,290149,172430.0,35.0
289510,71040,290159,172281.0,26.0
289520,71050,290169,172420.0,34.0
289530,71060,290179,172226.0,31.0
289540,71070,290189,172296.0,38.0
289550,71080,290199,172015.0,32.0
289560,71090,290209,172021.0,46.0
289570,71100,290219,171782.0,49.0
289580,71110,290229,171818.0,35.0
289590,71120,290239,171589.0,47.0
289600,71130,290249,171650.0,31.0
289610,71140,290259,171461.0,24.0
289620,71150,290269,171535.0,31.0
289630,71160,290280,171371.0,32.0
289640,71170,290290,171472.0,35.0
289650,71180,290300,171340.0,33.0
289660,71190,290310,171455.0,29.0
289670,71200,290320,171343.0,31.0
289680,71210,290330,171499.0,31.0
289690,71220,290340,171392.0,35.0
289700,71230,290350,171541.0,40.0
289710,71240,290359,171447.0,44.0
289720,71250,290370,171597.0,34.0
289730,71260,290380,171528.0,39.0
289740,71270,290390,171643.0,37.0
289750,71280,290400,171557.0,42.0
289760,71290,290410,171721.0,40.0
289770,71300,290420,171625.0,30.0
289780,71310,290430,171751.0,45.0
289790,71320,290440,171691.0,42.0
289800,71330,290450,171802.0,41.0
289810,71340,290460,171739.0,42.0
289820,71350,290470,171827.0,54.0
289830,71360,290480,171743.0,50.0
289840,71370,290490,171822.0,28.0
289850,71380,290500,171711.0,45.0
289860,71390,290510,171851.0,37.0
289870,71400,290520,171779.0,34.0
289880,71410,290530,171878.0,35.0
289890,71420,290540,171804.0,42.0
289900,71430,290550,171887.0,44.0
289910,71440,290560,171776.0,47.0
289920,71450,290570,171826.0,39.0
289930,71460,290580,171772.0,45.0
289940,71470,290590,171888.0,35.0
289950,71480,290600,171839.0,42.0
289960,71490,290610,171932.0,41.0
289970,71500,290620,171854.0,42.0
289980,71510,290630,171888.0,38.0
289990,71520,290640,171815.0,33.0
290000,71530,290650,171882.0,26.0
290010,71540,290660,171854.0,39.0
290020,71550,290670,171933.0,43.0
290030,71560,290680,171907.0,39.0
290040,71570,290690,171982.0,46.0
290050,71580,290700,171940.0,29.0
290060,71590,290710,172033.0,37.0
290070,71600,290720,171991.0,50.0
290080,71610,290731,172080.0,40.0
290090,71620,290741,172092.0,25.0
290100,71630,290751,172196.0,35.0
290110,71640,290761,172201.0,37.0
290120,71650,290771,172284.0,21.0
290130,71660,290781,172255.0,43.0
290140,71670,290791,172290.0,24.0
290150,71680,290801,172246.0,36.0
290160,71690,290811,172318.0,36.0
290170,71700,290821,172276.0,46.0
290180,71710,290831,172336.0,38.0
290190,71720,290841,172316.0,46.0
290200,71730,290851,172370.0,44.0
290210,71740,290861,172356.0,35.0
290220,71750,290871,172415.0,31.0
290230,71760,290881,172382.0,41.0
290240,71770,290891,172418.0,42.0
290250,71780,290901,172404.0,29.0
290260,71790,290911,172432.0,49.0
290270,71800,290921,172429.0,34.0
290280,71810,290931,172512.0,44.0
290290,71820,290941,172519.0,47.0
290300,71830,290951,172555.0,48.0
290310,71840,290961,172530.0,38.0
290320,71850,290971,172562.0,42.0
290330,71860,290981,172530.0,21.0
290340,71870,290991,172598.0,49.0
290350,71880,291001,172549.0,24.0
290360,71890,291011,172564.0,52.0
290370,71900,291021,172515.0,34.0
290380,71910,291031,172531.0,40.0
290390,71920,291041,172499.0,24.0
290400,71930,291051,172460.0,50.0
290410,71940,291061,172385.0,33.0
290420,71950,291071,172293.0,50.0
290430,71960,291081,172170.0,27.0
290440,71970,291091,172043.0,47.0
290450,71980,291101,171922.0,40.0
290460,71990,291111,171825.0,42.0
290470,72000,291121,171740.0,29.0
290480,72010,291131,171666.0,46.0
290490,72020,291141,171621.0,46.0
290500,72030,291151,171554.0,43.0
290510,72040,291161,171501.0,39.0
290520,72050,291172,171487.0,61.0
290530,72060,291182,171447.0,37.0
290540,72070,291192,171422.0,43.0
290550,72080,291202,171422.0,39.0
290560,72090,291212,171419.0,53.0
290570,72100,291222,171434.0,28.0
290580,72110,291232,171457.0,26.0
290590,72120,291242,171522.0,43.0
290600,72130,291252,171565.0,41.0
290610,72140,291262,171640.0,45.0
290620,72150,291272,171639.0,45.0
290630,72160,291282,171686.0,44.0
290640,72170,291292,171691.0,31.0
290650,72180,291302,171751.0,49.0
290660,72190,291312,171756.0,24.0
290670,72200,291322,171826.0,40.0
290680,72210,291332,171804.0,33.0
290690,72220,291342,171875.0,31.0
290700,72230,291352,171842.0,47.0
290710,72240,291362,171883.0,51.0
290720,72250,291372,171838.0,51.0
290730,72260,291382,171880.0,42.0
290740,72270,291392,171851.0,46.0
290750,72280,291402,171906.0,61.0
290760,72290,291412,171863.0,50.0
290770,72300,291422,171911.0,54.0
290780,72310,291432,171895.0,50.0
290790,72320,291442,171928.0,31.0
290800,72330,291452,171889.0,44.0
290810,72340,291462,171942.0,31.0
290820,72350,291472,171886.0,37.0
290830,72360,291482,171952.0,24.0
290840,72370,291492,171898.0,50.0
290850,72380,291502,171942.0,45.0
290860,72390,291512,171902.0,43.0
290870,72400,291522,171945.0,41.0
290880,72410,291532,171913.0,47.0
290890,72420,291543,171967.0,39.0
290900,72430,291553,171925.0,48.0
290910,72440,291562,171979.0,42.0
290920,72450,291572,171955.0,34.0
290930,72460,291582,172010.0,33.0
290940,72470,291592,171959.0,42.0
290950,72480,291602,172028.0,27.0
290960,72490,291612,171970.0,52.0
290970,72500,291623,172024.0,42.0
290980,72510,291633,171954.0,50.0
290990,72520,291643,172064.0,50.0
291000,72530,291653,171952.0,55.0
291010,72540,291663,172044.0,27.0
291020,72550,291673,171955.0,32.0
291030,72560,291683,172047.0,42.0
291040,72570,291693,171950.0,37.0
291050,72580,291703,172068.0,44.0
291060,72590,291713,171968.0,28.0
291070,72600,291723,172090.0,34.0
291080,72610,291733,171992.0,52.0
291090,72620,291743,172123.0,47.0
291100,72630,291753,171976.0,39.0
291110,72640,291763,172109.0,41.0
291120,72650,291773,172006.0,44.0
291130,72660,291783,172167.0,48.0
291140,72670,291793,172052.0,52.0
291150,72680,291803,172194.0,35.0
291160,72690,291813,172085.0,37.0
291170,72700,291823,172210.0,35.0
291180,72710,291833,172060.0,36.0
291190,72720,291843,172190.0,39.0
291200,72730,291853,172019.0,48.0
291210,72740,291863,172126.0,43.0
291220,72750,291873,171981.0,37.0
291230,72760,291883,172103.0,40.0
291240,72770,291893,171990.0,47.0
291250,72780,291903,172115.0,41.0
291260,72790,291913,171944.0,45.0
291270,72800,291923,172072.0,50.0
291280,72810,291933,171875.0,45.0
291290,72820,291943,171928.0,43.0
291300,72830,291953,171685.0,42.0
291310,72840,291963,171717.0,47.0
291320,72850,291973,171442.0,26.0
291330,72860,291984,171480.0,51.0
291340,72870,291994,171249.0,38.0
291350,72880,292004,171305.0,23.0
291360,72890,292014,171102.0,55.0
291370,72900,292023,171205.0,47.0
291380,72910,292033,171015.0,41.0
291390,72920,292043,171153.0,39.0
291400,72930,292053,170983.0,37.0
291410,72940,292063,171130.0,36.0
291420,72950,292074,171009.0,36.0
291430,72960,292084,171168.0,33.0
291440,72970,292094,171062.0,36.0
291450,72980,292104,171245.0,42.0
291460,72990,292114,171129.0,47.0
291470,73000,292124,171326.0,51.0
291480,73010,292134,171184.0,41.0
291490,73020,292144,171393.0,39.0
291500,73030,292154,171272.0,45.0
291510,73040,292164,171491.0,23.0
291520,73050,292174,171363.0,34.0
291530,73060,292184,171569.0,42.0
291540,73070,292194,171424.0,40.0
291550,73080,292204,171597.0,34.0
291560,73090,292214,171445.0,49.0
291570,73100,292224,171625.0,33.0
291580,73110,292234,171459.0,53.0
291590,73120,292244,171652.0,46.0
291600,73130,292254,171476.0,49.0
291610,73140,292264,171650.0,41.0
291620,73150,292274,171457.0,54.0
291630,73160,292284,171653.0,42.0
291640,73170,292294,171470.0,29.0
291650,73180,292304,171636.0,35.0
291660,73190,292314,171440.0,43.0
291670,73200,292324,171649.0,33.0
291680,73210,292334,171482.0,36.0
291690,73220,292344,171679.0,45.0
291700,73230,292354,171487.0,51.0
291710,73240,292364,171718.0,37.0
291720,73250,292374,171513.0,51.0
291730,73260,292384,171733.0,43.0
291740,73270,292394,171557.0,41.0
291750,73280,292404,171770.0,49.0
291760,73290,292414,171573.0,56.0
291770,73300,292424,171769.0,37.0
291780,73310,292434,171575.0,49.0
291790,73320,292445,171790.0,28.0
291800,73330,292455,171580.0,60.0
291810,73340,292465,171777.0,36.0
291820,73350,292475,171593.0,35.0
291830,73360,292485,171794.0,54.0
291840,73370,292495,171636.0,56.0
291850,73380,292505,171870.0,49.0
291860,73390,292515,171680.0,53.0
291870,73400,292524,171882.0,54.0
291880,73410,292535,171698.0,44.0
291890,73420,292545,171933.0,40.0
291900,73430,292555,171715.0,43.0
291910,73440,292565,171938.0,34.0
291920,73450,292575,171759.0,43.0
291930,73460,292585,171954.0,45.0
291940,73470,292595,171743.0,40.0
291950,73480,292605,171969.0,43.0
291960,73490,292615,171748.0,55.0
291970,73500,292625,171937.0,50.0
291980,73510,292635,171729.0,47.0
291990,73520,292645,171942.0,51.0
292000,73530,292655,171697.0,48.0
292010,73540,292665,171915.0,40.0
292020,73550,292675,171680.0,59.0
292030,73560,292685,171882.0,41.0
292040,73570,292695,171669.0,39.0
292050,73580,292705,171887.0,34.0
292060,73590,292715,171643.0,51.0
292070,73600,292725,171841.0,39.0
292080,73610,292735,171586.0,46.0
292090,73620,292745,171728.0,63.0
292100,73630,292755,171405.0,43.0
292110,73640,292765,171504.0,50.0
292120,73650,292775,171143.0,56.0
292130,73660,292785,171258.0,57.0
292140,73670,292795,170902.0,50.0
292150,73680,292805,170995.0,35.0
292160,73690,292815,170698.0,42.0
292170,73700,292825,170858.0,38.0
292180,73710,292835,170592.0,39.0
292190,73720,292845,170790.0,34.0
292200,73730,292855,170566.0,55.0
292210,73740,292865,170781.0,46.0
292220,73750,292875,170590.0,51.0
292230,73760,292885,170852.0,51.0
292240,73770,292896,170638.0,55.0
292250,73780,292906,170951.0,44.0
292260,73790,292916,170768.0,42.0
292270,73800,292926,171080.0,37.0
292280,73810,292936,170894.0,47.0
292290,73820,292946,171183.0,49.0
292300,73830,292956,170972.0,42.0
292310,73840,292966,171232.0,28.0
292320,73850,292976,171010.0,66.0
292330,73860,292986,171267.0,59.0
292340,73870,292996,171061.0,62.0
292350,73880,293006,171342.0,47.0
292360,73890,293016,171133.0,55.0
292370,73900,293026,171395.0,46.0
292380,73910,293036,171156.0,56.0
292390,73920,293046,171431.0,56.0
292400,73930,293056,171191.0,53.0
292410,73940,293066,171459.0,45.0
292420,73950,293076,171204.0,48.0
292430,73960,293086,171486.0,60.0
292440,73970,293096,171264.0,57.0
292450,73980,293106,171529.0,62.0
292460,73990,293116,171280.0,62.0
292470,74000,293126,171552.0,54.0
292480,74010,293136,171313.0,58.0
292490,74020,293146,171570.0,56.0
292500,74030,293156,171326.0,52.0
292510,74040,293166,171638.0,54.0
292520,74050,293176,171361.0,36.0
292530,74060,293186,171657.0,42.0
292540,74070,293196,171384.0,39.0
292550,74080,293206,171675.0,32.0
292560,74090,293216,171383.0,26.0
292570,74100,293226,171661.0,43.0
292580,74110,293236,171370.0,37.0
292590,74120,293246,171667.0,47.0
292600,74130,293256,171367.0,47.0
292610,74140,293266,171636.0,42.0
292620,74150,293276,171326.0,52.0
292630,74160,293286,171628.0,52.0
292640,74170,293296,171320.0,46.0
292650,74180,293306,171626.0,40.0
292660,74190,293316,171351.0,32.0
292670,74200,293326,171668.0,46.0
292680,74210,293336,171379.0,34.0
292690,74220,293347,171676.0,40.0
292700,74230,293357,171373.0,66.0
292710,74240,293367,171687.0,59.0
292720,74250,293377,171381.0,54.0
292730,74260,293387,171668.0,35.0
292740,74270,293397,171371.0,32.0
292750,74280,293407,171689.0,39.0
292760,74290,293417,171407.0,40.0
292770,74300,293427,171712.0,41.0
292780,74310,293437,171408.0,48.0
292790,74320,293447,171707.0,30.0
292800,74330,293457,171421.0,50.0
292810,74340,293467,171699.0,47.0
292820,74350,293477,171379.0,36.0
292830,74360,293487,171660.0,38.0
292840,74370,293497,171388.0,32.0
292850,74380,293507,171690.0,36.0
292860,74390,293517,171445.0,42.0
292870,74400,293527,171784.0,42.0
292880,74410,293537,171500.0,37.0
292890,74420,293547,171784.0,22.0
292900,74430,293557,171509.0,33.0
292910,74440,293567,171844.0,49.0
292920,74450,293577,171547.0,50.0
292930,74460,293587,171876.0,44.0
292940,74470,293597,171580.0,48.0
292950,74480,293607,171915.0,49.0
292960,74490,293617,171572.0,55.0
292970,74500,293627,171858.0,47.0
292980,74510,293637,171506.0,49.0
292990,74520,293647,171774.0,47.0
293000,74530,293657,171396.0,36.0
293010,74540,293667,171598.0,42.0
293020,74550,293677,171154.0,56.0
293030,74560,293687,171355.0,46.0
293040,74570,293697,170976.0,53.0
293050,74580,293708,171168.0,49.0
293060,74590,293718,170760.0,59.0
293070,74600,293728,170994.0,60.0
293080,74610,293737,170629.0,54.0
293090,74620,293747,170918.0,39.0
293100,74630,293757,170582.0,49.0
293110,74640,293767,170872.0,45.0
293120,74650,293777,170584.0,48.0
293130,74660,293787,170895.0,33.0
293140,74670,293798,170597.0,46.0
293150,74680,293808,170959.0,47.0
293160,74690,293818,170700.0,40.0
293170,74700,293828,171070.0,46.0
293180,74710,293838,170826.0,49.0
293190,74720,293848,171143.0,50.0
293200,74730,293858,170880.0,49.0
293210,74740,293868,171193.0,41.0
293220,74750,293878,170910.0,47.0
293230,74760,293888,171283.0,47.0
293240,74770,293898,171015.0,39.0
293250,74780,293908,171375.0,39.0
293260,74790,293918,171076.0,53.0
293270,74800,293928,171383.0,42.0
293280,74810,293938,171063.0,54.0
293290,74820,293948,171344.0,51.0
293300,74830,293958,171045.0,48.0
293310,74840,293968,171330.0,58.0
293320,74850,293978,171044.0,33.0
293330,74860,293988,171330.0,41.0
293340,74870,293998,171009.0,34.0
293350,74880,294008,171235.0,31.0
293360,74890,294018,170956.0,30.0
293370,74900,294028,171183.0,42.0
293380,74910,294038,170970.0,50.0
293390,74920,294048,171247.0,50.0
293400,74930,294058,171052.0,30.0
293410,74940,294068,171372.0,59.0
293420,74950,294078,171174.0,38.0
293430,74960,294088,171461.0,60.0
293440,74970,294098,171202.0,42.0
293450,74980,294108,171451.0,45.0
293460,74990,294118,171164.0,46.0
293470,75000,294128,171376.0,43.0
293480,75010,294138,171103.0,34.0
293490,75020,294148,171355.0,31.0
293500,75030,294159,171130.0,43.0
293510,75040,294169,171371.0,43.0
293520,75050,294179,171142.0,50.0
293530,75060,294189,171401.0,63.0
293540,75070,294199,171144.0,50.0
293550,75080,294208,171389.0,41.0
293560,75090,294219,171174.0,63.0
293570,75100,294228,171385.0,31.0
293580,75110,294238,171163.0,43.0
293590,75120,294249,171424.0,32.0
293600,75130,294259,171202.0,45.0
293610,75140,294269,171404.0,41.0
293620,75150,294279,171203.0,46.0
293630,75160,294289,171414.0,38.0
293640,75170,294299,171194.0,53.0
293650,75180,294309,171393.0,51.0
293660,75190,294319,171230.0,49.0
293670,75200,294329,171278.0,46.0
293680,75210,294339,171215.0,57.0
293690,75220,294349,171187.0,24.0
293700,75230,294359,171181.0,45.0
293710,75240,294369,171194.0,39.0
293720,75250,294379,171236.0,37.0
293730,75260,294389,171294.0,39.0
293740,75270,294399,171351.0,53.0
293750,75280,294409,171405.0,40.0
293760,75290,294419,171476.0,33.0
293770,75300,294429,171499.0,42.0
293780,75310,294439,171575.0,55.0
293790,75320,294449,171675.0,46.0
293800,75330,294459,171641.0,44.0
293810,75340,294469,171833.0,42.0
293820,75350,294479,171724.0,22.0
293830,75360,294489,171948.0,49.0
293840,75370,294499,171778.0,35.0
293850,75380,294509,171993.0,36.0
293860,75390,294519,171808.0,52.0
293870,75400,294529,171973.0,38.0
293880,75410,294539,171749.0,36.0
293890,75420,294549,171850.0,36.0
293900,75430,294559,171571.0,49.0
293910,75440,294569,171646.0,53.0
293920,75450,294579,171335.0,63.0
293930,75460,294589,171420.0,42.0
293940,75470,294599,171111.0,31.0
293950,75480,294610,171246.0,50.0
293960,75490,294620,170972.0,44.0
293970,75500,294630,171164.0,43.0
293980,75510,294640,170914.0,39.0
293990,75520,294650,171119.0,42.0
294000,75530,294660,170873.0,34.0
294010,75540,294670,171114.0,51.0
294020,75550,294680,170876.0,51.0
294030,75560,294689,171117.0,57.0
294040,75570,294700,170892.0,36.0
294050,75580,294710,171147.0,37.0
294060,75590,294720,170948.0,29.0
294070,75600,294730,171204.0,41.0
294080,75610,294740,170998.0,31.0
294090,75620,294750,171271.0,45.0
294100,75630,294760,171057.0,32.0
294110,75640,294770,171320.0,25.0
294120,75650,294780,171112.0,46.0
294130,75660,294790,171344.0,50.0
294140,75670,294800,171147.0,41.0
294150,75680,294810,171371.0,39.0
294160,75690,294820,171158.0,42.0
294170,75700,294830,171397.0,26.0
294180,75710,294840,171179.0,35.0
294190,75720,294850,171435.0,38.0
294200,75730,294860,171177.0,26.0
294210,75740,294870,171420.0,41.0
294220,75750,294880,171210.0,23.0
294230,75760,294890,171446.0,53.0
294240,75770,294900,171229.0,48.0
294250,75780,294910,171459.0,40.0
294260,75790,294920,171228.0,49.0
294270,75800,294930,171457.0,50.0
294280,75810,294940,171216.0,45.0
294290,75820,294950,171456.0,35.0
294300,75830,294960,171201.0,15.0
294310,75840,294970,171444.0,42.0
294320,75850,294980,171201.0,38.0
294330,75860,294990,171438.0,37.0
294340,75870,295000,171196.0,40.0
294350,75880,295010,171429.0,37.0
294360,75890,295020,171220.0,35.0
294370,75900,295030,171443.0,40.0
294380,75910,295040,171232.0,53.0
294390,75920,295050,171451.0,44.0
294400,75930,295061,171266.0,39.0
294410,75940,295071,171480.0,44.0
294420,75950,295081,171271.0,34.0
294430,75960,295091,171478.0,48.0
294440,75970,295101,171276.0,36.0
294450,75980,295111,171474.0,39.0
294460,75990,295121,171253.0,37.0
294470,76000,295131,171492.0,36.0
294480,76010,295141,171275.0,41.0
294490,76020,295151,171487.0,39.0
294500,76030,295161,171305.0,40.0
294510,76040,295171,171540.0,40.0
294520,76050,295181,171358.0,44.0
294530,76060,295191,171547.0,36.0
294540,76070,295201,171359.0,29.0
294550,76080,295211,171575.0,36.0
294560,76090,295221,171387.0,35.0
294570,76100,295231,171592.0,44.0
294580,76110,295241,171393.0,55.0
294590,76120,295251,171592.0,39.0
294600,76130,295261,171406.0,46.0
294610,76140,295271,171611.0,40.0
294620,76150,295281,171413.0,49.0
294630,76160,295291,171597.0,46.0
294640,76170,295301,171380.0,54.0
294650,76180,295311,171538.0,34.0
294660,76190,295321,171335.0,39.0
294670,76200,295331,171481.0,37.0
294680,76210,295341,171332.0,34.0
294690,76220,295351,171470.0,41.0
294700,76230,295361,171309.0,32.0
294710,76240,295371,171409.0,37.0
294720,76250,295381,171191.0,48.0
294730,76260,295391,171239.0,38.0
294740,76270,295401,171007.0,40.0
294750,76280,295411,171060.0,37.0
294760,76290,295421,170847.0,45.0
294770,76300,295431,170927.0,27.0
294780,76310,295441,170707.0,39.0
294790,76320,295451,170823.0,28.0
294800,76330,295461,170649.0,35.0
294810,76340,295471,170778.0,31.0
294820,76350,295481,170634.0,43.0
294830,76360,295491,170771.0,31.0
294840,76370,295501,170681.0,27.0
294850,76380,295512,170827.0,23.0
294860,76390,295522,170729.0,30.0
294870,76400,295532,170902.0,22.0
294880,76410,295542,170813.0,46.0
294890,76420,295552,171006.0,49.0
294900,76430,295562,170943.0,38.0
294910,76440,295572,171068.0,37.0
294920,76450,295582,170929.0,29.0
294930,76460,295592,171042.0,34.0
294940,76470,295602,170927.0,28.0
294950,76480,295612,171019.0,26.0
294960,76490,295622,170992.0,44.0
294970,76500,295632,171143.0,42.0
294980,76510,295642,171127.0,46.0
294990,76520,295652,171275.0,44.0
295000,76530,295662,171249.0,39.0
295010,76540,295672,171383.0,31.0
295020,76550,295682,171363.0,38.0
295030,76560,295692,171499.0,36.0
295040,76570,295702,171429.0,45.0
295050,76580,295712,171531.0,26.0
295060,76590,295722,171427.0,39.0
295070,76600,295732,171499.0,39.0
295080,76610,295742,171389.0,31.0
295090,76620,295752,171411.0,41.0
295100,76630,295762,171315.0,36.0
295110,76640,295772,171350.0,33.0
295120,76650,295782,171286.0,36.0
295130,76660,295792,171344.0,31.0
295140,76670,295802,171289.0,32.0
295150,76680,295812,171391.0,25.0
295160,76690,295822,171320.0,25.0
295170,76700,295832,171379.0,46.0
295180,76710,295842,171346.0,26.0
295190,76720,295852,171401.0,33.0
295200,76730,295862,171373.0,40.0
295210,76740,295872,171422.0,46.0
295220,76750,295883,171340.0,29.0
295230,76760,295893,171425.0,20.0
295240,76770,295902,171420.0,33.0
295250,76780,295912,171498.0,31.0
295260,76790,295922,171480.0,30.0
295270,76800,295932,171565.0,39.0
295280,76810,295942,171555.0,43.0
295290,76820,295952,171632.0,41.0
295300,76830,295963,171622.0,42.0
295310,76840,295973,171675.0,45.0
295320,76850,295983,171661.0,53.0
295330,76860,295993,171714.0,40.0
295340,76870,296003,171669.0,55.0
295350,76880,296013,171735.0,48.0
295360,76890,296023,171696.0,34.0
295370,76900,296033,171782.0,21.0
295380,76910,296043,171777.0,23.0
295390,76920,296053,171843.0,37.0
295400,76930,296063,171847.0,37.0
295410,76940,296073,171912.0,41.0
295420,76950,296083,171920.0,41.0
295430,76960,296093,172004.0,40.0
295440,76970,296103,172009.0,35.0
295450,76980,296113,172098.0,23.0
295460,76990,296123,172142.0,37.0
295470,77000,296133,172205.0,51.0
295480,77010,296143,172208.0,23.0
295490,77020,296153,172269.0,38.0
295500,77030,296163,172262.0,22.0
295510,77040,296173,172299.0,54.0
295520,77050,296183,172292.0,25.0
295530,77060,296193,172323.0,54.0
295540,77070,296203,172336.0,38.0
295550,77080,296213,172368.0,49.0
295560,77090,296223,172327.0,46.0
295570,77100,296233,172303.0,45.0
295580,77110,296243,172175.0,30.0
295590,77120,296253,172018.0,47.0
295600,77130,296263,171818.0,27.0
295610,77140,296273,171669.0,57.0
295620,77150,296283,171485.0,45.0
295630,77160,296293,171355.0,49.0
295640,77170,296303,171221.0,34.0
295650,77180,296313,171132.0,43.0
295660,77190,296323,170966.0,37.0
295670,77200,296333,170894.0,47.0
295680,77210,296343,170890.0,37.0
295690,77220,296353,170855.0,51.0
295700,77230,296363,170843.0,45.0
295710,77240,296373,170871.0,42.0
295720,77250,296383,170924.0,34.0
295730,77260,296393,170932.0,41.0
295740,77270,296403,170985.0,47.0
295750,77280,296414,171027.0,46.0
295760,77290,296424,171082.0,54.0
295770,77300,296434,171116.0,55.0
295780,77310,296444,171156.0,51.0
295790,77320,296454,171177.0,39.0
295800,77330,296464,171296.0,19.0
295810,77340,296474,171339.0,37.0
295820,77350,296484,171384.0,37.0
295830,77360,296494,171390.0,39.0
295840,77370,296504,171421.0,44.0
295850,77380,296514,171380.0,52.0
295860,77390,296524,171414.0,40.0
295870,77400,296534,171368.0,40.0
295880,77410,296544,171425.0,38.0
295890,77420,296554,171408.0,36.0
295900,77430,296564,171484.0,38.0
295910,77440,296574,171449.0,49.0
295920,77450,296584,171491.0,41.0
295930,77460,296594,171423.0,41.0
295940,77470,296604,171446.0,37.0
295950,77480,296614,171402.0,42.0
295960,77490,296624,171453.0,52.0
295970,77500,296634,171415.0,32.0
295980,77510,296644,171478.0,40.0
295990,77520,296654,171477.0,58.0
296000,77530,296664,171567.0,50.0
296010,77540,296674,171547.0,55.0
296020,77550,296684,171643.0,35.0
296030,77560,296694,171655.0,35.0
296040,77570,296704,171719.0,42.0
296050,77580,296714,171678.0,50.0
296060,77590,296724,171732.0,29.0
296070,77600,296734,171676.0,51.0
296080,77610,296744,171735.0,47.0
296090,77620,296754,171663.0,44.0
296100,77630,296764,171713.0,39.0
296110,77640,296774,171647.0,50.0
296120,77650,296784,171717.0,37.0
296130,77660,296794,171633.0,33.0
296140,77670,296804,171721.0,41.0
296150,77680,296814,171642.0,49.0
296160,77690,296824,171744.0,41.0
296170,77700,296834,171657.0,43.0
296180,77710,296844,171775.0,40.0
296190,77720,296854,171705.0,42.0
296200,77730,296865,171813.0,47.0
296210,77740,296875,171718.0,64.0
296220,77750,296885,171812.0,53.0
296230,77760,296895,171708.0,51.0
296240,77770,296905,171834.0,24.0
296250,77780,296915,171741.0,53.0
296260,77790,296925,171854.0,49.0
296270,77800,296935,171730.0,24.0
296280,77810,296945,171845.0,33.0
296290,77820,296955,171703.0,55.0
296300,77830,296965,171827.0,36.0
296310,77840,296975,171695.0,48.0
296320,77850,296985,171840.0,53.0
296330,77860,296995,171726.0,33.0
296340,77870,297005,171888.0,34.0
296350,77880,297015,171729.0,27.0
296360,77890,297025,171868.0,42.0
296370,77900,297035,171694.0,41.0
296380,77910,297045,171807.0,30.0
296390,77920,297055,171654.0,45.0
296400,77930,297065,171752.0,45.0
296410,77940,297075,171501.0,52.0
296420,77950,297085,171504.0,49.0
296430,77960,297095,171223.0,57.0
296440,77970,297105,171251.0,29.0
296450,77980,297115,170955.0,41.0
296460,77990,297125,170995.0,44.0
296470,78000,297135,170736.0,37.0
296480,78010,297145,170809.0,38.0
296490,78020,297155,170592.0,38.0
296500,78030,297165,170704.0,33.0
296510,78040,297175,170525.0,54.0
296520,78050,297185,170655.0,35.0
296530,78060,297195,170505.0,30.0
296540,78070,297205,170640.0,43.0
296550,78080,297215,170513.0,47.0
296560,78090,297225,170699.0,31.0
296570,78100,297235,170576.0,35.0
296580,78110,297245,170761.0,42.0
296590,78120,297255,170650.0,34.0
296600,78130,297265,170837.0,41.0
296610,78140,297275,170705.0,62.0
296620,78150,297285,170900.0,35.0
296630,78160,297295,170779.0,44.0
296640,78170,297305,171014.0,43.0
296650,78180,297316,170867.0,47.0
296660,78190,297326,171074.0,31.0
296670,78200,297336,170906.0,36.0
296680,78210,297346,171101.0,27.0
296690,78220,297356,170931.0,50.0
296700,78230,297366,171154.0,29.0
296710,78240,297376,170932.0,49.0
296720,78250,297386,171139.0,18.0
296730,78260,297396,170931.0,50.0
296740,78270,297406,171097.0,53.0
296750,78280,297416,170856.0,45.0
296760,78290,297426,171036.0,51.0
296770,78300,297436,170782.0,50.0
296780,78310,297446,170945.0,22.0
296790,78320,297456,170716.0,31.0
296800,78330,297466,170925.0,18.0
296810,78340,297476,170692.0,29.0
296820,78350,297486,170872.0,26.0
296830,78360,297496,170656.0,42.0
296840,78370,297506,170808.0,41.0
296850,78380,297516,170596.0,42.0
296860,78390,297526,170805.0,42.0
296870,78400,297536,170645.0,49.0
296880,78410,297546,170873.0,46.0
296890,78420,297556,170697.0,34.0
296900,78430,297566,170888.0,42.0
296910,78440,297576,170736.0,35.0
296920,78450,297586,170940.0,35.0
296930,78460,297596,170734.0,51.0
296940,78470,297606,170955.0,32.0
296950,78480,297616,170801.0,51.0
296960,78490,297626,171039.0,58.0
296970,78500,297636,170874.0,53.0
296980,78510,297646,171132.0,61.0
296990,78520,297656,170985.0,56.0
297000,78530,297666,171253.0,51.0
297010,78540,297676,171084.0,54.0
297020,78550,297686,171388.0,45.0
297030,78560,297696,171240.0,47.0
297040,78570,297706,171483.0,46.0
297050,78580,297716,171270.0,43.0
297060,78590,297726,171498.0,50.0
297070,78600,297736,171252.0,58.0
297080,78610,297746,171464.0,50.0
297090,78620,297756,171207.0,61.0
297100,78630,297767,171411.0,48.0
297110,78640,297777,171156.0,55.0
297120,78650,297787,171405.0,49.0
297130,78660,297797,171160.0,45.0
297140,78670,297807,171395.0,45.0
297150,78680,297817,171115.0,57.0
297160,78690,297827,171349.0,40.0
297170,78700,297837,171028.0,38.0
297180,78710,297847,171183.0,35.0
297190,78720,297857,170760.0,51.0
297200,78730,297867,170844.0,41.0
297210,78740,297877,170436.0,51.0
297220,78750,297887,170545.0,48.0
297230,78760,297897,170140.0,48.0
297240,78770,297907,170305.0,34.0
297250,78780,297917,169976.0,52.0
297260,78790,297927,170164.0,36.0
297270,78800,297937,169833.0,53.0
297280,78810,297947,170060.0,49.0
297290,78820,297957,169816.0,59.0
297300,78830,297967,170063.0,61.0
297310,78840,297977,169832.0,52.0
297320,78850,297987,170109.0,53.0
297330,78860,297997,169905.0,72.0
297340,78870,298007,170201.0,55.0
297350,78880,298017,170018.0,51.0
297360,78890,298027,170351.0,41.0
297370,78900,298037,170178.0,55.0
297380,78910,298047,170500.0,47.0
297390,78920,298057,170319.0,40.0
297400,78930,298067,170650.0,28.0
297410,78940,298077,170443.0,57.0
297420,78950,298087,170749.0,51.0
297430,78960,298097,170554.0,53.0
297440,78970,298107,170890.0,46.0
297450,78980,298117,170723.0,39.0
297460,78990,298127,171026.0,34.0
297470,79000,298137,170805.0,35.0
297480,79010,298147,171080.0,40.0
297490,79020,298157,170815.0,46.0
297500,79030,298167,171109.0,42.0
297510,79040,298177,170904.0,48.0
297520,79050,298187,171245.0,48.0
297530,79060,298197,171062.0,50.0
297540,79070,298208,171374.0,59.0
297550,79080,298218,171157.0,55.0
297560,79090,298228,171466.0,52.0
297570,79100,298238,171190.0,39.0
297580,79110,298248,171424.0,45.0
297590,79120,298258,171089.0,45.0
297600,79130,298268,171325.0,41.0
297610,79140,298278,171001.0,34.0
297620,79150,298288,171197.0,41.0
297630,79160,298298,170797.0,34.0
297640,79170,298308,170960.0,46.0
297650,79180,298318,170759.0,53.0
297660,79190,298328,170736.0,56.0
297670,79200,298338,170716.0,45.0
297680,79210,298348,170706.0,30.0
297690,79220,298358,170782.0,44.0
297700,79230,298368,170803.0,43.0
297710,79240,298378,170918.0,26.0
297720,79250,298388,171015.0,30.0
297730,79260,298398,171084.0,48.0
297740,79270,298408,171019.0,47.0
297750,79280,298418,171005.0,44.0
297760,79290,298428,170904.0,45.0
297770,79300,298438,170873.0,58.0
297780,79310,298448,170867.0,42.0
297790,79320,298458,170931.0,46.0
297800,79330,298468,171159.0,40.0
297810,79340,298478,171198.0,49.0
297820,79350,298488,171230.0,48.0
297830,79360,298498,171124.0,46.0
297840,79370,298508,171293.0,43.0
297850,79380,298518,171151.0,40.0
297860,79390,298528,171419.0,42.0
297870,79400,298538,171227.0,56.0
297880,79410,298548,171535.0,42.0
297890,79420,298558,171284.0,59.0
297900,79430,298568,171595.0,50.0
297910,79440,298578,171298.0,48.0
297920,79450,298588,171614.0,45.0
297930,79460,298598,171313.0,48.0
297940,79470,298608,171615.0,29.0
297950,79480,298618,171332.0,47.0
297960,79490,298628,171630.0,49.0
297970,79500,298638,171275.0,50.0
297980,79510,298648,171498.0,49.0
297990,79520,298659,171018.0,63.0
298000,79530,298669,171123.0,46.0
298010,79540,298679,170648.0,42.0
298020,79550,298689,170772.0,50.0
298030,79560,298699,170229.0,54.0
298040,79570,298709,170450.0,40.0
298050,79580,298719,170126.0,42.0
298060,79590,298729,170334.0,37.0
298070,79600,298739,170000.0,50.0
298080,79610,298749,170269.0,54.0
298090,79620,298759,169976.0,49.0
298100,79630,298769,170270.0,58.0
298110,79640,298779,169966.0,48.0
298120,79650,298789,170263.0,44.0
298130,79660,298799,170006.0,30.0
298140,79670,298809,170296.0,44.0
298150,79680,298819,170013.0,37.0
298160,79690,298829,170301.0,49.0
298170,79700,298839,169999.0,43.0
298180,79710,298849,170295.0,47.0
298190,79720,298859,170057.0,51.0
298200,79730,298869,170338.0,56.0
298210,79740,298879,170085.0,46.0
298220,79750,298889,170450.0,37.0
298230,79760,298899,170162.0,33.0
298240,79770,298909,170476.0,57.0
298250,79780,298919,170132.0,51.0
298260,79790,298929,170325.0,42.0
298270,79800,298939,169958.0,22.0
298280,79810,298949,170159.0,62.0
298290,79820,298959,169820.0,40.0
298300,79830,298969,170040.0,58.0
298310,79840,298979,169699.0,52.0
298320,79850,298989,169989.0,59.0
298330,79860,298999,169757.0,46.0
298340,79870,299009,170040.0,61.0
298350,79880,299019,169813.0,48.0
298360,79890,299029,170127.0,42.0
298370,79900,299039,169897.0,42.0
298380,79910,299049,170197.0,47.0
298390,79920,299059,169993.0,53.0
298400,79930,299069,170294.0,32.0
298410,79940,299079,170063.0,49.0
298420,79950,299089,170385.0,41.0
298430,79960,299100,170097.0,58.0
298440,79970,299110,170342.0,38.0
298450,79980,299120,170064.0,42.0
298460,79990,299130,170346.0,42.0
298470,80000,299140,170124.0,55.0
298480,80010,299150,170447.0,44.0
298490,80020,299160,170246.0,40.0
298500,80030,299170,170602.0,55.0
298510,80040,299180,170369.0,52.0
298520,80050,299190,170660.0,46.0
298530,80060,299200,170426.0,42.0
298540,80070,299210,170734.0,45.0
298550,80080,299220,170478.0,51.0
298560,80090,299230,170768.0,42.0
298570,80100,299240,170525.0,23.0
298580,80110,299250,170792.0,42.0
298590,80120,299260,170504.0,27.0
298600,80130,299270,170753.0,51.0
298610,80140,299280,170434.0,50.0
298620,80150,299290,170634.0,43.0
298630,80160,299300,170381.0,42.0
298640,80170,299310,170676.0,52.0
298650,80180,299320,170385.0,50.0
298660,80190,299330,170684.0,47.0
298670,80200,299340,170349.0,40.0
298680,80210,299350,170603.0,51.0
298690,80220,299360,170321.0,40.0
298700,80230,299370,170583.0,39.0
298710,80240,299380,170301.0,39.0
298720,80250,299390,170545.0,31.0
298730,80260,299400,170296.0,35.0
298740,80270,299410,170564.0,43.0
298750,80280,299420,170306.0,45.0
298760,80290,299430,170582.0,55.0
298770,80300,299440,170335.0,57.0
298780,80310,299450,170555.0,53.0
298790,80320,299460,170251.0,50.0
298800,80330,299470,170408.0,41.0
298810,80340,299480,169982.0,33.0
298820,80350,299490,170081.0,45.0
298830,80360,299500,169689.0,42.0
298840,80370,299510,169770.0,35.0
298850,80380,299520,169401.0,24.0
298860,80390,299530,169531.0,30.0
298870,80400,299540,169205.0,42.0
298880,80410,299551,169399.0,40.0
298890,80420,299561,169090.0,43.0
298900,80430,299571,169254.0,48.0
298910,80440,299581,169016.0,48.0
298920,80450,299591,169264.0,37.0
298930,80460,299601,169039.0,36.0
298940,80470,299611,169281.0,32.0
298950,80480,299621,169079.0,42.0
298960,80490,299631,169349.0,31.0
298970,80500,299641,169203.0,34.0
298980,80510,299651,169460.0,38.0
298990,80520,299661,169286.0,35.0
299000,80530,299671,169562.0,38.0
299010,80540,299681,169370.0,35.0
299020,80550,299691,169638.0,46.0
299030,80560,299701,169436.0,37.0
299040,80570,299711,169698.0,37.0
299050,80580,299721,169507.0,43.0
299060,80590,299731,169720.0,37.0
299070,80600,299741,169493.0,32.0
299080,80610,299751,169698.0,37.0
299090,80620,299761,169471.0,22.0
299100,80630,299771,169668.0,25.0
299110,80640,299781,169453.0,33.0
299120,80650,299791,169646.0,36.0
299130,80660,299801,169435.0,50.0
299140,80670,299811,169626.0,31.0
299150,80680,299821,169448.0,50.0
299160,80690,299831,169635.0,37.0
299170,80700,299841,169415.0,37.0
299180,80710,299851,169636.0,44.0
299190,80720,299861,169475.0,46.0
299200,80730,299871,169696.0,49.0
299210,80740,299881,169552.0,35.0
299220,80750,299891,169758.0,25.0
299230,80760,299901,169594.0,43.0
299240,80770,299912,169797.0,46.0
299250,80780,299922,169647.0,60.0
299260,80790,299932,169865.0,42.0
299270,80800,299942,169723.0,40.0
299280,80810,299951,169957.0,46.0
299290,80820,299961,169803.0,30.0
299300,80830,299971,169999.0,33.0
299310,80840,299981,169860.0,50.0
299320,80850,299991,170064.0,36.0
299330,80860,300002,169923.0,41.0
299340,80870,300012,170139.0,38.0
299350,80880,300022,169989.0,43.0
299360,80890,300032,170175.0,42.0
299370,80900,300042,170031.0,50.0
299380,80910,300052,170203.0,38.0
299390,80920,300062,170058.0,44.0
299400,80930,300072,170255.0,39.0
299410,80940,300082,170095.0,44.0
299420,80950,300092,170269.0,45.0
299430,80960,300102,170097.0,37.0
299440,80970,300112,170255.0,41.0
299450,80980,300122,170101.0,36.0
299460,80990,300132,170244.0,40.0
299470,81000,300142,170091.0,40.0
299480,81010,300152,170242.0,42.0
299490,81020,300162,170084.0,40.0
299500,81030,300172,170218.0,33.0
299510,81040,300182,170055.0,50.0
299520,81050,300192,170175.0,49.0
299530,81060,300202,169996.0,38.0
299540,81070,300212,170102.0,31.0
299550,81080,300222,169929.0,33.0
299560,81090,300232,169987.0,29.0
299570,81100,300242,169719.0,28.0
299580,81110,300252,169712.0,25.0
299590,81120,300262,169412.0,36.0
299600,81130,300272,169395.0,21.0
299610,81140,300282,169118.0,47.0
299620,81150,300292,169116.0,33.0
299630,81160,300302,168924.0,39.0
299640,81170,300312,168971.0,33.0
299650,81180,300322,168801.0,44.0
299660,81190,300332,168884.0,39.0
299670,81200,300342,168752.0,39.0
299680,81210,300352,168847.0,43.0
299690,81220,300362,168731.0,35.0
299700,81230,300373,168829.0,28.0
299710,81240,300383,168750.0,35.0
299720,81250,300393,168882.0,27.0
299730,81260,300403,168816.0,42.0
299740,81270,300413,168965.0,36.0
299750,81280,300423,168894.0,49.0
299760,81290,300433,169021.0,32.0
299770,81300,300443,168975.0,38.0
299780,81310,300452,169104.0,54.0
299790,81320,300463,169088.0,23.0
299800,81330,300473,169229.0,37.0
299810,81340,300483,169240.0,32.0
299820,81350,300493,169376.0,29.0
299830,81360,300503,169361.0,42.0
299840,81370,300513,169507.0,27.0
299850,81380,300523,169458.0,24.0
299860,81390,300533,169633.0,41.0
299870,81400,300543,169635.0,38.0
299880,81410,300553,169752.0,53.0
299890,81420,300563,169676.0,39.0
299900,81430,300573,169724.0,41.0
299910,81440,300583,169627.0,52.0
299920,81450,300593,169669.0,27.0
299930,81460,300603,169614.0,34.0
299940,81470,300613,169715.0,40.0
299950,81480,300623,169721.0,38.0
299960,81490,300633,169820.0,41.0
299970,81500,300643,169743.0,20.0
299980,81510,300653,169813.0,45.0
299990,81520,300663,169693.0,52.0
300000,81530,300673,169744.0,43.0
300010,81540,300683,169670.0,33.0
300020,81550,300693,169760.0,54.0
300030,81560,300703,169705.0,54.0
300040,81570,300713,169811.0,27.0
300050,81580,300723,169802.0,40.0
300060,81590,300733,169857.0,38.0
300070,81600,300743,169825.0,40.0
300080,81610,300753,169882.0,35.0
300090,81620,300763,169811.0,37.0
300100,81630,300773,169852.0,56.0
300110,81640,300783,169798.0,44.0
300120,81650,300793,169851.0,30.0
300130,81660,300803,169823.0,57.0
300140,81670,300813,169861.0,52.0
300150,81680,300824,169792.0,56.0
300160,81690,300834,169888.0,44.0
300170,81700,300844,169810.0,44.0
300180,81710,300854,169841.0,30.0
300190,81720,300864,169764.0,26.0
300200,81730,300874,169850.0,41.0
300210,81740,300884,169763.0,38.0
300220,81750,300894,169743.0,22.0
300230,81760,300904,169653.0,36.0
300240,81770,300914,169778.0,49.0
300250,81780,300924,169777.0,45.0
300260,81790,300934,169782.0,46.0
300270,81800,300944,169717.0,48.0
300280,81810,300954,169692.0,49.0
300290,81820,300964,169664.0,31.0
300300,81830,300974,169722.0,44.0
300310,81840,300984,169688.0,28.0
300320,81850,300994,169705.0,40.0
300330,81860,301004,169645.0,23.0
300340,81870,301014,169711.0,43.0
300350,81880,301024,169745.0,42.0
300360,81890,301034,169745.0,53.0
300370,81900,301044,169666.0,29.0
300380,81910,301054,169605.0,53.0
300390,81920,301064,169515.0,33.0
300400,81930,301074,169366.0,51.0
300410,81940,301084,169190.0,48.0
300420,81950,301094,169008.0,42.0
300430,81960,301104,168854.0,41.0
300440,81970,301114,168720.0,44.0
300450,81980,301124,168511.0,43.0
300460,81990,301134,168439.0,47.0
300470,82000,301144,168376.0,34.0
300480,82010,301154,168470.0,41.0
300490,82020,301164,168642.0,47.0
300500,82030,301174,168772.0,50.0
300510,82040,301185,168883.0,51.0
300520,82050,301195,169000.0,47.0
300530,82060,301205,169132.0,33.0
300540,82070,301214,169187.0,50.0
300550,82080,301224,169344.0,27.0
300560,82090,301234,169425.0,35.0
300570,82100,301244,169501.0,35.0
300580,82110,301254,169542.0,43.0
300590,82120,301264,169607.0,31.0
300600,82130,301275,169607.0,33.0
300610,82140,301285,169698.0,40.0
300620,82150,301295,169674.0,40.0
300630,82160,301305,169731.0,42.0
300640,82170,301315,169646.0,36.0
300650,82180,301325,169613.0,50.0
300660,82190,301335,169599.0,34.0
300670,82200,301345,169517.0,40.0
300680,82210,301355,169506.0,36.0
300690,82220,301365,169497.0,30.0
300700,82230,301375,169753.0,30.0
300710,82240,301385,169885.0,38.0
300720,82250,301395,169997.0,45.0
300730,82260,301405,170054.0,59.0
300740,82270,301415,170219.0,45.0
300750,82280,301425,170261.0,47.0
300760,82290,301435,170249.0,44.0
300770,82300,301445,170297.0,39.0
300780,82310,301455,170312.0,30.0
300790,82320,301465,170350.0,49.0
300800,82330,301475,170411.0,32.0
300810,82340,301485,170476.0,36.0
300820,82350,301495,170565.0,31.0
300830,82360,301505,170688.0,30.0
300840,82370,301515,170810.0,37.0
300850,82380,301525,170914.0,41.0
300860,82390,301535,171059.0,56.0
300870,82400,301545,171158.0,42.0
300880,82410,301555,171181.0,60.0
300890,82420,301565,171252.0,47.0
300900,82430,301575,171215.0,39.0
300910,82440,301585,171246.0,47.0
300920,82450,301595,171124.0,34.0
300930,82460,301605,171183.0,38.0
300940,82470,301615,171059.0,42.0
300950,82480,301625,171142.0,31.0
300960,82490,301636,170995.0,52.0
300970,82500,301646,170958.0,44.0
300980,82510,301656,170924.0,45.0
300990,82520,301666,171065.0,29.0
301000,82530,301676,170917.0,52.0
301010,82540,301686,171019.0,41.0
301020,82550,301696,170904.0,36.0
301030,82560,301705,171018.0,46.0
301040,82570,301715,170885.0,34.0
301050,82580,301726,170962.0,29.0
301060,82590,301736,170799.0,31.0
301070,82600,301746,170853.0,31.0
301080,82610,301756,170680.0,41.0
301090,82620,301766,170733.0,41.0
301100,82630,301776,170548.0,44.0
301110,82640,301786,170609.0,36.0
301120,82650,301796,170426.0,41.0
301130,82660,301806,170499.0,52.0
301140,82670,301816,170317.0,30.0
301150,82680,301826,170409.0,29.0
301160,82690,301836,170211.0,42.0
301170,82700,301846,170221.0,43.0
301180,82710,301856,169947.0,37.0
301190,82720,301866,169949.0,38.0
301200,82730,301876,169778.0,37.0
301210,82740,301886,169807.0,49.0
301220,82750,301896,169659.0,53.0
301230,82760,301906,169751.0,41.0
301240,82770,301916,169644.0,55.0
301250,82780,301926,169772.0,41.0
301260,82790,301936,169653.0,50.0
301270,82800,301946,169791.0,43.0
301280,82810,301956,169652.0,30.0
301290,82820,301966,169816.0,47.0
301300,82830,301976,169711.0,41.0
301310,82840,301986,169884.0,24.0
301320,82850,301996,169767.0,39.0
301330,82860,302006,169965.0,55.0
301340,82870,302016,169854.0,49.0
301350,82880,302026,170025.0,46.0
301360,82890,302036,169897.0,51.0
301370,82900,302046,170023.0,54.0
301380,82910,302056,169915.0,56.0
301390,82920,302066,170109.0,44.0
301400,82930,302076,170019.0,43.0
301410,82940,302087,170188.0,29.0
301420,82950,302097,170032.0,42.0
301430,82960,302107,170149.0,31.0
301440,82970,302117,169969.0,31.0
301450,82980,302127,170078.0,42.0
301460,82990,302137,169833.0,54.0
301470,83000,302147,169980.0,43.0
301480,83010,302157,169798.0,44.0
301490,83020,302167,169922.0,46.0
301500,83030,302177,169781.0,31.0
301510,83040,302187,169983.0,31.0
301520,83050,302197,169887.0,38.0
301530,83060,302207,170076.0,28.0
301540,83070,302217,169951.0,55.0
301550,83080,302227,170151.0,38.0
301560,83090,302237,169967.0,38.0
301570,83100,302247,170141.0,31.0
301580,83110,302257,169979.0,54.0
301590,83120,302267,170134.0,36.0
301600,83130,302277,169973.0,49.0
301610,83140,302287,170096.0,35.0
301620,83150,302297,169938.0,59.0
301630,83160,302307,170111.0,35.0
301640,83170,302317,169966.0,47.0
301650,83180,302327,170126.0,34.0
301660,83190,302337,169988.0,37.0
301670,83200,302347,170187.0,30.0
301680,83210,302357,170057.0,60.0
301690,83220,302367,170236.0,39.0
301700,83230,302377,170124.0,40.0
301710,83240,302387,170294.0,42.0
301720,83250,302397,170155.0,48.0
301730,83260,302407,170311.0,34.0
301740,83270,302417,170137.0,46.0
301750,83280,302427,170299.0,35.0
301760,83290,302437,170065.0,40.0
301770,83300,302447,170216.0,44.0
301780,83310,302457,170041.0,42.0
301790,83320,302467,170211.0,30.0
301800,83330,302477,170027.0,57.0
301810,83340,302487,170211.0,48.0
301820,83350,302497,170038.0,56.0
301830,83360,302507,170233.0,48.0
301840,83370,302517,170086.0,44.0
301850,83380,302527,170285.0,37.0
301860,83390,302538,170109.0,28.0
301870,83400,302548,170336.0,47.0
301880,83410,302558,170157.0,36.0
301890,83420,302568,170368.0,35.0
301900,83430,302578,170162.0,45.0
301910,83440,302588,170292.0,36.0
301920,83450,302598,170012.0,39.0
301930,83460,302608,170117.0,26.0
301940,83470,302618,169802.0,46.0
301950,83480,302628,169882.0,40.0
301960,83490,302638,169584.0,58.0
301970,83500,302648,169682.0,43.0
301980,83510,302658,169441.0,57.0
301990,83520,302668,169561.0,39.0
302000,83530,302678,169337.0,48.0
302010,83540,302688,169506.0,32.0
302020,83550,302698,169324.0,47.0
302030,83560,302708,169494.0,45.0
302040,83570,302718,169304.0,56.0
302050,83580,302728,169518.0,42.0
302060,83590,302738,169351.0,59.0
302070,83600,302748,169588.0,54.0
302080,83610,302758,169414.0,63.0
302090,83620,302768,169600.0,48.0
302100,83630,302778,169435.0,53.0
302110,83640,302788,169694.0,43.0
302120,83650,302798,169527.0,47.0
302130,83660,302808,169802.0,53.0
302140,83670,302818,169642.0,44.0
302150,83680,302828,169882.0,46.0
302160,83690,302838,169706.0,42.0
