record_id,part_id,split
part_01_record_000001,part_01,train
part_01_record_000002,part_01,test
part_01_record_000003,part_01,train
part_01_record_000004,part_01,train
part_01_record_000005,part_01,test
part_01_record_000006,part_01,test
part_01_record_000007,part_01,val
part_01_record_000008,part_01,val
part_01_record_000009,part_01,train
part_01_record_000010,part_01,test
part_01_record_000011,part_01,train
part_01_record_000012,part_01,val
part_01_record_000013,part_01,train
part_01_record_000014,part_01,val
part_01_record_000015,part_01,train
part_01_record_000016,part_01,train
part_01_record_000017,part_01,val
part_01_record_000018,part_01,train
part_01_record_000019,part_01,train
part_01_record_000020,part_01,train
part_01_record_000021,part_01,train
part_01_record_000022,part_01,val
part_01_record_000023,part_01,val
part_01_record_000024,part_01,train
part_01_record_000025,part_01,val
part_01_record_000026,part_01,val
part_01_record_000027,part_01,train
part_01_record_000028,part_01,train
part_01_record_000029,part_01,train
part_01_record_000030,part_01,train
part_01_record_000031,part_01,train
part_01_record_000032,part_01,train
part_01_record_000033,part_01,train
part_01_record_000034,part_01,train
part_01_record_000035,part_01,train
part_01_record_000036,part_01,train
part_01_record_000037,part_01,train
part_01_record_000038,part_01,train
part_01_record_000039,part_01,test
part_01_record_000040,part_01,train
part_01_record_000041,part_01,val
part_01_record_000042,part_01,train
part_01_record_000043,part_01,train
part_01_record_000044,part_01,train
part_01_record_000045,part_01,train
part_01_record_000046,part_01,train
part_01_record_000047,part_01,train
part_01_record_000048,part_01,train
part_01_record_000049,part_01,train
part_01_record_000050,part_01,train
part_01_record_000051,part_01,train
part_01_record_000052,part_01,train
part_01_record_000053,part_01,train
part_01_record_000054,part_01,train
part_01_record_000055,part_01,test
part_01_record_000056,part_01,test
part_01_record_000057,part_01,train
part_01_record_000058,part_01,train
part_01_record_000059,part_01,train
part_01_record_000060,part_01,train
part_01_record_000061,part_01,test
part_01_record_000062,part_01,train
part_01_record_000063,part_01,train
part_01_record_000064,part_01,train
part_01_record_000065,part_01,test
part_01_record_000066,part_01,train
part_01_record_000067,part_01,train
part_01_record_000068,part_01,train
part_01_record_000069,part_01,train
part_01_record_000070,part_01,train
part_01_record_000071,part_01,train
part_01_record_000072,part_01,train
part_01_record_000073,part_01,val
part_01_record_000074,part_01,train
part_01_record_000075,part_01,test
part_01_record_000076,part_01,train
part_01_record_000077,part_01,train
part_01_record_000078,part_01,test
part_01_record_000079,part_01,val
part_01_record_000080,part_01,train
part_01_record_000081,part_01,train
part_01_record_000082,part_01,train
part_01_record_000083,part_01,train
part_01_record_000084,part_01,train
part_01_record_000085,part_01,train
part_01_record_000086,part_01,train
part_01_record_000087,part_01,train
part_01_record_000088,part_01,train
part_01_record_000089,part_01,train
part_01_record_000090,part_01,test
part_01_record_000091,part_01,train
part_01_record_000092,part_01,train
part_01_record_000093,part_01,train
part_01_record_000094,part_01,train
part_01_record_000095,part_01,test
part_01_record_000096,part_01,train
part_01_record_000097,part_01,train
part_01_record_000098,part_01,val
part_01_record_000099,part_01,test
part_01_record_000100,part_01,train
part_01_record_000101,part_01,train
part_01_record_000102,part_01,train
part_01_record_000103,part_01,train
part_01_record_000104,part_01,train
part_01_record_000105,part_01,train
part_01_record_000106,part_01,test
part_01_record_000107,part_01,train
part_01_record_000108,part_01,train
part_01_record_000109,part_01,train
part_01_record_000110,part_01,train
part_01_record_000111,part_01,train
part_01_record_000112,part_01,train
part_01_record_000113,part_01,train
part_01_record_000114,part_01,train
part_01_record_000115,part_01,train
part_01_record_000116,part_01,val
part_01_record_000117,part_01,test
part_01_record_000118,part_01,test
part_01_record_000119,part_01,train
part_01_record_000120,part_01,train
part_01_record_000121,part_01,train
part_01_record_000122,part_01,train
part_01_record_000123,part_01,train
part_01_record_000124,part_01,train
part_01_record_000125,part_01,train
part_01_record_000126,part_01,test
part_01_record_000127,part_01,test
part_01_record_000128,part_01,train
part_01_record_000129,part_01,train
part_01_record_000130,part_01,train
part_01_record_000131,part_01,test
part_01_record_000132,part_01,train
part_01_record_000133,part_01,train
part_01_record_000134,part_01,test
part_01_record_000135,part_01,train
part_01_record_000136,part_01,train
part_01_record_000137,part_01,train
part_01_record_000138,part_01,test
part_01_record_000139,part_01,val
part_01_record_000140,part_01,train
part_01_record_000141,part_01,val
part_01_record_000142,part_01,val
part_01_record_000143,part_01,train
part_01_record_000144,part_01,train
part_01_record_000145,part_01,train
part_01_record_000146,part_01,test
part_01_record_000147,part_01,train
part_01_record_000148,part_01,val
part_01_record_000149,part_01,val
part_01_record_000150,part_01,train
part_01_record_000151,part_01,train
part_01_record_000152,part_01,train
part_01_record_000153,part_01,train
part_01_record_000154,part_01,test
part_01_record_000155,part_01,test
part_01_record_000156,part_01,val
part_01_record_000157,part_01,train
part_01_record_000158,part_01,train
part_01_record_000159,part_01,val
part_01_record_000160,part_01,val
part_01_record_000161,part_01,train
part_01_record_000162,part_01,test
part_01_record_000163,part_01,val
part_01_record_000164,part_01,val
part_01_record_000165,part_01,train
part_01_record_000166,part_01,train
part_01_record_000167,part_01,train
part_01_record_000168,part_01,train
part_01_record_000169,part_01,train
part_01_record_000170,part_01,train
part_01_record_000171,part_01,train
part_01_record_000172,part_01,train
part_01_record_000173,part_01,train
part_01_record_000174,part_01,train
part_01_record_000175,part_01,train
part_01_record_000176,part_01,train
part_01_record_000177,part_01,train
part_01_record_000178,part_01,train
part_01_record_000179,part_01,train
part_01_record_000180,part_01,train
part_01_record_000181,part_01,train
part_01_record_000182,part_01,train
part_01_record_000183,part_01,val
part_01_record_000184,part_01,train
part_01_record_000185,part_01,train
part_01_record_000186,part_01,train
part_01_record_000187,part_01,train
part_01_record_000188,part_01,val
part_01_record_000189,part_01,train
part_01_record_000190,part_01,test
part_01_record_000191,part_01,test
part_01_record_000192,part_01,train
part_01_record_000193,part_01,train
part_01_record_000194,part_01,val
part_01_record_000195,part_01,train
part_01_record_000196,part_01,train
part_01_record_000197,part_01,train
part_01_record_000198,part_01,test
part_01_record_000199,part_01,train
part_01_record_000200,part_01,train
part_01_record_000201,part_01,train
part_01_record_000202,part_01,val
part_01_record_000203,part_01,test
part_01_record_000204,part_01,train
part_01_record_000205,part_01,val
part_01_record_000206,part_01,val
part_01_record_000207,part_01,test
part_01_record_000208,part_01,val
part_01_record_000209,part_01,train
part_01_record_000210,part_01,train
part_01_record_000211,part_01,train
part_01_record_000212,part_01,train
part_01_record_000213,part_01,train
part_01_record_000214,part_01,test
part_01_record_000215,part_01,train
part_01_record_000216,part_01,val
part_01_record_000217,part_01,train
part_01_record_000218,part_01,train
part_01_record_000219,part_01,train
part_01_record_000220,part_01,train
part_01_record_000221,part_01,train
part_01_record_000222,part_01,train
part_01_record_000223,part_01,train
part_01_record_000224,part_01,train
part_01_record_000225,part_01,test
part_01_record_000226,part_01,test
part_01_record_000227,part_01,val
part_01_record_000228,part_01,train
part_01_record_000229,part_01,train
part_01_record_000230,part_01,train
part_01_record_000231,part_01,train
part_01_record_000232,part_01,train
part_01_record_000233,part_01,test
part_01_record_000234,part_01,train
part_01_record_000235,part_01,val
part_01_record_000236,part_01,test
part_01_record_000237,part_01,val
part_01_record_000238,part_01,train
part_01_record_000239,part_01,train
part_01_record_000240,part_01,train
part_01_record_000241,part_01,train
part_01_record_000242,part_01,train
part_01_record_000243,part_01,train
part_01_record_000244,part_01,train
part_01_record_000245,part_01,train
part_01_record_000246,part_01,train
part_01_record_000247,part_01,train
part_01_record_000248,part_01,train
part_01_record_000249,part_01,train
part_01_record_000250,part_01,test
part_01_record_000251,part_01,train
part_01_record_000252,part_01,train
part_01_record_000253,part_01,train
part_01_record_000254,part_01,train
part_01_record_000255,part_01,train
part_01_record_000256,part_01,test
part_01_record_000257,part_01,train
part_01_record_000258,part_01,train
part_01_record_000259,part_01,val
part_01_record_000260,part_01,train
part_01_record_000261,part_01,test
part_01_record_000262,part_01,train
part_01_record_000263,part_01,test
part_01_record_000264,part_01,train
part_01_record_000265,part_01,val
part_01_record_000266,part_01,train
part_01_record_000267,part_01,train
part_01_record_000268,part_01,train
part_01_record_000269,part_01,train
part_01_record_000270,part_01,val
part_01_record_000271,part_01,val
part_01_record_000272,part_01,test
part_01_record_000273,part_01,train
part_01_record_000274,part_01,train
part_01_record_000275,part_01,train
part_01_record_000276,part_01,train
part_01_record_000277,part_01,val
part_01_record_000278,part_01,test
part_01_record_000279,part_01,val
part_01_record_000280,part_01,train
part_01_record_000281,part_01,train
part_01_record_000282,part_01,val
part_01_record_000283,part_01,val
part_01_record_000284,part_01,train
part_01_record_000285,part_01,train
part_01_record_000286,part_01,val
part_01_record_000287,part_01,train
part_01_record_000288,part_01,train
part_01_record_000289,part_01,train
part_01_record_000290,part_01,val
part_01_record_000291,part_01,train
part_01_record_000292,part_01,train
part_01_record_000293,part_01,train
part_01_record_000294,part_01,train
part_01_record_000295,part_01,test
part_01_record_000296,part_01,train
part_01_record_000297,part_01,train
part_01_record_000298,part_01,train
part_01_record_000299,part_01,train
part_01_record_000300,part_01,train
part_01_record_000301,part_01,train
part_01_record_000302,part_01,test
part_01_record_000303,part_01,test
part_01_record_000304,part_01,train
part_01_record_000305,part_01,train
part_01_record_000306,part_01,train
part_01_record_000307,part_01,val
part_01_record_000308,part_01,train
part_01_record_000309,part_01,train
part_01_record_000310,part_01,train
part_01_record_000311,part_01,train
part_01_record_000312,part_01,train
part_01_record_000313,part_01,train
part_01_record_000314,part_01,train
part_01_record_000315,part_01,train
part_01_record_000316,part_01,train
part_01_record_000317,part_01,train
part_01_record_000318,part_01,test
part_01_record_000319,part_01,train
part_01_record_000320,part_01,train
part_01_record_000321,part_01,train
part_01_record_000322,part_01,train
part_01_record_000323,part_01,train
part_01_record_000324,part_01,train
part_01_record_000325,part_01,train
part_01_record_000326,part_01,train
part_01_record_000327,part_01,train
part_01_record_000328,part_01,train
part_01_record_000329,part_01,train
part_01_record_000330,part_01,test
part_01_record_000331,part_01,train
part_01_record_000332,part_01,val
part_01_record_000333,part_01,train
part_01_record_000334,part_01,train
part_01_record_000335,part_01,train
part_01_record_000336,part_01,train
part_01_record_000337,part_01,train
part_01_record_000338,part_01,train
part_01_record_000339,part_01,test
part_01_record_000340,part_01,train
part_01_record_000341,part_01,val
part_01_record_000342,part_01,test
part_01_record_000343,part_01,val
part_01_record_000344,part_01,train
part_01_record_000345,part_01,train
part_01_record_000346,part_01,test
part_01_record_000347,part_01,train
part_01_record_000348,part_01,train
part_01_record_000349,part_01,train
part_01_record_000350,part_01,train
part_01_record_000351,part_01,train
part_01_record_000352,part_01,train
part_01_record_000353,part_01,val
part_01_record_000354,part_01,train
part_01_record_000355,part_01,train
part_01_record_000356,part_01,train
part_01_record_000357,part_01,train
part_01_record_000358,part_01,train
part_01_record_000359,part_01,val
part_01_record_000360,part_01,val
part_01_record_000361,part_01,train
part_01_record_000362,part_01,train
part_01_record_000363,part_01,test
part_01_record_000364,part_01,train
part_01_record_000365,part_01,test
part_01_record_000366,part_01,val
part_01_record_000367,part_01,train
part_01_record_000368,part_01,train
part_01_record_000369,part_01,train
part_01_record_000370,part_01,train
part_01_record_000371,part_01,train
part_01_record_000372,part_01,train
part_01_record_000373,part_01,train
part_01_record_000374,part_01,train
part_01_record_000375,part_01,val
part_01_record_000376,part_01,train
part_01_record_000377,part_01,train
part_01_record_000378,part_01,train
part_01_record_000379,part_01,train
part_01_record_000380,part_01,train
part_01_record_000381,part_01,train
part_01_record_000382,part_01,train
part_01_record_000383,part_01,val
part_01_record_000384,part_01,train
part_01_record_000385,part_01,test
part_01_record_000386,part_01,train
part_01_record_000387,part_01,val
part_01_record_000388,part_01,train
part_01_record_000389,part_01,train
part_01_record_000390,part_01,train
part_01_record_000391,part_01,test
part_01_record_000392,part_01,test
part_01_record_000393,part_01,val
part_01_record_000394,part_01,train
part_01_record_000395,part_01,train
part_01_record_000396,part_01,test
part_01_record_000397,part_01,train
part_01_record_000398,part_01,train
part_01_record_000399,part_01,train
part_01_record_000400,part_01,train
part_01_record_000401,part_01,train
part_01_record_000402,part_01,train
part_01_record_000403,part_01,train
part_01_record_000404,part_01,train
part_01_record_000405,part_01,test
part_01_record_000406,part_01,val
part_01_record_000407,part_01,val
part_01_record_000408,part_01,train
part_01_record_000409,part_01,train
part_01_record_000410,part_01,train
part_01_record_000411,part_01,train
part_01_record_000412,part_01,train
part_01_record_000413,part_01,test
part_01_record_000414,part_01,train
part_01_record_000415,part_01,train
part_01_record_000416,part_01,train
part_01_record_000417,part_01,train
part_01_record_000418,part_01,test
part_01_record_000419,part_01,train
part_01_record_000420,part_01,test
part_01_record_000421,part_01,train
part_01_record_000422,part_01,train
part_01_record_000423,part_01,train
part_01_record_000424,part_01,val
part_01_record_000425,part_01,train
part_01_record_000426,part_01,train
part_01_record_000427,part_01,train
part_01_record_000428,part_01,train
part_01_record_000429,part_01,train
part_01_record_000430,part_01,train
part_01_record_000431,part_01,train
part_01_record_000432,part_01,train
part_01_record_000433,part_01,train
part_01_record_000434,part_01,train
part_01_record_000435,part_01,train
part_01_record_000436,part_01,train
part_01_record_000437,part_01,val
part_01_record_000438,part_01,train
part_01_record_000439,part_01,train
part_01_record_000440,part_01,train
part_01_record_000441,part_01,train
part_01_record_000442,part_01,val
part_01_record_000443,part_01,val
part_01_record_000444,part_01,train
part_01_record_000445,part_01,train
part_01_record_000446,part_01,train
part_01_record_000447,part_01,train
part_01_record_000448,part_01,train
part_01_record_000449,part_01,val
part_01_record_000450,part_01,train
part_01_record_000451,part_01,train
part_01_record_000452,part_01,train
part_01_record_000453,part_01,train
part_01_record_000454,part_01,train
part_01_record_000455,part_01,val
part_01_record_000456,part_01,train
part_01_record_000457,part_01,train
part_01_record_000458,part_01,train
part_01_record_000459,part_01,val
part_01_record_000460,part_01,val
part_01_record_000461,part_01,train
part_01_record_000462,part_01,train
part_01_record_000463,part_01,train
part_01_record_000464,part_01,train
part_01_record_000465,part_01,train
part_01_record_000466,part_01,train
part_01_record_000467,part_01,test
part_01_record_000468,part_01,train
part_01_record_000469,part_01,train
part_01_record_000470,part_01,train
part_01_record_000471,part_01,train
part_01_record_000472,part_01,train
part_01_record_000473,part_01,train
part_01_record_000474,part_01,train
part_01_record_000475,part_01,train
part_01_record_000476,part_01,val
part_01_record_000477,part_01,train
part_01_record_000478,part_01,train
part_01_record_000479,part_01,train
part_01_record_000480,part_01,train
part_01_record_000481,part_01,train
part_01_record_000482,part_01,test
part_01_record_000483,part_01,val
part_01_record_000484,part_01,train
part_01_record_000485,part_01,train
part_01_record_000486,part_01,train
part_01_record_000487,part_01,train
part_01_record_000488,part_01,train
part_01_record_000489,part_01,val
part_01_record_000490,part_01,train
part_01_record_000491,part_01,train
part_01_record_000492,part_01,train
part_01_record_000493,part_01,val
part_01_record_000494,part_01,train
part_01_record_000495,part_01,train
part_01_record_000496,part_01,train
part_01_record_000497,part_01,train
part_01_record_000498,part_01,train
part_01_record_000499,part_01,train
part_01_record_000500,part_01,train
part_01_record_000501,part_01,train
part_01_record_000502,part_01,train
part_01_record_000503,part_01,test
part_01_record_000504,part_01,train
part_01_record_000505,part_01,test
part_01_record_000506,part_01,train
part_01_record_000507,part_01,train
part_01_record_000508,part_01,train
part_01_record_000509,part_01,train
part_01_record_000510,part_01,train
part_01_record_000511,part_01,train
part_01_record_000512,part_01,train
part_01_record_000513,part_01,test
part_01_record_000514,part_01,train
part_01_record_000515,part_01,val
part_01_record_000516,part_01,train
part_01_record_000517,part_01,train
part_01_record_000518,part_01,train
part_01_record_000519,part_01,train
part_01_record_000520,part_01,train
part_01_record_000521,part_01,train
part_01_record_000522,part_01,val
part_01_record_000523,part_01,val
part_01_record_000524,part_01,test
part_01_record_000525,part_01,train
part_01_record_000526,part_01,val
part_01_record_000527,part_01,test
part_01_record_000528,part_01,train
part_01_record_000529,part_01,train
part_01_record_000530,part_01,val
part_01_record_000531,part_01,train
part_01_record_000532,part_01,train
part_01_record_000533,part_01,train
part_01_record_000534,part_01,train
part_01_record_000535,part_01,train
part_01_record_000536,part_01,train
part_01_record_000537,part_01,test
part_01_record_000538,part_01,test
part_01_record_000539,part_01,train
part_01_record_000540,part_01,test
part_01_record_000541,part_01,train
part_01_record_000542,part_01,val
part_01_record_000543,part_01,train
part_01_record_000544,part_01,train
part_01_record_000545,part_01,train
part_01_record_000546,part_01,test
part_01_record_000547,part_01,train
part_01_record_000548,part_01,train
part_01_record_000549,part_01,train
part_01_record_000550,part_01,train
part_01_record_000551,part_01,train
part_01_record_000552,part_01,train
part_01_record_000553,part_01,val
part_01_record_000554,part_01,train
part_01_record_000555,part_01,train
part_01_record_000556,part_01,train
part_01_record_000557,part_01,test
part_01_record_000558,part_01,val
part_01_record_000559,part_01,train
part_01_record_000560,part_01,test
part_01_record_000561,part_01,val
part_01_record_000562,part_01,train
part_01_record_000563,part_01,train
part_01_record_000564,part_01,train
part_01_record_000565,part_01,train
part_01_record_000566,part_01,train
part_01_record_000567,part_01,train
part_01_record_000568,part_01,train
part_01_record_000569,part_01,train
part_01_record_000570,part_01,test
part_01_record_000571,part_01,train
part_01_record_000572,part_01,test
part_01_record_000573,part_01,val
part_01_record_000574,part_01,train
part_01_record_000575,part_01,test
part_01_record_000576,part_01,val
part_01_record_000577,part_01,train
part_01_record_000578,part_01,train
part_01_record_000579,part_01,train
part_01_record_000580,part_01,train
part_01_record_000581,part_01,test
part_01_record_000582,part_01,val
part_01_record_000583,part_01,train
part_01_record_000584,part_01,test
part_01_record_000585,part_01,train
part_01_record_000586,part_01,train
part_01_record_000587,part_01,train
part_01_record_000588,part_01,val
part_01_record_000589,part_01,train
part_01_record_000590,part_01,train
part_01_record_000591,part_01,train
part_01_record_000592,part_01,train
part_01_record_000593,part_01,train
part_01_record_000594,part_01,val
part_01_record_000595,part_01,train
part_01_record_000596,part_01,train
part_01_record_000597,part_01,train
part_01_record_000598,part_01,val
part_01_record_000599,part_01,train
part_01_record_000600,part_01,train
part_01_record_000601,part_01,test
part_01_record_000602,part_01,train
part_01_record_000603,part_01,train
part_01_record_000604,part_01,train
part_01_record_000605,part_01,train
part_01_record_000606,part_01,train
part_01_record_000607,part_01,test
part_01_record_000608,part_01,train
part_01_record_000609,part_01,train
part_01_record_000610,part_01,train
part_01_record_000611,part_01,val
part_01_record_000612,part_01,train
part_01_record_000613,part_01,val
part_01_record_000614,part_01,train
part_01_record_000615,part_01,test
part_01_record_000616,part_01,train
part_01_record_000617,part_01,train
part_01_record_000618,part_01,train
part_01_record_000619,part_01,train
part_01_record_000620,part_01,val
part_01_record_000621,part_01,train
part_01_record_000622,part_01,train
part_01_record_000623,part_01,train
part_01_record_000624,part_01,train
part_01_record_000625,part_01,train
part_01_record_000626,part_01,train
part_01_record_000627,part_01,train
part_01_record_000628,part_01,train
part_01_record_000629,part_01,val
part_01_record_000630,part_01,val
part_01_record_000631,part_01,val
part_01_record_000632,part_01,val
part_01_record_000633,part_01,val
part_01_record_000634,part_01,train
part_01_record_000635,part_01,val
part_01_record_000636,part_01,test
part_01_record_000637,part_01,train
part_01_record_000638,part_01,train
part_01_record_000639,part_01,test
part_01_record_000640,part_01,train
part_01_record_000641,part_01,train
part_01_record_000642,part_01,train
part_01_record_000643,part_01,train
part_01_record_000644,part_01,train
part_01_record_000645,part_01,train
part_01_record_000646,part_01,test
part_01_record_000647,part_01,val
part_01_record_000648,part_01,train
part_01_record_000649,part_01,train
part_01_record_000650,part_01,train
part_01_record_000651,part_01,train
part_01_record_000652,part_01,train
part_01_record_000653,part_01,train
part_01_record_000654,part_01,train
part_01_record_000655,part_01,train
part_01_record_000656,part_01,train
part_01_record_000657,part_01,train
part_01_record_000658,part_01,train
part_01_record_000659,part_01,train
part_01_record_000660,part_01,test
part_01_record_000661,part_01,val
part_01_record_000662,part_01,val
part_01_record_000663,part_01,train
part_01_record_000664,part_01,test
part_01_record_000665,part_01,train
part_01_record_000666,part_01,train
part_01_record_000667,part_01,test
part_01_record_000668,part_01,test
part_01_record_000669,part_01,train
part_01_record_000670,part_01,val
part_01_record_000671,part_01,train
part_01_record_000672,part_01,test
part_01_record_000673,part_01,train
part_01_record_000674,part_01,train
part_01_record_000675,part_01,val
part_01_record_000676,part_01,train
part_01_record_000677,part_01,train
part_01_record_000678,part_01,train
part_01_record_000679,part_01,train
part_01_record_000680,part_01,train
part_01_record_000681,part_01,train
part_01_record_000682,part_01,train
part_01_record_000683,part_01,train
part_01_record_000684,part_01,train
part_01_record_000685,part_01,train
part_01_record_000686,part_01,val
part_01_record_000687,part_01,test
part_01_record_000688,part_01,val
part_01_record_000689,part_01,test
part_01_record_000690,part_01,val
part_01_record_000691,part_01,train
part_01_record_000692,part_01,train
part_01_record_000693,part_01,val
part_01_record_000694,part_01,train
part_01_record_000695,part_01,train
part_01_record_000696,part_01,val
part_01_record_000697,part_01,train
part_01_record_000698,part_01,val
part_01_record_000699,part_01,test
part_01_record_000700,part_01,test
part_01_record_000701,part_01,train
part_01_record_000702,part_01,train
part_01_record_000703,part_01,train
part_01_record_000704,part_01,val
part_01_record_000705,part_01,train
part_01_record_000706,part_01,train
part_01_record_000707,part_01,train
part_01_record_000708,part_01,val
part_01_record_000709,part_01,train
part_01_record_000710,part_01,train
part_01_record_000711,part_01,train
part_01_record_000712,part_01,train
part_01_record_000713,part_01,train
part_01_record_000714,part_01,train
part_01_record_000715,part_01,train
part_01_record_000716,part_01,train
part_01_record_000717,part_01,test
part_01_record_000718,part_01,test
part_01_record_000719,part_01,train
part_01_record_000720,part_01,val
part_01_record_000721,part_01,train
part_01_record_000722,part_01,train
part_01_record_000723,part_01,train
part_01_record_000724,part_01,train
part_01_record_000725,part_01,train
part_01_record_000726,part_01,train
part_01_record_000727,part_01,test
part_01_record_000728,part_01,val
part_01_record_000729,part_01,test
part_01_record_000730,part_01,train
part_01_record_000731,part_01,train
part_01_record_000732,part_01,train
part_01_record_000733,part_01,train
part_01_record_000734,part_01,train
part_01_record_000735,part_01,train
part_01_record_000736,part_01,train
part_01_record_000737,part_01,train
part_01_record_000738,part_01,train
part_01_record_000739,part_01,train
part_01_record_000740,part_01,train
part_01_record_000741,part_01,train
part_01_record_000742,part_01,train
part_01_record_000743,part_01,train
part_01_record_000744,part_01,train
part_01_record_000745,part_01,train
part_01_record_000746,part_01,train
part_01_record_000747,part_01,train
part_01_record_000748,part_01,train
part_01_record_000749,part_01,train
part_01_record_000750,part_01,train
part_01_record_000751,part_01,train
part_01_record_000752,part_01,train
part_01_record_000753,part_01,train
part_01_record_000754,part_01,train
part_01_record_000755,part_01,train
part_01_record_000756,part_01,train
part_01_record_000757,part_01,train
part_01_record_000758,part_01,train
part_01_record_000759,part_01,train
part_01_record_000760,part_01,train
part_01_record_000761,part_01,test
part_01_record_000762,part_01,train
part_01_record_000763,part_01,train
part_01_record_000764,part_01,train
part_01_record_000765,part_01,train
part_01_record_000766,part_01,train
part_01_record_000767,part_01,train
part_01_record_000768,part_01,val
part_01_record_000769,part_01,test
part_01_record_000770,part_01,test
part_01_record_000771,part_01,test
part_01_record_000772,part_01,val
part_01_record_000773,part_01,train
part_01_record_000774,part_01,train
part_01_record_000775,part_01,train
part_01_record_000776,part_01,test
part_01_record_000777,part_01,train
part_01_record_000778,part_01,train
part_01_record_000779,part_01,test
part_01_record_000780,part_01,train
part_01_record_000781,part_01,val
part_01_record_000782,part_01,val
part_01_record_000783,part_01,train
part_01_record_000784,part_01,train
part_01_record_000785,part_01,test
part_01_record_000786,part_01,val
part_01_record_000787,part_01,train
part_01_record_000788,part_01,train
part_01_record_000789,part_01,train
part_01_record_000790,part_01,train
part_01_record_000791,part_01,train
part_01_record_000792,part_01,test
part_01_record_000793,part_01,train
part_01_record_000794,part_01,test
part_01_record_000795,part_01,train
part_01_record_000796,part_01,train
part_01_record_000797,part_01,train
part_01_record_000798,part_01,train
part_01_record_000799,part_01,train
part_01_record_000800,part_01,train
part_01_record_000801,part_01,train
part_01_record_000802,part_01,train
part_01_record_000803,part_01,train
part_01_record_000804,part_01,train
part_01_record_000805,part_01,test
part_01_record_000806,part_01,train
part_01_record_000807,part_01,test
part_01_record_000808,part_01,train
part_01_record_000809,part_01,train
part_01_record_000810,part_01,train
part_01_record_000811,part_01,train
part_01_record_000812,part_01,train
part_01_record_000813,part_01,train
part_01_record_000814,part_01,train
part_01_record_000815,part_01,test
part_01_record_000816,part_01,train
part_01_record_000817,part_01,train
part_01_record_000818,part_01,train
part_01_record_000819,part_01,train
part_01_record_000820,part_01,train
part_01_record_000821,part_01,train
part_01_record_000822,part_01,train
part_01_record_000823,part_01,test
part_01_record_000824,part_01,test
part_01_record_000825,part_01,test
part_01_record_000826,part_01,test
part_01_record_000827,part_01,train
part_01_record_000828,part_01,test
part_01_record_000829,part_01,train
part_01_record_000830,part_01,train
part_01_record_000831,part_01,test
part_01_record_000832,part_01,train
part_01_record_000833,part_01,test
part_01_record_000834,part_01,train
part_01_record_000835,part_01,train
part_01_record_000836,part_01,train
part_01_record_000837,part_01,train
part_01_record_000838,part_01,train
part_01_record_000839,part_01,train
part_01_record_000840,part_01,train
part_01_record_000841,part_01,train
part_01_record_000842,part_01,train
part_01_record_000843,part_01,train
part_01_record_000844,part_01,train
part_01_record_000845,part_01,train
part_01_record_000846,part_01,val
part_01_record_000847,part_01,test
part_01_record_000848,part_01,train
part_01_record_000849,part_01,train
part_01_record_000850,part_01,train
part_01_record_000851,part_01,train
part_01_record_000852,part_01,test
part_01_record_000853,part_01,train
part_01_record_000854,part_01,test
part_01_record_000855,part_01,test
part_01_record_000856,part_01,val
part_01_record_000857,part_01,train
part_01_record_000858,part_01,train
part_01_record_000859,part_01,train
part_01_record_000860,part_01,train
part_01_record_000861,part_01,test
part_01_record_000862,part_01,train
part_01_record_000863,part_01,train
part_01_record_000864,part_01,test
part_01_record_000865,part_01,train
part_01_record_000866,part_01,train
part_01_record_000867,part_01,train
part_01_record_000868,part_01,val
part_01_record_000869,part_01,train
part_01_record_000870,part_01,train
part_01_record_000871,part_01,train
part_01_record_000872,part_01,train
part_01_record_000873,part_01,train
part_01_record_000874,part_01,train
part_01_record_000875,part_01,val
part_01_record_000876,part_01,train
part_01_record_000877,part_01,test
part_01_record_000878,part_01,train
part_01_record_000879,part_01,test
part_01_record_000880,part_01,train
part_01_record_000881,part_01,train
part_01_record_000882,part_01,train
part_01_record_000883,part_01,val
part_01_record_000884,part_01,train
part_01_record_000885,part_01,train
part_01_record_000886,part_01,train
part_01_record_000887,part_01,train
part_01_record_000888,part_01,train
part_01_record_000889,part_01,train
part_01_record_000890,part_01,train
part_01_record_000891,part_01,train
part_01_record_000892,part_01,val
part_01_record_000893,part_01,test
part_01_record_000894,part_01,train
part_01_record_000895,part_01,val
part_01_record_000896,part_01,train
part_01_record_000897,part_01,train
part_01_record_000898,part_01,train
part_01_record_000899,part_01,train
part_01_record_000900,part_01,val
part_01_record_000901,part_01,train
part_01_record_000902,part_01,train
part_01_record_000903,part_01,train
part_01_record_000904,part_01,train
part_01_record_000905,part_01,train
part_01_record_000906,part_01,val
part_01_record_000907,part_01,train
part_01_record_000908,part_01,train
part_01_record_000909,part_01,train
part_01_record_000910,part_01,train
part_01_record_000911,part_01,val
part_01_record_000912,part_01,train
part_01_record_000913,part_01,train
part_01_record_000914,part_01,val
part_01_record_000915,part_01,train
part_01_record_000916,part_01,train
part_01_record_000917,part_01,train
part_01_record_000918,part_01,test
part_01_record_000919,part_01,test
part_01_record_000920,part_01,train
part_01_record_000921,part_01,test
part_01_record_000922,part_01,train
part_01_record_000923,part_01,test
part_01_record_000924,part_01,val
part_01_record_000925,part_01,test
part_01_record_000926,part_01,train
part_01_record_000927,part_01,train
part_01_record_000928,part_01,train
part_01_record_000929,part_01,test
part_01_record_000930,part_01,val
part_01_record_000931,part_01,train
part_01_record_000932,part_01,train
part_01_record_000933,part_01,train
part_01_record_000934,part_01,test
part_01_record_000935,part_01,train
part_01_record_000936,part_01,val
part_01_record_000937,part_01,test
part_01_record_000938,part_01,train
part_01_record_000939,part_01,train
part_01_record_000940,part_01,train
part_01_record_000941,part_01,train
part_01_record_000942,part_01,train
part_01_record_000943,part_01,train
part_01_record_000944,part_01,test
part_01_record_000945,part_01,train
part_01_record_000946,part_01,train
part_01_record_000947,part_01,val
part_01_record_000948,part_01,train
part_01_record_000949,part_01,val
part_01_record_000950,part_01,train
part_01_record_000951,part_01,test
part_01_record_000952,part_01,test
part_01_record_000953,part_01,train
part_01_record_000954,part_01,test
part_01_record_000955,part_01,test
part_01_record_000956,part_01,val
part_01_record_000957,part_01,test
part_01_record_000958,part_01,train
part_01_record_000959,part_01,train
part_01_record_000960,part_01,test
part_01_record_000961,part_01,train
part_01_record_000962,part_01,train
part_01_record_000963,part_01,train
part_01_record_000964,part_01,val
part_01_record_000965,part_01,train
part_01_record_000966,part_01,train
part_01_record_000967,part_01,test
part_01_record_000968,part_01,train
part_01_record_000969,part_01,val
part_01_record_000970,part_01,train
part_01_record_000971,part_01,train
part_01_record_000972,part_01,train
part_01_record_000973,part_01,val
part_01_record_000974,part_01,train
part_01_record_000975,part_01,test
part_01_record_000976,part_01,train
part_01_record_000977,part_01,train
part_01_record_000978,part_01,train
part_01_record_000979,part_01,train
part_01_record_000980,part_01,train
part_01_record_000981,part_01,test
part_01_record_000982,part_01,train
part_01_record_000983,part_01,train
part_01_record_000984,part_01,train
part_01_record_000985,part_01,test
part_01_record_000986,part_01,train
part_01_record_000987,part_01,val
part_01_record_000988,part_01,val
part_01_record_000989,part_01,test
part_01_record_000990,part_01,val
part_01_record_000991,part_01,train
part_01_record_000992,part_01,train
part_01_record_000993,part_01,train
part_01_record_000994,part_01,train
part_01_record_000995,part_01,train
part_01_record_000996,part_01,test
part_01_record_000997,part_01,train
part_01_record_000998,part_01,train
part_01_record_000999,part_01,train
part_01_record_001000,part_01,train
part_02_record_001001,part_02,val
part_02_record_001002,part_02,train
part_02_record_001003,part_02,train
part_02_record_001004,part_02,train
part_02_record_001005,part_02,train
part_02_record_001006,part_02,train
part_02_record_001007,part_02,train
part_02_record_001008,part_02,test
part_02_record_001009,part_02,train
part_02_record_001010,part_02,train
part_02_record_001011,part_02,train
part_02_record_001012,part_02,train
part_02_record_001013,part_02,val
part_02_record_001014,part_02,val
part_02_record_001015,part_02,train
part_02_record_001016,part_02,test
part_02_record_001017,part_02,test
part_02_record_001018,part_02,train
part_02_record_001019,part_02,train
part_02_record_001020,part_02,val
part_02_record_001021,part_02,train
part_02_record_001022,part_02,test
part_02_record_001023,part_02,train
part_02_record_001024,part_02,train
part_02_record_001025,part_02,train
part_02_record_001026,part_02,train
part_02_record_001027,part_02,train
part_02_record_001028,part_02,train
part_02_record_001029,part_02,test
part_02_record_001030,part_02,train
part_02_record_001031,part_02,train
part_02_record_001032,part_02,train
part_02_record_001033,part_02,train
part_02_record_001034,part_02,train
part_02_record_001035,part_02,train
part_02_record_001036,part_02,train
part_02_record_001037,part_02,train
part_02_record_001038,part_02,val
part_02_record_001039,part_02,train
part_02_record_001040,part_02,train
part_02_record_001041,part_02,test
part_02_record_001042,part_02,train
part_02_record_001043,part_02,train
part_02_record_001044,part_02,train
part_02_record_001045,part_02,train
part_02_record_001046,part_02,test
part_02_record_001047,part_02,train
part_02_record_001048,part_02,train
part_02_record_001049,part_02,val
part_02_record_001050,part_02,train
part_02_record_001051,part_02,test
part_02_record_001052,part_02,train
part_02_record_001053,part_02,train
part_02_record_001054,part_02,train
part_02_record_001055,part_02,val
part_02_record_001056,part_02,train
part_02_record_001057,part_02,train
part_02_record_001058,part_02,train
part_02_record_001059,part_02,val
part_02_record_001060,part_02,test
part_02_record_001061,part_02,test
part_02_record_001062,part_02,train
part_02_record_001063,part_02,test
part_02_record_001064,part_02,test
part_02_record_001065,part_02,train
part_02_record_001066,part_02,test
part_02_record_001067,part_02,test
part_02_record_001068,part_02,train
part_02_record_001069,part_02,train
part_02_record_001070,part_02,test
part_02_record_001071,part_02,train
part_02_record_001072,part_02,train
part_02_record_001073,part_02,val
part_02_record_001074,part_02,train
part_02_record_001075,part_02,train
part_02_record_001076,part_02,train
part_02_record_001077,part_02,train
part_02_record_001078,part_02,test
part_02_record_001079,part_02,train
part_02_record_001080,part_02,train
part_02_record_001081,part_02,val
part_02_record_001082,part_02,test
part_02_record_001083,part_02,train
part_02_record_001084,part_02,train
part_02_record_001085,part_02,train
part_02_record_001086,part_02,train
part_02_record_001087,part_02,train
part_02_record_001088,part_02,train
part_02_record_001089,part_02,val
part_02_record_001090,part_02,val
part_02_record_001091,part_02,train
part_02_record_001092,part_02,train
part_02_record_001093,part_02,train
part_02_record_001094,part_02,train
part_02_record_001095,part_02,train
part_02_record_001096,part_02,train
part_02_record_001097,part_02,train
part_02_record_001098,part_02,train
part_02_record_001099,part_02,test
part_02_record_001100,part_02,train
part_02_record_001101,part_02,val
part_02_record_001102,part_02,train
part_02_record_001103,part_02,val
part_02_record_001104,part_02,train
part_02_record_001105,part_02,train
part_02_record_001106,part_02,val
part_02_record_001107,part_02,train
part_02_record_001108,part_02,train
part_02_record_001109,part_02,train
part_02_record_001110,part_02,train
part_02_record_001111,part_02,train
part_02_record_001112,part_02,train
part_02_record_001113,part_02,train
part_02_record_001114,part_02,train
part_02_record_001115,part_02,train
part_02_record_001116,part_02,train
part_02_record_001117,part_02,val
part_02_record_001118,part_02,train
part_02_record_001119,part_02,train
part_02_record_001120,part_02,train
part_02_record_001121,part_02,test
part_02_record_001122,part_02,train
part_02_record_001123,part_02,test
part_02_record_001124,part_02,train
part_02_record_001125,part_02,val
part_02_record_001126,part_02,val
part_02_record_001127,part_02,train
part_02_record_001128,part_02,train
part_02_record_001129,part_02,train
part_02_record_001130,part_02,train
part_02_record_001131,part_02,val
part_02_record_001132,part_02,train
part_02_record_001133,part_02,val
part_02_record_001134,part_02,train
part_02_record_001135,part_02,train
part_02_record_001136,part_02,train
part_02_record_001137,part_02,test
part_02_record_001138,part_02,val
part_02_record_001139,part_02,val
part_02_record_001140,part_02,train
part_02_record_001141,part_02,val
part_02_record_001142,part_02,val
part_02_record_001143,part_02,train
part_02_record_001144,part_02,train
part_02_record_001145,part_02,train
part_02_record_001146,part_02,train
part_02_record_001147,part_02,train
part_02_record_001148,part_02,train
part_02_record_001149,part_02,test
part_02_record_001150,part_02,train
part_02_record_001151,part_02,test
part_02_record_001152,part_02,train
part_02_record_001153,part_02,train
part_02_record_001154,part_02,train
part_02_record_001155,part_02,test
part_02_record_001156,part_02,train
part_02_record_001157,part_02,train
part_02_record_001158,part_02,train
part_02_record_001159,part_02,train
part_02_record_001160,part_02,val
part_02_record_001161,part_02,train
part_02_record_001162,part_02,train
part_02_record_001163,part_02,train
part_02_record_001164,part_02,train
part_02_record_001165,part_02,train
part_02_record_001166,part_02,test
part_02_record_001167,part_02,train
part_02_record_001168,part_02,test
part_02_record_001169,part_02,train
part_02_record_001170,part_02,val
part_02_record_001171,part_02,train
part_02_record_001172,part_02,val
part_02_record_001173,part_02,train
part_02_record_001174,part_02,train
part_02_record_001175,part_02,train
part_02_record_001176,part_02,train
part_02_record_001177,part_02,train
part_02_record_001178,part_02,val
part_02_record_001179,part_02,train
part_02_record_001180,part_02,val
part_02_record_001181,part_02,train
part_02_record_001182,part_02,train
part_02_record_001183,part_02,train
part_02_record_001184,part_02,train
part_02_record_001185,part_02,test
part_02_record_001186,part_02,val
part_02_record_001187,part_02,train
part_02_record_001188,part_02,train
part_02_record_001189,part_02,train
part_02_record_001190,part_02,train
part_02_record_001191,part_02,train
part_02_record_001192,part_02,test
part_02_record_001193,part_02,train
part_02_record_001194,part_02,train
part_02_record_001195,part_02,train
part_02_record_001196,part_02,train
part_02_record_001197,part_02,val
part_02_record_001198,part_02,train
part_02_record_001199,part_02,val
part_02_record_001200,part_02,train
part_02_record_001201,part_02,train
part_02_record_001202,part_02,train
part_02_record_001203,part_02,test
part_02_record_001204,part_02,train
part_02_record_001205,part_02,train
part_02_record_001206,part_02,test
part_02_record_001207,part_02,train
part_02_record_001208,part_02,val
part_02_record_001209,part_02,train
part_02_record_001210,part_02,train
part_02_record_001211,part_02,train
part_02_record_001212,part_02,train
part_02_record_001213,part_02,train
part_02_record_001214,part_02,train
part_02_record_001215,part_02,test
part_02_record_001216,part_02,train
part_02_record_001217,part_02,train
part_02_record_001218,part_02,train
part_02_record_001219,part_02,test
part_02_record_001220,part_02,train
part_02_record_001221,part_02,train
part_02_record_001222,part_02,train
part_02_record_001223,part_02,train
part_02_record_001224,part_02,train
part_02_record_001225,part_02,train
part_02_record_001226,part_02,train
part_02_record_001227,part_02,train
part_02_record_001228,part_02,val
part_02_record_001229,part_02,val
part_02_record_001230,part_02,val
part_02_record_001231,part_02,train
part_02_record_001232,part_02,train
part_02_record_001233,part_02,train
part_02_record_001234,part_02,train
part_02_record_001235,part_02,train
part_02_record_001236,part_02,train
part_02_record_001237,part_02,train
part_02_record_001238,part_02,train
part_02_record_001239,part_02,val
part_02_record_001240,part_02,val
part_02_record_001241,part_02,test
part_02_record_001242,part_02,val
part_02_record_001243,part_02,train
part_02_record_001244,part_02,train
part_02_record_001245,part_02,train
part_02_record_001246,part_02,train
part_02_record_001247,part_02,val
part_02_record_001248,part_02,train
part_02_record_001249,part_02,test
part_02_record_001250,part_02,val
part_02_record_001251,part_02,train
part_02_record_001252,part_02,train
part_02_record_001253,part_02,test
part_02_record_001254,part_02,train
part_02_record_001255,part_02,train
part_02_record_001256,part_02,train
part_02_record_001257,part_02,test
part_02_record_001258,part_02,train
part_02_record_001259,part_02,train
part_02_record_001260,part_02,train
part_02_record_001261,part_02,train
part_02_record_001262,part_02,train
part_02_record_001263,part_02,train
part_02_record_001264,part_02,train
part_02_record_001265,part_02,train
part_02_record_001266,part_02,test
part_02_record_001267,part_02,val
part_02_record_001268,part_02,test
part_02_record_001269,part_02,train
part_02_record_001270,part_02,train
part_02_record_001271,part_02,train
part_02_record_001272,part_02,train
part_02_record_001273,part_02,train
part_02_record_001274,part_02,train
part_02_record_001275,part_02,val
part_02_record_001276,part_02,train
part_02_record_001277,part_02,test
part_02_record_001278,part_02,train
part_02_record_001279,part_02,train
part_02_record_001280,part_02,test
part_02_record_001281,part_02,train
part_02_record_001282,part_02,train
part_02_record_001283,part_02,train
part_02_record_001284,part_02,val
part_02_record_001285,part_02,train
part_02_record_001286,part_02,train
part_02_record_001287,part_02,val
part_02_record_001288,part_02,train
part_02_record_001289,part_02,train
part_02_record_001290,part_02,train
part_02_record_001291,part_02,test
part_02_record_001292,part_02,test
part_02_record_001293,part_02,train
part_02_record_001294,part_02,train
part_02_record_001295,part_02,train
part_02_record_001296,part_02,train
part_02_record_001297,part_02,test
part_02_record_001298,part_02,train
part_02_record_001299,part_02,train
part_02_record_001300,part_02,train
part_02_record_001301,part_02,val
part_02_record_001302,part_02,test
part_02_record_001303,part_02,train
part_02_record_001304,part_02,train
part_02_record_001305,part_02,test
part_02_record_001306,part_02,train
part_02_record_001307,part_02,test
part_02_record_001308,part_02,val
part_02_record_001309,part_02,test
part_02_record_001310,part_02,train
part_02_record_001311,part_02,train
part_02_record_001312,part_02,train
part_02_record_001313,part_02,test
part_02_record_001314,part_02,train
part_02_record_001315,part_02,train
part_02_record_001316,part_02,train
part_02_record_001317,part_02,val
part_02_record_001318,part_02,train
part_02_record_001319,part_02,train
part_02_record_001320,part_02,train
part_02_record_001321,part_02,train
part_02_record_001322,part_02,train
part_02_record_001323,part_02,train
part_02_record_001324,part_02,train
part_02_record_001325,part_02,test
part_02_record_001326,part_02,val
part_02_record_001327,part_02,train
part_02_record_001328,part_02,train
part_02_record_001329,part_02,train
part_02_record_001330,part_02,train
part_02_record_001331,part_02,train
part_02_record_001332,part_02,test
part_02_record_001333,part_02,train
part_02_record_001334,part_02,test
part_02_record_001335,part_02,train
part_02_record_001336,part_02,train
part_02_record_001337,part_02,train
part_02_record_001338,part_02,train
part_02_record_001339,part_02,train
part_02_record_001340,part_02,train
part_02_record_001341,part_02,train
part_02_record_001342,part_02,test
part_02_record_001343,part_02,test
part_02_record_001344,part_02,val
part_02_record_001345,part_02,train
part_02_record_001346,part_02,train
part_02_record_001347,part_02,train
part_02_record_001348,part_02,train
part_02_record_001349,part_02,val
part_02_record_001350,part_02,train
part_02_record_001351,part_02,train
part_02_record_001352,part_02,train
part_02_record_001353,part_02,train
part_02_record_001354,part_02,test
part_02_record_001355,part_02,train
part_02_record_001356,part_02,train
part_02_record_001357,part_02,val
part_02_record_001358,part_02,train
part_02_record_001359,part_02,train
part_02_record_001360,part_02,train
part_02_record_001361,part_02,train
part_02_record_001362,part_02,train
part_02_record_001363,part_02,train
part_02_record_001364,part_02,train
part_02_record_001365,part_02,train
part_02_record_001366,part_02,test
part_02_record_001367,part_02,train
part_02_record_001368,part_02,val
part_02_record_001369,part_02,train
part_02_record_001370,part_02,train
part_02_record_001371,part_02,train
part_02_record_001372,part_02,train
part_02_record_001373,part_02,train
part_02_record_001374,part_02,train
part_02_record_001375,part_02,train
part_02_record_001376,part_02,train
part_02_record_001377,part_02,val
part_02_record_001378,part_02,val
part_02_record_001379,part_02,val
part_02_record_001380,part_02,train
part_02_record_001381,part_02,test
part_02_record_001382,part_02,val
part_02_record_001383,part_02,val
part_02_record_001384,part_02,train
part_02_record_001385,part_02,train
part_02_record_001386,part_02,train
part_02_record_001387,part_02,test
part_02_record_001388,part_02,test
part_02_record_001389,part_02,val
part_02_record_001390,part_02,test
part_02_record_001391,part_02,val
part_02_record_001392,part_02,train
part_02_record_001393,part_02,train
part_02_record_001394,part_02,train
part_02_record_001395,part_02,val
part_02_record_001396,part_02,train
part_02_record_001397,part_02,train
part_02_record_001398,part_02,train
part_02_record_001399,part_02,train
part_02_record_001400,part_02,train
part_02_record_001401,part_02,train
part_02_record_001402,part_02,val
part_02_record_001403,part_02,train
part_02_record_001404,part_02,val
part_02_record_001405,part_02,train
part_02_record_001406,part_02,train
part_02_record_001407,part_02,train
part_02_record_001408,part_02,train
part_02_record_001409,part_02,train
part_02_record_001410,part_02,test
part_02_record_001411,part_02,train
part_02_record_001412,part_02,train
part_02_record_001413,part_02,train
part_02_record_001414,part_02,train
part_02_record_001415,part_02,train
part_02_record_001416,part_02,train
part_02_record_001417,part_02,train
part_02_record_001418,part_02,train
part_02_record_001419,part_02,train
part_02_record_001420,part_02,train
part_02_record_001421,part_02,train
part_02_record_001422,part_02,train
part_02_record_001423,part_02,val
part_02_record_001424,part_02,train
part_02_record_001425,part_02,train
part_02_record_001426,part_02,train
part_02_record_001427,part_02,train
part_02_record_001428,part_02,train
part_02_record_001429,part_02,val
part_02_record_001430,part_02,train
part_02_record_001431,part_02,train
part_02_record_001432,part_02,val
part_02_record_001433,part_02,train
part_02_record_001434,part_02,train
part_02_record_001435,part_02,train
part_02_record_001436,part_02,test
part_02_record_001437,part_02,train
part_02_record_001438,part_02,train
part_02_record_001439,part_02,train
part_02_record_001440,part_02,val
part_02_record_001441,part_02,val
part_02_record_001442,part_02,train
part_02_record_001443,part_02,val
part_02_record_001444,part_02,train
part_02_record_001445,part_02,train
part_02_record_001446,part_02,train
part_02_record_001447,part_02,train
part_02_record_001448,part_02,val
part_02_record_001449,part_02,train
part_02_record_001450,part_02,val
part_02_record_001451,part_02,train
part_02_record_001452,part_02,train
part_02_record_001453,part_02,train
part_02_record_001454,part_02,train
part_02_record_001455,part_02,train
part_02_record_001456,part_02,val
part_02_record_001457,part_02,train
part_02_record_001458,part_02,train
part_02_record_001459,part_02,train
part_02_record_001460,part_02,train
part_02_record_001461,part_02,test
part_02_record_001462,part_02,val
part_02_record_001463,part_02,train
part_02_record_001464,part_02,train
part_02_record_001465,part_02,train
part_02_record_001466,part_02,train
part_02_record_001467,part_02,test
part_02_record_001468,part_02,train
part_02_record_001469,part_02,train
part_02_record_001470,part_02,train
part_02_record_001471,part_02,train
part_02_record_001472,part_02,train
part_02_record_001473,part_02,train
part_02_record_001474,part_02,train
part_02_record_001475,part_02,val
part_02_record_001476,part_02,train
part_02_record_001477,part_02,train
part_02_record_001478,part_02,train
part_02_record_001479,part_02,val
part_02_record_001480,part_02,train
part_02_record_001481,part_02,train
part_02_record_001482,part_02,test
part_02_record_001483,part_02,train
part_02_record_001484,part_02,train
part_02_record_001485,part_02,test
part_02_record_001486,part_02,train
part_02_record_001487,part_02,train
part_02_record_001488,part_02,train
part_02_record_001489,part_02,train
part_02_record_001490,part_02,train
part_02_record_001491,part_02,train
part_02_record_001492,part_02,train
part_02_record_001493,part_02,val
part_02_record_001494,part_02,train
part_02_record_001495,part_02,train
part_02_record_001496,part_02,test
part_02_record_001497,part_02,train
part_02_record_001498,part_02,val
part_02_record_001499,part_02,train
part_02_record_001500,part_02,train
part_02_record_001501,part_02,test
part_02_record_001502,part_02,train
part_02_record_001503,part_02,train
part_02_record_001504,part_02,train
part_02_record_001505,part_02,train
part_02_record_001506,part_02,train
part_02_record_001507,part_02,train
part_02_record_001508,part_02,train
part_02_record_001509,part_02,train
part_02_record_001510,part_02,train
part_02_record_001511,part_02,train
part_02_record_001512,part_02,train
part_02_record_001513,part_02,train
part_02_record_001514,part_02,train
part_02_record_001515,part_02,train
part_02_record_001516,part_02,train
part_02_record_001517,part_02,train
part_02_record_001518,part_02,val
part_02_record_001519,part_02,train
part_02_record_001520,part_02,val
part_02_record_001521,part_02,train
part_02_record_001522,part_02,test
part_02_record_001523,part_02,train
part_02_record_001524,part_02,train
part_02_record_001525,part_02,test
part_02_record_001526,part_02,val
part_02_record_001527,part_02,train
part_02_record_001528,part_02,train
part_02_record_001529,part_02,test
part_02_record_001530,part_02,val
part_02_record_001531,part_02,train
part_02_record_001532,part_02,test
part_02_record_001533,part_02,train
part_02_record_001534,part_02,train
part_02_record_001535,part_02,train
part_02_record_001536,part_02,train
part_02_record_001537,part_02,train
part_02_record_001538,part_02,val
part_02_record_001539,part_02,train
part_02_record_001540,part_02,train
part_02_record_001541,part_02,test
part_02_record_001542,part_02,train
part_02_record_001543,part_02,test
part_02_record_001544,part_02,train
part_02_record_001545,part_02,train
part_02_record_001546,part_02,train
part_02_record_001547,part_02,train
part_02_record_001548,part_02,train
part_02_record_001549,part_02,val
part_02_record_001550,part_02,val
part_02_record_001551,part_02,train
part_02_record_001552,part_02,train
part_02_record_001553,part_02,train
part_02_record_001554,part_02,train
part_02_record_001555,part_02,train
part_02_record_001556,part_02,test
part_02_record_001557,part_02,val
part_02_record_001558,part_02,train
part_02_record_001559,part_02,train
part_02_record_001560,part_02,train
part_02_record_001561,part_02,val
part_02_record_001562,part_02,train
part_02_record_001563,part_02,train
part_02_record_001564,part_02,train
part_02_record_001565,part_02,train
part_02_record_001566,part_02,train
part_02_record_001567,part_02,train
part_02_record_001568,part_02,train
part_02_record_001569,part_02,train
part_02_record_001570,part_02,train
part_02_record_001571,part_02,train
part_02_record_001572,part_02,test
part_02_record_001573,part_02,train
part_02_record_001574,part_02,train
part_02_record_001575,part_02,train
part_02_record_001576,part_02,train
part_02_record_001577,part_02,train
part_02_record_001578,part_02,val
part_02_record_001579,part_02,train
part_02_record_001580,part_02,train
part_02_record_001581,part_02,train
part_02_record_001582,part_02,test
part_02_record_001583,part_02,train
part_02_record_001584,part_02,train
part_02_record_001585,part_02,train
part_02_record_001586,part_02,test
part_02_record_001587,part_02,train
part_02_record_001588,part_02,train
part_02_record_001589,part_02,val
part_02_record_001590,part_02,val
part_02_record_001591,part_02,train
part_02_record_001592,part_02,test
part_02_record_001593,part_02,train
part_02_record_001594,part_02,train
part_02_record_001595,part_02,train
part_02_record_001596,part_02,train
part_02_record_001597,part_02,train
part_02_record_001598,part_02,train
part_02_record_001599,part_02,train
part_02_record_001600,part_02,train
part_02_record_001601,part_02,train
part_02_record_001602,part_02,train
part_02_record_001603,part_02,train
part_02_record_001604,part_02,train
part_02_record_001605,part_02,test
part_02_record_001606,part_02,test
part_02_record_001607,part_02,train
part_02_record_001608,part_02,test
part_02_record_001609,part_02,train
part_02_record_001610,part_02,train
part_02_record_001611,part_02,train
part_02_record_001612,part_02,train
part_02_record_001613,part_02,train
part_02_record_001614,part_02,train
part_02_record_001615,part_02,train
part_02_record_001616,part_02,train
part_02_record_001617,part_02,train
part_02_record_001618,part_02,train
part_02_record_001619,part_02,train
part_02_record_001620,part_02,test
part_02_record_001621,part_02,train
part_02_record_001622,part_02,train
part_02_record_001623,part_02,test
part_02_record_001624,part_02,train
part_02_record_001625,part_02,train
part_02_record_001626,part_02,test
part_02_record_001627,part_02,train
part_02_record_001628,part_02,val
part_02_record_001629,part_02,val
part_02_record_001630,part_02,train
part_02_record_001631,part_02,train
part_02_record_001632,part_02,train
part_02_record_001633,part_02,train
part_02_record_001634,part_02,test
part_02_record_001635,part_02,train
part_02_record_001636,part_02,val
part_02_record_001637,part_02,test
part_02_record_001638,part_02,train
part_02_record_001639,part_02,val
part_02_record_001640,part_02,test
part_02_record_001641,part_02,test
part_02_record_001642,part_02,train
part_02_record_001643,part_02,train
part_02_record_001644,part_02,train
part_02_record_001645,part_02,train
part_02_record_001646,part_02,test
part_02_record_001647,part_02,test
part_02_record_001648,part_02,train
part_02_record_001649,part_02,test
part_02_record_001650,part_02,train
part_02_record_001651,part_02,train
part_02_record_001652,part_02,val
part_02_record_001653,part_02,train
part_02_record_001654,part_02,val
part_02_record_001655,part_02,train
part_02_record_001656,part_02,train
part_02_record_001657,part_02,train
part_02_record_001658,part_02,train
part_02_record_001659,part_02,train
part_02_record_001660,part_02,train
part_02_record_001661,part_02,train
part_02_record_001662,part_02,train
part_02_record_001663,part_02,train
part_02_record_001664,part_02,test
part_02_record_001665,part_02,test
part_02_record_001666,part_02,train
part_02_record_001667,part_02,train
part_02_record_001668,part_02,val
part_02_record_001669,part_02,val
part_02_record_001670,part_02,train
part_02_record_001671,part_02,train
part_02_record_001672,part_02,train
part_02_record_001673,part_02,train
part_02_record_001674,part_02,val
part_02_record_001675,part_02,val
part_02_record_001676,part_02,train
part_02_record_001677,part_02,val
part_02_record_001678,part_02,train
part_02_record_001679,part_02,test
part_02_record_001680,part_02,test
part_02_record_001681,part_02,train
part_02_record_001682,part_02,train
part_02_record_001683,part_02,test
part_02_record_001684,part_02,train
part_02_record_001685,part_02,train
part_02_record_001686,part_02,test
part_02_record_001687,part_02,test
part_02_record_001688,part_02,test
part_02_record_001689,part_02,train
part_02_record_001690,part_02,val
part_02_record_001691,part_02,train
part_02_record_001692,part_02,train
part_02_record_001693,part_02,train
part_02_record_001694,part_02,test
part_02_record_001695,part_02,train
part_02_record_001696,part_02,train
part_02_record_001697,part_02,val
part_02_record_001698,part_02,train
part_02_record_001699,part_02,train
part_02_record_001700,part_02,train
part_02_record_001701,part_02,train
part_02_record_001702,part_02,train
part_02_record_001703,part_02,train
part_02_record_001704,part_02,train
part_02_record_001705,part_02,test
part_02_record_001706,part_02,train
part_02_record_001707,part_02,train
part_02_record_001708,part_02,test
part_02_record_001709,part_02,val
part_02_record_001710,part_02,test
part_02_record_001711,part_02,train
part_02_record_001712,part_02,train
part_02_record_001713,part_02,val
part_02_record_001714,part_02,train
part_02_record_001715,part_02,train
part_02_record_001716,part_02,val
part_02_record_001717,part_02,train
part_02_record_001718,part_02,train
part_02_record_001719,part_02,train
part_02_record_001720,part_02,train
part_02_record_001721,part_02,train
part_02_record_001722,part_02,train
part_02_record_001723,part_02,train
part_02_record_001724,part_02,train
part_02_record_001725,part_02,val
part_02_record_001726,part_02,train
part_02_record_001727,part_02,train
part_02_record_001728,part_02,val
part_02_record_001729,part_02,train
part_02_record_001730,part_02,train
part_02_record_001731,part_02,train
part_02_record_001732,part_02,train
part_02_record_001733,part_02,train
part_02_record_001734,part_02,test
part_02_record_001735,part_02,test
part_02_record_001736,part_02,val
part_02_record_001737,part_02,train
part_02_record_001738,part_02,train
part_02_record_001739,part_02,train
part_02_record_001740,part_02,train
part_02_record_001741,part_02,train
part_02_record_001742,part_02,train
part_02_record_001743,part_02,val
part_02_record_001744,part_02,train
part_02_record_001745,part_02,train
part_02_record_001746,part_02,train
part_02_record_001747,part_02,train
part_02_record_001748,part_02,train
part_02_record_001749,part_02,train
part_02_record_001750,part_02,val
part_02_record_001751,part_02,test
part_02_record_001752,part_02,val
part_02_record_001753,part_02,train
part_02_record_001754,part_02,val
part_02_record_001755,part_02,train
part_02_record_001756,part_02,train
part_02_record_001757,part_02,train
part_02_record_001758,part_02,test
part_02_record_001759,part_02,train
part_02_record_001760,part_02,test
part_02_record_001761,part_02,train
part_02_record_001762,part_02,test
part_02_record_001763,part_02,test
part_02_record_001764,part_02,test
part_02_record_001765,part_02,train
part_02_record_001766,part_02,train
part_02_record_001767,part_02,train
part_02_record_001768,part_02,train
part_02_record_001769,part_02,train
part_02_record_001770,part_02,train
part_02_record_001771,part_02,train
part_02_record_001772,part_02,test
part_02_record_001773,part_02,val
part_02_record_001774,part_02,train
part_02_record_001775,part_02,val
part_02_record_001776,part_02,train
part_02_record_001777,part_02,train
part_02_record_001778,part_02,train
part_02_record_001779,part_02,val
part_02_record_001780,part_02,train
part_02_record_001781,part_02,train
part_02_record_001782,part_02,train
part_02_record_001783,part_02,train
part_02_record_001784,part_02,train
part_02_record_001785,part_02,train
part_02_record_001786,part_02,train
part_02_record_001787,part_02,train
part_02_record_001788,part_02,val
part_02_record_001789,part_02,train
part_02_record_001790,part_02,train
part_02_record_001791,part_02,train
part_02_record_001792,part_02,train
part_02_record_001793,part_02,test
part_02_record_001794,part_02,train
part_02_record_001795,part_02,train
part_02_record_001796,part_02,train
part_02_record_001797,part_02,test
part_02_record_001798,part_02,train
part_02_record_001799,part_02,val
part_02_record_001800,part_02,train
part_02_record_001801,part_02,val
part_02_record_001802,part_02,train
part_02_record_001803,part_02,test
part_02_record_001804,part_02,train
part_02_record_001805,part_02,val
part_02_record_001806,part_02,train
part_02_record_001807,part_02,train
part_02_record_001808,part_02,train
part_02_record_001809,part_02,train
part_02_record_001810,part_02,val
part_02_record_001811,part_02,test
part_02_record_001812,part_02,train
part_02_record_001813,part_02,train
part_02_record_001814,part_02,train
part_02_record_001815,part_02,train
part_02_record_001816,part_02,val
part_02_record_001817,part_02,test
part_02_record_001818,part_02,train
part_02_record_001819,part_02,train
part_02_record_001820,part_02,val
part_02_record_001821,part_02,train
part_02_record_001822,part_02,train
part_02_record_001823,part_02,train
part_02_record_001824,part_02,test
part_02_record_001825,part_02,train
part_02_record_001826,part_02,train
part_02_record_001827,part_02,val
part_02_record_001828,part_02,val
part_02_record_001829,part_02,test
part_02_record_001830,part_02,val
part_02_record_001831,part_02,train
part_02_record_001832,part_02,train
part_02_record_001833,part_02,train
part_02_record_001834,part_02,train
part_02_record_001835,part_02,train
part_02_record_001836,part_02,train
part_02_record_001837,part_02,train
part_02_record_001838,part_02,train
part_02_record_001839,part_02,test
part_02_record_001840,part_02,train
part_02_record_001841,part_02,train
part_02_record_001842,part_02,test
part_02_record_001843,part_02,val
part_02_record_001844,part_02,test
part_02_record_001845,part_02,train
part_02_record_001846,part_02,train
part_02_record_001847,part_02,val
part_02_record_001848,part_02,train
part_02_record_001849,part_02,train
part_02_record_001850,part_02,val
part_02_record_001851,part_02,train
part_02_record_001852,part_02,train
part_02_record_001853,part_02,test
part_02_record_001854,part_02,test
part_02_record_001855,part_02,test
part_02_record_001856,part_02,train
part_02_record_001857,part_02,val
part_02_record_001858,part_02,train
part_02_record_001859,part_02,train
part_02_record_001860,part_02,train
part_02_record_001861,part_02,train
part_02_record_001862,part_02,train
part_02_record_001863,part_02,train
part_02_record_001864,part_02,val
part_02_record_001865,part_02,train
part_02_record_001866,part_02,test
part_02_record_001867,part_02,train
part_02_record_001868,part_02,train
part_02_record_001869,part_02,test
part_02_record_001870,part_02,train
part_02_record_001871,part_02,train
part_02_record_001872,part_02,train
part_02_record_001873,part_02,train
part_02_record_001874,part_02,train
part_02_record_001875,part_02,train
part_02_record_001876,part_02,test
part_02_record_001877,part_02,train
part_02_record_001878,part_02,train
part_02_record_001879,part_02,train
part_02_record_001880,part_02,train
part_02_record_001881,part_02,train
part_02_record_001882,part_02,train
part_02_record_001883,part_02,train
part_02_record_001884,part_02,train
part_02_record_001885,part_02,val
part_02_record_001886,part_02,train
part_02_record_001887,part_02,train
part_02_record_001888,part_02,test
part_02_record_001889,part_02,train
part_02_record_001890,part_02,train
part_02_record_001891,part_02,train
part_02_record_001892,part_02,train
part_02_record_001893,part_02,train
part_02_record_001894,part_02,train
part_02_record_001895,part_02,train
part_02_record_001896,part_02,test
part_02_record_001897,part_02,train
part_02_record_001898,part_02,train
part_02_record_001899,part_02,val
part_02_record_001900,part_02,test
part_02_record_001901,part_02,val
part_02_record_001902,part_02,train
part_02_record_001903,part_02,train
part_02_record_001904,part_02,train
part_02_record_001905,part_02,train
part_02_record_001906,part_02,train
part_02_record_001907,part_02,test
part_02_record_001908,part_02,train
part_02_record_001909,part_02,test
part_02_record_001910,part_02,train
part_02_record_001911,part_02,train
part_02_record_001912,part_02,train
part_02_record_001913,part_02,train
part_02_record_001914,part_02,test
part_02_record_001915,part_02,train
part_02_record_001916,part_02,train
part_02_record_001917,part_02,train
part_02_record_001918,part_02,test
part_02_record_001919,part_02,train
part_02_record_001920,part_02,train
part_02_record_001921,part_02,train
part_02_record_001922,part_02,train
part_02_record_001923,part_02,train
part_02_record_001924,part_02,train
part_02_record_001925,part_02,train
part_02_record_001926,part_02,val
part_02_record_001927,part_02,train
part_02_record_001928,part_02,val
part_02_record_001929,part_02,train
part_02_record_001930,part_02,val
part_02_record_001931,part_02,test
part_02_record_001932,part_02,test
part_02_record_001933,part_02,val
part_02_record_001934,part_02,test
part_02_record_001935,part_02,train
part_02_record_001936,part_02,train
part_02_record_001937,part_02,val
part_02_record_001938,part_02,train
part_02_record_001939,part_02,val
part_02_record_001940,part_02,val
part_02_record_001941,part_02,train
part_02_record_001942,part_02,train
part_02_record_001943,part_02,train
part_02_record_001944,part_02,train
part_02_record_001945,part_02,train
part_02_record_001946,part_02,train
part_02_record_001947,part_02,val
part_02_record_001948,part_02,train
part_02_record_001949,part_02,val
part_02_record_001950,part_02,test
part_02_record_001951,part_02,train
part_02_record_001952,part_02,train
part_02_record_001953,part_02,train
part_02_record_001954,part_02,train
part_02_record_001955,part_02,train
part_02_record_001956,part_02,train
part_02_record_001957,part_02,train
part_02_record_001958,part_02,train
part_02_record_001959,part_02,val
part_02_record_001960,part_02,test
part_02_record_001961,part_02,val
part_02_record_001962,part_02,train
part_02_record_001963,part_02,train
part_02_record_001964,part_02,train
part_02_record_001965,part_02,train
part_02_record_001966,part_02,train
part_02_record_001967,part_02,train
part_02_record_001968,part_02,val
part_02_record_001969,part_02,val
part_02_record_001970,part_02,val
part_02_record_001971,part_02,test
part_02_record_001972,part_02,train
part_02_record_001973,part_02,train
part_02_record_001974,part_02,train
part_02_record_001975,part_02,val
part_02_record_001976,part_02,train
part_02_record_001977,part_02,test
part_02_record_001978,part_02,train
part_02_record_001979,part_02,train
part_02_record_001980,part_02,train
part_02_record_001981,part_02,test
part_02_record_001982,part_02,train
part_02_record_001983,part_02,train
part_02_record_001984,part_02,train
part_02_record_001985,part_02,train
part_02_record_001986,part_02,train
part_02_record_001987,part_02,test
part_02_record_001988,part_02,train
part_02_record_001989,part_02,train
part_02_record_001990,part_02,train
part_02_record_001991,part_02,test
part_02_record_001992,part_02,train
part_02_record_001993,part_02,train
part_02_record_001994,part_02,train
part_02_record_001995,part_02,test
part_02_record_001996,part_02,train
part_02_record_001997,part_02,train
part_02_record_001998,part_02,test
part_02_record_001999,part_02,test
part_02_record_002000,part_02,val
part_03_record_002001,part_03,test
part_03_record_002002,part_03,train
part_03_record_002003,part_03,train
part_03_record_002004,part_03,train
part_03_record_002005,part_03,train
part_03_record_002006,part_03,val
part_03_record_002007,part_03,train
part_03_record_002008,part_03,val
part_03_record_002009,part_03,train
part_03_record_002010,part_03,train
part_03_record_002011,part_03,val
part_03_record_002012,part_03,val
part_03_record_002013,part_03,train
part_03_record_002014,part_03,train
part_03_record_002015,part_03,val
part_03_record_002016,part_03,train
part_03_record_002017,part_03,val
part_03_record_002018,part_03,train
part_03_record_002019,part_03,train
part_03_record_002020,part_03,train
part_03_record_002021,part_03,train
part_03_record_002022,part_03,train
part_03_record_002023,part_03,train
part_03_record_002024,part_03,val
part_03_record_002025,part_03,train
part_03_record_002026,part_03,train
part_03_record_002027,part_03,test
part_03_record_002028,part_03,test
part_03_record_002029,part_03,train
part_03_record_002030,part_03,train
part_03_record_002031,part_03,train
part_03_record_002032,part_03,train
part_03_record_002033,part_03,test
part_03_record_002034,part_03,test
part_03_record_002035,part_03,train
part_03_record_002036,part_03,train
part_03_record_002037,part_03,train
part_03_record_002038,part_03,train
part_03_record_002039,part_03,train
part_03_record_002040,part_03,train
part_03_record_002041,part_03,train
part_03_record_002042,part_03,train
part_03_record_002043,part_03,train
part_03_record_002044,part_03,test
part_03_record_002045,part_03,val
part_03_record_002046,part_03,train
part_03_record_002047,part_03,train
part_03_record_002048,part_03,test
part_03_record_002049,part_03,test
part_03_record_002050,part_03,test
part_03_record_002051,part_03,test
part_03_record_002052,part_03,test
part_03_record_002053,part_03,train
part_03_record_002054,part_03,train
part_03_record_002055,part_03,train
part_03_record_002056,part_03,train
part_03_record_002057,part_03,val
part_03_record_002058,part_03,train
part_03_record_002059,part_03,train
part_03_record_002060,part_03,train
part_03_record_002061,part_03,test
part_03_record_002062,part_03,train
part_03_record_002063,part_03,test
part_03_record_002064,part_03,train
part_03_record_002065,part_03,test
part_03_record_002066,part_03,test
part_03_record_002067,part_03,val
part_03_record_002068,part_03,train
part_03_record_002069,part_03,train
part_03_record_002070,part_03,train
part_03_record_002071,part_03,val
part_03_record_002072,part_03,val
part_03_record_002073,part_03,train
part_03_record_002074,part_03,train
part_03_record_002075,part_03,test
part_03_record_002076,part_03,train
part_03_record_002077,part_03,train
part_03_record_002078,part_03,train
part_03_record_002079,part_03,train
part_03_record_002080,part_03,test
part_03_record_002081,part_03,train
part_03_record_002082,part_03,train
part_03_record_002083,part_03,test
part_03_record_002084,part_03,train
part_03_record_002085,part_03,train
part_03_record_002086,part_03,train
part_03_record_002087,part_03,train
part_03_record_002088,part_03,train
part_03_record_002089,part_03,train
part_03_record_002090,part_03,train
part_03_record_002091,part_03,val
part_03_record_002092,part_03,train
part_03_record_002093,part_03,val
part_03_record_002094,part_03,train
part_03_record_002095,part_03,train
part_03_record_002096,part_03,train
part_03_record_002097,part_03,val
part_03_record_002098,part_03,val
part_03_record_002099,part_03,train
part_03_record_002100,part_03,train
part_03_record_002101,part_03,val
part_03_record_002102,part_03,train
part_03_record_002103,part_03,train
part_03_record_002104,part_03,train
part_03_record_002105,part_03,train
part_03_record_002106,part_03,test
part_03_record_002107,part_03,test
part_03_record_002108,part_03,train
part_03_record_002109,part_03,train
part_03_record_002110,part_03,train
part_03_record_002111,part_03,train
part_03_record_002112,part_03,train
part_03_record_002113,part_03,train
part_03_record_002114,part_03,val
part_03_record_002115,part_03,train
part_03_record_002116,part_03,train
part_03_record_002117,part_03,test
part_03_record_002118,part_03,train
part_03_record_002119,part_03,train
part_03_record_002120,part_03,train
part_03_record_002121,part_03,test
part_03_record_002122,part_03,train
part_03_record_002123,part_03,train
part_03_record_002124,part_03,train
part_03_record_002125,part_03,train
part_03_record_002126,part_03,test
part_03_record_002127,part_03,train
part_03_record_002128,part_03,train
part_03_record_002129,part_03,train
part_03_record_002130,part_03,train
part_03_record_002131,part_03,val
part_03_record_002132,part_03,train
part_03_record_002133,part_03,train
part_03_record_002134,part_03,train
part_03_record_002135,part_03,train
part_03_record_002136,part_03,train
part_03_record_002137,part_03,test
part_03_record_002138,part_03,val
part_03_record_002139,part_03,train
part_03_record_002140,part_03,test
part_03_record_002141,part_03,train
part_03_record_002142,part_03,test
part_03_record_002143,part_03,train
part_03_record_002144,part_03,test
part_03_record_002145,part_03,train
part_03_record_002146,part_03,train
part_03_record_002147,part_03,train
part_03_record_002148,part_03,train
part_03_record_002149,part_03,train
part_03_record_002150,part_03,train
part_03_record_002151,part_03,train
part_03_record_002152,part_03,val
part_03_record_002153,part_03,train
part_03_record_002154,part_03,train
part_03_record_002155,part_03,train
part_03_record_002156,part_03,train
part_03_record_002157,part_03,test
part_03_record_002158,part_03,train
part_03_record_002159,part_03,val
part_03_record_002160,part_03,val
part_03_record_002161,part_03,val
part_03_record_002162,part_03,val
part_03_record_002163,part_03,test
part_03_record_002164,part_03,train
part_03_record_002165,part_03,train
part_03_record_002166,part_03,train
part_03_record_002167,part_03,train
part_03_record_002168,part_03,train
part_03_record_002169,part_03,train
part_03_record_002170,part_03,val
part_03_record_002171,part_03,train
part_03_record_002172,part_03,val
part_03_record_002173,part_03,val
part_03_record_002174,part_03,train
part_03_record_002175,part_03,train
part_03_record_002176,part_03,train
part_03_record_002177,part_03,val
part_03_record_002178,part_03,train
part_03_record_002179,part_03,train
part_03_record_002180,part_03,val
part_03_record_002181,part_03,test
part_03_record_002182,part_03,train
part_03_record_002183,part_03,train
part_03_record_002184,part_03,train
part_03_record_002185,part_03,train
part_03_record_002186,part_03,train
part_03_record_002187,part_03,train
part_03_record_002188,part_03,train
part_03_record_002189,part_03,train
part_03_record_002190,part_03,train
part_03_record_002191,part_03,test
part_03_record_002192,part_03,train
part_03_record_002193,part_03,test
part_03_record_002194,part_03,test
part_03_record_002195,part_03,train
part_03_record_002196,part_03,train
part_03_record_002197,part_03,val
part_03_record_002198,part_03,train
part_03_record_002199,part_03,test
part_03_record_002200,part_03,train
part_03_record_002201,part_03,test
part_03_record_002202,part_03,train
part_03_record_002203,part_03,train
part_03_record_002204,part_03,val
part_03_record_002205,part_03,test
part_03_record_002206,part_03,test
part_03_record_002207,part_03,train
part_03_record_002208,part_03,val
part_03_record_002209,part_03,train
part_03_record_002210,part_03,train
part_03_record_002211,part_03,train
part_03_record_002212,part_03,train
part_03_record_002213,part_03,train
part_03_record_002214,part_03,train
part_03_record_002215,part_03,train
part_03_record_002216,part_03,train
part_03_record_002217,part_03,train
part_03_record_002218,part_03,val
part_03_record_002219,part_03,train
part_03_record_002220,part_03,test
part_03_record_002221,part_03,train
part_03_record_002222,part_03,train
part_03_record_002223,part_03,val
part_03_record_002224,part_03,train
part_03_record_002225,part_03,val
part_03_record_002226,part_03,train
part_03_record_002227,part_03,train
part_03_record_002228,part_03,train
part_03_record_002229,part_03,train
part_03_record_002230,part_03,train
part_03_record_002231,part_03,train
part_03_record_002232,part_03,train
part_03_record_002233,part_03,train
part_03_record_002234,part_03,train
part_03_record_002235,part_03,train
part_03_record_002236,part_03,val
part_03_record_002237,part_03,train
part_03_record_002238,part_03,train
part_03_record_002239,part_03,train
part_03_record_002240,part_03,train
part_03_record_002241,part_03,train
part_03_record_002242,part_03,train
part_03_record_002243,part_03,val
part_03_record_002244,part_03,test
part_03_record_002245,part_03,train
part_03_record_002246,part_03,train
part_03_record_002247,part_03,train
part_03_record_002248,part_03,val
part_03_record_002249,part_03,train
part_03_record_002250,part_03,train
part_03_record_002251,part_03,train
part_03_record_002252,part_03,train
part_03_record_002253,part_03,train
part_03_record_002254,part_03,train
part_03_record_002255,part_03,train
part_03_record_002256,part_03,test
part_03_record_002257,part_03,train
part_03_record_002258,part_03,val
part_03_record_002259,part_03,train
part_03_record_002260,part_03,train
part_03_record_002261,part_03,train
part_03_record_002262,part_03,val
part_03_record_002263,part_03,train
part_03_record_002264,part_03,train
part_03_record_002265,part_03,train
part_03_record_002266,part_03,test
part_03_record_002267,part_03,train
part_03_record_002268,part_03,train
part_03_record_002269,part_03,train
part_03_record_002270,part_03,train
part_03_record_002271,part_03,train
part_03_record_002272,part_03,train
part_03_record_002273,part_03,train
part_03_record_002274,part_03,train
part_03_record_002275,part_03,val
part_03_record_002276,part_03,train
part_03_record_002277,part_03,train
part_03_record_002278,part_03,train
part_03_record_002279,part_03,val
part_03_record_002280,part_03,val
part_03_record_002281,part_03,train
part_03_record_002282,part_03,train
part_03_record_002283,part_03,val
part_03_record_002284,part_03,train
part_03_record_002285,part_03,train
part_03_record_002286,part_03,val
part_03_record_002287,part_03,train
part_03_record_002288,part_03,train
part_03_record_002289,part_03,train
part_03_record_002290,part_03,val
part_03_record_002291,part_03,train
part_03_record_002292,part_03,train
part_03_record_002293,part_03,train
part_03_record_002294,part_03,val
part_03_record_002295,part_03,train
part_03_record_002296,part_03,val
part_03_record_002297,part_03,train
part_03_record_002298,part_03,val
part_03_record_002299,part_03,train
part_03_record_002300,part_03,train
part_03_record_002301,part_03,train
part_03_record_002302,part_03,train
part_03_record_002303,part_03,train
part_03_record_002304,part_03,train
part_03_record_002305,part_03,train
part_03_record_002306,part_03,train
part_03_record_002307,part_03,train
part_03_record_002308,part_03,val
part_03_record_002309,part_03,train
part_03_record_002310,part_03,val
part_03_record_002311,part_03,train
part_03_record_002312,part_03,train
part_03_record_002313,part_03,train
part_03_record_002314,part_03,train
part_03_record_002315,part_03,train
part_03_record_002316,part_03,train
part_03_record_002317,part_03,train
part_03_record_002318,part_03,train
part_03_record_002319,part_03,train
part_03_record_002320,part_03,train
part_03_record_002321,part_03,train
part_03_record_002322,part_03,train
part_03_record_002323,part_03,test
part_03_record_002324,part_03,train
part_03_record_002325,part_03,val
part_03_record_002326,part_03,train
part_03_record_002327,part_03,val
part_03_record_002328,part_03,test
part_03_record_002329,part_03,train
part_03_record_002330,part_03,train
part_03_record_002331,part_03,train
part_03_record_002332,part_03,train
part_03_record_002333,part_03,train
part_03_record_002334,part_03,train
part_03_record_002335,part_03,train
part_03_record_002336,part_03,train
part_03_record_002337,part_03,test
part_03_record_002338,part_03,train
part_03_record_002339,part_03,train
part_03_record_002340,part_03,train
part_03_record_002341,part_03,train
part_03_record_002342,part_03,train
part_03_record_002343,part_03,train
part_03_record_002344,part_03,test
part_03_record_002345,part_03,train
part_03_record_002346,part_03,train
part_03_record_002347,part_03,train
part_03_record_002348,part_03,train
part_03_record_002349,part_03,train
part_03_record_002350,part_03,val
part_03_record_002351,part_03,train
part_03_record_002352,part_03,train
part_03_record_002353,part_03,val
part_03_record_002354,part_03,test
part_03_record_002355,part_03,train
part_03_record_002356,part_03,val
part_03_record_002357,part_03,val
part_03_record_002358,part_03,train
part_03_record_002359,part_03,train
part_03_record_002360,part_03,val
part_03_record_002361,part_03,train
part_03_record_002362,part_03,val
part_03_record_002363,part_03,train
part_03_record_002364,part_03,train
part_03_record_002365,part_03,train
part_03_record_002366,part_03,val
part_03_record_002367,part_03,train
part_03_record_002368,part_03,train
part_03_record_002369,part_03,test
part_03_record_002370,part_03,val
part_03_record_002371,part_03,train
part_03_record_002372,part_03,test
part_03_record_002373,part_03,train
part_03_record_002374,part_03,train
part_03_record_002375,part_03,train
part_03_record_002376,part_03,train
part_03_record_002377,part_03,val
part_03_record_002378,part_03,train
part_03_record_002379,part_03,train
part_03_record_002380,part_03,train
part_03_record_002381,part_03,train
part_03_record_002382,part_03,train
part_03_record_002383,part_03,test
part_03_record_002384,part_03,test
part_03_record_002385,part_03,val
part_03_record_002386,part_03,test
part_03_record_002387,part_03,train
part_03_record_002388,part_03,train
part_03_record_002389,part_03,train
part_03_record_002390,part_03,train
part_03_record_002391,part_03,train
part_03_record_002392,part_03,train
part_03_record_002393,part_03,train
part_03_record_002394,part_03,test
part_03_record_002395,part_03,val
part_03_record_002396,part_03,train
part_03_record_002397,part_03,test
part_03_record_002398,part_03,train
part_03_record_002399,part_03,train
part_03_record_002400,part_03,train
part_03_record_002401,part_03,train
part_03_record_002402,part_03,train
part_03_record_002403,part_03,train
part_03_record_002404,part_03,test
part_03_record_002405,part_03,train
part_03_record_002406,part_03,train
part_03_record_002407,part_03,train
part_03_record_002408,part_03,train
part_03_record_002409,part_03,val
part_03_record_002410,part_03,val
part_03_record_002411,part_03,train
part_03_record_002412,part_03,train
part_03_record_002413,part_03,train
part_03_record_002414,part_03,train
part_03_record_002415,part_03,train
part_03_record_002416,part_03,train
part_03_record_002417,part_03,val
part_03_record_002418,part_03,train
part_03_record_002419,part_03,train
part_03_record_002420,part_03,test
part_03_record_002421,part_03,train
part_03_record_002422,part_03,test
part_03_record_002423,part_03,train
part_03_record_002424,part_03,train
part_03_record_002425,part_03,train
part_03_record_002426,part_03,train
part_03_record_002427,part_03,val
part_03_record_002428,part_03,test
part_03_record_002429,part_03,test
part_03_record_002430,part_03,train
part_03_record_002431,part_03,val
part_03_record_002432,part_03,train
part_03_record_002433,part_03,train
part_03_record_002434,part_03,test
part_03_record_002435,part_03,train
part_03_record_002436,part_03,train
part_03_record_002437,part_03,train
part_03_record_002438,part_03,val
part_03_record_002439,part_03,train
part_03_record_002440,part_03,train
part_03_record_002441,part_03,train
part_03_record_002442,part_03,train
part_03_record_002443,part_03,train
part_03_record_002444,part_03,test
part_03_record_002445,part_03,train
part_03_record_002446,part_03,train
part_03_record_002447,part_03,train
part_03_record_002448,part_03,train
part_03_record_002449,part_03,train
part_03_record_002450,part_03,train
part_03_record_002451,part_03,train
part_03_record_002452,part_03,val
part_03_record_002453,part_03,train
part_03_record_002454,part_03,train
part_03_record_002455,part_03,test
part_03_record_002456,part_03,train
part_03_record_002457,part_03,train
part_03_record_002458,part_03,train
part_03_record_002459,part_03,train
part_03_record_002460,part_03,train
part_03_record_002461,part_03,val
part_03_record_002462,part_03,val
part_03_record_002463,part_03,train
part_03_record_002464,part_03,train
part_03_record_002465,part_03,train
part_03_record_002466,part_03,train
part_03_record_002467,part_03,test
part_03_record_002468,part_03,train
part_03_record_002469,part_03,val
part_03_record_002470,part_03,test
part_03_record_002471,part_03,train
part_03_record_002472,part_03,train
part_03_record_002473,part_03,test
part_03_record_002474,part_03,train
part_03_record_002475,part_03,train
part_03_record_002476,part_03,val
part_03_record_002477,part_03,train
part_03_record_002478,part_03,train
part_03_record_002479,part_03,train
part_03_record_002480,part_03,test
part_03_record_002481,part_03,train
part_03_record_002482,part_03,train
part_03_record_002483,part_03,test
part_03_record_002484,part_03,train
part_03_record_002485,part_03,train
part_03_record_002486,part_03,train
part_03_record_002487,part_03,train
part_03_record_002488,part_03,train
part_03_record_002489,part_03,train
part_03_record_002490,part_03,test
part_03_record_002491,part_03,val
part_03_record_002492,part_03,test
part_03_record_002493,part_03,train
part_03_record_002494,part_03,val
part_03_record_002495,part_03,val
part_03_record_002496,part_03,train
part_03_record_002497,part_03,val
part_03_record_002498,part_03,val
part_03_record_002499,part_03,train
part_03_record_002500,part_03,train
part_03_record_002501,part_03,train
part_03_record_002502,part_03,train
part_03_record_002503,part_03,test
part_03_record_002504,part_03,train
part_03_record_002505,part_03,test
part_03_record_002506,part_03,train
part_03_record_002507,part_03,train
part_03_record_002508,part_03,train
part_03_record_002509,part_03,train
part_03_record_002510,part_03,train
part_03_record_002511,part_03,train
part_03_record_002512,part_03,test
part_03_record_002513,part_03,train
part_03_record_002514,part_03,train
part_03_record_002515,part_03,train
part_03_record_002516,part_03,train
part_03_record_002517,part_03,train
part_03_record_002518,part_03,train
part_03_record_002519,part_03,train
part_03_record_002520,part_03,train
part_03_record_002521,part_03,val
part_03_record_002522,part_03,train
part_03_record_002523,part_03,train
part_03_record_002524,part_03,train
part_03_record_002525,part_03,val
part_03_record_002526,part_03,train
part_03_record_002527,part_03,train
part_03_record_002528,part_03,train
part_03_record_002529,part_03,train
part_03_record_002530,part_03,val
part_03_record_002531,part_03,val
part_03_record_002532,part_03,train
part_03_record_002533,part_03,train
part_03_record_002534,part_03,train
part_03_record_002535,part_03,train
part_03_record_002536,part_03,train
part_03_record_002537,part_03,train
part_03_record_002538,part_03,train
part_03_record_002539,part_03,test
part_03_record_002540,part_03,test
part_03_record_002541,part_03,train
part_03_record_002542,part_03,test
part_03_record_002543,part_03,train
part_03_record_002544,part_03,train
part_03_record_002545,part_03,train
part_03_record_002546,part_03,train
part_03_record_002547,part_03,train
part_03_record_002548,part_03,val
part_03_record_002549,part_03,train
part_03_record_002550,part_03,train
part_03_record_002551,part_03,train
part_03_record_002552,part_03,test
part_03_record_002553,part_03,train
part_03_record_002554,part_03,train
part_03_record_002555,part_03,train
part_03_record_002556,part_03,val
part_03_record_002557,part_03,train
part_03_record_002558,part_03,test
part_03_record_002559,part_03,test
part_03_record_002560,part_03,train
part_03_record_002561,part_03,test
part_03_record_002562,part_03,train
part_03_record_002563,part_03,train
part_03_record_002564,part_03,val
part_03_record_002565,part_03,train
part_03_record_002566,part_03,train
part_03_record_002567,part_03,val
part_03_record_002568,part_03,val
part_03_record_002569,part_03,test
part_03_record_002570,part_03,train
part_03_record_002571,part_03,train
part_03_record_002572,part_03,train
part_03_record_002573,part_03,train
part_03_record_002574,part_03,test
part_03_record_002575,part_03,train
part_03_record_002576,part_03,train
part_03_record_002577,part_03,train
part_03_record_002578,part_03,train
part_03_record_002579,part_03,train
part_03_record_002580,part_03,train
part_03_record_002581,part_03,train
part_03_record_002582,part_03,train
part_03_record_002583,part_03,train
part_03_record_002584,part_03,train
part_03_record_002585,part_03,train
part_03_record_002586,part_03,train
part_03_record_002587,part_03,train
part_03_record_002588,part_03,val
part_03_record_002589,part_03,train
part_03_record_002590,part_03,train
part_03_record_002591,part_03,test
part_03_record_002592,part_03,val
part_03_record_002593,part_03,train
part_03_record_002594,part_03,test
part_03_record_002595,part_03,train
part_03_record_002596,part_03,train
part_03_record_002597,part_03,train
part_03_record_002598,part_03,val
part_03_record_002599,part_03,train
part_03_record_002600,part_03,test
part_03_record_002601,part_03,train
part_03_record_002602,part_03,train
part_03_record_002603,part_03,train
part_03_record_002604,part_03,train
part_03_record_002605,part_03,test
part_03_record_002606,part_03,train
part_03_record_002607,part_03,val
part_03_record_002608,part_03,train
part_03_record_002609,part_03,train
part_03_record_002610,part_03,train
part_03_record_002611,part_03,val
part_03_record_002612,part_03,train
part_03_record_002613,part_03,test
part_03_record_002614,part_03,train
part_03_record_002615,part_03,train
part_03_record_002616,part_03,train
part_03_record_002617,part_03,train
part_03_record_002618,part_03,train
part_03_record_002619,part_03,train
part_03_record_002620,part_03,train
part_03_record_002621,part_03,train
part_03_record_002622,part_03,train
part_03_record_002623,part_03,train
part_03_record_002624,part_03,train
part_03_record_002625,part_03,val
part_03_record_002626,part_03,train
part_03_record_002627,part_03,train
part_03_record_002628,part_03,train
part_03_record_002629,part_03,train
part_03_record_002630,part_03,train
part_03_record_002631,part_03,train
part_03_record_002632,part_03,train
part_03_record_002633,part_03,test
part_03_record_002634,part_03,train
part_03_record_002635,part_03,val
part_03_record_002636,part_03,test
part_03_record_002637,part_03,train
part_03_record_002638,part_03,train
part_03_record_002639,part_03,train
part_03_record_002640,part_03,train
part_03_record_002641,part_03,train
part_03_record_002642,part_03,train
part_03_record_002643,part_03,train
part_03_record_002644,part_03,val
part_03_record_002645,part_03,train
part_03_record_002646,part_03,test
part_03_record_002647,part_03,train
part_03_record_002648,part_03,train
part_03_record_002649,part_03,train
part_03_record_002650,part_03,val
part_03_record_002651,part_03,train
part_03_record_002652,part_03,train
part_03_record_002653,part_03,train
part_03_record_002654,part_03,train
part_03_record_002655,part_03,train
part_03_record_002656,part_03,train
part_03_record_002657,part_03,train
part_03_record_002658,part_03,train
part_03_record_002659,part_03,val
part_03_record_002660,part_03,val
part_03_record_002661,part_03,val
part_03_record_002662,part_03,val
part_03_record_002663,part_03,train
part_03_record_002664,part_03,train
part_03_record_002665,part_03,train
part_03_record_002666,part_03,val
part_03_record_002667,part_03,train
part_03_record_002668,part_03,test
part_03_record_002669,part_03,train
part_03_record_002670,part_03,train
part_03_record_002671,part_03,train
part_03_record_002672,part_03,train
part_03_record_002673,part_03,val
part_03_record_002674,part_03,train
part_03_record_002675,part_03,test
part_03_record_002676,part_03,train
part_03_record_002677,part_03,train
part_03_record_002678,part_03,train
part_03_record_002679,part_03,train
part_03_record_002680,part_03,test
part_03_record_002681,part_03,train
part_03_record_002682,part_03,test
part_03_record_002683,part_03,train
part_03_record_002684,part_03,train
part_03_record_002685,part_03,train
part_03_record_002686,part_03,train
part_03_record_002687,part_03,train
part_03_record_002688,part_03,train
part_03_record_002689,part_03,train
part_03_record_002690,part_03,train
part_03_record_002691,part_03,train
part_03_record_002692,part_03,train
part_03_record_002693,part_03,train
part_03_record_002694,part_03,test
part_03_record_002695,part_03,train
part_03_record_002696,part_03,test
part_03_record_002697,part_03,train
part_03_record_002698,part_03,train
part_03_record_002699,part_03,train
part_03_record_002700,part_03,train
part_03_record_002701,part_03,train
part_03_record_002702,part_03,train
part_03_record_002703,part_03,val
part_03_record_002704,part_03,test
part_03_record_002705,part_03,train
part_03_record_002706,part_03,train
part_03_record_002707,part_03,train
part_03_record_002708,part_03,train
part_03_record_002709,part_03,test
part_03_record_002710,part_03,train
part_03_record_002711,part_03,train
part_03_record_002712,part_03,test
part_03_record_002713,part_03,test
part_03_record_002714,part_03,test
part_03_record_002715,part_03,train
part_03_record_002716,part_03,train
part_03_record_002717,part_03,train
part_03_record_002718,part_03,test
part_03_record_002719,part_03,train
part_03_record_002720,part_03,test
part_03_record_002721,part_03,test
part_03_record_002722,part_03,train
part_03_record_002723,part_03,train
part_03_record_002724,part_03,val
part_03_record_002725,part_03,train
part_03_record_002726,part_03,train
part_03_record_002727,part_03,train
part_03_record_002728,part_03,train
part_03_record_002729,part_03,train
part_03_record_002730,part_03,train
part_03_record_002731,part_03,train
part_03_record_002732,part_03,test
part_03_record_002733,part_03,train
part_03_record_002734,part_03,test
part_03_record_002735,part_03,test
part_03_record_002736,part_03,train
part_03_record_002737,part_03,test
part_03_record_002738,part_03,train
part_03_record_002739,part_03,test
part_03_record_002740,part_03,test
part_03_record_002741,part_03,val
part_03_record_002742,part_03,train
part_03_record_002743,part_03,train
part_03_record_002744,part_03,val
part_03_record_002745,part_03,test
part_03_record_002746,part_03,test
part_03_record_002747,part_03,train
part_03_record_002748,part_03,test
part_03_record_002749,part_03,train
part_03_record_002750,part_03,val
part_03_record_002751,part_03,train
part_03_record_002752,part_03,train
part_03_record_002753,part_03,test
part_03_record_002754,part_03,train
part_03_record_002755,part_03,train
part_03_record_002756,part_03,train
part_03_record_002757,part_03,train
part_03_record_002758,part_03,val
part_03_record_002759,part_03,train
part_03_record_002760,part_03,train
part_03_record_002761,part_03,train
part_03_record_002762,part_03,train
part_03_record_002763,part_03,train
part_03_record_002764,part_03,train
part_03_record_002765,part_03,train
part_03_record_002766,part_03,val
part_03_record_002767,part_03,train
part_03_record_002768,part_03,val
part_03_record_002769,part_03,test
part_03_record_002770,part_03,train
part_03_record_002771,part_03,train
part_03_record_002772,part_03,train
part_03_record_002773,part_03,val
part_03_record_002774,part_03,train
part_03_record_002775,part_03,train
part_03_record_002776,part_03,train
part_03_record_002777,part_03,train
part_03_record_002778,part_03,train
part_03_record_002779,part_03,train
part_03_record_002780,part_03,test
part_03_record_002781,part_03,val
part_03_record_002782,part_03,train
part_03_record_002783,part_03,test
part_03_record_002784,part_03,val
part_03_record_002785,part_03,train
part_03_record_002786,part_03,val
part_03_record_002787,part_03,test
part_03_record_002788,part_03,val
part_03_record_002789,part_03,train
part_03_record_002790,part_03,train
part_03_record_002791,part_03,test
part_03_record_002792,part_03,train
part_03_record_002793,part_03,val
part_03_record_002794,part_03,train
part_03_record_002795,part_03,train
part_03_record_002796,part_03,train
part_03_record_002797,part_03,train
part_03_record_002798,part_03,test
part_03_record_002799,part_03,train
part_03_record_002800,part_03,train
part_03_record_002801,part_03,val
part_03_record_002802,part_03,train
part_03_record_002803,part_03,train
part_03_record_002804,part_03,val
part_03_record_002805,part_03,train
part_03_record_002806,part_03,train
part_03_record_002807,part_03,test
part_03_record_002808,part_03,train
part_03_record_002809,part_03,test
part_03_record_002810,part_03,train
part_03_record_002811,part_03,val
part_03_record_002812,part_03,test
part_03_record_002813,part_03,train
part_03_record_002814,part_03,train
part_03_record_002815,part_03,test
part_03_record_002816,part_03,train
part_03_record_002817,part_03,train
part_03_record_002818,part_03,val
part_03_record_002819,part_03,train
part_03_record_002820,part_03,val
part_03_record_002821,part_03,train
part_03_record_002822,part_03,train
part_03_record_002823,part_03,val
part_03_record_002824,part_03,train
part_03_record_002825,part_03,test
part_03_record_002826,part_03,train
part_03_record_002827,part_03,train
part_03_record_002828,part_03,train
part_03_record_002829,part_03,val
part_03_record_002830,part_03,train
part_03_record_002831,part_03,train
part_03_record_002832,part_03,train
part_03_record_002833,part_03,test
part_03_record_002834,part_03,train
part_03_record_002835,part_03,val
part_03_record_002836,part_03,train
part_03_record_002837,part_03,train
part_03_record_002838,part_03,train
part_03_record_002839,part_03,test
part_03_record_002840,part_03,test
part_03_record_002841,part_03,train
part_03_record_002842,part_03,val
part_03_record_002843,part_03,train
part_03_record_002844,part_03,train
part_03_record_002845,part_03,test
part_03_record_002846,part_03,train
part_03_record_002847,part_03,train
part_03_record_002848,part_03,train
part_03_record_002849,part_03,train
part_03_record_002850,part_03,test
part_03_record_002851,part_03,train
part_03_record_002852,part_03,train
part_03_record_002853,part_03,val
part_03_record_002854,part_03,train
part_03_record_002855,part_03,train
part_03_record_002856,part_03,train
part_03_record_002857,part_03,train
part_03_record_002858,part_03,train
part_03_record_002859,part_03,train
part_03_record_002860,part_03,train
part_03_record_002861,part_03,train
part_03_record_002862,part_03,train
part_03_record_002863,part_03,train
part_03_record_002864,part_03,val
part_03_record_002865,part_03,train
part_03_record_002866,part_03,train
part_03_record_002867,part_03,test
part_03_record_002868,part_03,train
part_03_record_002869,part_03,train
part_03_record_002870,part_03,test
part_03_record_002871,part_03,train
part_03_record_002872,part_03,test
part_03_record_002873,part_03,test
part_03_record_002874,part_03,train
part_03_record_002875,part_03,train
part_03_record_002876,part_03,val
part_03_record_002877,part_03,train
part_03_record_002878,part_03,train
part_03_record_002879,part_03,test
part_03_record_002880,part_03,train
part_03_record_002881,part_03,train
part_03_record_002882,part_03,train
part_03_record_002883,part_03,train
part_03_record_002884,part_03,train
part_03_record_002885,part_03,train
part_03_record_002886,part_03,train
part_03_record_002887,part_03,train
part_03_record_002888,part_03,train
part_03_record_002889,part_03,train
part_03_record_002890,part_03,train
part_03_record_002891,part_03,train
part_03_record_002892,part_03,test
part_03_record_002893,part_03,train
part_03_record_002894,part_03,train
part_03_record_002895,part_03,train
part_03_record_002896,part_03,val
part_03_record_002897,part_03,test
part_03_record_002898,part_03,train
part_03_record_002899,part_03,test
part_03_record_002900,part_03,train
part_03_record_002901,part_03,train
part_03_record_002902,part_03,train
part_03_record_002903,part_03,train
part_03_record_002904,part_03,train
part_03_record_002905,part_03,train
part_03_record_002906,part_03,train
part_03_record_002907,part_03,train
part_03_record_002908,part_03,train
part_03_record_002909,part_03,train
part_03_record_002910,part_03,train
part_03_record_002911,part_03,train
part_03_record_002912,part_03,test
part_03_record_002913,part_03,train
part_03_record_002914,part_03,train
part_03_record_002915,part_03,test
part_03_record_002916,part_03,train
part_03_record_002917,part_03,train
part_03_record_002918,part_03,train
part_03_record_002919,part_03,train
part_03_record_002920,part_03,train
part_03_record_002921,part_03,val
part_03_record_002922,part_03,train
part_03_record_002923,part_03,train
part_03_record_002924,part_03,test
part_03_record_002925,part_03,train
part_03_record_002926,part_03,train
part_03_record_002927,part_03,train
part_03_record_002928,part_03,train
part_03_record_002929,part_03,train
part_03_record_002930,part_03,train
part_03_record_002931,part_03,train
part_03_record_002932,part_03,test
part_03_record_002933,part_03,train
part_03_record_002934,part_03,train
part_03_record_002935,part_03,train
part_03_record_002936,part_03,train
part_03_record_002937,part_03,train
part_03_record_002938,part_03,train
part_03_record_002939,part_03,train
part_03_record_002940,part_03,train
part_03_record_002941,part_03,train
part_03_record_002942,part_03,train
part_03_record_002943,part_03,train
part_03_record_002944,part_03,train
part_03_record_002945,part_03,train
part_03_record_002946,part_03,train
part_03_record_002947,part_03,test
part_03_record_002948,part_03,train
part_03_record_002949,part_03,train
part_03_record_002950,part_03,train
part_03_record_002951,part_03,test
part_03_record_002952,part_03,val
part_03_record_002953,part_03,train
part_03_record_002954,part_03,val
part_03_record_002955,part_03,train
part_03_record_002956,part_03,train
part_03_record_002957,part_03,train
part_03_record_002958,part_03,train
part_03_record_002959,part_03,val
part_03_record_002960,part_03,train
part_03_record_002961,part_03,train
part_03_record_002962,part_03,test
part_03_record_002963,part_03,train
part_03_record_002964,part_03,train
part_03_record_002965,part_03,val
part_03_record_002966,part_03,train
part_03_record_002967,part_03,train
part_03_record_002968,part_03,test
part_03_record_002969,part_03,train
part_03_record_002970,part_03,test
part_03_record_002971,part_03,train
part_03_record_002972,part_03,train
part_03_record_002973,part_03,train
part_03_record_002974,part_03,train
part_03_record_002975,part_03,train
part_03_record_002976,part_03,test
part_03_record_002977,part_03,test
part_03_record_002978,part_03,train
part_03_record_002979,part_03,val
part_03_record_002980,part_03,val
part_03_record_002981,part_03,train
part_03_record_002982,part_03,train
part_03_record_002983,part_03,train
part_03_record_002984,part_03,test
part_03_record_002985,part_03,train
part_03_record_002986,part_03,train
part_03_record_002987,part_03,train
part_03_record_002988,part_03,train
part_03_record_002989,part_03,train
part_03_record_002990,part_03,val
part_03_record_002991,part_03,val
part_03_record_002992,part_03,train
part_03_record_002993,part_03,train
part_03_record_002994,part_03,train
part_03_record_002995,part_03,train
part_03_record_002996,part_03,train
part_03_record_002997,part_03,train
part_03_record_002998,part_03,train
part_03_record_002999,part_03,train
part_03_record_003000,part_03,train
part_04_record_003001,part_04,train
part_04_record_003002,part_04,train
part_04_record_003003,part_04,train
part_04_record_003004,part_04,train
part_04_record_003005,part_04,test
part_04_record_003006,part_04,test
part_04_record_003007,part_04,train
part_04_record_003008,part_04,train
part_04_record_003009,part_04,val
part_04_record_003010,part_04,test
part_04_record_003011,part_04,train
part_04_record_003012,part_04,train
part_04_record_003013,part_04,train
part_04_record_003014,part_04,train
part_04_record_003015,part_04,train
part_04_record_003016,part_04,train
part_04_record_003017,part_04,train
part_04_record_003018,part_04,train
part_04_record_003019,part_04,train
part_04_record_003020,part_04,train
part_04_record_003021,part_04,test
part_04_record_003022,part_04,train
part_04_record_003023,part_04,train
part_04_record_003024,part_04,train
part_04_record_003025,part_04,train
part_04_record_003026,part_04,train
part_04_record_003027,part_04,train
part_04_record_003028,part_04,train
part_04_record_003029,part_04,test
part_04_record_003030,part_04,train
part_04_record_003031,part_04,test
part_04_record_003032,part_04,train
part_04_record_003033,part_04,train
part_04_record_003034,part_04,train
part_04_record_003035,part_04,train
part_04_record_003036,part_04,train
part_04_record_003037,part_04,val
part_04_record_003038,part_04,train
part_04_record_003039,part_04,train
part_04_record_003040,part_04,train
part_04_record_003041,part_04,val
part_04_record_003042,part_04,test
part_04_record_003043,part_04,test
part_04_record_003044,part_04,train
part_04_record_003045,part_04,train
part_04_record_003046,part_04,train
part_04_record_003047,part_04,train
part_04_record_003048,part_04,train
part_04_record_003049,part_04,train
part_04_record_003050,part_04,train
part_04_record_003051,part_04,train
part_04_record_003052,part_04,test
part_04_record_003053,part_04,val
part_04_record_003054,part_04,train
part_04_record_003055,part_04,test
part_04_record_003056,part_04,train
part_04_record_003057,part_04,test
part_04_record_003058,part_04,train
part_04_record_003059,part_04,train
part_04_record_003060,part_04,train
part_04_record_003061,part_04,train
part_04_record_003062,part_04,train
part_04_record_003063,part_04,val
part_04_record_003064,part_04,train
part_04_record_003065,part_04,train
part_04_record_003066,part_04,train
part_04_record_003067,part_04,train
part_04_record_003068,part_04,test
part_04_record_003069,part_04,train
part_04_record_003070,part_04,train
part_04_record_003071,part_04,train
part_04_record_003072,part_04,train
part_04_record_003073,part_04,test
part_04_record_003074,part_04,test
part_04_record_003075,part_04,train
part_04_record_003076,part_04,val
part_04_record_003077,part_04,train
part_04_record_003078,part_04,train
part_04_record_003079,part_04,train
part_04_record_003080,part_04,train
part_04_record_003081,part_04,train
part_04_record_003082,part_04,val
part_04_record_003083,part_04,train
part_04_record_003084,part_04,val
part_04_record_003085,part_04,train
part_04_record_003086,part_04,train
part_04_record_003087,part_04,test
part_04_record_003088,part_04,train
part_04_record_003089,part_04,train
part_04_record_003090,part_04,train
part_04_record_003091,part_04,train
part_04_record_003092,part_04,train
part_04_record_003093,part_04,train
part_04_record_003094,part_04,test
part_04_record_003095,part_04,train
part_04_record_003096,part_04,train
part_04_record_003097,part_04,train
part_04_record_003098,part_04,val
part_04_record_003099,part_04,train
part_04_record_003100,part_04,test
part_04_record_003101,part_04,train
part_04_record_003102,part_04,train
part_04_record_003103,part_04,train
part_04_record_003104,part_04,train
part_04_record_003105,part_04,test
part_04_record_003106,part_04,train
part_04_record_003107,part_04,train
part_04_record_003108,part_04,train
part_04_record_003109,part_04,test
part_04_record_003110,part_04,val
part_04_record_003111,part_04,train
part_04_record_003112,part_04,train
part_04_record_003113,part_04,val
part_04_record_003114,part_04,train
part_04_record_003115,part_04,train
part_04_record_003116,part_04,train
part_04_record_003117,part_04,train
part_04_record_003118,part_04,test
part_04_record_003119,part_04,train
part_04_record_003120,part_04,val
part_04_record_003121,part_04,train
part_04_record_003122,part_04,train
part_04_record_003123,part_04,train
part_04_record_003124,part_04,train
part_04_record_003125,part_04,test
part_04_record_003126,part_04,train
part_04_record_003127,part_04,train
part_04_record_003128,part_04,train
part_04_record_003129,part_04,train
part_04_record_003130,part_04,train
part_04_record_003131,part_04,train
part_04_record_003132,part_04,train
part_04_record_003133,part_04,train
part_04_record_003134,part_04,train
part_04_record_003135,part_04,val
part_04_record_003136,part_04,train
part_04_record_003137,part_04,train
part_04_record_003138,part_04,val
part_04_record_003139,part_04,val
part_04_record_003140,part_04,train
part_04_record_003141,part_04,train
part_04_record_003142,part_04,test
part_04_record_003143,part_04,train
part_04_record_003144,part_04,train
part_04_record_003145,part_04,val
part_04_record_003146,part_04,train
part_04_record_003147,part_04,train
part_04_record_003148,part_04,test
part_04_record_003149,part_04,train
part_04_record_003150,part_04,train
part_04_record_003151,part_04,train
part_04_record_003152,part_04,train
part_04_record_003153,part_04,test
part_04_record_003154,part_04,train
part_04_record_003155,part_04,train
part_04_record_003156,part_04,test
part_04_record_003157,part_04,val
part_04_record_003158,part_04,test
part_04_record_003159,part_04,train
part_04_record_003160,part_04,train
part_04_record_003161,part_04,train
part_04_record_003162,part_04,train
part_04_record_003163,part_04,val
part_04_record_003164,part_04,train
part_04_record_003165,part_04,train
part_04_record_003166,part_04,train
part_04_record_003167,part_04,train
part_04_record_003168,part_04,val
part_04_record_003169,part_04,train
part_04_record_003170,part_04,train
part_04_record_003171,part_04,test
part_04_record_003172,part_04,train
part_04_record_003173,part_04,train
part_04_record_003174,part_04,val
part_04_record_003175,part_04,test
part_04_record_003176,part_04,val
part_04_record_003177,part_04,train
part_04_record_003178,part_04,test
part_04_record_003179,part_04,val
part_04_record_003180,part_04,val
part_04_record_003181,part_04,val
part_04_record_003182,part_04,train
part_04_record_003183,part_04,train
part_04_record_003184,part_04,train
part_04_record_003185,part_04,train
part_04_record_003186,part_04,train
part_04_record_003187,part_04,test
part_04_record_003188,part_04,train
part_04_record_003189,part_04,train
part_04_record_003190,part_04,train
part_04_record_003191,part_04,train
part_04_record_003192,part_04,val
part_04_record_003193,part_04,val
part_04_record_003194,part_04,train
part_04_record_003195,part_04,train
part_04_record_003196,part_04,train
part_04_record_003197,part_04,train
part_04_record_003198,part_04,train
part_04_record_003199,part_04,val
part_04_record_003200,part_04,train
part_04_record_003201,part_04,val
part_04_record_003202,part_04,train
part_04_record_003203,part_04,train
part_04_record_003204,part_04,train
part_04_record_003205,part_04,train
part_04_record_003206,part_04,train
part_04_record_003207,part_04,train
part_04_record_003208,part_04,train
part_04_record_003209,part_04,train
part_04_record_003210,part_04,train
part_04_record_003211,part_04,train
part_04_record_003212,part_04,val
part_04_record_003213,part_04,val
part_04_record_003214,part_04,train
part_04_record_003215,part_04,train
part_04_record_003216,part_04,train
part_04_record_003217,part_04,val
part_04_record_003218,part_04,train
part_04_record_003219,part_04,train
part_04_record_003220,part_04,train
part_04_record_003221,part_04,val
part_04_record_003222,part_04,train
part_04_record_003223,part_04,train
part_04_record_003224,part_04,test
part_04_record_003225,part_04,test
part_04_record_003226,part_04,val
part_04_record_003227,part_04,train
part_04_record_003228,part_04,val
part_04_record_003229,part_04,test
part_04_record_003230,part_04,train
part_04_record_003231,part_04,val
part_04_record_003232,part_04,train
part_04_record_003233,part_04,train
part_04_record_003234,part_04,train
part_04_record_003235,part_04,train
part_04_record_003236,part_04,train
part_04_record_003237,part_04,val
part_04_record_003238,part_04,val
part_04_record_003239,part_04,train
part_04_record_003240,part_04,test
part_04_record_003241,part_04,val
part_04_record_003242,part_04,test
part_04_record_003243,part_04,test
part_04_record_003244,part_04,val
part_04_record_003245,part_04,train
part_04_record_003246,part_04,train
part_04_record_003247,part_04,train
part_04_record_003248,part_04,train
part_04_record_003249,part_04,train
part_04_record_003250,part_04,val
part_04_record_003251,part_04,train
part_04_record_003252,part_04,train
part_04_record_003253,part_04,val
part_04_record_003254,part_04,val
part_04_record_003255,part_04,train
part_04_record_003256,part_04,train
part_04_record_003257,part_04,train
part_04_record_003258,part_04,train
part_04_record_003259,part_04,train
part_04_record_003260,part_04,val
part_04_record_003261,part_04,train
part_04_record_003262,part_04,train
part_04_record_003263,part_04,train
part_04_record_003264,part_04,train
part_04_record_003265,part_04,train
part_04_record_003266,part_04,train
part_04_record_003267,part_04,test
part_04_record_003268,part_04,test
part_04_record_003269,part_04,train
part_04_record_003270,part_04,train
part_04_record_003271,part_04,train
part_04_record_003272,part_04,val
part_04_record_003273,part_04,train
part_04_record_003274,part_04,val
part_04_record_003275,part_04,train
part_04_record_003276,part_04,train
part_04_record_003277,part_04,val
part_04_record_003278,part_04,train
part_04_record_003279,part_04,train
part_04_record_003280,part_04,train
part_04_record_003281,part_04,train
part_04_record_003282,part_04,train
part_04_record_003283,part_04,train
part_04_record_003284,part_04,train
part_04_record_003285,part_04,train
part_04_record_003286,part_04,train
part_04_record_003287,part_04,train
part_04_record_003288,part_04,train
part_04_record_003289,part_04,train
part_04_record_003290,part_04,train
part_04_record_003291,part_04,train
part_04_record_003292,part_04,val
part_04_record_003293,part_04,val
part_04_record_003294,part_04,train
part_04_record_003295,part_04,test
part_04_record_003296,part_04,train
part_04_record_003297,part_04,train
part_04_record_003298,part_04,train
part_04_record_003299,part_04,train
part_04_record_003300,part_04,train
part_04_record_003301,part_04,test
part_04_record_003302,part_04,train
part_04_record_003303,part_04,val
part_04_record_003304,part_04,train
part_04_record_003305,part_04,test
part_04_record_003306,part_04,train
part_04_record_003307,part_04,train
part_04_record_003308,part_04,train
part_04_record_003309,part_04,train
part_04_record_003310,part_04,train
part_04_record_003311,part_04,test
part_04_record_003312,part_04,val
part_04_record_003313,part_04,train
part_04_record_003314,part_04,val
part_04_record_003315,part_04,train
part_04_record_003316,part_04,train
part_04_record_003317,part_04,train
part_04_record_003318,part_04,train
part_04_record_003319,part_04,val
part_04_record_003320,part_04,train
part_04_record_003321,part_04,train
part_04_record_003322,part_04,val
part_04_record_003323,part_04,train
part_04_record_003324,part_04,train
part_04_record_003325,part_04,test
part_04_record_003326,part_04,train
part_04_record_003327,part_04,val
part_04_record_003328,part_04,test
part_04_record_003329,part_04,train
part_04_record_003330,part_04,train
part_04_record_003331,part_04,test
part_04_record_003332,part_04,val
part_04_record_003333,part_04,train
part_04_record_003334,part_04,train
part_04_record_003335,part_04,train
part_04_record_003336,part_04,test
part_04_record_003337,part_04,train
part_04_record_003338,part_04,train
part_04_record_003339,part_04,train
part_04_record_003340,part_04,train
part_04_record_003341,part_04,train
part_04_record_003342,part_04,train
part_04_record_003343,part_04,test
part_04_record_003344,part_04,test
part_04_record_003345,part_04,train
part_04_record_003346,part_04,test
part_04_record_003347,part_04,train
part_04_record_003348,part_04,train
part_04_record_003349,part_04,val
part_04_record_003350,part_04,train
part_04_record_003351,part_04,train
part_04_record_003352,part_04,train
part_04_record_003353,part_04,train
part_04_record_003354,part_04,train
part_04_record_003355,part_04,test
part_04_record_003356,part_04,train
part_04_record_003357,part_04,test
part_04_record_003358,part_04,train
part_04_record_003359,part_04,train
part_04_record_003360,part_04,train
part_04_record_003361,part_04,train
part_04_record_003362,part_04,val
part_04_record_003363,part_04,train
part_04_record_003364,part_04,val
part_04_record_003365,part_04,train
part_04_record_003366,part_04,train
part_04_record_003367,part_04,train
part_04_record_003368,part_04,train
part_04_record_003369,part_04,test
part_04_record_003370,part_04,train
part_04_record_003371,part_04,train
part_04_record_003372,part_04,train
part_04_record_003373,part_04,train
part_04_record_003374,part_04,test
part_04_record_003375,part_04,test
part_04_record_003376,part_04,train
part_04_record_003377,part_04,test
part_04_record_003378,part_04,train
part_04_record_003379,part_04,train
part_04_record_003380,part_04,train
part_04_record_003381,part_04,test
part_04_record_003382,part_04,train
part_04_record_003383,part_04,train
part_04_record_003384,part_04,train
part_04_record_003385,part_04,val
part_04_record_003386,part_04,test
part_04_record_003387,part_04,train
part_04_record_003388,part_04,train
part_04_record_003389,part_04,train
part_04_record_003390,part_04,val
part_04_record_003391,part_04,val
part_04_record_003392,part_04,test
part_04_record_003393,part_04,train
part_04_record_003394,part_04,train
part_04_record_003395,part_04,test
part_04_record_003396,part_04,train
part_04_record_003397,part_04,train
part_04_record_003398,part_04,train
part_04_record_003399,part_04,train
part_04_record_003400,part_04,train
part_04_record_003401,part_04,train
part_04_record_003402,part_04,train
part_04_record_003403,part_04,train
part_04_record_003404,part_04,train
part_04_record_003405,part_04,train
part_04_record_003406,part_04,train
part_04_record_003407,part_04,train
part_04_record_003408,part_04,train
part_04_record_003409,part_04,train
part_04_record_003410,part_04,train
part_04_record_003411,part_04,train
part_04_record_003412,part_04,train
part_04_record_003413,part_04,train
part_04_record_003414,part_04,train
part_04_record_003415,part_04,train
part_04_record_003416,part_04,val
part_04_record_003417,part_04,train
part_04_record_003418,part_04,test
part_04_record_003419,part_04,train
part_04_record_003420,part_04,test
part_04_record_003421,part_04,test
part_04_record_003422,part_04,train
part_04_record_003423,part_04,train
part_04_record_003424,part_04,val
part_04_record_003425,part_04,train
part_04_record_003426,part_04,train
part_04_record_003427,part_04,val
part_04_record_003428,part_04,val
part_04_record_003429,part_04,train
part_04_record_003430,part_04,train
part_04_record_003431,part_04,test
part_04_record_003432,part_04,train
part_04_record_003433,part_04,test
part_04_record_003434,part_04,train
part_04_record_003435,part_04,train
part_04_record_003436,part_04,train
part_04_record_003437,part_04,test
part_04_record_003438,part_04,train
part_04_record_003439,part_04,train
part_04_record_003440,part_04,train
part_04_record_003441,part_04,test
part_04_record_003442,part_04,train
part_04_record_003443,part_04,train
part_04_record_003444,part_04,train
part_04_record_003445,part_04,test
part_04_record_003446,part_04,train
part_04_record_003447,part_04,test
part_04_record_003448,part_04,train
part_04_record_003449,part_04,train
part_04_record_003450,part_04,train
part_04_record_003451,part_04,val
part_04_record_003452,part_04,test
part_04_record_003453,part_04,test
part_04_record_003454,part_04,val
part_04_record_003455,part_04,train
part_04_record_003456,part_04,train
part_04_record_003457,part_04,val
part_04_record_003458,part_04,train
part_04_record_003459,part_04,train
part_04_record_003460,part_04,train
part_04_record_003461,part_04,train
part_04_record_003462,part_04,train
part_04_record_003463,part_04,test
part_04_record_003464,part_04,train
part_04_record_003465,part_04,train
part_04_record_003466,part_04,train
part_04_record_003467,part_04,val
part_04_record_003468,part_04,train
part_04_record_003469,part_04,train
part_04_record_003470,part_04,train
part_04_record_003471,part_04,train
part_04_record_003472,part_04,val
part_04_record_003473,part_04,test
part_04_record_003474,part_04,train
part_04_record_003475,part_04,train
part_04_record_003476,part_04,train
part_04_record_003477,part_04,test
part_04_record_003478,part_04,train
part_04_record_003479,part_04,train
part_04_record_003480,part_04,train
part_04_record_003481,part_04,train
part_04_record_003482,part_04,train
part_04_record_003483,part_04,train
part_04_record_003484,part_04,val
part_04_record_003485,part_04,train
part_04_record_003486,part_04,train
part_04_record_003487,part_04,test
part_04_record_003488,part_04,train
part_04_record_003489,part_04,train
part_04_record_003490,part_04,val
part_04_record_003491,part_04,test
part_04_record_003492,part_04,train
part_04_record_003493,part_04,train
part_04_record_003494,part_04,val
part_04_record_003495,part_04,train
part_04_record_003496,part_04,train
part_04_record_003497,part_04,test
part_04_record_003498,part_04,train
part_04_record_003499,part_04,train
part_04_record_003500,part_04,train
part_04_record_003501,part_04,val
part_04_record_003502,part_04,train
part_04_record_003503,part_04,train
part_04_record_003504,part_04,train
part_04_record_003505,part_04,train
part_04_record_003506,part_04,train
part_04_record_003507,part_04,test
part_04_record_003508,part_04,test
part_04_record_003509,part_04,train
part_04_record_003510,part_04,train
part_04_record_003511,part_04,test
part_04_record_003512,part_04,test
part_04_record_003513,part_04,train
part_04_record_003514,part_04,train
part_04_record_003515,part_04,train
part_04_record_003516,part_04,train
part_04_record_003517,part_04,val
part_04_record_003518,part_04,test
part_04_record_003519,part_04,train
part_04_record_003520,part_04,train
part_04_record_003521,part_04,train
part_04_record_003522,part_04,train
part_04_record_003523,part_04,train
part_04_record_003524,part_04,train
part_04_record_003525,part_04,train
part_04_record_003526,part_04,val
part_04_record_003527,part_04,train
part_04_record_003528,part_04,train
part_04_record_003529,part_04,train
part_04_record_003530,part_04,train
part_04_record_003531,part_04,test
part_04_record_003532,part_04,test
part_04_record_003533,part_04,train
part_04_record_003534,part_04,train
part_04_record_003535,part_04,train
part_04_record_003536,part_04,train
part_04_record_003537,part_04,val
part_04_record_003538,part_04,val
part_04_record_003539,part_04,train
part_04_record_003540,part_04,train
part_04_record_003541,part_04,train
part_04_record_003542,part_04,train
part_04_record_003543,part_04,train
part_04_record_003544,part_04,train
part_04_record_003545,part_04,train
part_04_record_003546,part_04,train
part_04_record_003547,part_04,train
part_04_record_003548,part_04,train
part_04_record_003549,part_04,train
part_04_record_003550,part_04,test
part_04_record_003551,part_04,train
part_04_record_003552,part_04,train
part_04_record_003553,part_04,train
part_04_record_003554,part_04,val
part_04_record_003555,part_04,train
part_04_record_003556,part_04,train
part_04_record_003557,part_04,test
part_04_record_003558,part_04,train
part_04_record_003559,part_04,train
part_04_record_003560,part_04,train
part_04_record_003561,part_04,train
part_04_record_003562,part_04,test
part_04_record_003563,part_04,train
part_04_record_003564,part_04,train
part_04_record_003565,part_04,test
part_04_record_003566,part_04,train
part_04_record_003567,part_04,train
part_04_record_003568,part_04,train
part_04_record_003569,part_04,val
part_04_record_003570,part_04,train
part_04_record_003571,part_04,train
part_04_record_003572,part_04,train
part_04_record_003573,part_04,test
part_04_record_003574,part_04,train
part_04_record_003575,part_04,train
part_04_record_003576,part_04,train
part_04_record_003577,part_04,train
part_04_record_003578,part_04,train
part_04_record_003579,part_04,train
part_04_record_003580,part_04,test
part_04_record_003581,part_04,train
part_04_record_003582,part_04,test
part_04_record_003583,part_04,train
part_04_record_003584,part_04,val
part_04_record_003585,part_04,test
part_04_record_003586,part_04,train
part_04_record_003587,part_04,val
part_04_record_003588,part_04,train
part_04_record_003589,part_04,train
part_04_record_003590,part_04,train
part_04_record_003591,part_04,train
part_04_record_003592,part_04,val
part_04_record_003593,part_04,train
part_04_record_003594,part_04,train
part_04_record_003595,part_04,test
part_04_record_003596,part_04,train
part_04_record_003597,part_04,test
part_04_record_003598,part_04,train
part_04_record_003599,part_04,test
part_04_record_003600,part_04,train
part_04_record_003601,part_04,test
part_04_record_003602,part_04,train
part_04_record_003603,part_04,train
part_04_record_003604,part_04,train
part_04_record_003605,part_04,val
part_04_record_003606,part_04,train
part_04_record_003607,part_04,train
part_04_record_003608,part_04,val
part_04_record_003609,part_04,train
part_04_record_003610,part_04,train
part_04_record_003611,part_04,test
part_04_record_003612,part_04,train
part_04_record_003613,part_04,train
part_04_record_003614,part_04,train
part_04_record_003615,part_04,train
part_04_record_003616,part_04,train
part_04_record_003617,part_04,train
part_04_record_003618,part_04,train
part_04_record_003619,part_04,train
part_04_record_003620,part_04,val
part_04_record_003621,part_04,train
part_04_record_003622,part_04,train
part_04_record_003623,part_04,train
part_04_record_003624,part_04,train
part_04_record_003625,part_04,train
part_04_record_003626,part_04,train
part_04_record_003627,part_04,train
part_04_record_003628,part_04,test
part_04_record_003629,part_04,val
part_04_record_003630,part_04,test
part_04_record_003631,part_04,val
part_04_record_003632,part_04,val
part_04_record_003633,part_04,train
part_04_record_003634,part_04,test
part_04_record_003635,part_04,train
part_04_record_003636,part_04,train
part_04_record_003637,part_04,test
part_04_record_003638,part_04,val
part_04_record_003639,part_04,val
part_04_record_003640,part_04,train
part_04_record_003641,part_04,test
part_04_record_003642,part_04,train
part_04_record_003643,part_04,val
part_04_record_003644,part_04,train
part_04_record_003645,part_04,test
part_04_record_003646,part_04,train
part_04_record_003647,part_04,train
part_04_record_003648,part_04,train
part_04_record_003649,part_04,val
part_04_record_003650,part_04,train
part_04_record_003651,part_04,train
part_04_record_003652,part_04,train
part_04_record_003653,part_04,train
part_04_record_003654,part_04,train
part_04_record_003655,part_04,val
part_04_record_003656,part_04,val
part_04_record_003657,part_04,train
part_04_record_003658,part_04,train
part_04_record_003659,part_04,train
part_04_record_003660,part_04,train
part_04_record_003661,part_04,train
part_04_record_003662,part_04,train
part_04_record_003663,part_04,train
part_04_record_003664,part_04,train
part_04_record_003665,part_04,train
part_04_record_003666,part_04,val
part_04_record_003667,part_04,train
part_04_record_003668,part_04,val
part_04_record_003669,part_04,train
part_04_record_003670,part_04,train
part_04_record_003671,part_04,val
part_04_record_003672,part_04,train
part_04_record_003673,part_04,test
part_04_record_003674,part_04,train
part_04_record_003675,part_04,val
part_04_record_003676,part_04,test
part_04_record_003677,part_04,test
part_04_record_003678,part_04,train
part_04_record_003679,part_04,train
part_04_record_003680,part_04,train
part_04_record_003681,part_04,train
part_04_record_003682,part_04,train
part_04_record_003683,part_04,train
part_04_record_003684,part_04,val
part_04_record_003685,part_04,train
part_04_record_003686,part_04,train
part_04_record_003687,part_04,train
part_04_record_003688,part_04,test
part_04_record_003689,part_04,train
part_04_record_003690,part_04,train
part_04_record_003691,part_04,val
part_04_record_003692,part_04,train
part_04_record_003693,part_04,train
part_04_record_003694,part_04,train
part_04_record_003695,part_04,train
part_04_record_003696,part_04,test
part_04_record_003697,part_04,test
part_04_record_003698,part_04,train
part_04_record_003699,part_04,train
part_04_record_003700,part_04,val
part_04_record_003701,part_04,train
part_04_record_003702,part_04,test
part_04_record_003703,part_04,train
part_04_record_003704,part_04,train
part_04_record_003705,part_04,train
part_04_record_003706,part_04,train
part_04_record_003707,part_04,train
part_04_record_003708,part_04,train
part_04_record_003709,part_04,train
part_04_record_003710,part_04,test
part_04_record_003711,part_04,train
part_04_record_003712,part_04,val
part_04_record_003713,part_04,val
part_04_record_003714,part_04,val
part_04_record_003715,part_04,val
part_04_record_003716,part_04,train
part_04_record_003717,part_04,val
part_04_record_003718,part_04,train
part_04_record_003719,part_04,val
part_04_record_003720,part_04,test
part_04_record_003721,part_04,train
part_04_record_003722,part_04,train
part_04_record_003723,part_04,train
part_04_record_003724,part_04,train
part_04_record_003725,part_04,train
part_04_record_003726,part_04,val
part_04_record_003727,part_04,val
part_04_record_003728,part_04,val
part_04_record_003729,part_04,train
part_04_record_003730,part_04,train
part_04_record_003731,part_04,val
part_04_record_003732,part_04,train
part_04_record_003733,part_04,train
part_04_record_003734,part_04,train
part_04_record_003735,part_04,train
part_04_record_003736,part_04,test
part_04_record_003737,part_04,val
part_04_record_003738,part_04,train
part_04_record_003739,part_04,test
part_04_record_003740,part_04,train
part_04_record_003741,part_04,val
part_04_record_003742,part_04,test
part_04_record_003743,part_04,train
part_04_record_003744,part_04,val
part_04_record_003745,part_04,test
part_04_record_003746,part_04,train
part_04_record_003747,part_04,train
part_04_record_003748,part_04,val
part_04_record_003749,part_04,test
part_04_record_003750,part_04,train
part_04_record_003751,part_04,val
part_04_record_003752,part_04,train
part_04_record_003753,part_04,train
part_04_record_003754,part_04,train
part_04_record_003755,part_04,val
part_04_record_003756,part_04,train
part_04_record_003757,part_04,test
part_04_record_003758,part_04,train
part_04_record_003759,part_04,train
part_04_record_003760,part_04,train
part_04_record_003761,part_04,test
part_04_record_003762,part_04,train
part_04_record_003763,part_04,test
part_04_record_003764,part_04,test
part_04_record_003765,part_04,val
part_04_record_003766,part_04,train
part_04_record_003767,part_04,test
part_04_record_003768,part_04,train
part_04_record_003769,part_04,train
part_04_record_003770,part_04,test
part_04_record_003771,part_04,train
part_04_record_003772,part_04,train
part_04_record_003773,part_04,train
part_04_record_003774,part_04,train
part_04_record_003775,part_04,train
part_04_record_003776,part_04,test
part_04_record_003777,part_04,train
part_04_record_003778,part_04,train
part_04_record_003779,part_04,test
part_04_record_003780,part_04,train
part_04_record_003781,part_04,train
part_04_record_003782,part_04,train
part_04_record_003783,part_04,train
part_04_record_003784,part_04,train
part_04_record_003785,part_04,train
part_04_record_003786,part_04,train
part_04_record_003787,part_04,val
part_04_record_003788,part_04,train
part_04_record_003789,part_04,test
part_04_record_003790,part_04,train
part_04_record_003791,part_04,train
part_04_record_003792,part_04,train
part_04_record_003793,part_04,train
part_04_record_003794,part_04,train
part_04_record_003795,part_04,train
part_04_record_003796,part_04,train
part_04_record_003797,part_04,val
part_04_record_003798,part_04,test
part_04_record_003799,part_04,train
part_04_record_003800,part_04,train
part_04_record_003801,part_04,train
part_04_record_003802,part_04,train
part_04_record_003803,part_04,val
part_04_record_003804,part_04,train
part_04_record_003805,part_04,train
part_04_record_003806,part_04,train
part_04_record_003807,part_04,train
part_04_record_003808,part_04,val
part_04_record_003809,part_04,val
part_04_record_003810,part_04,train
part_04_record_003811,part_04,test
part_04_record_003812,part_04,train
part_04_record_003813,part_04,test
part_04_record_003814,part_04,train
part_04_record_003815,part_04,val
part_04_record_003816,part_04,train
part_04_record_003817,part_04,train
part_04_record_003818,part_04,train
part_04_record_003819,part_04,test
part_04_record_003820,part_04,train
part_04_record_003821,part_04,train
part_04_record_003822,part_04,train
part_04_record_003823,part_04,train
part_04_record_003824,part_04,train
part_04_record_003825,part_04,val
part_04_record_003826,part_04,val
part_04_record_003827,part_04,train
part_04_record_003828,part_04,train
part_04_record_003829,part_04,val
part_04_record_003830,part_04,train
part_04_record_003831,part_04,val
part_04_record_003832,part_04,val
part_04_record_003833,part_04,val
part_04_record_003834,part_04,train
part_04_record_003835,part_04,train
part_04_record_003836,part_04,val
part_04_record_003837,part_04,train
part_04_record_003838,part_04,train
part_04_record_003839,part_04,train
part_04_record_003840,part_04,val
part_04_record_003841,part_04,test
part_04_record_003842,part_04,val
part_04_record_003843,part_04,train
part_04_record_003844,part_04,test
part_04_record_003845,part_04,train
part_04_record_003846,part_04,test
part_04_record_003847,part_04,train
part_04_record_003848,part_04,train
part_04_record_003849,part_04,train
part_04_record_003850,part_04,train
part_04_record_003851,part_04,test
part_04_record_003852,part_04,train
part_04_record_003853,part_04,train
part_04_record_003854,part_04,train
part_04_record_003855,part_04,test
part_04_record_003856,part_04,train
part_04_record_003857,part_04,train
part_04_record_003858,part_04,train
part_04_record_003859,part_04,train
part_04_record_003860,part_04,train
part_04_record_003861,part_04,train
part_04_record_003862,part_04,train
part_04_record_003863,part_04,train
part_04_record_003864,part_04,test
part_04_record_003865,part_04,val
part_04_record_003866,part_04,train
part_04_record_003867,part_04,val
part_04_record_003868,part_04,val
part_04_record_003869,part_04,val
part_04_record_003870,part_04,train
part_04_record_003871,part_04,train
part_04_record_003872,part_04,train
part_04_record_003873,part_04,train
part_04_record_003874,part_04,train
part_04_record_003875,part_04,val
part_04_record_003876,part_04,train
part_04_record_003877,part_04,test
part_04_record_003878,part_04,train
part_04_record_003879,part_04,train
part_04_record_003880,part_04,train
part_04_record_003881,part_04,train
part_04_record_003882,part_04,train
part_04_record_003883,part_04,train
part_04_record_003884,part_04,train
part_04_record_003885,part_04,train
part_04_record_003886,part_04,train
part_04_record_003887,part_04,train
part_04_record_003888,part_04,train
part_04_record_003889,part_04,train
part_04_record_003890,part_04,train
part_04_record_003891,part_04,test
part_04_record_003892,part_04,train
part_04_record_003893,part_04,train
part_04_record_003894,part_04,val
part_04_record_003895,part_04,train
part_04_record_003896,part_04,train
part_04_record_003897,part_04,train
part_04_record_003898,part_04,val
part_04_record_003899,part_04,train
part_04_record_003900,part_04,train
part_04_record_003901,part_04,test
part_04_record_003902,part_04,train
part_04_record_003903,part_04,train
part_04_record_003904,part_04,train
part_04_record_003905,part_04,train
part_04_record_003906,part_04,train
part_04_record_003907,part_04,val
part_04_record_003908,part_04,train
part_04_record_003909,part_04,train
part_04_record_003910,part_04,train
part_04_record_003911,part_04,train
part_04_record_003912,part_04,val
part_04_record_003913,part_04,train
part_04_record_003914,part_04,test
part_04_record_003915,part_04,train
part_04_record_003916,part_04,train
part_04_record_003917,part_04,train
part_04_record_003918,part_04,train
part_04_record_003919,part_04,train
part_04_record_003920,part_04,train
part_04_record_003921,part_04,val
part_04_record_003922,part_04,train
part_04_record_003923,part_04,train
part_04_record_003924,part_04,val
part_04_record_003925,part_04,train
part_04_record_003926,part_04,test
part_04_record_003927,part_04,val
part_04_record_003928,part_04,train
part_04_record_003929,part_04,train
part_04_record_003930,part_04,val
part_04_record_003931,part_04,test
part_04_record_003932,part_04,train
part_04_record_003933,part_04,train
part_04_record_003934,part_04,train
part_04_record_003935,part_04,train
part_04_record_003936,part_04,val
part_04_record_003937,part_04,train
part_04_record_003938,part_04,train
part_04_record_003939,part_04,train
part_04_record_003940,part_04,train
part_04_record_003941,part_04,train
part_04_record_003942,part_04,train
part_04_record_003943,part_04,train
part_04_record_003944,part_04,test
part_04_record_003945,part_04,train
part_04_record_003946,part_04,train
part_04_record_003947,part_04,train
part_04_record_003948,part_04,val
part_04_record_003949,part_04,train
part_04_record_003950,part_04,train
part_04_record_003951,part_04,train
part_04_record_003952,part_04,train
part_04_record_003953,part_04,train
part_04_record_003954,part_04,val
part_04_record_003955,part_04,train
part_04_record_003956,part_04,train
part_04_record_003957,part_04,train
part_04_record_003958,part_04,train
part_04_record_003959,part_04,train
part_04_record_003960,part_04,val
part_04_record_003961,part_04,train
part_04_record_003962,part_04,train
part_04_record_003963,part_04,train
part_04_record_003964,part_04,train
part_04_record_003965,part_04,train
part_04_record_003966,part_04,val
part_04_record_003967,part_04,train
part_04_record_003968,part_04,val
part_04_record_003969,part_04,train
part_04_record_003970,part_04,train
part_04_record_003971,part_04,val
part_04_record_003972,part_04,train
part_04_record_003973,part_04,test
part_04_record_003974,part_04,train
part_04_record_003975,part_04,test
part_04_record_003976,part_04,train
part_04_record_003977,part_04,val
part_04_record_003978,part_04,train
part_04_record_003979,part_04,train
part_04_record_003980,part_04,train
part_04_record_003981,part_04,train
part_04_record_003982,part_04,train
part_04_record_003983,part_04,train
part_04_record_003984,part_04,val
part_04_record_003985,part_04,train
part_04_record_003986,part_04,train
part_04_record_003987,part_04,train
part_04_record_003988,part_04,test
part_04_record_003989,part_04,train
part_04_record_003990,part_04,train
part_04_record_003991,part_04,train
part_04_record_003992,part_04,train
part_04_record_003993,part_04,train
part_04_record_003994,part_04,test
part_04_record_003995,part_04,train
part_04_record_003996,part_04,train
part_04_record_003997,part_04,train
part_04_record_003998,part_04,train
part_04_record_003999,part_04,test
part_04_record_004000,part_04,train
part_05_record_004001,part_05,test
part_05_record_004002,part_05,train
part_05_record_004003,part_05,train
part_05_record_004004,part_05,train
part_05_record_004005,part_05,train
part_05_record_004006,part_05,val
part_05_record_004007,part_05,train
part_05_record_004008,part_05,train
part_05_record_004009,part_05,val
part_05_record_004010,part_05,val
part_05_record_004011,part_05,train
part_05_record_004012,part_05,train
part_05_record_004013,part_05,train
part_05_record_004014,part_05,train
part_05_record_004015,part_05,test
part_05_record_004016,part_05,train
part_05_record_004017,part_05,train
part_05_record_004018,part_05,train
part_05_record_004019,part_05,test
part_05_record_004020,part_05,train
part_05_record_004021,part_05,val
part_05_record_004022,part_05,test
part_05_record_004023,part_05,train
part_05_record_004024,part_05,train
part_05_record_004025,part_05,train
part_05_record_004026,part_05,val
part_05_record_004027,part_05,train
part_05_record_004028,part_05,train
part_05_record_004029,part_05,train
part_05_record_004030,part_05,train
part_05_record_004031,part_05,train
part_05_record_004032,part_05,train
part_05_record_004033,part_05,train
part_05_record_004034,part_05,test
part_05_record_004035,part_05,train
part_05_record_004036,part_05,train
part_05_record_004037,part_05,test
part_05_record_004038,part_05,val
part_05_record_004039,part_05,train
part_05_record_004040,part_05,train
part_05_record_004041,part_05,train
part_05_record_004042,part_05,train
part_05_record_004043,part_05,train
part_05_record_004044,part_05,train
part_05_record_004045,part_05,train
part_05_record_004046,part_05,train
part_05_record_004047,part_05,train
part_05_record_004048,part_05,train
part_05_record_004049,part_05,train
part_05_record_004050,part_05,train
part_05_record_004051,part_05,train
part_05_record_004052,part_05,train
part_05_record_004053,part_05,train
part_05_record_004054,part_05,train
part_05_record_004055,part_05,train
part_05_record_004056,part_05,train
part_05_record_004057,part_05,train
part_05_record_004058,part_05,train
part_05_record_004059,part_05,train
part_05_record_004060,part_05,train
part_05_record_004061,part_05,train
part_05_record_004062,part_05,test
part_05_record_004063,part_05,train
part_05_record_004064,part_05,val
part_05_record_004065,part_05,train
part_05_record_004066,part_05,train
part_05_record_004067,part_05,train
part_05_record_004068,part_05,train
part_05_record_004069,part_05,train
part_05_record_004070,part_05,train
part_05_record_004071,part_05,test
part_05_record_004072,part_05,train
part_05_record_004073,part_05,val
part_05_record_004074,part_05,train
part_05_record_004075,part_05,train
part_05_record_004076,part_05,train
part_05_record_004077,part_05,train
part_05_record_004078,part_05,train
part_05_record_004079,part_05,train
part_05_record_004080,part_05,test
part_05_record_004081,part_05,train
part_05_record_004082,part_05,train
part_05_record_004083,part_05,val
part_05_record_004084,part_05,train
part_05_record_004085,part_05,train
part_05_record_004086,part_05,train
part_05_record_004087,part_05,train
part_05_record_004088,part_05,train
part_05_record_004089,part_05,val
part_05_record_004090,part_05,train
part_05_record_004091,part_05,test
part_05_record_004092,part_05,train
part_05_record_004093,part_05,train
part_05_record_004094,part_05,train
part_05_record_004095,part_05,train
part_05_record_004096,part_05,train
part_05_record_004097,part_05,train
part_05_record_004098,part_05,train
part_05_record_004099,part_05,train
part_05_record_004100,part_05,train
part_05_record_004101,part_05,train
part_05_record_004102,part_05,train
part_05_record_004103,part_05,train
part_05_record_004104,part_05,train
part_05_record_004105,part_05,train
part_05_record_004106,part_05,train
part_05_record_004107,part_05,train
part_05_record_004108,part_05,test
part_05_record_004109,part_05,train
part_05_record_004110,part_05,val
part_05_record_004111,part_05,train
part_05_record_004112,part_05,train
part_05_record_004113,part_05,train
part_05_record_004114,part_05,train
part_05_record_004115,part_05,val
part_05_record_004116,part_05,train
part_05_record_004117,part_05,test
part_05_record_004118,part_05,val
part_05_record_004119,part_05,train
part_05_record_004120,part_05,train
part_05_record_004121,part_05,train
part_05_record_004122,part_05,train
part_05_record_004123,part_05,train
part_05_record_004124,part_05,train
part_05_record_004125,part_05,test
part_05_record_004126,part_05,train
part_05_record_004127,part_05,train
part_05_record_004128,part_05,train
part_05_record_004129,part_05,train
part_05_record_004130,part_05,train
part_05_record_004131,part_05,train
part_05_record_004132,part_05,train
part_05_record_004133,part_05,train
part_05_record_004134,part_05,test
part_05_record_004135,part_05,train
part_05_record_004136,part_05,val
part_05_record_004137,part_05,train
part_05_record_004138,part_05,train
part_05_record_004139,part_05,train
part_05_record_004140,part_05,train
part_05_record_004141,part_05,train
part_05_record_004142,part_05,train
part_05_record_004143,part_05,test
part_05_record_004144,part_05,test
part_05_record_004145,part_05,train
part_05_record_004146,part_05,train
part_05_record_004147,part_05,test
part_05_record_004148,part_05,train
part_05_record_004149,part_05,train
part_05_record_004150,part_05,train
part_05_record_004151,part_05,test
part_05_record_004152,part_05,train
part_05_record_004153,part_05,val
part_05_record_004154,part_05,train
part_05_record_004155,part_05,val
part_05_record_004156,part_05,train
part_05_record_004157,part_05,train
part_05_record_004158,part_05,train
part_05_record_004159,part_05,test
part_05_record_004160,part_05,train
part_05_record_004161,part_05,train
part_05_record_004162,part_05,train
part_05_record_004163,part_05,train
part_05_record_004164,part_05,train
part_05_record_004165,part_05,test
part_05_record_004166,part_05,train
part_05_record_004167,part_05,train
part_05_record_004168,part_05,test
part_05_record_004169,part_05,train
part_05_record_004170,part_05,train
part_05_record_004171,part_05,train
part_05_record_004172,part_05,test
part_05_record_004173,part_05,train
part_05_record_004174,part_05,train
part_05_record_004175,part_05,train
part_05_record_004176,part_05,test
part_05_record_004177,part_05,train
part_05_record_004178,part_05,test
part_05_record_004179,part_05,test
part_05_record_004180,part_05,test
part_05_record_004181,part_05,train
part_05_record_004182,part_05,train
part_05_record_004183,part_05,train
part_05_record_004184,part_05,val
part_05_record_004185,part_05,train
part_05_record_004186,part_05,train
part_05_record_004187,part_05,test
part_05_record_004188,part_05,train
part_05_record_004189,part_05,test
part_05_record_004190,part_05,train
part_05_record_004191,part_05,train
part_05_record_004192,part_05,train
part_05_record_004193,part_05,train
part_05_record_004194,part_05,train
part_05_record_004195,part_05,train
part_05_record_004196,part_05,train
part_05_record_004197,part_05,train
part_05_record_004198,part_05,test
part_05_record_004199,part_05,train
part_05_record_004200,part_05,test
part_05_record_004201,part_05,val
part_05_record_004202,part_05,train
part_05_record_004203,part_05,train
part_05_record_004204,part_05,test
part_05_record_004205,part_05,train
part_05_record_004206,part_05,train
part_05_record_004207,part_05,test
part_05_record_004208,part_05,train
part_05_record_004209,part_05,test
part_05_record_004210,part_05,train
part_05_record_004211,part_05,train
part_05_record_004212,part_05,val
part_05_record_004213,part_05,test
part_05_record_004214,part_05,val
part_05_record_004215,part_05,val
part_05_record_004216,part_05,train
part_05_record_004217,part_05,train
part_05_record_004218,part_05,train
part_05_record_004219,part_05,test
part_05_record_004220,part_05,train
part_05_record_004221,part_05,train
part_05_record_004222,part_05,train
part_05_record_004223,part_05,train
part_05_record_004224,part_05,test
part_05_record_004225,part_05,train
part_05_record_004226,part_05,test
part_05_record_004227,part_05,train
part_05_record_004228,part_05,test
part_05_record_004229,part_05,train
part_05_record_004230,part_05,train
part_05_record_004231,part_05,train
part_05_record_004232,part_05,train
part_05_record_004233,part_05,test
part_05_record_004234,part_05,train
part_05_record_004235,part_05,test
part_05_record_004236,part_05,train
part_05_record_004237,part_05,val
part_05_record_004238,part_05,train
part_05_record_004239,part_05,train
part_05_record_004240,part_05,train
part_05_record_004241,part_05,train
part_05_record_004242,part_05,train
part_05_record_004243,part_05,test
part_05_record_004244,part_05,test
part_05_record_004245,part_05,train
part_05_record_004246,part_05,train
part_05_record_004247,part_05,train
part_05_record_004248,part_05,train
part_05_record_004249,part_05,train
part_05_record_004250,part_05,test
part_05_record_004251,part_05,train
part_05_record_004252,part_05,train
part_05_record_004253,part_05,train
part_05_record_004254,part_05,train
part_05_record_004255,part_05,train
part_05_record_004256,part_05,val
part_05_record_004257,part_05,train
part_05_record_004258,part_05,train
part_05_record_004259,part_05,val
part_05_record_004260,part_05,val
part_05_record_004261,part_05,val
part_05_record_004262,part_05,test
part_05_record_004263,part_05,train
part_05_record_004264,part_05,test
part_05_record_004265,part_05,train
part_05_record_004266,part_05,train
part_05_record_004267,part_05,train
part_05_record_004268,part_05,train
part_05_record_004269,part_05,test
part_05_record_004270,part_05,train
part_05_record_004271,part_05,train
part_05_record_004272,part_05,train
part_05_record_004273,part_05,train
part_05_record_004274,part_05,train
part_05_record_004275,part_05,train
part_05_record_004276,part_05,train
part_05_record_004277,part_05,val
part_05_record_004278,part_05,train
part_05_record_004279,part_05,test
part_05_record_004280,part_05,train
part_05_record_004281,part_05,train
part_05_record_004282,part_05,train
part_05_record_004283,part_05,test
part_05_record_004284,part_05,val
part_05_record_004285,part_05,train
part_05_record_004286,part_05,val
part_05_record_004287,part_05,test
part_05_record_004288,part_05,train
part_05_record_004289,part_05,train
part_05_record_004290,part_05,test
part_05_record_004291,part_05,train
part_05_record_004292,part_05,train
part_05_record_004293,part_05,train
part_05_record_004294,part_05,val
part_05_record_004295,part_05,train
part_05_record_004296,part_05,train
part_05_record_004297,part_05,train
part_05_record_004298,part_05,test
part_05_record_004299,part_05,train
part_05_record_004300,part_05,train
part_05_record_004301,part_05,test
part_05_record_004302,part_05,train
part_05_record_004303,part_05,train
part_05_record_004304,part_05,train
part_05_record_004305,part_05,train
part_05_record_004306,part_05,train
part_05_record_004307,part_05,train
part_05_record_004308,part_05,val
part_05_record_004309,part_05,train
part_05_record_004310,part_05,train
part_05_record_004311,part_05,train
part_05_record_004312,part_05,test
part_05_record_004313,part_05,test
part_05_record_004314,part_05,train
part_05_record_004315,part_05,train
part_05_record_004316,part_05,train
part_05_record_004317,part_05,val
part_05_record_004318,part_05,train
part_05_record_004319,part_05,val
part_05_record_004320,part_05,train
part_05_record_004321,part_05,train
part_05_record_004322,part_05,train
part_05_record_004323,part_05,train
part_05_record_004324,part_05,train
part_05_record_004325,part_05,test
part_05_record_004326,part_05,train
part_05_record_004327,part_05,train
part_05_record_004328,part_05,train
part_05_record_004329,part_05,train
part_05_record_004330,part_05,train
part_05_record_004331,part_05,test
part_05_record_004332,part_05,train
part_05_record_004333,part_05,train
part_05_record_004334,part_05,train
part_05_record_004335,part_05,train
part_05_record_004336,part_05,train
part_05_record_004337,part_05,train
part_05_record_004338,part_05,train
part_05_record_004339,part_05,train
part_05_record_004340,part_05,train
part_05_record_004341,part_05,val
part_05_record_004342,part_05,train
part_05_record_004343,part_05,train
part_05_record_004344,part_05,train
part_05_record_004345,part_05,train
part_05_record_004346,part_05,train
part_05_record_004347,part_05,test
part_05_record_004348,part_05,train
part_05_record_004349,part_05,train
part_05_record_004350,part_05,val
part_05_record_004351,part_05,train
part_05_record_004352,part_05,train
part_05_record_004353,part_05,train
part_05_record_004354,part_05,train
part_05_record_004355,part_05,train
part_05_record_004356,part_05,train
part_05_record_004357,part_05,val
part_05_record_004358,part_05,train
part_05_record_004359,part_05,val
part_05_record_004360,part_05,train
part_05_record_004361,part_05,test
part_05_record_004362,part_05,test
part_05_record_004363,part_05,train
part_05_record_004364,part_05,test
part_05_record_004365,part_05,val
part_05_record_004366,part_05,train
part_05_record_004367,part_05,train
part_05_record_004368,part_05,train
part_05_record_004369,part_05,train
part_05_record_004370,part_05,val
part_05_record_004371,part_05,train
part_05_record_004372,part_05,train
part_05_record_004373,part_05,train
part_05_record_004374,part_05,train
part_05_record_004375,part_05,train
part_05_record_004376,part_05,train
part_05_record_004377,part_05,train
part_05_record_004378,part_05,train
part_05_record_004379,part_05,val
part_05_record_004380,part_05,train
part_05_record_004381,part_05,test
part_05_record_004382,part_05,train
part_05_record_004383,part_05,train
part_05_record_004384,part_05,train
part_05_record_004385,part_05,train
part_05_record_004386,part_05,train
part_05_record_004387,part_05,train
part_05_record_004388,part_05,train
part_05_record_004389,part_05,test
part_05_record_004390,part_05,test
part_05_record_004391,part_05,train
part_05_record_004392,part_05,train
part_05_record_004393,part_05,train
part_05_record_004394,part_05,train
part_05_record_004395,part_05,train
part_05_record_004396,part_05,train
part_05_record_004397,part_05,train
part_05_record_004398,part_05,train
part_05_record_004399,part_05,train
part_05_record_004400,part_05,val
part_05_record_004401,part_05,train
part_05_record_004402,part_05,train
part_05_record_004403,part_05,val
part_05_record_004404,part_05,train
part_05_record_004405,part_05,train
part_05_record_004406,part_05,train
part_05_record_004407,part_05,val
part_05_record_004408,part_05,train
part_05_record_004409,part_05,train
part_05_record_004410,part_05,train
part_05_record_004411,part_05,train
part_05_record_004412,part_05,train
part_05_record_004413,part_05,train
part_05_record_004414,part_05,test
part_05_record_004415,part_05,train
part_05_record_004416,part_05,train
part_05_record_004417,part_05,train
part_05_record_004418,part_05,train
part_05_record_004419,part_05,train
part_05_record_004420,part_05,train
part_05_record_004421,part_05,train
part_05_record_004422,part_05,train
part_05_record_004423,part_05,test
part_05_record_004424,part_05,train
part_05_record_004425,part_05,val
part_05_record_004426,part_05,test
part_05_record_004427,part_05,test
part_05_record_004428,part_05,train
part_05_record_004429,part_05,train
part_05_record_004430,part_05,train
part_05_record_004431,part_05,test
part_05_record_004432,part_05,val
part_05_record_004433,part_05,test
part_05_record_004434,part_05,test
part_05_record_004435,part_05,train
part_05_record_004436,part_05,test
part_05_record_004437,part_05,train
part_05_record_004438,part_05,val
part_05_record_004439,part_05,train
part_05_record_004440,part_05,train
part_05_record_004441,part_05,val
part_05_record_004442,part_05,train
part_05_record_004443,part_05,train
part_05_record_004444,part_05,val
part_05_record_004445,part_05,val
part_05_record_004446,part_05,val
part_05_record_004447,part_05,train
part_05_record_004448,part_05,train
part_05_record_004449,part_05,train
part_05_record_004450,part_05,train
part_05_record_004451,part_05,train
part_05_record_004452,part_05,test
part_05_record_004453,part_05,test
part_05_record_004454,part_05,train
part_05_record_004455,part_05,train
part_05_record_004456,part_05,train
part_05_record_004457,part_05,train
part_05_record_004458,part_05,train
part_05_record_004459,part_05,val
part_05_record_004460,part_05,train
part_05_record_004461,part_05,train
part_05_record_004462,part_05,train
part_05_record_004463,part_05,train
part_05_record_004464,part_05,train
part_05_record_004465,part_05,train
part_05_record_004466,part_05,test
part_05_record_004467,part_05,train
part_05_record_004468,part_05,train
part_05_record_004469,part_05,test
part_05_record_004470,part_05,train
part_05_record_004471,part_05,val
part_05_record_004472,part_05,train
part_05_record_004473,part_05,train
part_05_record_004474,part_05,test
part_05_record_004475,part_05,train
part_05_record_004476,part_05,train
part_05_record_004477,part_05,train
part_05_record_004478,part_05,train
part_05_record_004479,part_05,train
part_05_record_004480,part_05,train
part_05_record_004481,part_05,train
part_05_record_004482,part_05,val
part_05_record_004483,part_05,train
part_05_record_004484,part_05,train
part_05_record_004485,part_05,train
part_05_record_004486,part_05,train
part_05_record_004487,part_05,train
part_05_record_004488,part_05,train
part_05_record_004489,part_05,test
part_05_record_004490,part_05,train
part_05_record_004491,part_05,train
part_05_record_004492,part_05,test
part_05_record_004493,part_05,test
part_05_record_004494,part_05,test
part_05_record_004495,part_05,test
part_05_record_004496,part_05,test
part_05_record_004497,part_05,test
part_05_record_004498,part_05,test
part_05_record_004499,part_05,train
part_05_record_004500,part_05,test
part_05_record_004501,part_05,train
part_05_record_004502,part_05,train
part_05_record_004503,part_05,train
part_05_record_004504,part_05,train
part_05_record_004505,part_05,train
part_05_record_004506,part_05,train
part_05_record_004507,part_05,train
part_05_record_004508,part_05,train
part_05_record_004509,part_05,train
part_05_record_004510,part_05,train
part_05_record_004511,part_05,train
part_05_record_004512,part_05,train
part_05_record_004513,part_05,train
part_05_record_004514,part_05,train
part_05_record_004515,part_05,train
part_05_record_004516,part_05,train
part_05_record_004517,part_05,train
part_05_record_004518,part_05,val
part_05_record_004519,part_05,train
part_05_record_004520,part_05,train
part_05_record_004521,part_05,train
part_05_record_004522,part_05,train
part_05_record_004523,part_05,train
part_05_record_004524,part_05,val
part_05_record_004525,part_05,test
part_05_record_004526,part_05,train
part_05_record_004527,part_05,train
part_05_record_004528,part_05,train
part_05_record_004529,part_05,train
part_05_record_004530,part_05,train
part_05_record_004531,part_05,test
part_05_record_004532,part_05,val
part_05_record_004533,part_05,train
part_05_record_004534,part_05,train
part_05_record_004535,part_05,train
part_05_record_004536,part_05,train
part_05_record_004537,part_05,train
part_05_record_004538,part_05,train
part_05_record_004539,part_05,train
part_05_record_004540,part_05,train
part_05_record_004541,part_05,train
part_05_record_004542,part_05,train
part_05_record_004543,part_05,train
part_05_record_004544,part_05,test
part_05_record_004545,part_05,test
part_05_record_004546,part_05,train
part_05_record_004547,part_05,train
part_05_record_004548,part_05,test
part_05_record_004549,part_05,test
part_05_record_004550,part_05,train
part_05_record_004551,part_05,train
part_05_record_004552,part_05,train
part_05_record_004553,part_05,val
part_05_record_004554,part_05,train
part_05_record_004555,part_05,train
part_05_record_004556,part_05,test
part_05_record_004557,part_05,train
part_05_record_004558,part_05,val
part_05_record_004559,part_05,val
part_05_record_004560,part_05,train
part_05_record_004561,part_05,train
part_05_record_004562,part_05,train
part_05_record_004563,part_05,train
part_05_record_004564,part_05,train
part_05_record_004565,part_05,train
part_05_record_004566,part_05,train
part_05_record_004567,part_05,test
part_05_record_004568,part_05,train
part_05_record_004569,part_05,train
part_05_record_004570,part_05,test
part_05_record_004571,part_05,val
part_05_record_004572,part_05,train
part_05_record_004573,part_05,train
part_05_record_004574,part_05,train
part_05_record_004575,part_05,train
part_05_record_004576,part_05,train
part_05_record_004577,part_05,val
part_05_record_004578,part_05,val
part_05_record_004579,part_05,val
part_05_record_004580,part_05,val
part_05_record_004581,part_05,train
part_05_record_004582,part_05,train
part_05_record_004583,part_05,train
part_05_record_004584,part_05,val
part_05_record_004585,part_05,train
part_05_record_004586,part_05,val
part_05_record_004587,part_05,train
part_05_record_004588,part_05,train
part_05_record_004589,part_05,train
part_05_record_004590,part_05,train
part_05_record_004591,part_05,train
part_05_record_004592,part_05,val
part_05_record_004593,part_05,val
part_05_record_004594,part_05,train
part_05_record_004595,part_05,train
part_05_record_004596,part_05,train
part_05_record_004597,part_05,val
part_05_record_004598,part_05,train
part_05_record_004599,part_05,train
part_05_record_004600,part_05,val
part_05_record_004601,part_05,train
part_05_record_004602,part_05,train
part_05_record_004603,part_05,train
part_05_record_004604,part_05,train
part_05_record_004605,part_05,train
part_05_record_004606,part_05,train
part_05_record_004607,part_05,train
part_05_record_004608,part_05,train
part_05_record_004609,part_05,train
part_05_record_004610,part_05,train
part_05_record_004611,part_05,train
part_05_record_004612,part_05,test
part_05_record_004613,part_05,test
part_05_record_004614,part_05,train
part_05_record_004615,part_05,train
part_05_record_004616,part_05,val
part_05_record_004617,part_05,val
part_05_record_004618,part_05,train
part_05_record_004619,part_05,train
part_05_record_004620,part_05,train
part_05_record_004621,part_05,train
part_05_record_004622,part_05,test
part_05_record_004623,part_05,train
part_05_record_004624,part_05,train
part_05_record_004625,part_05,val
part_05_record_004626,part_05,train
part_05_record_004627,part_05,train
part_05_record_004628,part_05,train
part_05_record_004629,part_05,val
part_05_record_004630,part_05,train
part_05_record_004631,part_05,train
part_05_record_004632,part_05,train
part_05_record_004633,part_05,test
part_05_record_004634,part_05,train
part_05_record_004635,part_05,train
part_05_record_004636,part_05,train
part_05_record_004637,part_05,test
part_05_record_004638,part_05,test
part_05_record_004639,part_05,train
part_05_record_004640,part_05,train
part_05_record_004641,part_05,train
part_05_record_004642,part_05,train
part_05_record_004643,part_05,test
part_05_record_004644,part_05,train
part_05_record_004645,part_05,val
part_05_record_004646,part_05,train
part_05_record_004647,part_05,val
part_05_record_004648,part_05,train
part_05_record_004649,part_05,val
part_05_record_004650,part_05,train
part_05_record_004651,part_05,val
part_05_record_004652,part_05,train
part_05_record_004653,part_05,val
part_05_record_004654,part_05,train
part_05_record_004655,part_05,val
part_05_record_004656,part_05,train
part_05_record_004657,part_05,train
part_05_record_004658,part_05,train
part_05_record_004659,part_05,test
part_05_record_004660,part_05,train
part_05_record_004661,part_05,train
part_05_record_004662,part_05,train
part_05_record_004663,part_05,test
part_05_record_004664,part_05,train
part_05_record_004665,part_05,train
part_05_record_004666,part_05,train
part_05_record_004667,part_05,val
part_05_record_004668,part_05,train
part_05_record_004669,part_05,train
part_05_record_004670,part_05,val
part_05_record_004671,part_05,test
part_05_record_004672,part_05,train
part_05_record_004673,part_05,train
part_05_record_004674,part_05,test
part_05_record_004675,part_05,train
part_05_record_004676,part_05,test
part_05_record_004677,part_05,train
part_05_record_004678,part_05,train
part_05_record_004679,part_05,train
part_05_record_004680,part_05,train
part_05_record_004681,part_05,train
part_05_record_004682,part_05,train
part_05_record_004683,part_05,train
part_05_record_004684,part_05,train
part_05_record_004685,part_05,train
part_05_record_004686,part_05,train
part_05_record_004687,part_05,train
part_05_record_004688,part_05,train
part_05_record_004689,part_05,train
part_05_record_004690,part_05,train
part_05_record_004691,part_05,train
part_05_record_004692,part_05,train
part_05_record_004693,part_05,train
part_05_record_004694,part_05,train
part_05_record_004695,part_05,train
part_05_record_004696,part_05,train
part_05_record_004697,part_05,train
part_05_record_004698,part_05,val
part_05_record_004699,part_05,train
part_05_record_004700,part_05,val
part_05_record_004701,part_05,train
part_05_record_004702,part_05,train
part_05_record_004703,part_05,train
part_05_record_004704,part_05,val
part_05_record_004705,part_05,train
part_05_record_004706,part_05,train
part_05_record_004707,part_05,train
part_05_record_004708,part_05,train
part_05_record_004709,part_05,train
part_05_record_004710,part_05,train
part_05_record_004711,part_05,train
part_05_record_004712,part_05,train
part_05_record_004713,part_05,train
part_05_record_004714,part_05,val
part_05_record_004715,part_05,train
part_05_record_004716,part_05,train
part_05_record_004717,part_05,train
part_05_record_004718,part_05,train
part_05_record_004719,part_05,train
part_05_record_004720,part_05,test
part_05_record_004721,part_05,train
part_05_record_004722,part_05,train
part_05_record_004723,part_05,train
part_05_record_004724,part_05,train
part_05_record_004725,part_05,train
part_05_record_004726,part_05,train
part_05_record_004727,part_05,train
part_05_record_004728,part_05,val
part_05_record_004729,part_05,val
part_05_record_004730,part_05,test
part_05_record_004731,part_05,train
part_05_record_004732,part_05,train
part_05_record_004733,part_05,val
part_05_record_004734,part_05,train
part_05_record_004735,part_05,train
part_05_record_004736,part_05,test
part_05_record_004737,part_05,test
part_05_record_004738,part_05,test
part_05_record_004739,part_05,train
part_05_record_004740,part_05,train
part_05_record_004741,part_05,train
part_05_record_004742,part_05,val
part_05_record_004743,part_05,train
part_05_record_004744,part_05,train
part_05_record_004745,part_05,train
part_05_record_004746,part_05,train
part_05_record_004747,part_05,train
part_05_record_004748,part_05,train
part_05_record_004749,part_05,test
part_05_record_004750,part_05,train
part_05_record_004751,part_05,train
part_05_record_004752,part_05,train
part_05_record_004753,part_05,test
part_05_record_004754,part_05,train
part_05_record_004755,part_05,train
part_05_record_004756,part_05,train
part_05_record_004757,part_05,train
part_05_record_004758,part_05,test
part_05_record_004759,part_05,train
part_05_record_004760,part_05,train
part_05_record_004761,part_05,val
part_05_record_004762,part_05,val
part_05_record_004763,part_05,train
part_05_record_004764,part_05,train
part_05_record_004765,part_05,train
part_05_record_004766,part_05,train
part_05_record_004767,part_05,train
part_05_record_004768,part_05,train
part_05_record_004769,part_05,train
part_05_record_004770,part_05,train
part_05_record_004771,part_05,train
part_05_record_004772,part_05,train
part_05_record_004773,part_05,train
part_05_record_004774,part_05,train
part_05_record_004775,part_05,train
part_05_record_004776,part_05,train
part_05_record_004777,part_05,val
part_05_record_004778,part_05,test
part_05_record_004779,part_05,val
part_05_record_004780,part_05,train
part_05_record_004781,part_05,test
part_05_record_004782,part_05,val
part_05_record_004783,part_05,train
part_05_record_004784,part_05,train
part_05_record_004785,part_05,test
part_05_record_004786,part_05,train
part_05_record_004787,part_05,train
part_05_record_004788,part_05,train
part_05_record_004789,part_05,test
part_05_record_004790,part_05,train
part_05_record_004791,part_05,val
part_05_record_004792,part_05,train
part_05_record_004793,part_05,train
part_05_record_004794,part_05,train
part_05_record_004795,part_05,train
part_05_record_004796,part_05,test
part_05_record_004797,part_05,val
part_05_record_004798,part_05,train
part_05_record_004799,part_05,val
part_05_record_004800,part_05,test
part_05_record_004801,part_05,train
part_05_record_004802,part_05,train
part_05_record_004803,part_05,train
part_05_record_004804,part_05,train
part_05_record_004805,part_05,test
part_05_record_004806,part_05,test
part_05_record_004807,part_05,test
part_05_record_004808,part_05,train
part_05_record_004809,part_05,train
part_05_record_004810,part_05,test
part_05_record_004811,part_05,train
part_05_record_004812,part_05,test
part_05_record_004813,part_05,train
part_05_record_004814,part_05,train
part_05_record_004815,part_05,train
part_05_record_004816,part_05,val
part_05_record_004817,part_05,train
part_05_record_004818,part_05,train
part_05_record_004819,part_05,train
part_05_record_004820,part_05,train
part_05_record_004821,part_05,test
part_05_record_004822,part_05,train
part_05_record_004823,part_05,train
part_05_record_004824,part_05,train
part_05_record_004825,part_05,train
part_05_record_004826,part_05,train
part_05_record_004827,part_05,train
part_05_record_004828,part_05,train
part_05_record_004829,part_05,train
part_05_record_004830,part_05,train
part_05_record_004831,part_05,train
part_05_record_004832,part_05,test
part_05_record_004833,part_05,train
part_05_record_004834,part_05,train
part_05_record_004835,part_05,train
part_05_record_004836,part_05,test
part_05_record_004837,part_05,train
part_05_record_004838,part_05,val
part_05_record_004839,part_05,train
part_05_record_004840,part_05,val
part_05_record_004841,part_05,train
part_05_record_004842,part_05,test
part_05_record_004843,part_05,train
part_05_record_004844,part_05,train
part_05_record_004845,part_05,train
part_05_record_004846,part_05,train
part_05_record_004847,part_05,test
part_05_record_004848,part_05,train
part_05_record_004849,part_05,train
part_05_record_004850,part_05,test
part_05_record_004851,part_05,train
part_05_record_004852,part_05,train
part_05_record_004853,part_05,train
part_05_record_004854,part_05,test
part_05_record_004855,part_05,test
part_05_record_004856,part_05,train
part_05_record_004857,part_05,train
part_05_record_004858,part_05,val
part_05_record_004859,part_05,test
part_05_record_004860,part_05,test
part_05_record_004861,part_05,train
part_05_record_004862,part_05,train
part_05_record_004863,part_05,train
part_05_record_004864,part_05,train
part_05_record_004865,part_05,train
part_05_record_004866,part_05,train
part_05_record_004867,part_05,train
part_05_record_004868,part_05,train
part_05_record_004869,part_05,train
part_05_record_004870,part_05,test
part_05_record_004871,part_05,train
part_05_record_004872,part_05,train
part_05_record_004873,part_05,train
part_05_record_004874,part_05,test
part_05_record_004875,part_05,train
part_05_record_004876,part_05,val
part_05_record_004877,part_05,test
part_05_record_004878,part_05,train
part_05_record_004879,part_05,train
part_05_record_004880,part_05,train
part_05_record_004881,part_05,train
part_05_record_004882,part_05,train
part_05_record_004883,part_05,val
part_05_record_004884,part_05,train
part_05_record_004885,part_05,train
part_05_record_004886,part_05,train
part_05_record_004887,part_05,train
part_05_record_004888,part_05,test
part_05_record_004889,part_05,val
part_05_record_004890,part_05,train
part_05_record_004891,part_05,train
part_05_record_004892,part_05,train
part_05_record_004893,part_05,test
part_05_record_004894,part_05,test
part_05_record_004895,part_05,train
part_05_record_004896,part_05,val
part_05_record_004897,part_05,train
part_05_record_004898,part_05,val
part_05_record_004899,part_05,train
part_05_record_004900,part_05,train
part_05_record_004901,part_05,train
part_05_record_004902,part_05,train
part_05_record_004903,part_05,train
part_05_record_004904,part_05,train
part_05_record_004905,part_05,val
part_05_record_004906,part_05,train
part_05_record_004907,part_05,train
part_05_record_004908,part_05,train
part_05_record_004909,part_05,train
part_05_record_004910,part_05,val
part_05_record_004911,part_05,test
part_05_record_004912,part_05,test
part_05_record_004913,part_05,val
part_05_record_004914,part_05,train
part_05_record_004915,part_05,train
part_05_record_004916,part_05,train
part_05_record_004917,part_05,val
part_05_record_004918,part_05,val
part_05_record_004919,part_05,train
part_05_record_004920,part_05,train
part_05_record_004921,part_05,train
part_05_record_004922,part_05,train
part_05_record_004923,part_05,train
part_05_record_004924,part_05,train
part_05_record_004925,part_05,train
part_05_record_004926,part_05,train
part_05_record_004927,part_05,test
part_05_record_004928,part_05,train
part_05_record_004929,part_05,val
part_05_record_004930,part_05,train
part_05_record_004931,part_05,train
part_05_record_004932,part_05,test
part_05_record_004933,part_05,train
part_05_record_004934,part_05,train
part_05_record_004935,part_05,train
part_05_record_004936,part_05,train
part_05_record_004937,part_05,train
part_05_record_004938,part_05,train
part_05_record_004939,part_05,train
part_05_record_004940,part_05,train
part_05_record_004941,part_05,val
part_05_record_004942,part_05,val
part_05_record_004943,part_05,train
part_05_record_004944,part_05,val
part_05_record_004945,part_05,test
part_05_record_004946,part_05,val
part_05_record_004947,part_05,test
part_05_record_004948,part_05,train
part_05_record_004949,part_05,train
part_05_record_004950,part_05,train
part_05_record_004951,part_05,train
part_05_record_004952,part_05,train
part_05_record_004953,part_05,train
part_05_record_004954,part_05,train
part_05_record_004955,part_05,train
part_05_record_004956,part_05,train
part_05_record_004957,part_05,val
part_05_record_004958,part_05,train
part_05_record_004959,part_05,val
part_05_record_004960,part_05,train
part_05_record_004961,part_05,train
part_05_record_004962,part_05,train
part_05_record_004963,part_05,train
part_05_record_004964,part_05,train
part_05_record_004965,part_05,test
part_05_record_004966,part_05,train
part_05_record_004967,part_05,val
part_05_record_004968,part_05,val
part_05_record_004969,part_05,test
part_05_record_004970,part_05,train
part_05_record_004971,part_05,train
part_05_record_004972,part_05,test
part_05_record_004973,part_05,train
part_05_record_004974,part_05,test
part_05_record_004975,part_05,train
part_05_record_004976,part_05,train
part_05_record_004977,part_05,test
part_05_record_004978,part_05,train
part_05_record_004979,part_05,train
part_05_record_004980,part_05,val
part_05_record_004981,part_05,test
part_05_record_004982,part_05,train
part_05_record_004983,part_05,train
part_05_record_004984,part_05,train
part_05_record_004985,part_05,train
part_05_record_004986,part_05,train
part_05_record_004987,part_05,train
part_05_record_004988,part_05,val
part_05_record_004989,part_05,train
part_05_record_004990,part_05,train
part_05_record_004991,part_05,train
part_05_record_004992,part_05,train
part_05_record_004993,part_05,train
part_05_record_004994,part_05,train
part_05_record_004995,part_05,train
part_05_record_004996,part_05,train
part_05_record_004997,part_05,train
part_05_record_004998,part_05,train
part_05_record_004999,part_05,val
part_05_record_005000,part_05,train
part_06_record_005001,part_06,val
part_06_record_005002,part_06,train
part_06_record_005003,part_06,val
part_06_record_005004,part_06,train
part_06_record_005005,part_06,val
part_06_record_005006,part_06,test
part_06_record_005007,part_06,train
part_06_record_005008,part_06,train
part_06_record_005009,part_06,train
part_06_record_005010,part_06,train
part_06_record_005011,part_06,val
part_06_record_005012,part_06,train
part_06_record_005013,part_06,train
part_06_record_005014,part_06,train
part_06_record_005015,part_06,train
part_06_record_005016,part_06,train
part_06_record_005017,part_06,test
part_06_record_005018,part_06,val
part_06_record_005019,part_06,train
part_06_record_005020,part_06,train
part_06_record_005021,part_06,train
part_06_record_005022,part_06,train
part_06_record_005023,part_06,train
part_06_record_005024,part_06,train
part_06_record_005025,part_06,train
part_06_record_005026,part_06,train
part_06_record_005027,part_06,train
part_06_record_005028,part_06,train
part_06_record_005029,part_06,train
part_06_record_005030,part_06,test
part_06_record_005031,part_06,train
part_06_record_005032,part_06,test
part_06_record_005033,part_06,train
part_06_record_005034,part_06,train
part_06_record_005035,part_06,train
part_06_record_005036,part_06,train
part_06_record_005037,part_06,val
part_06_record_005038,part_06,val
part_06_record_005039,part_06,train
part_06_record_005040,part_06,train
part_06_record_005041,part_06,train
part_06_record_005042,part_06,train
part_06_record_005043,part_06,train
part_06_record_005044,part_06,test
part_06_record_005045,part_06,train
part_06_record_005046,part_06,train
part_06_record_005047,part_06,train
part_06_record_005048,part_06,val
part_06_record_005049,part_06,train
part_06_record_005050,part_06,train
part_06_record_005051,part_06,train
part_06_record_005052,part_06,test
part_06_record_005053,part_06,test
part_06_record_005054,part_06,train
part_06_record_005055,part_06,val
part_06_record_005056,part_06,val
part_06_record_005057,part_06,test
part_06_record_005058,part_06,train
part_06_record_005059,part_06,train
part_06_record_005060,part_06,train
part_06_record_005061,part_06,train
part_06_record_005062,part_06,train
part_06_record_005063,part_06,train
part_06_record_005064,part_06,test
part_06_record_005065,part_06,train
part_06_record_005066,part_06,train
part_06_record_005067,part_06,train
part_06_record_005068,part_06,train
part_06_record_005069,part_06,test
part_06_record_005070,part_06,train
part_06_record_005071,part_06,train
part_06_record_005072,part_06,train
part_06_record_005073,part_06,train
part_06_record_005074,part_06,test
part_06_record_005075,part_06,train
part_06_record_005076,part_06,val
part_06_record_005077,part_06,train
part_06_record_005078,part_06,train
part_06_record_005079,part_06,val
part_06_record_005080,part_06,train
part_06_record_005081,part_06,train
part_06_record_005082,part_06,train
part_06_record_005083,part_06,train
part_06_record_005084,part_06,test
part_06_record_005085,part_06,test
part_06_record_005086,part_06,test
part_06_record_005087,part_06,val
part_06_record_005088,part_06,train
part_06_record_005089,part_06,test
part_06_record_005090,part_06,train
part_06_record_005091,part_06,train
part_06_record_005092,part_06,train
part_06_record_005093,part_06,train
part_06_record_005094,part_06,val
part_06_record_005095,part_06,train
part_06_record_005096,part_06,train
part_06_record_005097,part_06,train
part_06_record_005098,part_06,train
part_06_record_005099,part_06,train
part_06_record_005100,part_06,train
part_06_record_005101,part_06,train
part_06_record_005102,part_06,val
part_06_record_005103,part_06,val
part_06_record_005104,part_06,train
part_06_record_005105,part_06,test
part_06_record_005106,part_06,val
part_06_record_005107,part_06,train
part_06_record_005108,part_06,train
part_06_record_005109,part_06,val
part_06_record_005110,part_06,test
part_06_record_005111,part_06,val
part_06_record_005112,part_06,train
part_06_record_005113,part_06,train
part_06_record_005114,part_06,train
part_06_record_005115,part_06,train
part_06_record_005116,part_06,test
part_06_record_005117,part_06,test
part_06_record_005118,part_06,train
part_06_record_005119,part_06,train
part_06_record_005120,part_06,train
part_06_record_005121,part_06,train
part_06_record_005122,part_06,train
part_06_record_005123,part_06,test
part_06_record_005124,part_06,train
part_06_record_005125,part_06,test
part_06_record_005126,part_06,train
part_06_record_005127,part_06,test
part_06_record_005128,part_06,train
part_06_record_005129,part_06,train
part_06_record_005130,part_06,train
part_06_record_005131,part_06,train
part_06_record_005132,part_06,train
part_06_record_005133,part_06,val
part_06_record_005134,part_06,train
part_06_record_005135,part_06,test
part_06_record_005136,part_06,train
part_06_record_005137,part_06,test
part_06_record_005138,part_06,train
part_06_record_005139,part_06,train
part_06_record_005140,part_06,train
part_06_record_005141,part_06,train
part_06_record_005142,part_06,train
part_06_record_005143,part_06,test
part_06_record_005144,part_06,train
part_06_record_005145,part_06,train
part_06_record_005146,part_06,train
part_06_record_005147,part_06,train
part_06_record_005148,part_06,train
part_06_record_005149,part_06,train
part_06_record_005150,part_06,train
part_06_record_005151,part_06,test
part_06_record_005152,part_06,train
part_06_record_005153,part_06,train
part_06_record_005154,part_06,train
part_06_record_005155,part_06,val
part_06_record_005156,part_06,train
part_06_record_005157,part_06,train
part_06_record_005158,part_06,train
part_06_record_005159,part_06,val
part_06_record_005160,part_06,train
part_06_record_005161,part_06,val
part_06_record_005162,part_06,test
part_06_record_005163,part_06,train
part_06_record_005164,part_06,train
part_06_record_005165,part_06,train
part_06_record_005166,part_06,train
part_06_record_005167,part_06,train
part_06_record_005168,part_06,train
part_06_record_005169,part_06,train
part_06_record_005170,part_06,train
part_06_record_005171,part_06,train
part_06_record_005172,part_06,train
part_06_record_005173,part_06,test
part_06_record_005174,part_06,train
part_06_record_005175,part_06,train
part_06_record_005176,part_06,val
part_06_record_005177,part_06,train
part_06_record_005178,part_06,test
part_06_record_005179,part_06,val
part_06_record_005180,part_06,test
part_06_record_005181,part_06,train
part_06_record_005182,part_06,train
part_06_record_005183,part_06,test
part_06_record_005184,part_06,train
part_06_record_005185,part_06,val
part_06_record_005186,part_06,val
part_06_record_005187,part_06,train
part_06_record_005188,part_06,train
part_06_record_005189,part_06,test
part_06_record_005190,part_06,val
part_06_record_005191,part_06,train
part_06_record_005192,part_06,test
part_06_record_005193,part_06,train
part_06_record_005194,part_06,train
part_06_record_005195,part_06,train
part_06_record_005196,part_06,train
part_06_record_005197,part_06,train
part_06_record_005198,part_06,train
part_06_record_005199,part_06,train
part_06_record_005200,part_06,train
part_06_record_005201,part_06,train
part_06_record_005202,part_06,train
part_06_record_005203,part_06,train
part_06_record_005204,part_06,val
part_06_record_005205,part_06,train
part_06_record_005206,part_06,train
part_06_record_005207,part_06,train
part_06_record_005208,part_06,test
part_06_record_005209,part_06,val
part_06_record_005210,part_06,train
part_06_record_005211,part_06,train
part_06_record_005212,part_06,train
part_06_record_005213,part_06,train
part_06_record_005214,part_06,train
part_06_record_005215,part_06,train
part_06_record_005216,part_06,train
part_06_record_005217,part_06,train
part_06_record_005218,part_06,train
part_06_record_005219,part_06,train
part_06_record_005220,part_06,train
part_06_record_005221,part_06,train
part_06_record_005222,part_06,train
part_06_record_005223,part_06,test
part_06_record_005224,part_06,val
part_06_record_005225,part_06,train
part_06_record_005226,part_06,train
part_06_record_005227,part_06,train
part_06_record_005228,part_06,train
part_06_record_005229,part_06,train
part_06_record_005230,part_06,train
part_06_record_005231,part_06,train
part_06_record_005232,part_06,train
part_06_record_005233,part_06,test
part_06_record_005234,part_06,test
part_06_record_005235,part_06,train
part_06_record_005236,part_06,train
part_06_record_005237,part_06,train
part_06_record_005238,part_06,test
part_06_record_005239,part_06,val
part_06_record_005240,part_06,train
part_06_record_005241,part_06,test
part_06_record_005242,part_06,val
part_06_record_005243,part_06,val
part_06_record_005244,part_06,val
part_06_record_005245,part_06,train
part_06_record_005246,part_06,train
part_06_record_005247,part_06,train
part_06_record_005248,part_06,train
part_06_record_005249,part_06,val
part_06_record_005250,part_06,test
part_06_record_005251,part_06,train
part_06_record_005252,part_06,val
part_06_record_005253,part_06,val
part_06_record_005254,part_06,train
part_06_record_005255,part_06,train
part_06_record_005256,part_06,train
part_06_record_005257,part_06,test
part_06_record_005258,part_06,train
part_06_record_005259,part_06,test
part_06_record_005260,part_06,train
part_06_record_005261,part_06,train
part_06_record_005262,part_06,train
part_06_record_005263,part_06,train
part_06_record_005264,part_06,train
part_06_record_005265,part_06,train
part_06_record_005266,part_06,train
part_06_record_005267,part_06,train
part_06_record_005268,part_06,train
part_06_record_005269,part_06,train
part_06_record_005270,part_06,train
part_06_record_005271,part_06,train
part_06_record_005272,part_06,train
part_06_record_005273,part_06,train
part_06_record_005274,part_06,train
part_06_record_005275,part_06,train
part_06_record_005276,part_06,train
part_06_record_005277,part_06,test
part_06_record_005278,part_06,train
part_06_record_005279,part_06,train
part_06_record_005280,part_06,train
part_06_record_005281,part_06,val
part_06_record_005282,part_06,train
part_06_record_005283,part_06,train
part_06_record_005284,part_06,train
part_06_record_005285,part_06,train
part_06_record_005286,part_06,train
part_06_record_005287,part_06,train
part_06_record_005288,part_06,test
part_06_record_005289,part_06,train
part_06_record_005290,part_06,train
part_06_record_005291,part_06,train
part_06_record_005292,part_06,val
part_06_record_005293,part_06,train
part_06_record_005294,part_06,test
part_06_record_005295,part_06,train
part_06_record_005296,part_06,test
part_06_record_005297,part_06,train
part_06_record_005298,part_06,train
part_06_record_005299,part_06,train
part_06_record_005300,part_06,test
part_06_record_005301,part_06,train
part_06_record_005302,part_06,test
part_06_record_005303,part_06,train
part_06_record_005304,part_06,train
part_06_record_005305,part_06,train
part_06_record_005306,part_06,test
part_06_record_005307,part_06,train
part_06_record_005308,part_06,train
part_06_record_005309,part_06,train
part_06_record_005310,part_06,train
part_06_record_005311,part_06,train
part_06_record_005312,part_06,test
part_06_record_005313,part_06,train
part_06_record_005314,part_06,train
part_06_record_005315,part_06,train
part_06_record_005316,part_06,test
part_06_record_005317,part_06,train
part_06_record_005318,part_06,train
part_06_record_005319,part_06,train
part_06_record_005320,part_06,test
part_06_record_005321,part_06,test
part_06_record_005322,part_06,train
part_06_record_005323,part_06,train
part_06_record_005324,part_06,train
part_06_record_005325,part_06,train
part_06_record_005326,part_06,train
part_06_record_005327,part_06,train
part_06_record_005328,part_06,train
part_06_record_005329,part_06,train
part_06_record_005330,part_06,train
part_06_record_005331,part_06,val
part_06_record_005332,part_06,train
part_06_record_005333,part_06,train
part_06_record_005334,part_06,train
part_06_record_005335,part_06,test
part_06_record_005336,part_06,train
part_06_record_005337,part_06,train
part_06_record_005338,part_06,train
part_06_record_005339,part_06,train
part_06_record_005340,part_06,train
part_06_record_005341,part_06,train
part_06_record_005342,part_06,val
part_06_record_005343,part_06,test
part_06_record_005344,part_06,test
part_06_record_005345,part_06,train
part_06_record_005346,part_06,val
part_06_record_005347,part_06,test
part_06_record_005348,part_06,val
part_06_record_005349,part_06,test
part_06_record_005350,part_06,train
part_06_record_005351,part_06,train
part_06_record_005352,part_06,train
part_06_record_005353,part_06,test
part_06_record_005354,part_06,train
part_06_record_005355,part_06,train
part_06_record_005356,part_06,val
part_06_record_005357,part_06,train
part_06_record_005358,part_06,train
part_06_record_005359,part_06,train
part_06_record_005360,part_06,train
part_06_record_005361,part_06,train
part_06_record_005362,part_06,train
part_06_record_005363,part_06,train
part_06_record_005364,part_06,train
part_06_record_005365,part_06,train
part_06_record_005366,part_06,train
part_06_record_005367,part_06,val
part_06_record_005368,part_06,train
part_06_record_005369,part_06,train
part_06_record_005370,part_06,train
part_06_record_005371,part_06,test
part_06_record_005372,part_06,train
part_06_record_005373,part_06,train
part_06_record_005374,part_06,test
part_06_record_005375,part_06,val
part_06_record_005376,part_06,train
part_06_record_005377,part_06,train
part_06_record_005378,part_06,train
part_06_record_005379,part_06,train
part_06_record_005380,part_06,train
part_06_record_005381,part_06,train
part_06_record_005382,part_06,train
part_06_record_005383,part_06,train
part_06_record_005384,part_06,val
part_06_record_005385,part_06,train
part_06_record_005386,part_06,train
part_06_record_005387,part_06,train
part_06_record_005388,part_06,test
part_06_record_005389,part_06,train
part_06_record_005390,part_06,train
part_06_record_005391,part_06,test
part_06_record_005392,part_06,train
part_06_record_005393,part_06,test
part_06_record_005394,part_06,test
part_06_record_005395,part_06,val
part_06_record_005396,part_06,train
part_06_record_005397,part_06,train
part_06_record_005398,part_06,train
part_06_record_005399,part_06,train
part_06_record_005400,part_06,train
part_06_record_005401,part_06,train
part_06_record_005402,part_06,test
part_06_record_005403,part_06,train
part_06_record_005404,part_06,train
part_06_record_005405,part_06,train
part_06_record_005406,part_06,train
part_06_record_005407,part_06,train
part_06_record_005408,part_06,train
part_06_record_005409,part_06,test
part_06_record_005410,part_06,val
part_06_record_005411,part_06,val
part_06_record_005412,part_06,train
part_06_record_005413,part_06,train
part_06_record_005414,part_06,val
part_06_record_005415,part_06,train
part_06_record_005416,part_06,test
part_06_record_005417,part_06,val
part_06_record_005418,part_06,train
part_06_record_005419,part_06,train
part_06_record_005420,part_06,train
part_06_record_005421,part_06,test
part_06_record_005422,part_06,train
part_06_record_005423,part_06,train
part_06_record_005424,part_06,test
part_06_record_005425,part_06,train
part_06_record_005426,part_06,train
part_06_record_005427,part_06,train
part_06_record_005428,part_06,train
part_06_record_005429,part_06,train
part_06_record_005430,part_06,test
part_06_record_005431,part_06,train
part_06_record_005432,part_06,train
part_06_record_005433,part_06,val
part_06_record_005434,part_06,val
part_06_record_005435,part_06,train
part_06_record_005436,part_06,val
part_06_record_005437,part_06,train
part_06_record_005438,part_06,train
part_06_record_005439,part_06,train
part_06_record_005440,part_06,val
part_06_record_005441,part_06,train
part_06_record_005442,part_06,train
part_06_record_005443,part_06,test
part_06_record_005444,part_06,val
part_06_record_005445,part_06,train
part_06_record_005446,part_06,test
part_06_record_005447,part_06,train
part_06_record_005448,part_06,train
part_06_record_005449,part_06,val
part_06_record_005450,part_06,test
part_06_record_005451,part_06,test
part_06_record_005452,part_06,val
part_06_record_005453,part_06,train
part_06_record_005454,part_06,train
part_06_record_005455,part_06,train
part_06_record_005456,part_06,train
part_06_record_005457,part_06,train
part_06_record_005458,part_06,train
part_06_record_005459,part_06,train
part_06_record_005460,part_06,train
part_06_record_005461,part_06,train
part_06_record_005462,part_06,train
part_06_record_005463,part_06,train
part_06_record_005464,part_06,test
part_06_record_005465,part_06,train
part_06_record_005466,part_06,train
part_06_record_005467,part_06,train
part_06_record_005468,part_06,train
part_06_record_005469,part_06,test
part_06_record_005470,part_06,val
part_06_record_005471,part_06,train
part_06_record_005472,part_06,train
part_06_record_005473,part_06,val
part_06_record_005474,part_06,train
part_06_record_005475,part_06,train
part_06_record_005476,part_06,test
part_06_record_005477,part_06,val
part_06_record_005478,part_06,train
part_06_record_005479,part_06,train
part_06_record_005480,part_06,train
part_06_record_005481,part_06,train
part_06_record_005482,part_06,train
part_06_record_005483,part_06,val
part_06_record_005484,part_06,train
part_06_record_005485,part_06,train
part_06_record_005486,part_06,train
part_06_record_005487,part_06,test
part_06_record_005488,part_06,train
part_06_record_005489,part_06,train
part_06_record_005490,part_06,train
part_06_record_005491,part_06,test
part_06_record_005492,part_06,train
part_06_record_005493,part_06,train
part_06_record_005494,part_06,train
part_06_record_005495,part_06,train
part_06_record_005496,part_06,val
part_06_record_005497,part_06,train
part_06_record_005498,part_06,train
part_06_record_005499,part_06,val
part_06_record_005500,part_06,train
part_06_record_005501,part_06,train
part_06_record_005502,part_06,train
part_06_record_005503,part_06,train
part_06_record_005504,part_06,train
part_06_record_005505,part_06,train
part_06_record_005506,part_06,train
part_06_record_005507,part_06,train
part_06_record_005508,part_06,train
part_06_record_005509,part_06,train
part_06_record_005510,part_06,train
part_06_record_005511,part_06,val
part_06_record_005512,part_06,train
part_06_record_005513,part_06,train
part_06_record_005514,part_06,train
part_06_record_005515,part_06,train
part_06_record_005516,part_06,train
part_06_record_005517,part_06,train
part_06_record_005518,part_06,train
part_06_record_005519,part_06,train
part_06_record_005520,part_06,train
part_06_record_005521,part_06,val
part_06_record_005522,part_06,train
part_06_record_005523,part_06,train
part_06_record_005524,part_06,train
part_06_record_005525,part_06,train
part_06_record_005526,part_06,val
part_06_record_005527,part_06,train
part_06_record_005528,part_06,train
part_06_record_005529,part_06,train
part_06_record_005530,part_06,train
part_06_record_005531,part_06,test
part_06_record_005532,part_06,train
part_06_record_005533,part_06,train
part_06_record_005534,part_06,train
part_06_record_005535,part_06,test
part_06_record_005536,part_06,test
part_06_record_005537,part_06,test
part_06_record_005538,part_06,train
part_06_record_005539,part_06,train
part_06_record_005540,part_06,test
part_06_record_005541,part_06,train
part_06_record_005542,part_06,test
part_06_record_005543,part_06,val
part_06_record_005544,part_06,val
part_06_record_005545,part_06,train
part_06_record_005546,part_06,train
part_06_record_005547,part_06,val
part_06_record_005548,part_06,train
part_06_record_005549,part_06,val
part_06_record_005550,part_06,train
part_06_record_005551,part_06,train
part_06_record_005552,part_06,train
part_06_record_005553,part_06,train
part_06_record_005554,part_06,train
part_06_record_005555,part_06,train
part_06_record_005556,part_06,train
part_06_record_005557,part_06,train
part_06_record_005558,part_06,train
part_06_record_005559,part_06,train
part_06_record_005560,part_06,train
part_06_record_005561,part_06,test
part_06_record_005562,part_06,train
part_06_record_005563,part_06,train
part_06_record_005564,part_06,train
part_06_record_005565,part_06,train
part_06_record_005566,part_06,test
part_06_record_005567,part_06,train
part_06_record_005568,part_06,test
part_06_record_005569,part_06,train
part_06_record_005570,part_06,test
part_06_record_005571,part_06,train
part_06_record_005572,part_06,val
part_06_record_005573,part_06,train
part_06_record_005574,part_06,train
part_06_record_005575,part_06,val
part_06_record_005576,part_06,test
part_06_record_005577,part_06,train
part_06_record_005578,part_06,train
part_06_record_005579,part_06,test
part_06_record_005580,part_06,train
part_06_record_005581,part_06,train
part_06_record_005582,part_06,train
part_06_record_005583,part_06,train
part_06_record_005584,part_06,train
part_06_record_005585,part_06,train
part_06_record_005586,part_06,test
part_06_record_005587,part_06,train
part_06_record_005588,part_06,train
part_06_record_005589,part_06,test
part_06_record_005590,part_06,train
part_06_record_005591,part_06,val
part_06_record_005592,part_06,val
part_06_record_005593,part_06,test
part_06_record_005594,part_06,train
part_06_record_005595,part_06,train
part_06_record_005596,part_06,train
part_06_record_005597,part_06,test
part_06_record_005598,part_06,train
part_06_record_005599,part_06,train
part_06_record_005600,part_06,train
part_06_record_005601,part_06,test
part_06_record_005602,part_06,train
part_06_record_005603,part_06,train
part_06_record_005604,part_06,train
part_06_record_005605,part_06,test
part_06_record_005606,part_06,train
part_06_record_005607,part_06,train
part_06_record_005608,part_06,val
part_06_record_005609,part_06,train
part_06_record_005610,part_06,train
part_06_record_005611,part_06,train
part_06_record_005612,part_06,train
part_06_record_005613,part_06,train
part_06_record_005614,part_06,train
part_06_record_005615,part_06,train
part_06_record_005616,part_06,train
part_06_record_005617,part_06,train
part_06_record_005618,part_06,train
part_06_record_005619,part_06,test
part_06_record_005620,part_06,test
part_06_record_005621,part_06,train
part_06_record_005622,part_06,val
part_06_record_005623,part_06,test
part_06_record_005624,part_06,train
part_06_record_005625,part_06,val
part_06_record_005626,part_06,test
part_06_record_005627,part_06,test
part_06_record_005628,part_06,train
part_06_record_005629,part_06,train
part_06_record_005630,part_06,train
part_06_record_005631,part_06,train
part_06_record_005632,part_06,val
part_06_record_005633,part_06,train
part_06_record_005634,part_06,train
part_06_record_005635,part_06,val
part_06_record_005636,part_06,train
part_06_record_005637,part_06,train
part_06_record_005638,part_06,val
part_06_record_005639,part_06,train
part_06_record_005640,part_06,train
part_06_record_005641,part_06,train
part_06_record_005642,part_06,train
part_06_record_005643,part_06,train
part_06_record_005644,part_06,train
part_06_record_005645,part_06,test
part_06_record_005646,part_06,test
part_06_record_005647,part_06,train
part_06_record_005648,part_06,val
part_06_record_005649,part_06,train
part_06_record_005650,part_06,train
part_06_record_005651,part_06,train
part_06_record_005652,part_06,train
part_06_record_005653,part_06,train
part_06_record_005654,part_06,train
part_06_record_005655,part_06,train
part_06_record_005656,part_06,test
part_06_record_005657,part_06,val
part_06_record_005658,part_06,train
part_06_record_005659,part_06,test
part_06_record_005660,part_06,train
part_06_record_005661,part_06,train
part_06_record_005662,part_06,val
part_06_record_005663,part_06,train
part_06_record_005664,part_06,train
part_06_record_005665,part_06,train
part_06_record_005666,part_06,train
part_06_record_005667,part_06,train
part_06_record_005668,part_06,train
part_06_record_005669,part_06,val
part_06_record_005670,part_06,train
part_06_record_005671,part_06,val
part_06_record_005672,part_06,val
part_06_record_005673,part_06,val
part_06_record_005674,part_06,train
part_06_record_005675,part_06,train
part_06_record_005676,part_06,test
part_06_record_005677,part_06,train
part_06_record_005678,part_06,train
part_06_record_005679,part_06,train
part_06_record_005680,part_06,train
part_06_record_005681,part_06,train
part_06_record_005682,part_06,train
part_06_record_005683,part_06,train
part_06_record_005684,part_06,train
part_06_record_005685,part_06,train
part_06_record_005686,part_06,val
part_06_record_005687,part_06,val
part_06_record_005688,part_06,train
part_06_record_005689,part_06,train
part_06_record_005690,part_06,train
part_06_record_005691,part_06,test
part_06_record_005692,part_06,test
part_06_record_005693,part_06,train
part_06_record_005694,part_06,val
part_06_record_005695,part_06,train
part_06_record_005696,part_06,train
part_06_record_005697,part_06,train
part_06_record_005698,part_06,train
part_06_record_005699,part_06,train
part_06_record_005700,part_06,test
part_06_record_005701,part_06,train
part_06_record_005702,part_06,train
part_06_record_005703,part_06,train
part_06_record_005704,part_06,train
part_06_record_005705,part_06,val
part_06_record_005706,part_06,train
part_06_record_005707,part_06,train
part_06_record_005708,part_06,train
part_06_record_005709,part_06,train
part_06_record_005710,part_06,train
part_06_record_005711,part_06,train
part_06_record_005712,part_06,train
part_06_record_005713,part_06,train
part_06_record_005714,part_06,test
part_06_record_005715,part_06,train
part_06_record_005716,part_06,train
part_06_record_005717,part_06,train
part_06_record_005718,part_06,val
part_06_record_005719,part_06,train
part_06_record_005720,part_06,train
part_06_record_005721,part_06,train
part_06_record_005722,part_06,train
part_06_record_005723,part_06,val
part_06_record_005724,part_06,train
part_06_record_005725,part_06,val
part_06_record_005726,part_06,train
part_06_record_005727,part_06,test
part_06_record_005728,part_06,train
part_06_record_005729,part_06,train
part_06_record_005730,part_06,train
part_06_record_005731,part_06,train
part_06_record_005732,part_06,train
part_06_record_005733,part_06,test
part_06_record_005734,part_06,train
part_06_record_005735,part_06,test
part_06_record_005736,part_06,train
part_06_record_005737,part_06,train
part_06_record_005738,part_06,train
part_06_record_005739,part_06,val
part_06_record_005740,part_06,train
part_06_record_005741,part_06,train
part_06_record_005742,part_06,train
part_06_record_005743,part_06,test
part_06_record_005744,part_06,train
part_06_record_005745,part_06,val
part_06_record_005746,part_06,test
part_06_record_005747,part_06,train
part_06_record_005748,part_06,train
part_06_record_005749,part_06,train
part_06_record_005750,part_06,train
part_06_record_005751,part_06,test
part_06_record_005752,part_06,train
part_06_record_005753,part_06,val
part_06_record_005754,part_06,train
part_06_record_005755,part_06,train
part_06_record_005756,part_06,train
part_06_record_005757,part_06,train
part_06_record_005758,part_06,val
part_06_record_005759,part_06,train
part_06_record_005760,part_06,test
part_06_record_005761,part_06,test
part_06_record_005762,part_06,train
part_06_record_005763,part_06,train
part_06_record_005764,part_06,train
part_06_record_005765,part_06,train
part_06_record_005766,part_06,test
part_06_record_005767,part_06,train
part_06_record_005768,part_06,train
part_06_record_005769,part_06,train
part_06_record_005770,part_06,train
part_06_record_005771,part_06,train
part_06_record_005772,part_06,train
part_06_record_005773,part_06,val
part_06_record_005774,part_06,train
part_06_record_005775,part_06,val
part_06_record_005776,part_06,train
part_06_record_005777,part_06,test
part_06_record_005778,part_06,val
part_06_record_005779,part_06,train
part_06_record_005780,part_06,test
part_06_record_005781,part_06,train
part_06_record_005782,part_06,train
part_06_record_005783,part_06,val
part_06_record_005784,part_06,train
part_06_record_005785,part_06,val
part_06_record_005786,part_06,train
part_06_record_005787,part_06,train
part_06_record_005788,part_06,train
part_06_record_005789,part_06,test
part_06_record_005790,part_06,val
part_06_record_005791,part_06,train
part_06_record_005792,part_06,test
part_06_record_005793,part_06,train
part_06_record_005794,part_06,val
part_06_record_005795,part_06,train
part_06_record_005796,part_06,train
part_06_record_005797,part_06,test
part_06_record_005798,part_06,test
part_06_record_005799,part_06,train
part_06_record_005800,part_06,train
part_06_record_005801,part_06,train
part_06_record_005802,part_06,test
part_06_record_005803,part_06,train
part_06_record_005804,part_06,train
part_06_record_005805,part_06,train
part_06_record_005806,part_06,train
part_06_record_005807,part_06,val
part_06_record_005808,part_06,train
part_06_record_005809,part_06,val
part_06_record_005810,part_06,train
part_06_record_005811,part_06,val
part_06_record_005812,part_06,test
part_06_record_005813,part_06,train
part_06_record_005814,part_06,train
part_06_record_005815,part_06,train
part_06_record_005816,part_06,train
part_06_record_005817,part_06,train
part_06_record_005818,part_06,train
part_06_record_005819,part_06,val
part_06_record_005820,part_06,train
part_06_record_005821,part_06,train
part_06_record_005822,part_06,train
part_06_record_005823,part_06,train
part_06_record_005824,part_06,val
part_06_record_005825,part_06,train
part_06_record_005826,part_06,train
part_06_record_005827,part_06,train
part_06_record_005828,part_06,val
part_06_record_005829,part_06,train
part_06_record_005830,part_06,train
part_06_record_005831,part_06,train
part_06_record_005832,part_06,train
part_06_record_005833,part_06,val
part_06_record_005834,part_06,train
part_06_record_005835,part_06,train
part_06_record_005836,part_06,train
part_06_record_005837,part_06,train
part_06_record_005838,part_06,train
part_06_record_005839,part_06,train
part_06_record_005840,part_06,train
part_06_record_005841,part_06,train
part_06_record_005842,part_06,train
part_06_record_005843,part_06,val
part_06_record_005844,part_06,train
part_06_record_005845,part_06,train
part_06_record_005846,part_06,val
part_06_record_005847,part_06,train
part_06_record_005848,part_06,train
part_06_record_005849,part_06,train
part_06_record_005850,part_06,train
part_06_record_005851,part_06,train
part_06_record_005852,part_06,train
part_06_record_005853,part_06,train
part_06_record_005854,part_06,train
part_06_record_005855,part_06,test
part_06_record_005856,part_06,test
part_06_record_005857,part_06,train
part_06_record_005858,part_06,train
part_06_record_005859,part_06,train
part_06_record_005860,part_06,train
part_06_record_005861,part_06,train
part_06_record_005862,part_06,train
part_06_record_005863,part_06,train
part_06_record_005864,part_06,train
part_06_record_005865,part_06,test
part_06_record_005866,part_06,train
part_06_record_005867,part_06,train
part_06_record_005868,part_06,val
part_06_record_005869,part_06,train
part_06_record_005870,part_06,train
part_06_record_005871,part_06,test
part_06_record_005872,part_06,train
part_06_record_005873,part_06,train
part_06_record_005874,part_06,train
part_06_record_005875,part_06,train
part_06_record_005876,part_06,train
part_06_record_005877,part_06,train
part_06_record_005878,part_06,test
part_06_record_005879,part_06,test
part_06_record_005880,part_06,val
part_06_record_005881,part_06,train
part_06_record_005882,part_06,test
part_06_record_005883,part_06,train
part_06_record_005884,part_06,train
part_06_record_005885,part_06,train
part_06_record_005886,part_06,train
part_06_record_005887,part_06,train
part_06_record_005888,part_06,val
part_06_record_005889,part_06,train
part_06_record_005890,part_06,val
part_06_record_005891,part_06,train
part_06_record_005892,part_06,val
part_06_record_005893,part_06,test
part_06_record_005894,part_06,train
part_06_record_005895,part_06,train
part_06_record_005896,part_06,test
part_06_record_005897,part_06,train
part_06_record_005898,part_06,val
part_06_record_005899,part_06,train
part_06_record_005900,part_06,train
part_06_record_005901,part_06,train
part_06_record_005902,part_06,val
part_06_record_005903,part_06,train
part_06_record_005904,part_06,train
part_06_record_005905,part_06,val
part_06_record_005906,part_06,train
part_06_record_005907,part_06,val
part_06_record_005908,part_06,val
part_06_record_005909,part_06,train
part_06_record_005910,part_06,train
part_06_record_005911,part_06,train
part_06_record_005912,part_06,train
part_06_record_005913,part_06,train
part_06_record_005914,part_06,test
part_06_record_005915,part_06,train
part_06_record_005916,part_06,test
part_06_record_005917,part_06,train
part_06_record_005918,part_06,test
part_06_record_005919,part_06,train
part_06_record_005920,part_06,test
part_06_record_005921,part_06,train
part_06_record_005922,part_06,train
part_06_record_005923,part_06,train
part_06_record_005924,part_06,train
part_06_record_005925,part_06,train
part_06_record_005926,part_06,val
part_06_record_005927,part_06,val
part_06_record_005928,part_06,train
part_06_record_005929,part_06,train
part_06_record_005930,part_06,val
part_06_record_005931,part_06,train
part_06_record_005932,part_06,train
part_06_record_005933,part_06,train
part_06_record_005934,part_06,train
part_06_record_005935,part_06,val
part_06_record_005936,part_06,train
part_06_record_005937,part_06,train
part_06_record_005938,part_06,train
part_06_record_005939,part_06,train
part_06_record_005940,part_06,val
part_06_record_005941,part_06,train
part_06_record_005942,part_06,test
part_06_record_005943,part_06,train
part_06_record_005944,part_06,train
part_06_record_005945,part_06,train
part_06_record_005946,part_06,train
part_06_record_005947,part_06,val
part_06_record_005948,part_06,val
part_06_record_005949,part_06,train
part_06_record_005950,part_06,test
part_06_record_005951,part_06,train
part_06_record_005952,part_06,test
part_06_record_005953,part_06,train
part_06_record_005954,part_06,train
part_06_record_005955,part_06,test
part_06_record_005956,part_06,train
part_06_record_005957,part_06,train
part_06_record_005958,part_06,train
part_06_record_005959,part_06,train
part_06_record_005960,part_06,test
part_06_record_005961,part_06,train
part_06_record_005962,part_06,train
part_06_record_005963,part_06,val
part_06_record_005964,part_06,train
part_06_record_005965,part_06,train
part_06_record_005966,part_06,train
part_06_record_005967,part_06,test
part_06_record_005968,part_06,train
part_06_record_005969,part_06,train
part_06_record_005970,part_06,train
part_06_record_005971,part_06,train
part_06_record_005972,part_06,test
part_06_record_005973,part_06,train
part_06_record_005974,part_06,val
part_06_record_005975,part_06,train
part_06_record_005976,part_06,test
part_06_record_005977,part_06,val
part_06_record_005978,part_06,test
part_06_record_005979,part_06,val
part_06_record_005980,part_06,train
part_06_record_005981,part_06,train
part_06_record_005982,part_06,train
part_06_record_005983,part_06,train
part_06_record_005984,part_06,train
part_06_record_005985,part_06,test
part_06_record_005986,part_06,train
part_06_record_005987,part_06,test
part_06_record_005988,part_06,train
part_06_record_005989,part_06,test
part_06_record_005990,part_06,test
part_06_record_005991,part_06,train
part_06_record_005992,part_06,train
part_06_record_005993,part_06,train
part_06_record_005994,part_06,train
part_06_record_005995,part_06,train
part_06_record_005996,part_06,val
part_06_record_005997,part_06,train
part_06_record_005998,part_06,test
part_06_record_005999,part_06,train
part_06_record_006000,part_06,train
part_07_record_006001,part_07,train
part_07_record_006002,part_07,train
part_07_record_006003,part_07,test
part_07_record_006004,part_07,train
part_07_record_006005,part_07,train
part_07_record_006006,part_07,train
part_07_record_006007,part_07,train
part_07_record_006008,part_07,val
part_07_record_006009,part_07,train
part_07_record_006010,part_07,train
part_07_record_006011,part_07,train
part_07_record_006012,part_07,train
part_07_record_006013,part_07,val
part_07_record_006014,part_07,train
part_07_record_006015,part_07,train
part_07_record_006016,part_07,test
part_07_record_006017,part_07,test
part_07_record_006018,part_07,train
part_07_record_006019,part_07,train
part_07_record_006020,part_07,test
part_07_record_006021,part_07,train
part_07_record_006022,part_07,train
part_07_record_006023,part_07,train
part_07_record_006024,part_07,train
part_07_record_006025,part_07,test
part_07_record_006026,part_07,train
part_07_record_006027,part_07,train
part_07_record_006028,part_07,train
part_07_record_006029,part_07,test
part_07_record_006030,part_07,train
part_07_record_006031,part_07,train
part_07_record_006032,part_07,test
part_07_record_006033,part_07,train
part_07_record_006034,part_07,train
part_07_record_006035,part_07,train
part_07_record_006036,part_07,test
part_07_record_006037,part_07,val
part_07_record_006038,part_07,train
part_07_record_006039,part_07,test
part_07_record_006040,part_07,train
part_07_record_006041,part_07,val
part_07_record_006042,part_07,train
part_07_record_006043,part_07,test
part_07_record_006044,part_07,train
part_07_record_006045,part_07,train
part_07_record_006046,part_07,train
part_07_record_006047,part_07,val
part_07_record_006048,part_07,test
part_07_record_006049,part_07,val
part_07_record_006050,part_07,val
part_07_record_006051,part_07,train
part_07_record_006052,part_07,train
part_07_record_006053,part_07,val
part_07_record_006054,part_07,train
part_07_record_006055,part_07,train
part_07_record_006056,part_07,train
part_07_record_006057,part_07,val
part_07_record_006058,part_07,train
part_07_record_006059,part_07,train
part_07_record_006060,part_07,test
part_07_record_006061,part_07,train
part_07_record_006062,part_07,train
part_07_record_006063,part_07,train
part_07_record_006064,part_07,val
part_07_record_006065,part_07,train
part_07_record_006066,part_07,train
part_07_record_006067,part_07,train
part_07_record_006068,part_07,train
part_07_record_006069,part_07,val
part_07_record_006070,part_07,train
part_07_record_006071,part_07,train
part_07_record_006072,part_07,train
part_07_record_006073,part_07,train
part_07_record_006074,part_07,train
part_07_record_006075,part_07,train
part_07_record_006076,part_07,train
part_07_record_006077,part_07,train
part_07_record_006078,part_07,train
part_07_record_006079,part_07,val
part_07_record_006080,part_07,train
part_07_record_006081,part_07,train
part_07_record_006082,part_07,train
part_07_record_006083,part_07,val
part_07_record_006084,part_07,train
part_07_record_006085,part_07,train
part_07_record_006086,part_07,train
part_07_record_006087,part_07,train
part_07_record_006088,part_07,train
part_07_record_006089,part_07,train
part_07_record_006090,part_07,val
part_07_record_006091,part_07,test
part_07_record_006092,part_07,val
part_07_record_006093,part_07,train
part_07_record_006094,part_07,val
part_07_record_006095,part_07,train
part_07_record_006096,part_07,train
part_07_record_006097,part_07,train
part_07_record_006098,part_07,val
part_07_record_006099,part_07,train
part_07_record_006100,part_07,val
part_07_record_006101,part_07,train
part_07_record_006102,part_07,train
part_07_record_006103,part_07,test
part_07_record_006104,part_07,train
part_07_record_006105,part_07,train
part_07_record_006106,part_07,train
part_07_record_006107,part_07,train
part_07_record_006108,part_07,train
part_07_record_006109,part_07,train
part_07_record_006110,part_07,train
part_07_record_006111,part_07,train
part_07_record_006112,part_07,train
part_07_record_006113,part_07,train
part_07_record_006114,part_07,train
part_07_record_006115,part_07,train
part_07_record_006116,part_07,val
part_07_record_006117,part_07,val
part_07_record_006118,part_07,train
part_07_record_006119,part_07,train
part_07_record_006120,part_07,train
part_07_record_006121,part_07,train
part_07_record_006122,part_07,train
part_07_record_006123,part_07,test
part_07_record_006124,part_07,train
part_07_record_006125,part_07,train
part_07_record_006126,part_07,train
part_07_record_006127,part_07,train
part_07_record_006128,part_07,train
part_07_record_006129,part_07,train
part_07_record_006130,part_07,train
part_07_record_006131,part_07,train
part_07_record_006132,part_07,train
part_07_record_006133,part_07,test
part_07_record_006134,part_07,train
part_07_record_006135,part_07,train
part_07_record_006136,part_07,train
part_07_record_006137,part_07,test
part_07_record_006138,part_07,train
part_07_record_006139,part_07,train
part_07_record_006140,part_07,val
part_07_record_006141,part_07,val
part_07_record_006142,part_07,train
part_07_record_006143,part_07,val
part_07_record_006144,part_07,train
part_07_record_006145,part_07,val
part_07_record_006146,part_07,train
part_07_record_006147,part_07,train
part_07_record_006148,part_07,train
part_07_record_006149,part_07,train
part_07_record_006150,part_07,train
part_07_record_006151,part_07,test
part_07_record_006152,part_07,train
part_07_record_006153,part_07,train
part_07_record_006154,part_07,train
part_07_record_006155,part_07,test
part_07_record_006156,part_07,val
part_07_record_006157,part_07,train
part_07_record_006158,part_07,train
part_07_record_006159,part_07,train
part_07_record_006160,part_07,train
part_07_record_006161,part_07,train
part_07_record_006162,part_07,train
part_07_record_006163,part_07,train
part_07_record_006164,part_07,train
part_07_record_006165,part_07,val
part_07_record_006166,part_07,train
part_07_record_006167,part_07,test
part_07_record_006168,part_07,train
part_07_record_006169,part_07,test
part_07_record_006170,part_07,train
part_07_record_006171,part_07,train
part_07_record_006172,part_07,val
part_07_record_006173,part_07,test
part_07_record_006174,part_07,train
part_07_record_006175,part_07,train
part_07_record_006176,part_07,train
part_07_record_006177,part_07,train
part_07_record_006178,part_07,train
part_07_record_006179,part_07,train
part_07_record_006180,part_07,train
part_07_record_006181,part_07,train
part_07_record_006182,part_07,train
part_07_record_006183,part_07,train
part_07_record_006184,part_07,test
part_07_record_006185,part_07,test
part_07_record_006186,part_07,test
part_07_record_006187,part_07,train
part_07_record_006188,part_07,train
part_07_record_006189,part_07,train
part_07_record_006190,part_07,train
part_07_record_006191,part_07,test
part_07_record_006192,part_07,train
part_07_record_006193,part_07,train
part_07_record_006194,part_07,train
part_07_record_006195,part_07,train
part_07_record_006196,part_07,train
part_07_record_006197,part_07,train
part_07_record_006198,part_07,test
part_07_record_006199,part_07,val
part_07_record_006200,part_07,train
part_07_record_006201,part_07,train
part_07_record_006202,part_07,train
part_07_record_006203,part_07,train
part_07_record_006204,part_07,train
part_07_record_006205,part_07,train
part_07_record_006206,part_07,train
part_07_record_006207,part_07,train
part_07_record_006208,part_07,val
part_07_record_006209,part_07,train
part_07_record_006210,part_07,train
part_07_record_006211,part_07,train
part_07_record_006212,part_07,train
part_07_record_006213,part_07,test
part_07_record_006214,part_07,train
part_07_record_006215,part_07,train
part_07_record_006216,part_07,train
part_07_record_006217,part_07,train
part_07_record_006218,part_07,val
part_07_record_006219,part_07,val
part_07_record_006220,part_07,train
part_07_record_006221,part_07,train
part_07_record_006222,part_07,train
part_07_record_006223,part_07,train
part_07_record_006224,part_07,train
part_07_record_006225,part_07,train
part_07_record_006226,part_07,train
part_07_record_006227,part_07,train
part_07_record_006228,part_07,train
part_07_record_006229,part_07,val
part_07_record_006230,part_07,test
part_07_record_006231,part_07,val
part_07_record_006232,part_07,train
part_07_record_006233,part_07,train
part_07_record_006234,part_07,test
part_07_record_006235,part_07,train
part_07_record_006236,part_07,test
part_07_record_006237,part_07,val
part_07_record_006238,part_07,train
part_07_record_006239,part_07,test
part_07_record_006240,part_07,train
part_07_record_006241,part_07,train
part_07_record_006242,part_07,test
part_07_record_006243,part_07,val
part_07_record_006244,part_07,train
part_07_record_006245,part_07,train
part_07_record_006246,part_07,train
part_07_record_006247,part_07,val
part_07_record_006248,part_07,train
part_07_record_006249,part_07,train
part_07_record_006250,part_07,train
part_07_record_006251,part_07,train
part_07_record_006252,part_07,val
part_07_record_006253,part_07,train
part_07_record_006254,part_07,train
part_07_record_006255,part_07,test
part_07_record_006256,part_07,train
part_07_record_006257,part_07,val
part_07_record_006258,part_07,val
part_07_record_006259,part_07,train
part_07_record_006260,part_07,train
part_07_record_006261,part_07,train
part_07_record_006262,part_07,train
part_07_record_006263,part_07,val
part_07_record_006264,part_07,train
part_07_record_006265,part_07,train
part_07_record_006266,part_07,test
part_07_record_006267,part_07,train
part_07_record_006268,part_07,val
part_07_record_006269,part_07,val
part_07_record_006270,part_07,test
part_07_record_006271,part_07,train
part_07_record_006272,part_07,train
part_07_record_006273,part_07,val
part_07_record_006274,part_07,train
part_07_record_006275,part_07,val
part_07_record_006276,part_07,train
part_07_record_006277,part_07,val
part_07_record_006278,part_07,train
part_07_record_006279,part_07,test
part_07_record_006280,part_07,val
part_07_record_006281,part_07,train
part_07_record_006282,part_07,train
part_07_record_006283,part_07,train
part_07_record_006284,part_07,test
part_07_record_006285,part_07,val
part_07_record_006286,part_07,val
part_07_record_006287,part_07,train
part_07_record_006288,part_07,test
part_07_record_006289,part_07,test
part_07_record_006290,part_07,train
part_07_record_006291,part_07,train
part_07_record_006292,part_07,train
part_07_record_006293,part_07,train
part_07_record_006294,part_07,test
part_07_record_006295,part_07,val
part_07_record_006296,part_07,test
part_07_record_006297,part_07,train
part_07_record_006298,part_07,val
part_07_record_006299,part_07,train
part_07_record_006300,part_07,val
part_07_record_006301,part_07,train
part_07_record_006302,part_07,train
part_07_record_006303,part_07,train
part_07_record_006304,part_07,test
part_07_record_006305,part_07,val
part_07_record_006306,part_07,test
part_07_record_006307,part_07,train
part_07_record_006308,part_07,train
part_07_record_006309,part_07,train
part_07_record_006310,part_07,train
part_07_record_006311,part_07,train
part_07_record_006312,part_07,train
part_07_record_006313,part_07,train
part_07_record_006314,part_07,test
part_07_record_006315,part_07,train
part_07_record_006316,part_07,train
part_07_record_006317,part_07,test
part_07_record_006318,part_07,val
part_07_record_006319,part_07,val
part_07_record_006320,part_07,train
part_07_record_006321,part_07,test
part_07_record_006322,part_07,train
part_07_record_006323,part_07,train
part_07_record_006324,part_07,train
part_07_record_006325,part_07,train
part_07_record_006326,part_07,train
part_07_record_006327,part_07,train
part_07_record_006328,part_07,test
part_07_record_006329,part_07,train
part_07_record_006330,part_07,train
part_07_record_006331,part_07,train
part_07_record_006332,part_07,test
part_07_record_006333,part_07,train
part_07_record_006334,part_07,train
part_07_record_006335,part_07,train
part_07_record_006336,part_07,train
part_07_record_006337,part_07,train
part_07_record_006338,part_07,val
part_07_record_006339,part_07,train
part_07_record_006340,part_07,train
part_07_record_006341,part_07,train
part_07_record_006342,part_07,train
part_07_record_006343,part_07,test
part_07_record_006344,part_07,train
part_07_record_006345,part_07,val
part_07_record_006346,part_07,train
part_07_record_006347,part_07,train
part_07_record_006348,part_07,train
part_07_record_006349,part_07,train
part_07_record_006350,part_07,train
part_07_record_006351,part_07,train
part_07_record_006352,part_07,train
part_07_record_006353,part_07,val
part_07_record_006354,part_07,test
part_07_record_006355,part_07,val
part_07_record_006356,part_07,train
part_07_record_006357,part_07,val
part_07_record_006358,part_07,train
part_07_record_006359,part_07,train
part_07_record_006360,part_07,test
part_07_record_006361,part_07,train
part_07_record_006362,part_07,val
part_07_record_006363,part_07,val
part_07_record_006364,part_07,train
part_07_record_006365,part_07,train
part_07_record_006366,part_07,train
part_07_record_006367,part_07,train
part_07_record_006368,part_07,train
part_07_record_006369,part_07,test
part_07_record_006370,part_07,train
part_07_record_006371,part_07,val
part_07_record_006372,part_07,test
part_07_record_006373,part_07,train
part_07_record_006374,part_07,train
part_07_record_006375,part_07,test
part_07_record_006376,part_07,train
part_07_record_006377,part_07,test
part_07_record_006378,part_07,train
part_07_record_006379,part_07,train
part_07_record_006380,part_07,train
part_07_record_006381,part_07,train
part_07_record_006382,part_07,val
part_07_record_006383,part_07,train
part_07_record_006384,part_07,train
part_07_record_006385,part_07,train
part_07_record_006386,part_07,train
part_07_record_006387,part_07,train
part_07_record_006388,part_07,train
part_07_record_006389,part_07,train
part_07_record_006390,part_07,train
part_07_record_006391,part_07,train
part_07_record_006392,part_07,train
part_07_record_006393,part_07,train
part_07_record_006394,part_07,train
part_07_record_006395,part_07,train
part_07_record_006396,part_07,train
part_07_record_006397,part_07,test
part_07_record_006398,part_07,val
part_07_record_006399,part_07,train
part_07_record_006400,part_07,train
part_07_record_006401,part_07,train
part_07_record_006402,part_07,val
part_07_record_006403,part_07,test
part_07_record_006404,part_07,train
part_07_record_006405,part_07,val
part_07_record_006406,part_07,train
part_07_record_006407,part_07,val
part_07_record_006408,part_07,train
part_07_record_006409,part_07,train
part_07_record_006410,part_07,train
part_07_record_006411,part_07,val
part_07_record_006412,part_07,val
part_07_record_006413,part_07,train
part_07_record_006414,part_07,test
part_07_record_006415,part_07,train
part_07_record_006416,part_07,train
part_07_record_006417,part_07,val
part_07_record_006418,part_07,train
part_07_record_006419,part_07,train
part_07_record_006420,part_07,train
part_07_record_006421,part_07,test
part_07_record_006422,part_07,train
part_07_record_006423,part_07,train
part_07_record_006424,part_07,train
part_07_record_006425,part_07,train
part_07_record_006426,part_07,train
part_07_record_006427,part_07,train
part_07_record_006428,part_07,train
part_07_record_006429,part_07,train
part_07_record_006430,part_07,train
part_07_record_006431,part_07,val
part_07_record_006432,part_07,train
part_07_record_006433,part_07,train
part_07_record_006434,part_07,train
part_07_record_006435,part_07,train
part_07_record_006436,part_07,train
part_07_record_006437,part_07,train
part_07_record_006438,part_07,train
part_07_record_006439,part_07,train
part_07_record_006440,part_07,test
part_07_record_006441,part_07,train
part_07_record_006442,part_07,val
part_07_record_006443,part_07,train
part_07_record_006444,part_07,train
part_07_record_006445,part_07,train
part_07_record_006446,part_07,val
part_07_record_006447,part_07,test
part_07_record_006448,part_07,train
part_07_record_006449,part_07,train
part_07_record_006450,part_07,train
part_07_record_006451,part_07,val
part_07_record_006452,part_07,train
part_07_record_006453,part_07,train
part_07_record_006454,part_07,train
part_07_record_006455,part_07,train
part_07_record_006456,part_07,train
part_07_record_006457,part_07,test
part_07_record_006458,part_07,test
part_07_record_006459,part_07,train
part_07_record_006460,part_07,train
part_07_record_006461,part_07,train
part_07_record_006462,part_07,train
part_07_record_006463,part_07,train
part_07_record_006464,part_07,train
part_07_record_006465,part_07,train
part_07_record_006466,part_07,val
part_07_record_006467,part_07,train
part_07_record_006468,part_07,test
part_07_record_006469,part_07,val
part_07_record_006470,part_07,test
part_07_record_006471,part_07,train
part_07_record_006472,part_07,val
part_07_record_006473,part_07,train
part_07_record_006474,part_07,train
part_07_record_006475,part_07,val
part_07_record_006476,part_07,train
part_07_record_006477,part_07,train
part_07_record_006478,part_07,val
part_07_record_006479,part_07,train
part_07_record_006480,part_07,train
part_07_record_006481,part_07,train
part_07_record_006482,part_07,train
part_07_record_006483,part_07,train
part_07_record_006484,part_07,train
part_07_record_006485,part_07,test
part_07_record_006486,part_07,train
part_07_record_006487,part_07,train
part_07_record_006488,part_07,train
part_07_record_006489,part_07,val
part_07_record_006490,part_07,train
part_07_record_006491,part_07,test
part_07_record_006492,part_07,train
part_07_record_006493,part_07,train
part_07_record_006494,part_07,test
part_07_record_006495,part_07,train
part_07_record_006496,part_07,train
part_07_record_006497,part_07,train
part_07_record_006498,part_07,train
part_07_record_006499,part_07,train
part_07_record_006500,part_07,train
part_07_record_006501,part_07,train
part_07_record_006502,part_07,train
part_07_record_006503,part_07,train
part_07_record_006504,part_07,train
part_07_record_006505,part_07,train
part_07_record_006506,part_07,train
part_07_record_006507,part_07,test
part_07_record_006508,part_07,train
part_07_record_006509,part_07,train
part_07_record_006510,part_07,val
part_07_record_006511,part_07,train
part_07_record_006512,part_07,val
part_07_record_006513,part_07,train
part_07_record_006514,part_07,train
part_07_record_006515,part_07,test
part_07_record_006516,part_07,train
part_07_record_006517,part_07,val
part_07_record_006518,part_07,train
part_07_record_006519,part_07,train
part_07_record_006520,part_07,val
part_07_record_006521,part_07,train
part_07_record_006522,part_07,train
part_07_record_006523,part_07,train
part_07_record_006524,part_07,train
part_07_record_006525,part_07,train
part_07_record_006526,part_07,val
part_07_record_006527,part_07,train
part_07_record_006528,part_07,val
part_07_record_006529,part_07,test
part_07_record_006530,part_07,train
part_07_record_006531,part_07,test
part_07_record_006532,part_07,train
part_07_record_006533,part_07,train
part_07_record_006534,part_07,train
part_07_record_006535,part_07,val
part_07_record_006536,part_07,train
part_07_record_006537,part_07,train
part_07_record_006538,part_07,train
part_07_record_006539,part_07,val
part_07_record_006540,part_07,train
part_07_record_006541,part_07,test
part_07_record_006542,part_07,test
part_07_record_006543,part_07,val
part_07_record_006544,part_07,train
part_07_record_006545,part_07,test
part_07_record_006546,part_07,train
part_07_record_006547,part_07,test
part_07_record_006548,part_07,train
part_07_record_006549,part_07,val
part_07_record_006550,part_07,val
part_07_record_006551,part_07,train
part_07_record_006552,part_07,train
part_07_record_006553,part_07,train
part_07_record_006554,part_07,train
part_07_record_006555,part_07,train
part_07_record_006556,part_07,val
part_07_record_006557,part_07,train
part_07_record_006558,part_07,train
part_07_record_006559,part_07,train
part_07_record_006560,part_07,train
part_07_record_006561,part_07,train
part_07_record_006562,part_07,train
part_07_record_006563,part_07,train
part_07_record_006564,part_07,val
part_07_record_006565,part_07,val
part_07_record_006566,part_07,test
part_07_record_006567,part_07,val
part_07_record_006568,part_07,train
part_07_record_006569,part_07,train
part_07_record_006570,part_07,train
part_07_record_006571,part_07,val
part_07_record_006572,part_07,train
part_07_record_006573,part_07,train
part_07_record_006574,part_07,test
part_07_record_006575,part_07,val
part_07_record_006576,part_07,train
part_07_record_006577,part_07,train
part_07_record_006578,part_07,train
part_07_record_006579,part_07,train
part_07_record_006580,part_07,val
part_07_record_006581,part_07,train
part_07_record_006582,part_07,val
part_07_record_006583,part_07,train
part_07_record_006584,part_07,val
part_07_record_006585,part_07,train
part_07_record_006586,part_07,test
part_07_record_006587,part_07,train
part_07_record_006588,part_07,train
part_07_record_006589,part_07,test
part_07_record_006590,part_07,val
part_07_record_006591,part_07,train
part_07_record_006592,part_07,val
part_07_record_006593,part_07,train
part_07_record_006594,part_07,val
part_07_record_006595,part_07,train
part_07_record_006596,part_07,train
part_07_record_006597,part_07,train
part_07_record_006598,part_07,train
part_07_record_006599,part_07,train
part_07_record_006600,part_07,val
part_07_record_006601,part_07,test
part_07_record_006602,part_07,train
part_07_record_006603,part_07,val
part_07_record_006604,part_07,train
part_07_record_006605,part_07,train
part_07_record_006606,part_07,train
part_07_record_006607,part_07,train
part_07_record_006608,part_07,train
part_07_record_006609,part_07,train
part_07_record_006610,part_07,test
part_07_record_006611,part_07,val
part_07_record_006612,part_07,train
part_07_record_006613,part_07,test
part_07_record_006614,part_07,train
part_07_record_006615,part_07,test
part_07_record_006616,part_07,train
part_07_record_006617,part_07,test
part_07_record_006618,part_07,test
part_07_record_006619,part_07,train
part_07_record_006620,part_07,test
part_07_record_006621,part_07,train
part_07_record_006622,part_07,train
part_07_record_006623,part_07,train
part_07_record_006624,part_07,train
part_07_record_006625,part_07,train
part_07_record_006626,part_07,train
part_07_record_006627,part_07,val
part_07_record_006628,part_07,train
part_07_record_006629,part_07,val
part_07_record_006630,part_07,val
part_07_record_006631,part_07,train
part_07_record_006632,part_07,train
part_07_record_006633,part_07,train
part_07_record_006634,part_07,val
part_07_record_006635,part_07,train
part_07_record_006636,part_07,test
part_07_record_006637,part_07,train
part_07_record_006638,part_07,train
part_07_record_006639,part_07,val
part_07_record_006640,part_07,train
part_07_record_006641,part_07,test
part_07_record_006642,part_07,train
part_07_record_006643,part_07,val
part_07_record_006644,part_07,val
part_07_record_006645,part_07,test
part_07_record_006646,part_07,test
part_07_record_006647,part_07,train
part_07_record_006648,part_07,train
part_07_record_006649,part_07,train
part_07_record_006650,part_07,train
part_07_record_006651,part_07,train
part_07_record_006652,part_07,train
part_07_record_006653,part_07,val
part_07_record_006654,part_07,train
part_07_record_006655,part_07,train
part_07_record_006656,part_07,test
part_07_record_006657,part_07,val
part_07_record_006658,part_07,train
part_07_record_006659,part_07,train
part_07_record_006660,part_07,val
part_07_record_006661,part_07,train
part_07_record_006662,part_07,train
part_07_record_006663,part_07,train
part_07_record_006664,part_07,train
part_07_record_006665,part_07,train
part_07_record_006666,part_07,test
part_07_record_006667,part_07,train
part_07_record_006668,part_07,test
part_07_record_006669,part_07,test
part_07_record_006670,part_07,train
part_07_record_006671,part_07,train
part_07_record_006672,part_07,train
part_07_record_006673,part_07,train
part_07_record_006674,part_07,train
part_07_record_006675,part_07,val
part_07_record_006676,part_07,val
part_07_record_006677,part_07,train
part_07_record_006678,part_07,test
part_07_record_006679,part_07,train
part_07_record_006680,part_07,train
part_07_record_006681,part_07,val
part_07_record_006682,part_07,train
part_07_record_006683,part_07,train
part_07_record_006684,part_07,val
part_07_record_006685,part_07,train
part_07_record_006686,part_07,train
part_07_record_006687,part_07,train
part_07_record_006688,part_07,val
part_07_record_006689,part_07,train
part_07_record_006690,part_07,val
part_07_record_006691,part_07,train
part_07_record_006692,part_07,train
part_07_record_006693,part_07,train
part_07_record_006694,part_07,train
part_07_record_006695,part_07,test
part_07_record_006696,part_07,train
part_07_record_006697,part_07,val
part_07_record_006698,part_07,train
part_07_record_006699,part_07,train
part_07_record_006700,part_07,train
part_07_record_006701,part_07,train
part_07_record_006702,part_07,val
part_07_record_006703,part_07,train
part_07_record_006704,part_07,train
part_07_record_006705,part_07,test
part_07_record_006706,part_07,train
part_07_record_006707,part_07,train
part_07_record_006708,part_07,val
part_07_record_006709,part_07,val
part_07_record_006710,part_07,test
part_07_record_006711,part_07,val
part_07_record_006712,part_07,train
part_07_record_006713,part_07,train
part_07_record_006714,part_07,train
part_07_record_006715,part_07,train
part_07_record_006716,part_07,train
part_07_record_006717,part_07,val
part_07_record_006718,part_07,train
part_07_record_006719,part_07,train
part_07_record_006720,part_07,train
part_07_record_006721,part_07,train
part_07_record_006722,part_07,val
part_07_record_006723,part_07,test
part_07_record_006724,part_07,train
part_07_record_006725,part_07,train
part_07_record_006726,part_07,train
part_07_record_006727,part_07,train
part_07_record_006728,part_07,train
part_07_record_006729,part_07,train
part_07_record_006730,part_07,train
part_07_record_006731,part_07,train
part_07_record_006732,part_07,test
part_07_record_006733,part_07,test
part_07_record_006734,part_07,train
part_07_record_006735,part_07,train
part_07_record_006736,part_07,train
part_07_record_006737,part_07,test
part_07_record_006738,part_07,test
part_07_record_006739,part_07,test
part_07_record_006740,part_07,train
part_07_record_006741,part_07,train
part_07_record_006742,part_07,train
part_07_record_006743,part_07,train
part_07_record_006744,part_07,train
part_07_record_006745,part_07,val
part_07_record_006746,part_07,train
part_07_record_006747,part_07,train
part_07_record_006748,part_07,train
part_07_record_006749,part_07,test
part_07_record_006750,part_07,train
part_07_record_006751,part_07,train
part_07_record_006752,part_07,train
part_07_record_006753,part_07,train
part_07_record_006754,part_07,train
part_07_record_006755,part_07,train
part_07_record_006756,part_07,train
part_07_record_006757,part_07,train
part_07_record_006758,part_07,train
part_07_record_006759,part_07,train
part_07_record_006760,part_07,train
part_07_record_006761,part_07,train
part_07_record_006762,part_07,train
part_07_record_006763,part_07,train
part_07_record_006764,part_07,val
part_07_record_006765,part_07,val
part_07_record_006766,part_07,train
part_07_record_006767,part_07,test
part_07_record_006768,part_07,test
part_07_record_006769,part_07,train
part_07_record_006770,part_07,train
part_07_record_006771,part_07,val
part_07_record_006772,part_07,val
part_07_record_006773,part_07,train
part_07_record_006774,part_07,train
part_07_record_006775,part_07,train
part_07_record_006776,part_07,train
part_07_record_006777,part_07,test
part_07_record_006778,part_07,test
part_07_record_006779,part_07,train
part_07_record_006780,part_07,train
part_07_record_006781,part_07,val
part_07_record_006782,part_07,train
part_07_record_006783,part_07,train
part_07_record_006784,part_07,test
part_07_record_006785,part_07,train
part_07_record_006786,part_07,train
part_07_record_006787,part_07,train
part_07_record_006788,part_07,val
part_07_record_006789,part_07,val
part_07_record_006790,part_07,val
part_07_record_006791,part_07,train
part_07_record_006792,part_07,train
part_07_record_006793,part_07,train
part_07_record_006794,part_07,val
part_07_record_006795,part_07,train
part_07_record_006796,part_07,train
part_07_record_006797,part_07,val
part_07_record_006798,part_07,train
part_07_record_006799,part_07,train
part_07_record_006800,part_07,test
part_07_record_006801,part_07,train
part_07_record_006802,part_07,test
part_07_record_006803,part_07,train
part_07_record_006804,part_07,train
part_07_record_006805,part_07,train
part_07_record_006806,part_07,train
part_07_record_006807,part_07,test
part_07_record_006808,part_07,val
part_07_record_006809,part_07,train
part_07_record_006810,part_07,test
part_07_record_006811,part_07,train
part_07_record_006812,part_07,train
part_07_record_006813,part_07,val
part_07_record_006814,part_07,val
part_07_record_006815,part_07,train
part_07_record_006816,part_07,train
part_07_record_006817,part_07,val
part_07_record_006818,part_07,train
part_07_record_006819,part_07,train
part_07_record_006820,part_07,test
part_07_record_006821,part_07,train
part_07_record_006822,part_07,train
part_07_record_006823,part_07,train
part_07_record_006824,part_07,val
part_07_record_006825,part_07,train
part_07_record_006826,part_07,train
part_07_record_006827,part_07,train
part_07_record_006828,part_07,train
part_07_record_006829,part_07,train
part_07_record_006830,part_07,train
part_07_record_006831,part_07,train
part_07_record_006832,part_07,train
part_07_record_006833,part_07,train
part_07_record_006834,part_07,test
part_07_record_006835,part_07,train
part_07_record_006836,part_07,train
part_07_record_006837,part_07,train
part_07_record_006838,part_07,train
part_07_record_006839,part_07,train
part_07_record_006840,part_07,train
part_07_record_006841,part_07,train
part_07_record_006842,part_07,val
part_07_record_006843,part_07,train
part_07_record_006844,part_07,train
part_07_record_006845,part_07,train
part_07_record_006846,part_07,train
part_07_record_006847,part_07,val
part_07_record_006848,part_07,train
part_07_record_006849,part_07,train
part_07_record_006850,part_07,train
part_07_record_006851,part_07,train
part_07_record_006852,part_07,train
part_07_record_006853,part_07,test
part_07_record_006854,part_07,train
part_07_record_006855,part_07,train
part_07_record_006856,part_07,train
part_07_record_006857,part_07,train
part_07_record_006858,part_07,train
part_07_record_006859,part_07,train
part_07_record_006860,part_07,train
part_07_record_006861,part_07,train
part_07_record_006862,part_07,train
part_07_record_006863,part_07,train
part_07_record_006864,part_07,test
part_07_record_006865,part_07,train
part_07_record_006866,part_07,train
part_07_record_006867,part_07,train
part_07_record_006868,part_07,train
part_07_record_006869,part_07,val
part_07_record_006870,part_07,val
part_07_record_006871,part_07,train
part_07_record_006872,part_07,train
part_07_record_006873,part_07,train
part_07_record_006874,part_07,test
part_07_record_006875,part_07,train
part_07_record_006876,part_07,train
part_07_record_006877,part_07,train
part_07_record_006878,part_07,train
part_07_record_006879,part_07,train
part_07_record_006880,part_07,train
part_07_record_006881,part_07,train
part_07_record_006882,part_07,test
part_07_record_006883,part_07,test
part_07_record_006884,part_07,train
part_07_record_006885,part_07,train
part_07_record_006886,part_07,train
part_07_record_006887,part_07,train
part_07_record_006888,part_07,train
part_07_record_006889,part_07,train
part_07_record_006890,part_07,train
part_07_record_006891,part_07,train
part_07_record_006892,part_07,test
part_07_record_006893,part_07,test
part_07_record_006894,part_07,test
part_07_record_006895,part_07,val
part_07_record_006896,part_07,val
part_07_record_006897,part_07,train
part_07_record_006898,part_07,train
part_07_record_006899,part_07,test
part_07_record_006900,part_07,train
part_07_record_006901,part_07,val
part_07_record_006902,part_07,train
part_07_record_006903,part_07,train
part_07_record_006904,part_07,train
part_07_record_006905,part_07,train
part_07_record_006906,part_07,test
part_07_record_006907,part_07,train
part_07_record_006908,part_07,val
part_07_record_006909,part_07,train
part_07_record_006910,part_07,train
part_07_record_006911,part_07,test
part_07_record_006912,part_07,train
part_07_record_006913,part_07,train
part_07_record_006914,part_07,train
part_07_record_006915,part_07,train
part_07_record_006916,part_07,train
part_07_record_006917,part_07,train
part_07_record_006918,part_07,val
part_07_record_006919,part_07,train
part_07_record_006920,part_07,val
part_07_record_006921,part_07,train
part_07_record_006922,part_07,train
part_07_record_006923,part_07,train
part_07_record_006924,part_07,train
part_07_record_006925,part_07,test
part_07_record_006926,part_07,train
part_07_record_006927,part_07,train
part_07_record_006928,part_07,train
part_07_record_006929,part_07,val
part_07_record_006930,part_07,train
part_07_record_006931,part_07,train
part_07_record_006932,part_07,train
part_07_record_006933,part_07,train
part_07_record_006934,part_07,train
part_07_record_006935,part_07,train
part_07_record_006936,part_07,train
part_07_record_006937,part_07,val
part_07_record_006938,part_07,test
part_07_record_006939,part_07,test
part_07_record_006940,part_07,train
part_07_record_006941,part_07,train
part_07_record_006942,part_07,test
part_07_record_006943,part_07,train
part_07_record_006944,part_07,test
part_07_record_006945,part_07,test
part_07_record_006946,part_07,train
part_07_record_006947,part_07,train
part_07_record_006948,part_07,train
part_07_record_006949,part_07,train
part_07_record_006950,part_07,test
part_07_record_006951,part_07,train
part_07_record_006952,part_07,train
part_07_record_006953,part_07,train
part_07_record_006954,part_07,train
part_07_record_006955,part_07,train
part_07_record_006956,part_07,train
part_07_record_006957,part_07,train
part_07_record_006958,part_07,train
part_07_record_006959,part_07,train
part_07_record_006960,part_07,train
part_07_record_006961,part_07,test
part_07_record_006962,part_07,train
part_07_record_006963,part_07,train
part_07_record_006964,part_07,val
part_07_record_006965,part_07,train
part_07_record_006966,part_07,train
part_07_record_006967,part_07,test
part_07_record_006968,part_07,train
part_07_record_006969,part_07,train
part_07_record_006970,part_07,train
part_07_record_006971,part_07,test
part_07_record_006972,part_07,test
part_07_record_006973,part_07,train
part_07_record_006974,part_07,train
part_07_record_006975,part_07,train
part_07_record_006976,part_07,train
part_07_record_006977,part_07,val
part_07_record_006978,part_07,train
part_07_record_006979,part_07,train
part_07_record_006980,part_07,val
part_07_record_006981,part_07,val
part_07_record_006982,part_07,test
part_07_record_006983,part_07,train
part_07_record_006984,part_07,train
part_07_record_006985,part_07,train
part_07_record_006986,part_07,val
part_07_record_006987,part_07,test
part_07_record_006988,part_07,train
part_07_record_006989,part_07,test
part_07_record_006990,part_07,train
part_07_record_006991,part_07,val
part_07_record_006992,part_07,train
part_07_record_006993,part_07,train
part_07_record_006994,part_07,val
part_07_record_006995,part_07,train
part_07_record_006996,part_07,train
part_07_record_006997,part_07,test
part_07_record_006998,part_07,train
part_07_record_006999,part_07,train
part_07_record_007000,part_07,val
part_08_record_007001,part_08,val
part_08_record_007002,part_08,train
part_08_record_007003,part_08,test
part_08_record_007004,part_08,val
part_08_record_007005,part_08,test
part_08_record_007006,part_08,val
part_08_record_007007,part_08,val
part_08_record_007008,part_08,train
part_08_record_007009,part_08,train
part_08_record_007010,part_08,test
part_08_record_007011,part_08,val
part_08_record_007012,part_08,val
part_08_record_007013,part_08,train
part_08_record_007014,part_08,train
part_08_record_007015,part_08,test
part_08_record_007016,part_08,train
part_08_record_007017,part_08,val
part_08_record_007018,part_08,train
part_08_record_007019,part_08,train
part_08_record_007020,part_08,train
part_08_record_007021,part_08,train
part_08_record_007022,part_08,train
part_08_record_007023,part_08,test
part_08_record_007024,part_08,train
part_08_record_007025,part_08,train
part_08_record_007026,part_08,train
part_08_record_007027,part_08,test
part_08_record_007028,part_08,test
part_08_record_007029,part_08,train
part_08_record_007030,part_08,val
part_08_record_007031,part_08,train
part_08_record_007032,part_08,val
part_08_record_007033,part_08,train
part_08_record_007034,part_08,train
part_08_record_007035,part_08,train
part_08_record_007036,part_08,test
part_08_record_007037,part_08,train
part_08_record_007038,part_08,train
part_08_record_007039,part_08,train
part_08_record_007040,part_08,train
part_08_record_007041,part_08,train
part_08_record_007042,part_08,test
part_08_record_007043,part_08,train
part_08_record_007044,part_08,test
part_08_record_007045,part_08,train
part_08_record_007046,part_08,val
part_08_record_007047,part_08,train
part_08_record_007048,part_08,train
part_08_record_007049,part_08,train
part_08_record_007050,part_08,train
part_08_record_007051,part_08,train
part_08_record_007052,part_08,train
part_08_record_007053,part_08,val
part_08_record_007054,part_08,train
part_08_record_007055,part_08,train
part_08_record_007056,part_08,train
part_08_record_007057,part_08,test
part_08_record_007058,part_08,val
part_08_record_007059,part_08,train
part_08_record_007060,part_08,test
part_08_record_007061,part_08,train
part_08_record_007062,part_08,train
part_08_record_007063,part_08,val
part_08_record_007064,part_08,train
part_08_record_007065,part_08,val
part_08_record_007066,part_08,train
part_08_record_007067,part_08,train
part_08_record_007068,part_08,train
part_08_record_007069,part_08,train
part_08_record_007070,part_08,test
part_08_record_007071,part_08,train
part_08_record_007072,part_08,train
part_08_record_007073,part_08,train
part_08_record_007074,part_08,train
part_08_record_007075,part_08,train
part_08_record_007076,part_08,train
part_08_record_007077,part_08,train
part_08_record_007078,part_08,train
part_08_record_007079,part_08,train
part_08_record_007080,part_08,test
part_08_record_007081,part_08,train
part_08_record_007082,part_08,train
part_08_record_007083,part_08,train
part_08_record_007084,part_08,test
part_08_record_007085,part_08,val
part_08_record_007086,part_08,train
part_08_record_007087,part_08,train
part_08_record_007088,part_08,train
part_08_record_007089,part_08,val
part_08_record_007090,part_08,train
part_08_record_007091,part_08,train
part_08_record_007092,part_08,train
part_08_record_007093,part_08,train
part_08_record_007094,part_08,train
part_08_record_007095,part_08,val
part_08_record_007096,part_08,train
part_08_record_007097,part_08,val
part_08_record_007098,part_08,val
part_08_record_007099,part_08,test
part_08_record_007100,part_08,test
part_08_record_007101,part_08,train
part_08_record_007102,part_08,test
part_08_record_007103,part_08,test
part_08_record_007104,part_08,train
part_08_record_007105,part_08,train
part_08_record_007106,part_08,train
part_08_record_007107,part_08,train
part_08_record_007108,part_08,train
part_08_record_007109,part_08,train
part_08_record_007110,part_08,train
part_08_record_007111,part_08,train
part_08_record_007112,part_08,train
part_08_record_007113,part_08,test
part_08_record_007114,part_08,train
part_08_record_007115,part_08,test
part_08_record_007116,part_08,val
part_08_record_007117,part_08,train
part_08_record_007118,part_08,val
part_08_record_007119,part_08,train
part_08_record_007120,part_08,test
part_08_record_007121,part_08,train
part_08_record_007122,part_08,val
part_08_record_007123,part_08,val
part_08_record_007124,part_08,val
part_08_record_007125,part_08,test
part_08_record_007126,part_08,test
part_08_record_007127,part_08,test
part_08_record_007128,part_08,train
part_08_record_007129,part_08,val
part_08_record_007130,part_08,train
part_08_record_007131,part_08,train
part_08_record_007132,part_08,train
part_08_record_007133,part_08,train
part_08_record_007134,part_08,val
part_08_record_007135,part_08,train
part_08_record_007136,part_08,train
part_08_record_007137,part_08,train
part_08_record_007138,part_08,val
part_08_record_007139,part_08,test
part_08_record_007140,part_08,train
part_08_record_007141,part_08,test
part_08_record_007142,part_08,test
part_08_record_007143,part_08,train
part_08_record_007144,part_08,train
part_08_record_007145,part_08,train
part_08_record_007146,part_08,train
part_08_record_007147,part_08,train
part_08_record_007148,part_08,test
part_08_record_007149,part_08,train
part_08_record_007150,part_08,train
part_08_record_007151,part_08,train
part_08_record_007152,part_08,val
part_08_record_007153,part_08,train
part_08_record_007154,part_08,train
part_08_record_007155,part_08,val
part_08_record_007156,part_08,val
part_08_record_007157,part_08,val
part_08_record_007158,part_08,train
part_08_record_007159,part_08,test
part_08_record_007160,part_08,train
part_08_record_007161,part_08,val
part_08_record_007162,part_08,val
part_08_record_007163,part_08,train
part_08_record_007164,part_08,train
part_08_record_007165,part_08,test
part_08_record_007166,part_08,val
part_08_record_007167,part_08,val
part_08_record_007168,part_08,val
part_08_record_007169,part_08,train
part_08_record_007170,part_08,train
part_08_record_007171,part_08,val
part_08_record_007172,part_08,train
part_08_record_007173,part_08,train
part_08_record_007174,part_08,train
part_08_record_007175,part_08,train
part_08_record_007176,part_08,val
part_08_record_007177,part_08,train
part_08_record_007178,part_08,val
part_08_record_007179,part_08,train
part_08_record_007180,part_08,val
part_08_record_007181,part_08,train
part_08_record_007182,part_08,train
part_08_record_007183,part_08,train
part_08_record_007184,part_08,val
part_08_record_007185,part_08,test
part_08_record_007186,part_08,train
part_08_record_007187,part_08,test
part_08_record_007188,part_08,train
part_08_record_007189,part_08,train
part_08_record_007190,part_08,train
part_08_record_007191,part_08,test
part_08_record_007192,part_08,train
part_08_record_007193,part_08,test
part_08_record_007194,part_08,val
part_08_record_007195,part_08,train
part_08_record_007196,part_08,train
part_08_record_007197,part_08,test
part_08_record_007198,part_08,train
part_08_record_007199,part_08,train
part_08_record_007200,part_08,train
part_08_record_007201,part_08,train
part_08_record_007202,part_08,train
part_08_record_007203,part_08,train
part_08_record_007204,part_08,train
part_08_record_007205,part_08,train
part_08_record_007206,part_08,train
part_08_record_007207,part_08,test
part_08_record_007208,part_08,train
part_08_record_007209,part_08,test
part_08_record_007210,part_08,train
part_08_record_007211,part_08,train
part_08_record_007212,part_08,train
part_08_record_007213,part_08,train
part_08_record_007214,part_08,train
part_08_record_007215,part_08,test
part_08_record_007216,part_08,test
part_08_record_007217,part_08,train
part_08_record_007218,part_08,train
part_08_record_007219,part_08,test
part_08_record_007220,part_08,train
part_08_record_007221,part_08,train
part_08_record_007222,part_08,test
part_08_record_007223,part_08,train
part_08_record_007224,part_08,train
part_08_record_007225,part_08,train
part_08_record_007226,part_08,train
part_08_record_007227,part_08,val
part_08_record_007228,part_08,val
part_08_record_007229,part_08,train
part_08_record_007230,part_08,train
part_08_record_007231,part_08,val
part_08_record_007232,part_08,train
part_08_record_007233,part_08,val
part_08_record_007234,part_08,train
part_08_record_007235,part_08,train
part_08_record_007236,part_08,train
part_08_record_007237,part_08,train
part_08_record_007238,part_08,train
part_08_record_007239,part_08,train
part_08_record_007240,part_08,test
part_08_record_007241,part_08,test
part_08_record_007242,part_08,test
part_08_record_007243,part_08,train
part_08_record_007244,part_08,train
part_08_record_007245,part_08,train
part_08_record_007246,part_08,test
part_08_record_007247,part_08,train
part_08_record_007248,part_08,train
part_08_record_007249,part_08,train
part_08_record_007250,part_08,train
part_08_record_007251,part_08,train
part_08_record_007252,part_08,train
part_08_record_007253,part_08,train
part_08_record_007254,part_08,test
part_08_record_007255,part_08,train
part_08_record_007256,part_08,train
part_08_record_007257,part_08,train
part_08_record_007258,part_08,train
part_08_record_007259,part_08,train
part_08_record_007260,part_08,train
part_08_record_007261,part_08,train
part_08_record_007262,part_08,train
part_08_record_007263,part_08,train
part_08_record_007264,part_08,train
part_08_record_007265,part_08,val
part_08_record_007266,part_08,train
part_08_record_007267,part_08,test
part_08_record_007268,part_08,train
part_08_record_007269,part_08,train
part_08_record_007270,part_08,val
part_08_record_007271,part_08,test
part_08_record_007272,part_08,train
part_08_record_007273,part_08,train
part_08_record_007274,part_08,train
part_08_record_007275,part_08,test
part_08_record_007276,part_08,train
part_08_record_007277,part_08,train
part_08_record_007278,part_08,train
part_08_record_007279,part_08,train
part_08_record_007280,part_08,train
part_08_record_007281,part_08,test
part_08_record_007282,part_08,train
part_08_record_007283,part_08,train
part_08_record_007284,part_08,train
part_08_record_007285,part_08,train
part_08_record_007286,part_08,val
part_08_record_007287,part_08,train
part_08_record_007288,part_08,test
part_08_record_007289,part_08,train
part_08_record_007290,part_08,train
part_08_record_007291,part_08,train
part_08_record_007292,part_08,test
part_08_record_007293,part_08,train
part_08_record_007294,part_08,train
part_08_record_007295,part_08,val
part_08_record_007296,part_08,val
part_08_record_007297,part_08,train
part_08_record_007298,part_08,train
part_08_record_007299,part_08,train
part_08_record_007300,part_08,train
part_08_record_007301,part_08,train
part_08_record_007302,part_08,train
part_08_record_007303,part_08,train
part_08_record_007304,part_08,train
part_08_record_007305,part_08,train
part_08_record_007306,part_08,train
part_08_record_007307,part_08,train
part_08_record_007308,part_08,train
part_08_record_007309,part_08,train
part_08_record_007310,part_08,train
part_08_record_007311,part_08,train
part_08_record_007312,part_08,test
part_08_record_007313,part_08,test
part_08_record_007314,part_08,train
part_08_record_007315,part_08,test
part_08_record_007316,part_08,train
part_08_record_007317,part_08,train
part_08_record_007318,part_08,train
part_08_record_007319,part_08,train
part_08_record_007320,part_08,train
part_08_record_007321,part_08,train
part_08_record_007322,part_08,val
part_08_record_007323,part_08,train
part_08_record_007324,part_08,train
part_08_record_007325,part_08,train
part_08_record_007326,part_08,train
part_08_record_007327,part_08,test
part_08_record_007328,part_08,val
part_08_record_007329,part_08,train
part_08_record_007330,part_08,val
part_08_record_007331,part_08,test
part_08_record_007332,part_08,train
part_08_record_007333,part_08,train
part_08_record_007334,part_08,train
part_08_record_007335,part_08,train
part_08_record_007336,part_08,train
part_08_record_007337,part_08,train
part_08_record_007338,part_08,train
part_08_record_007339,part_08,train
part_08_record_007340,part_08,test
part_08_record_007341,part_08,val
part_08_record_007342,part_08,train
part_08_record_007343,part_08,train
part_08_record_007344,part_08,test
part_08_record_007345,part_08,train
part_08_record_007346,part_08,val
part_08_record_007347,part_08,train
part_08_record_007348,part_08,train
part_08_record_007349,part_08,train
part_08_record_007350,part_08,train
part_08_record_007351,part_08,test
part_08_record_007352,part_08,val
part_08_record_007353,part_08,val
part_08_record_007354,part_08,val
part_08_record_007355,part_08,train
part_08_record_007356,part_08,val
part_08_record_007357,part_08,train
part_08_record_007358,part_08,test
part_08_record_007359,part_08,val
part_08_record_007360,part_08,train
part_08_record_007361,part_08,train
part_08_record_007362,part_08,train
part_08_record_007363,part_08,train
part_08_record_007364,part_08,train
part_08_record_007365,part_08,train
part_08_record_007366,part_08,train
part_08_record_007367,part_08,train
part_08_record_007368,part_08,train
part_08_record_007369,part_08,test
part_08_record_007370,part_08,train
part_08_record_007371,part_08,train
part_08_record_007372,part_08,train
part_08_record_007373,part_08,train
part_08_record_007374,part_08,val
part_08_record_007375,part_08,val
part_08_record_007376,part_08,train
part_08_record_007377,part_08,train
part_08_record_007378,part_08,train
part_08_record_007379,part_08,val
part_08_record_007380,part_08,train
part_08_record_007381,part_08,val
part_08_record_007382,part_08,train
part_08_record_007383,part_08,train
part_08_record_007384,part_08,train
part_08_record_007385,part_08,train
part_08_record_007386,part_08,test
part_08_record_007387,part_08,train
part_08_record_007388,part_08,train
part_08_record_007389,part_08,train
part_08_record_007390,part_08,train
part_08_record_007391,part_08,test
part_08_record_007392,part_08,train
part_08_record_007393,part_08,test
part_08_record_007394,part_08,train
part_08_record_007395,part_08,val
part_08_record_007396,part_08,val
part_08_record_007397,part_08,train
part_08_record_007398,part_08,val
part_08_record_007399,part_08,val
part_08_record_007400,part_08,train
part_08_record_007401,part_08,test
part_08_record_007402,part_08,train
part_08_record_007403,part_08,train
part_08_record_007404,part_08,train
part_08_record_007405,part_08,test
part_08_record_007406,part_08,train
part_08_record_007407,part_08,train
part_08_record_007408,part_08,train
part_08_record_007409,part_08,test
part_08_record_007410,part_08,test
part_08_record_007411,part_08,train
part_08_record_007412,part_08,train
part_08_record_007413,part_08,train
part_08_record_007414,part_08,train
part_08_record_007415,part_08,train
part_08_record_007416,part_08,val
part_08_record_007417,part_08,train
part_08_record_007418,part_08,train
part_08_record_007419,part_08,test
part_08_record_007420,part_08,test
part_08_record_007421,part_08,train
part_08_record_007422,part_08,test
part_08_record_007423,part_08,train
part_08_record_007424,part_08,val
part_08_record_007425,part_08,test
part_08_record_007426,part_08,train
part_08_record_007427,part_08,val
part_08_record_007428,part_08,val
part_08_record_007429,part_08,train
part_08_record_007430,part_08,val
part_08_record_007431,part_08,val
part_08_record_007432,part_08,train
part_08_record_007433,part_08,val
part_08_record_007434,part_08,train
part_08_record_007435,part_08,train
part_08_record_007436,part_08,train
part_08_record_007437,part_08,train
part_08_record_007438,part_08,test
part_08_record_007439,part_08,train
part_08_record_007440,part_08,train
part_08_record_007441,part_08,train
part_08_record_007442,part_08,train
part_08_record_007443,part_08,train
part_08_record_007444,part_08,train
part_08_record_007445,part_08,train
part_08_record_007446,part_08,train
part_08_record_007447,part_08,val
part_08_record_007448,part_08,train
part_08_record_007449,part_08,train
part_08_record_007450,part_08,test
part_08_record_007451,part_08,train
part_08_record_007452,part_08,val
part_08_record_007453,part_08,train
part_08_record_007454,part_08,train
part_08_record_007455,part_08,train
part_08_record_007456,part_08,test
part_08_record_007457,part_08,train
part_08_record_007458,part_08,train
part_08_record_007459,part_08,train
part_08_record_007460,part_08,train
part_08_record_007461,part_08,train
part_08_record_007462,part_08,val
part_08_record_007463,part_08,val
part_08_record_007464,part_08,train
part_08_record_007465,part_08,train
part_08_record_007466,part_08,train
part_08_record_007467,part_08,train
part_08_record_007468,part_08,train
part_08_record_007469,part_08,val
part_08_record_007470,part_08,train
part_08_record_007471,part_08,val
part_08_record_007472,part_08,train
part_08_record_007473,part_08,train
part_08_record_007474,part_08,val
part_08_record_007475,part_08,train
part_08_record_007476,part_08,train
part_08_record_007477,part_08,train
part_08_record_007478,part_08,train
part_08_record_007479,part_08,train
part_08_record_007480,part_08,test
part_08_record_007481,part_08,val
part_08_record_007482,part_08,train
part_08_record_007483,part_08,train
part_08_record_007484,part_08,test
part_08_record_007485,part_08,train
part_08_record_007486,part_08,train
part_08_record_007487,part_08,test
part_08_record_007488,part_08,train
part_08_record_007489,part_08,train
part_08_record_007490,part_08,test
part_08_record_007491,part_08,test
part_08_record_007492,part_08,test
part_08_record_007493,part_08,train
part_08_record_007494,part_08,train
part_08_record_007495,part_08,test
part_08_record_007496,part_08,train
part_08_record_007497,part_08,train
part_08_record_007498,part_08,train
part_08_record_007499,part_08,train
part_08_record_007500,part_08,train
part_08_record_007501,part_08,train
part_08_record_007502,part_08,train
part_08_record_007503,part_08,train
part_08_record_007504,part_08,train
part_08_record_007505,part_08,val
part_08_record_007506,part_08,train
part_08_record_007507,part_08,train
part_08_record_007508,part_08,train
part_08_record_007509,part_08,train
part_08_record_007510,part_08,test
part_08_record_007511,part_08,train
part_08_record_007512,part_08,test
part_08_record_007513,part_08,train
part_08_record_007514,part_08,test
part_08_record_007515,part_08,train
part_08_record_007516,part_08,train
part_08_record_007517,part_08,train
part_08_record_007518,part_08,train
part_08_record_007519,part_08,train
part_08_record_007520,part_08,val
part_08_record_007521,part_08,train
part_08_record_007522,part_08,val
part_08_record_007523,part_08,train
part_08_record_007524,part_08,train
part_08_record_007525,part_08,train
part_08_record_007526,part_08,train
part_08_record_007527,part_08,test
part_08_record_007528,part_08,val
part_08_record_007529,part_08,train
part_08_record_007530,part_08,train
part_08_record_007531,part_08,train
part_08_record_007532,part_08,val
part_08_record_007533,part_08,train
part_08_record_007534,part_08,train
part_08_record_007535,part_08,train
part_08_record_007536,part_08,train
part_08_record_007537,part_08,train
part_08_record_007538,part_08,val
part_08_record_007539,part_08,train
part_08_record_007540,part_08,train
part_08_record_007541,part_08,train
part_08_record_007542,part_08,train
part_08_record_007543,part_08,train
part_08_record_007544,part_08,test
part_08_record_007545,part_08,val
part_08_record_007546,part_08,train
part_08_record_007547,part_08,test
part_08_record_007548,part_08,val
part_08_record_007549,part_08,val
part_08_record_007550,part_08,train
part_08_record_007551,part_08,train
part_08_record_007552,part_08,train
part_08_record_007553,part_08,train
part_08_record_007554,part_08,train
part_08_record_007555,part_08,test
part_08_record_007556,part_08,test
part_08_record_007557,part_08,train
part_08_record_007558,part_08,val
part_08_record_007559,part_08,train
part_08_record_007560,part_08,train
part_08_record_007561,part_08,test
part_08_record_007562,part_08,test
part_08_record_007563,part_08,train
part_08_record_007564,part_08,train
part_08_record_007565,part_08,test
part_08_record_007566,part_08,train
part_08_record_007567,part_08,train
part_08_record_007568,part_08,train
part_08_record_007569,part_08,val
part_08_record_007570,part_08,val
part_08_record_007571,part_08,test
part_08_record_007572,part_08,train
part_08_record_007573,part_08,train
part_08_record_007574,part_08,train
part_08_record_007575,part_08,test
part_08_record_007576,part_08,test
part_08_record_007577,part_08,test
part_08_record_007578,part_08,test
part_08_record_007579,part_08,train
part_08_record_007580,part_08,train
part_08_record_007581,part_08,train
part_08_record_007582,part_08,train
part_08_record_007583,part_08,train
part_08_record_007584,part_08,train
part_08_record_007585,part_08,train
part_08_record_007586,part_08,train
part_08_record_007587,part_08,train
part_08_record_007588,part_08,test
part_08_record_007589,part_08,train
part_08_record_007590,part_08,train
part_08_record_007591,part_08,train
part_08_record_007592,part_08,train
part_08_record_007593,part_08,train
part_08_record_007594,part_08,train
part_08_record_007595,part_08,val
part_08_record_007596,part_08,val
part_08_record_007597,part_08,train
part_08_record_007598,part_08,val
part_08_record_007599,part_08,train
part_08_record_007600,part_08,train
part_08_record_007601,part_08,train
part_08_record_007602,part_08,train
part_08_record_007603,part_08,train
part_08_record_007604,part_08,train
part_08_record_007605,part_08,val
part_08_record_007606,part_08,val
part_08_record_007607,part_08,train
part_08_record_007608,part_08,train
part_08_record_007609,part_08,train
part_08_record_007610,part_08,train
part_08_record_007611,part_08,train
part_08_record_007612,part_08,val
part_08_record_007613,part_08,train
part_08_record_007614,part_08,train
part_08_record_007615,part_08,train
part_08_record_007616,part_08,train
part_08_record_007617,part_08,val
part_08_record_007618,part_08,test
part_08_record_007619,part_08,val
part_08_record_007620,part_08,train
part_08_record_007621,part_08,train
part_08_record_007622,part_08,train
part_08_record_007623,part_08,val
part_08_record_007624,part_08,train
part_08_record_007625,part_08,train
part_08_record_007626,part_08,train
part_08_record_007627,part_08,train
part_08_record_007628,part_08,train
part_08_record_007629,part_08,train
part_08_record_007630,part_08,test
part_08_record_007631,part_08,train
part_08_record_007632,part_08,train
part_08_record_007633,part_08,train
part_08_record_007634,part_08,train
part_08_record_007635,part_08,train
part_08_record_007636,part_08,train
part_08_record_007637,part_08,train
part_08_record_007638,part_08,train
part_08_record_007639,part_08,val
part_08_record_007640,part_08,train
part_08_record_007641,part_08,train
part_08_record_007642,part_08,test
part_08_record_007643,part_08,train
part_08_record_007644,part_08,test
part_08_record_007645,part_08,train
part_08_record_007646,part_08,train
part_08_record_007647,part_08,train
part_08_record_007648,part_08,train
part_08_record_007649,part_08,test
part_08_record_007650,part_08,train
part_08_record_007651,part_08,val
part_08_record_007652,part_08,test
part_08_record_007653,part_08,train
part_08_record_007654,part_08,train
part_08_record_007655,part_08,train
part_08_record_007656,part_08,train
part_08_record_007657,part_08,train
part_08_record_007658,part_08,test
part_08_record_007659,part_08,train
part_08_record_007660,part_08,val
part_08_record_007661,part_08,train
part_08_record_007662,part_08,val
part_08_record_007663,part_08,train
part_08_record_007664,part_08,train
part_08_record_007665,part_08,train
part_08_record_007666,part_08,train
part_08_record_007667,part_08,train
part_08_record_007668,part_08,test
part_08_record_007669,part_08,test
part_08_record_007670,part_08,train
part_08_record_007671,part_08,train
part_08_record_007672,part_08,train
part_08_record_007673,part_08,train
part_08_record_007674,part_08,test
part_08_record_007675,part_08,test
part_08_record_007676,part_08,train
part_08_record_007677,part_08,train
part_08_record_007678,part_08,train
part_08_record_007679,part_08,train
part_08_record_007680,part_08,test
part_08_record_007681,part_08,train
part_08_record_007682,part_08,train
part_08_record_007683,part_08,train
part_08_record_007684,part_08,test
part_08_record_007685,part_08,val
part_08_record_007686,part_08,train
part_08_record_007687,part_08,test
part_08_record_007688,part_08,test
part_08_record_007689,part_08,train
part_08_record_007690,part_08,train
part_08_record_007691,part_08,train
part_08_record_007692,part_08,train
part_08_record_007693,part_08,train
part_08_record_007694,part_08,test
part_08_record_007695,part_08,test
part_08_record_007696,part_08,train
part_08_record_007697,part_08,train
part_08_record_007698,part_08,val
part_08_record_007699,part_08,train
part_08_record_007700,part_08,train
part_08_record_007701,part_08,train
part_08_record_007702,part_08,train
part_08_record_007703,part_08,train
part_08_record_007704,part_08,val
part_08_record_007705,part_08,train
part_08_record_007706,part_08,val
part_08_record_007707,part_08,train
part_08_record_007708,part_08,train
part_08_record_007709,part_08,train
part_08_record_007710,part_08,train
part_08_record_007711,part_08,val
part_08_record_007712,part_08,train
part_08_record_007713,part_08,train
part_08_record_007714,part_08,train
part_08_record_007715,part_08,test
part_08_record_007716,part_08,test
part_08_record_007717,part_08,train
part_08_record_007718,part_08,train
part_08_record_007719,part_08,val
part_08_record_007720,part_08,train
part_08_record_007721,part_08,train
part_08_record_007722,part_08,test
part_08_record_007723,part_08,train
part_08_record_007724,part_08,test
part_08_record_007725,part_08,train
part_08_record_007726,part_08,test
part_08_record_007727,part_08,train
part_08_record_007728,part_08,train
part_08_record_007729,part_08,train
part_08_record_007730,part_08,train
part_08_record_007731,part_08,test
part_08_record_007732,part_08,train
part_08_record_007733,part_08,train
part_08_record_007734,part_08,train
part_08_record_007735,part_08,test
part_08_record_007736,part_08,train
part_08_record_007737,part_08,val
part_08_record_007738,part_08,train
part_08_record_007739,part_08,train
part_08_record_007740,part_08,train
part_08_record_007741,part_08,train
part_08_record_007742,part_08,train
part_08_record_007743,part_08,val
part_08_record_007744,part_08,train
part_08_record_007745,part_08,train
part_08_record_007746,part_08,train
part_08_record_007747,part_08,train
part_08_record_007748,part_08,train
part_08_record_007749,part_08,train
part_08_record_007750,part_08,train
part_08_record_007751,part_08,train
part_08_record_007752,part_08,train
part_08_record_007753,part_08,train
part_08_record_007754,part_08,train
part_08_record_007755,part_08,train
part_08_record_007756,part_08,train
part_08_record_007757,part_08,train
part_08_record_007758,part_08,train
part_08_record_007759,part_08,val
part_08_record_007760,part_08,train
part_08_record_007761,part_08,train
part_08_record_007762,part_08,val
part_08_record_007763,part_08,train
part_08_record_007764,part_08,val
part_08_record_007765,part_08,train
part_08_record_007766,part_08,train
part_08_record_007767,part_08,train
part_08_record_007768,part_08,train
part_08_record_007769,part_08,train
part_08_record_007770,part_08,train
part_08_record_007771,part_08,train
part_08_record_007772,part_08,train
part_08_record_007773,part_08,train
part_08_record_007774,part_08,train
part_08_record_007775,part_08,train
part_08_record_007776,part_08,train
part_08_record_007777,part_08,test
part_08_record_007778,part_08,test
part_08_record_007779,part_08,val
part_08_record_007780,part_08,train
part_08_record_007781,part_08,train
part_08_record_007782,part_08,train
part_08_record_007783,part_08,train
part_08_record_007784,part_08,test
part_08_record_007785,part_08,train
part_08_record_007786,part_08,train
part_08_record_007787,part_08,train
part_08_record_007788,part_08,train
part_08_record_007789,part_08,val
part_08_record_007790,part_08,val
part_08_record_007791,part_08,test
part_08_record_007792,part_08,train
part_08_record_007793,part_08,train
part_08_record_007794,part_08,train
part_08_record_007795,part_08,train
part_08_record_007796,part_08,train
part_08_record_007797,part_08,train
part_08_record_007798,part_08,train
part_08_record_007799,part_08,train
part_08_record_007800,part_08,train
part_08_record_007801,part_08,train
part_08_record_007802,part_08,train
part_08_record_007803,part_08,train
part_08_record_007804,part_08,train
part_08_record_007805,part_08,test
part_08_record_007806,part_08,test
part_08_record_007807,part_08,test
part_08_record_007808,part_08,train
part_08_record_007809,part_08,train
part_08_record_007810,part_08,train
part_08_record_007811,part_08,train
part_08_record_007812,part_08,train
part_08_record_007813,part_08,val
part_08_record_007814,part_08,test
part_08_record_007815,part_08,train
part_08_record_007816,part_08,val
part_08_record_007817,part_08,train
part_08_record_007818,part_08,train
part_08_record_007819,part_08,val
part_08_record_007820,part_08,train
part_08_record_007821,part_08,train
part_08_record_007822,part_08,train
part_08_record_007823,part_08,train
part_08_record_007824,part_08,val
part_08_record_007825,part_08,train
part_08_record_007826,part_08,train
part_08_record_007827,part_08,train
part_08_record_007828,part_08,test
part_08_record_007829,part_08,train
part_08_record_007830,part_08,train
part_08_record_007831,part_08,test
part_08_record_007832,part_08,train
part_08_record_007833,part_08,test
part_08_record_007834,part_08,test
part_08_record_007835,part_08,train
part_08_record_007836,part_08,val
part_08_record_007837,part_08,train
part_08_record_007838,part_08,train
part_08_record_007839,part_08,train
part_08_record_007840,part_08,train
part_08_record_007841,part_08,train
part_08_record_007842,part_08,train
part_08_record_007843,part_08,val
part_08_record_007844,part_08,val
part_08_record_007845,part_08,train
part_08_record_007846,part_08,train
part_08_record_007847,part_08,train
part_08_record_007848,part_08,train
part_08_record_007849,part_08,val
part_08_record_007850,part_08,test
part_08_record_007851,part_08,train
part_08_record_007852,part_08,val
part_08_record_007853,part_08,train
part_08_record_007854,part_08,train
part_08_record_007855,part_08,train
part_08_record_007856,part_08,train
part_08_record_007857,part_08,train
part_08_record_007858,part_08,val
part_08_record_007859,part_08,test
part_08_record_007860,part_08,train
part_08_record_007861,part_08,test
part_08_record_007862,part_08,train
part_08_record_007863,part_08,train
part_08_record_007864,part_08,test
part_08_record_007865,part_08,train
part_08_record_007866,part_08,train
part_08_record_007867,part_08,val
part_08_record_007868,part_08,val
part_08_record_007869,part_08,train
part_08_record_007870,part_08,test
part_08_record_007871,part_08,val
part_08_record_007872,part_08,train
part_08_record_007873,part_08,train
part_08_record_007874,part_08,train
part_08_record_007875,part_08,train
part_08_record_007876,part_08,val
part_08_record_007877,part_08,train
part_08_record_007878,part_08,train
part_08_record_007879,part_08,test
part_08_record_007880,part_08,train
part_08_record_007881,part_08,val
part_08_record_007882,part_08,train
part_08_record_007883,part_08,train
part_08_record_007884,part_08,train
part_08_record_007885,part_08,train
part_08_record_007886,part_08,train
part_08_record_007887,part_08,train
part_08_record_007888,part_08,train
part_08_record_007889,part_08,val
part_08_record_007890,part_08,train
part_08_record_007891,part_08,train
part_08_record_007892,part_08,test
part_08_record_007893,part_08,test
part_08_record_007894,part_08,train
part_08_record_007895,part_08,train
part_08_record_007896,part_08,train
part_08_record_007897,part_08,val
part_08_record_007898,part_08,train
part_08_record_007899,part_08,val
part_08_record_007900,part_08,train
part_08_record_007901,part_08,train
part_08_record_007902,part_08,test
part_08_record_007903,part_08,val
part_08_record_007904,part_08,train
part_08_record_007905,part_08,val
part_08_record_007906,part_08,train
part_08_record_007907,part_08,test
part_08_record_007908,part_08,train
part_08_record_007909,part_08,train
part_08_record_007910,part_08,val
part_08_record_007911,part_08,train
part_08_record_007912,part_08,train
part_08_record_007913,part_08,train
part_08_record_007914,part_08,val
part_08_record_007915,part_08,train
part_08_record_007916,part_08,train
part_08_record_007917,part_08,test
part_08_record_007918,part_08,train
part_08_record_007919,part_08,train
part_08_record_007920,part_08,train
part_08_record_007921,part_08,train
part_08_record_007922,part_08,train
part_08_record_007923,part_08,val
part_08_record_007924,part_08,train
part_08_record_007925,part_08,train
part_08_record_007926,part_08,train
part_08_record_007927,part_08,train
part_08_record_007928,part_08,val
part_08_record_007929,part_08,train
part_08_record_007930,part_08,val
part_08_record_007931,part_08,train
part_08_record_007932,part_08,train
part_08_record_007933,part_08,train
part_08_record_007934,part_08,train
part_08_record_007935,part_08,train
part_08_record_007936,part_08,val
part_08_record_007937,part_08,train
part_08_record_007938,part_08,train
part_08_record_007939,part_08,val
part_08_record_007940,part_08,test
part_08_record_007941,part_08,train
part_08_record_007942,part_08,test
part_08_record_007943,part_08,train
part_08_record_007944,part_08,test
part_08_record_007945,part_08,train
part_08_record_007946,part_08,train
part_08_record_007947,part_08,train
part_08_record_007948,part_08,train
part_08_record_007949,part_08,train
part_08_record_007950,part_08,train
part_08_record_007951,part_08,val
part_08_record_007952,part_08,train
part_08_record_007953,part_08,train
part_08_record_007954,part_08,train
part_08_record_007955,part_08,train
part_08_record_007956,part_08,train
part_08_record_007957,part_08,test
part_08_record_007958,part_08,train
part_08_record_007959,part_08,train
part_08_record_007960,part_08,train
part_08_record_007961,part_08,train
part_08_record_007962,part_08,val
part_08_record_007963,part_08,train
part_08_record_007964,part_08,train
part_08_record_007965,part_08,train
part_08_record_007966,part_08,train
part_08_record_007967,part_08,train
part_08_record_007968,part_08,val
part_08_record_007969,part_08,train
part_08_record_007970,part_08,train
part_08_record_007971,part_08,test
part_08_record_007972,part_08,train
part_08_record_007973,part_08,train
part_08_record_007974,part_08,test
part_08_record_007975,part_08,train
part_08_record_007976,part_08,train
part_08_record_007977,part_08,train
part_08_record_007978,part_08,train
part_08_record_007979,part_08,train
part_08_record_007980,part_08,val
part_08_record_007981,part_08,test
part_08_record_007982,part_08,train
part_08_record_007983,part_08,test
part_08_record_007984,part_08,train
part_08_record_007985,part_08,test
part_08_record_007986,part_08,train
part_08_record_007987,part_08,val
part_08_record_007988,part_08,test
part_08_record_007989,part_08,train
part_08_record_007990,part_08,test
part_08_record_007991,part_08,train
part_08_record_007992,part_08,train
part_08_record_007993,part_08,test
part_08_record_007994,part_08,val
part_08_record_007995,part_08,test
part_08_record_007996,part_08,train
part_08_record_007997,part_08,test
part_08_record_007998,part_08,val
part_08_record_007999,part_08,train
part_08_record_008000,part_08,val
part_09_record_008001,part_09,train
part_09_record_008002,part_09,train
part_09_record_008003,part_09,test
part_09_record_008004,part_09,train
part_09_record_008005,part_09,test
part_09_record_008006,part_09,train
part_09_record_008007,part_09,test
part_09_record_008008,part_09,test
part_09_record_008009,part_09,train
part_09_record_008010,part_09,train
part_09_record_008011,part_09,test
part_09_record_008012,part_09,train
part_09_record_008013,part_09,train
part_09_record_008014,part_09,train
part_09_record_008015,part_09,train
part_09_record_008016,part_09,train
part_09_record_008017,part_09,val
part_09_record_008018,part_09,test
part_09_record_008019,part_09,train
part_09_record_008020,part_09,train
part_09_record_008021,part_09,train
part_09_record_008022,part_09,train
part_09_record_008023,part_09,train
part_09_record_008024,part_09,train
part_09_record_008025,part_09,train
part_09_record_008026,part_09,train
part_09_record_008027,part_09,train
part_09_record_008028,part_09,train
part_09_record_008029,part_09,train
part_09_record_008030,part_09,train
part_09_record_008031,part_09,train
part_09_record_008032,part_09,train
part_09_record_008033,part_09,test
part_09_record_008034,part_09,val
part_09_record_008035,part_09,train
part_09_record_008036,part_09,train
part_09_record_008037,part_09,val
part_09_record_008038,part_09,train
part_09_record_008039,part_09,test
part_09_record_008040,part_09,train
part_09_record_008041,part_09,train
part_09_record_008042,part_09,test
part_09_record_008043,part_09,train
part_09_record_008044,part_09,val
part_09_record_008045,part_09,test
part_09_record_008046,part_09,train
part_09_record_008047,part_09,train
part_09_record_008048,part_09,train
part_09_record_008049,part_09,train
part_09_record_008050,part_09,train
part_09_record_008051,part_09,test
part_09_record_008052,part_09,train
part_09_record_008053,part_09,train
part_09_record_008054,part_09,test
part_09_record_008055,part_09,train
part_09_record_008056,part_09,train
part_09_record_008057,part_09,test
part_09_record_008058,part_09,train
part_09_record_008059,part_09,test
part_09_record_008060,part_09,train
part_09_record_008061,part_09,train
part_09_record_008062,part_09,train
part_09_record_008063,part_09,train
part_09_record_008064,part_09,train
part_09_record_008065,part_09,train
part_09_record_008066,part_09,train
part_09_record_008067,part_09,train
part_09_record_008068,part_09,train
part_09_record_008069,part_09,val
part_09_record_008070,part_09,train
part_09_record_008071,part_09,test
part_09_record_008072,part_09,train
part_09_record_008073,part_09,train
part_09_record_008074,part_09,test
part_09_record_008075,part_09,train
part_09_record_008076,part_09,train
part_09_record_008077,part_09,train
part_09_record_008078,part_09,train
part_09_record_008079,part_09,val
part_09_record_008080,part_09,train
part_09_record_008081,part_09,val
part_09_record_008082,part_09,train
part_09_record_008083,part_09,test
part_09_record_008084,part_09,train
part_09_record_008085,part_09,train
part_09_record_008086,part_09,train
part_09_record_008087,part_09,train
part_09_record_008088,part_09,val
part_09_record_008089,part_09,val
part_09_record_008090,part_09,train
part_09_record_008091,part_09,train
part_09_record_008092,part_09,train
part_09_record_008093,part_09,train
part_09_record_008094,part_09,train
part_09_record_008095,part_09,train
part_09_record_008096,part_09,train
part_09_record_008097,part_09,test
part_09_record_008098,part_09,train
part_09_record_008099,part_09,train
part_09_record_008100,part_09,train
part_09_record_008101,part_09,val
part_09_record_008102,part_09,train
part_09_record_008103,part_09,train
part_09_record_008104,part_09,val
part_09_record_008105,part_09,train
part_09_record_008106,part_09,val
part_09_record_008107,part_09,train
part_09_record_008108,part_09,train
part_09_record_008109,part_09,train
part_09_record_008110,part_09,train
part_09_record_008111,part_09,test
part_09_record_008112,part_09,train
part_09_record_008113,part_09,train
part_09_record_008114,part_09,train
part_09_record_008115,part_09,train
part_09_record_008116,part_09,train
part_09_record_008117,part_09,train
part_09_record_008118,part_09,train
part_09_record_008119,part_09,train
part_09_record_008120,part_09,train
part_09_record_008121,part_09,test
part_09_record_008122,part_09,train
part_09_record_008123,part_09,train
part_09_record_008124,part_09,val
part_09_record_008125,part_09,train
part_09_record_008126,part_09,val
part_09_record_008127,part_09,train
part_09_record_008128,part_09,train
part_09_record_008129,part_09,train
part_09_record_008130,part_09,train
part_09_record_008131,part_09,test
part_09_record_008132,part_09,train
part_09_record_008133,part_09,train
part_09_record_008134,part_09,val
part_09_record_008135,part_09,train
part_09_record_008136,part_09,test
part_09_record_008137,part_09,train
part_09_record_008138,part_09,train
part_09_record_008139,part_09,train
part_09_record_008140,part_09,train
part_09_record_008141,part_09,train
part_09_record_008142,part_09,train
part_09_record_008143,part_09,train
part_09_record_008144,part_09,train
part_09_record_008145,part_09,train
part_09_record_008146,part_09,train
part_09_record_008147,part_09,train
part_09_record_008148,part_09,train
part_09_record_008149,part_09,val
part_09_record_008150,part_09,train
part_09_record_008151,part_09,test
part_09_record_008152,part_09,train
part_09_record_008153,part_09,test
part_09_record_008154,part_09,train
part_09_record_008155,part_09,test
part_09_record_008156,part_09,test
part_09_record_008157,part_09,train
part_09_record_008158,part_09,train
part_09_record_008159,part_09,train
part_09_record_008160,part_09,train
part_09_record_008161,part_09,train
part_09_record_008162,part_09,train
part_09_record_008163,part_09,test
part_09_record_008164,part_09,train
part_09_record_008165,part_09,test
part_09_record_008166,part_09,train
part_09_record_008167,part_09,train
part_09_record_008168,part_09,train
part_09_record_008169,part_09,train
part_09_record_008170,part_09,train
part_09_record_008171,part_09,train
part_09_record_008172,part_09,train
part_09_record_008173,part_09,test
part_09_record_008174,part_09,test
part_09_record_008175,part_09,val
part_09_record_008176,part_09,test
part_09_record_008177,part_09,train
part_09_record_008178,part_09,train
part_09_record_008179,part_09,train
part_09_record_008180,part_09,val
part_09_record_008181,part_09,train
part_09_record_008182,part_09,train
part_09_record_008183,part_09,val
part_09_record_008184,part_09,train
part_09_record_008185,part_09,train
part_09_record_008186,part_09,train
part_09_record_008187,part_09,val
part_09_record_008188,part_09,train
part_09_record_008189,part_09,train
part_09_record_008190,part_09,val
part_09_record_008191,part_09,test
part_09_record_008192,part_09,train
part_09_record_008193,part_09,train
part_09_record_008194,part_09,train
part_09_record_008195,part_09,test
part_09_record_008196,part_09,test
part_09_record_008197,part_09,train
part_09_record_008198,part_09,train
part_09_record_008199,part_09,train
part_09_record_008200,part_09,val
part_09_record_008201,part_09,train
part_09_record_008202,part_09,train
part_09_record_008203,part_09,test
part_09_record_008204,part_09,train
part_09_record_008205,part_09,train
part_09_record_008206,part_09,train
part_09_record_008207,part_09,train
part_09_record_008208,part_09,train
part_09_record_008209,part_09,test
part_09_record_008210,part_09,train
part_09_record_008211,part_09,val
part_09_record_008212,part_09,train
part_09_record_008213,part_09,val
part_09_record_008214,part_09,test
part_09_record_008215,part_09,train
part_09_record_008216,part_09,train
part_09_record_008217,part_09,train
part_09_record_008218,part_09,train
part_09_record_008219,part_09,train
part_09_record_008220,part_09,val
part_09_record_008221,part_09,test
part_09_record_008222,part_09,train
part_09_record_008223,part_09,train
part_09_record_008224,part_09,train
part_09_record_008225,part_09,val
part_09_record_008226,part_09,train
part_09_record_008227,part_09,test
part_09_record_008228,part_09,val
part_09_record_008229,part_09,test
part_09_record_008230,part_09,train
part_09_record_008231,part_09,test
part_09_record_008232,part_09,train
part_09_record_008233,part_09,test
part_09_record_008234,part_09,train
part_09_record_008235,part_09,val
part_09_record_008236,part_09,train
part_09_record_008237,part_09,train
part_09_record_008238,part_09,train
part_09_record_008239,part_09,test
part_09_record_008240,part_09,train
part_09_record_008241,part_09,train
part_09_record_008242,part_09,train
part_09_record_008243,part_09,train
part_09_record_008244,part_09,train
part_09_record_008245,part_09,val
part_09_record_008246,part_09,test
part_09_record_008247,part_09,train
part_09_record_008248,part_09,train
part_09_record_008249,part_09,train
part_09_record_008250,part_09,train
part_09_record_008251,part_09,train
part_09_record_008252,part_09,train
part_09_record_008253,part_09,train
part_09_record_008254,part_09,train
part_09_record_008255,part_09,train
part_09_record_008256,part_09,train
part_09_record_008257,part_09,train
part_09_record_008258,part_09,train
part_09_record_008259,part_09,test
part_09_record_008260,part_09,val
part_09_record_008261,part_09,train
part_09_record_008262,part_09,train
part_09_record_008263,part_09,train
part_09_record_008264,part_09,train
part_09_record_008265,part_09,val
part_09_record_008266,part_09,train
part_09_record_008267,part_09,val
part_09_record_008268,part_09,train
part_09_record_008269,part_09,train
part_09_record_008270,part_09,train
part_09_record_008271,part_09,train
part_09_record_008272,part_09,train
part_09_record_008273,part_09,train
part_09_record_008274,part_09,train
part_09_record_008275,part_09,train
part_09_record_008276,part_09,val
part_09_record_008277,part_09,train
part_09_record_008278,part_09,val
part_09_record_008279,part_09,train
part_09_record_008280,part_09,train
part_09_record_008281,part_09,train
part_09_record_008282,part_09,train
part_09_record_008283,part_09,train
part_09_record_008284,part_09,train
part_09_record_008285,part_09,train
part_09_record_008286,part_09,train
part_09_record_008287,part_09,val
part_09_record_008288,part_09,train
part_09_record_008289,part_09,train
part_09_record_008290,part_09,train
part_09_record_008291,part_09,train
part_09_record_008292,part_09,train
part_09_record_008293,part_09,train
part_09_record_008294,part_09,train
part_09_record_008295,part_09,train
part_09_record_008296,part_09,train
part_09_record_008297,part_09,train
part_09_record_008298,part_09,train
part_09_record_008299,part_09,train
part_09_record_008300,part_09,train
part_09_record_008301,part_09,train
part_09_record_008302,part_09,train
part_09_record_008303,part_09,train
part_09_record_008304,part_09,train
part_09_record_008305,part_09,train
part_09_record_008306,part_09,train
part_09_record_008307,part_09,test
part_09_record_008308,part_09,val
part_09_record_008309,part_09,test
part_09_record_008310,part_09,train
part_09_record_008311,part_09,train
part_09_record_008312,part_09,test
part_09_record_008313,part_09,train
part_09_record_008314,part_09,train
part_09_record_008315,part_09,train
part_09_record_008316,part_09,val
part_09_record_008317,part_09,train
part_09_record_008318,part_09,train
part_09_record_008319,part_09,train
part_09_record_008320,part_09,test
part_09_record_008321,part_09,val
part_09_record_008322,part_09,val
part_09_record_008323,part_09,test
part_09_record_008324,part_09,train
part_09_record_008325,part_09,train
part_09_record_008326,part_09,val
part_09_record_008327,part_09,train
part_09_record_008328,part_09,train
part_09_record_008329,part_09,train
part_09_record_008330,part_09,val
part_09_record_008331,part_09,train
part_09_record_008332,part_09,train
part_09_record_008333,part_09,train
part_09_record_008334,part_09,val
part_09_record_008335,part_09,train
part_09_record_008336,part_09,test
part_09_record_008337,part_09,train
part_09_record_008338,part_09,train
part_09_record_008339,part_09,test
part_09_record_008340,part_09,train
part_09_record_008341,part_09,test
part_09_record_008342,part_09,train
part_09_record_008343,part_09,train
part_09_record_008344,part_09,train
part_09_record_008345,part_09,train
part_09_record_008346,part_09,val
part_09_record_008347,part_09,train
part_09_record_008348,part_09,train
part_09_record_008349,part_09,train
part_09_record_008350,part_09,train
part_09_record_008351,part_09,val
part_09_record_008352,part_09,train
part_09_record_008353,part_09,test
part_09_record_008354,part_09,val
part_09_record_008355,part_09,train
part_09_record_008356,part_09,train
part_09_record_008357,part_09,test
part_09_record_008358,part_09,test
part_09_record_008359,part_09,train
part_09_record_008360,part_09,train
part_09_record_008361,part_09,train
part_09_record_008362,part_09,train
part_09_record_008363,part_09,train
part_09_record_008364,part_09,test
part_09_record_008365,part_09,train
part_09_record_008366,part_09,val
part_09_record_008367,part_09,train
part_09_record_008368,part_09,train
part_09_record_008369,part_09,train
part_09_record_008370,part_09,train
part_09_record_008371,part_09,train
part_09_record_008372,part_09,train
part_09_record_008373,part_09,train
part_09_record_008374,part_09,train
part_09_record_008375,part_09,train
part_09_record_008376,part_09,train
part_09_record_008377,part_09,train
part_09_record_008378,part_09,train
part_09_record_008379,part_09,test
part_09_record_008380,part_09,train
part_09_record_008381,part_09,train
part_09_record_008382,part_09,val
part_09_record_008383,part_09,train
part_09_record_008384,part_09,train
part_09_record_008385,part_09,train
part_09_record_008386,part_09,train
part_09_record_008387,part_09,val
part_09_record_008388,part_09,train
part_09_record_008389,part_09,train
part_09_record_008390,part_09,test
part_09_record_008391,part_09,train
part_09_record_008392,part_09,train
part_09_record_008393,part_09,test
part_09_record_008394,part_09,test
part_09_record_008395,part_09,train
part_09_record_008396,part_09,train
part_09_record_008397,part_09,train
part_09_record_008398,part_09,train
part_09_record_008399,part_09,train
part_09_record_008400,part_09,train
part_09_record_008401,part_09,train
part_09_record_008402,part_09,train
part_09_record_008403,part_09,train
part_09_record_008404,part_09,train
part_09_record_008405,part_09,train
part_09_record_008406,part_09,train
part_09_record_008407,part_09,train
part_09_record_008408,part_09,test
part_09_record_008409,part_09,train
part_09_record_008410,part_09,train
part_09_record_008411,part_09,train
part_09_record_008412,part_09,train
part_09_record_008413,part_09,train
part_09_record_008414,part_09,train
part_09_record_008415,part_09,train
part_09_record_008416,part_09,test
part_09_record_008417,part_09,train
part_09_record_008418,part_09,train
part_09_record_008419,part_09,val
part_09_record_008420,part_09,train
part_09_record_008421,part_09,train
part_09_record_008422,part_09,train
part_09_record_008423,part_09,train
part_09_record_008424,part_09,train
part_09_record_008425,part_09,train
part_09_record_008426,part_09,train
part_09_record_008427,part_09,train
part_09_record_008428,part_09,test
part_09_record_008429,part_09,test
part_09_record_008430,part_09,val
part_09_record_008431,part_09,train
part_09_record_008432,part_09,train
part_09_record_008433,part_09,train
part_09_record_008434,part_09,test
part_09_record_008435,part_09,test
part_09_record_008436,part_09,val
part_09_record_008437,part_09,test
part_09_record_008438,part_09,train
part_09_record_008439,part_09,val
part_09_record_008440,part_09,train
part_09_record_008441,part_09,train
part_09_record_008442,part_09,train
part_09_record_008443,part_09,val
part_09_record_008444,part_09,train
part_09_record_008445,part_09,train
part_09_record_008446,part_09,test
part_09_record_008447,part_09,train
part_09_record_008448,part_09,train
part_09_record_008449,part_09,val
part_09_record_008450,part_09,train
part_09_record_008451,part_09,train
part_09_record_008452,part_09,train
part_09_record_008453,part_09,train
part_09_record_008454,part_09,val
part_09_record_008455,part_09,train
part_09_record_008456,part_09,train
part_09_record_008457,part_09,train
part_09_record_008458,part_09,train
part_09_record_008459,part_09,val
part_09_record_008460,part_09,train
part_09_record_008461,part_09,train
part_09_record_008462,part_09,val
part_09_record_008463,part_09,train
part_09_record_008464,part_09,train
part_09_record_008465,part_09,train
part_09_record_008466,part_09,test
part_09_record_008467,part_09,train
part_09_record_008468,part_09,val
part_09_record_008469,part_09,train
part_09_record_008470,part_09,train
part_09_record_008471,part_09,train
part_09_record_008472,part_09,train
part_09_record_008473,part_09,test
part_09_record_008474,part_09,train
part_09_record_008475,part_09,val
part_09_record_008476,part_09,train
part_09_record_008477,part_09,test
part_09_record_008478,part_09,test
part_09_record_008479,part_09,train
part_09_record_008480,part_09,train
part_09_record_008481,part_09,train
part_09_record_008482,part_09,train
part_09_record_008483,part_09,train
part_09_record_008484,part_09,train
part_09_record_008485,part_09,train
part_09_record_008486,part_09,train
part_09_record_008487,part_09,train
part_09_record_008488,part_09,train
part_09_record_008489,part_09,train
part_09_record_008490,part_09,train
part_09_record_008491,part_09,train
part_09_record_008492,part_09,val
part_09_record_008493,part_09,train
part_09_record_008494,part_09,train
part_09_record_008495,part_09,train
part_09_record_008496,part_09,train
part_09_record_008497,part_09,train
part_09_record_008498,part_09,train
part_09_record_008499,part_09,train
part_09_record_008500,part_09,train
part_09_record_008501,part_09,train
part_09_record_008502,part_09,train
part_09_record_008503,part_09,test
part_09_record_008504,part_09,val
part_09_record_008505,part_09,train
part_09_record_008506,part_09,val
part_09_record_008507,part_09,val
part_09_record_008508,part_09,train
part_09_record_008509,part_09,val
part_09_record_008510,part_09,train
part_09_record_008511,part_09,train
part_09_record_008512,part_09,train
part_09_record_008513,part_09,test
part_09_record_008514,part_09,train
part_09_record_008515,part_09,train
part_09_record_008516,part_09,train
part_09_record_008517,part_09,train
part_09_record_008518,part_09,train
part_09_record_008519,part_09,train
part_09_record_008520,part_09,test
part_09_record_008521,part_09,train
part_09_record_008522,part_09,train
part_09_record_008523,part_09,train
part_09_record_008524,part_09,train
part_09_record_008525,part_09,train
part_09_record_008526,part_09,train
part_09_record_008527,part_09,train
part_09_record_008528,part_09,test
part_09_record_008529,part_09,train
part_09_record_008530,part_09,test
part_09_record_008531,part_09,train
part_09_record_008532,part_09,train
part_09_record_008533,part_09,train
part_09_record_008534,part_09,test
part_09_record_008535,part_09,val
part_09_record_008536,part_09,val
part_09_record_008537,part_09,train
part_09_record_008538,part_09,train
part_09_record_008539,part_09,train
part_09_record_008540,part_09,train
part_09_record_008541,part_09,train
part_09_record_008542,part_09,train
part_09_record_008543,part_09,train
part_09_record_008544,part_09,train
part_09_record_008545,part_09,train
part_09_record_008546,part_09,train
part_09_record_008547,part_09,train
part_09_record_008548,part_09,val
part_09_record_008549,part_09,train
part_09_record_008550,part_09,test
part_09_record_008551,part_09,train
part_09_record_008552,part_09,val
part_09_record_008553,part_09,train
part_09_record_008554,part_09,val
part_09_record_008555,part_09,test
part_09_record_008556,part_09,val
part_09_record_008557,part_09,val
part_09_record_008558,part_09,train
part_09_record_008559,part_09,train
part_09_record_008560,part_09,train
part_09_record_008561,part_09,train
part_09_record_008562,part_09,val
part_09_record_008563,part_09,val
part_09_record_008564,part_09,train
part_09_record_008565,part_09,val
part_09_record_008566,part_09,train
part_09_record_008567,part_09,val
part_09_record_008568,part_09,test
part_09_record_008569,part_09,train
part_09_record_008570,part_09,val
part_09_record_008571,part_09,train
part_09_record_008572,part_09,test
part_09_record_008573,part_09,train
part_09_record_008574,part_09,train
part_09_record_008575,part_09,train
part_09_record_008576,part_09,train
part_09_record_008577,part_09,train
part_09_record_008578,part_09,test
part_09_record_008579,part_09,val
part_09_record_008580,part_09,train
part_09_record_008581,part_09,test
part_09_record_008582,part_09,val
part_09_record_008583,part_09,train
part_09_record_008584,part_09,train
part_09_record_008585,part_09,train
part_09_record_008586,part_09,train
part_09_record_008587,part_09,test
part_09_record_008588,part_09,train
part_09_record_008589,part_09,val
part_09_record_008590,part_09,train
part_09_record_008591,part_09,val
part_09_record_008592,part_09,val
part_09_record_008593,part_09,test
part_09_record_008594,part_09,train
part_09_record_008595,part_09,train
part_09_record_008596,part_09,val
part_09_record_008597,part_09,train
part_09_record_008598,part_09,val
part_09_record_008599,part_09,train
part_09_record_008600,part_09,val
part_09_record_008601,part_09,train
part_09_record_008602,part_09,val
part_09_record_008603,part_09,train
part_09_record_008604,part_09,train
part_09_record_008605,part_09,train
part_09_record_008606,part_09,val
part_09_record_008607,part_09,train
part_09_record_008608,part_09,train
part_09_record_008609,part_09,train
part_09_record_008610,part_09,test
part_09_record_008611,part_09,train
part_09_record_008612,part_09,val
part_09_record_008613,part_09,train
part_09_record_008614,part_09,train
part_09_record_008615,part_09,train
part_09_record_008616,part_09,train
part_09_record_008617,part_09,val
part_09_record_008618,part_09,train
part_09_record_008619,part_09,train
part_09_record_008620,part_09,val
part_09_record_008621,part_09,train
part_09_record_008622,part_09,train
part_09_record_008623,part_09,train
part_09_record_008624,part_09,test
part_09_record_008625,part_09,train
part_09_record_008626,part_09,train
part_09_record_008627,part_09,train
part_09_record_008628,part_09,train
part_09_record_008629,part_09,train
part_09_record_008630,part_09,train
part_09_record_008631,part_09,train
part_09_record_008632,part_09,train
part_09_record_008633,part_09,val
part_09_record_008634,part_09,test
part_09_record_008635,part_09,train
part_09_record_008636,part_09,train
part_09_record_008637,part_09,val
part_09_record_008638,part_09,train
part_09_record_008639,part_09,train
part_09_record_008640,part_09,train
part_09_record_008641,part_09,train
part_09_record_008642,part_09,train
part_09_record_008643,part_09,train
part_09_record_008644,part_09,train
part_09_record_008645,part_09,train
part_09_record_008646,part_09,train
part_09_record_008647,part_09,test
part_09_record_008648,part_09,test
part_09_record_008649,part_09,val
part_09_record_008650,part_09,train
part_09_record_008651,part_09,train
part_09_record_008652,part_09,train
part_09_record_008653,part_09,val
part_09_record_008654,part_09,train
part_09_record_008655,part_09,val
part_09_record_008656,part_09,train
part_09_record_008657,part_09,val
part_09_record_008658,part_09,train
part_09_record_008659,part_09,train
part_09_record_008660,part_09,test
part_09_record_008661,part_09,train
part_09_record_008662,part_09,train
part_09_record_008663,part_09,test
part_09_record_008664,part_09,train
part_09_record_008665,part_09,train
part_09_record_008666,part_09,train
part_09_record_008667,part_09,test
part_09_record_008668,part_09,val
part_09_record_008669,part_09,train
part_09_record_008670,part_09,test
part_09_record_008671,part_09,train
part_09_record_008672,part_09,train
part_09_record_008673,part_09,train
part_09_record_008674,part_09,train
part_09_record_008675,part_09,train
part_09_record_008676,part_09,train
part_09_record_008677,part_09,val
part_09_record_008678,part_09,train
part_09_record_008679,part_09,train
part_09_record_008680,part_09,train
part_09_record_008681,part_09,test
part_09_record_008682,part_09,train
part_09_record_008683,part_09,train
part_09_record_008684,part_09,train
part_09_record_008685,part_09,test
part_09_record_008686,part_09,train
part_09_record_008687,part_09,val
part_09_record_008688,part_09,val
part_09_record_008689,part_09,train
part_09_record_008690,part_09,train
part_09_record_008691,part_09,train
part_09_record_008692,part_09,test
part_09_record_008693,part_09,train
part_09_record_008694,part_09,train
part_09_record_008695,part_09,val
part_09_record_008696,part_09,train
part_09_record_008697,part_09,train
part_09_record_008698,part_09,train
part_09_record_008699,part_09,train
part_09_record_008700,part_09,train
part_09_record_008701,part_09,train
part_09_record_008702,part_09,train
part_09_record_008703,part_09,test
part_09_record_008704,part_09,train
part_09_record_008705,part_09,train
part_09_record_008706,part_09,test
part_09_record_008707,part_09,val
part_09_record_008708,part_09,test
part_09_record_008709,part_09,train
part_09_record_008710,part_09,train
part_09_record_008711,part_09,train
part_09_record_008712,part_09,test
part_09_record_008713,part_09,test
part_09_record_008714,part_09,train
part_09_record_008715,part_09,val
part_09_record_008716,part_09,train
part_09_record_008717,part_09,test
part_09_record_008718,part_09,test
part_09_record_008719,part_09,val
part_09_record_008720,part_09,train
part_09_record_008721,part_09,train
part_09_record_008722,part_09,train
part_09_record_008723,part_09,val
part_09_record_008724,part_09,train
part_09_record_008725,part_09,train
part_09_record_008726,part_09,train
part_09_record_008727,part_09,train
part_09_record_008728,part_09,train
part_09_record_008729,part_09,train
part_09_record_008730,part_09,train
part_09_record_008731,part_09,train
part_09_record_008732,part_09,train
part_09_record_008733,part_09,train
part_09_record_008734,part_09,val
part_09_record_008735,part_09,val
part_09_record_008736,part_09,train
part_09_record_008737,part_09,train
part_09_record_008738,part_09,val
part_09_record_008739,part_09,val
part_09_record_008740,part_09,val
part_09_record_008741,part_09,train
part_09_record_008742,part_09,train
part_09_record_008743,part_09,train
part_09_record_008744,part_09,train
part_09_record_008745,part_09,train
part_09_record_008746,part_09,train
part_09_record_008747,part_09,train
part_09_record_008748,part_09,train
part_09_record_008749,part_09,val
part_09_record_008750,part_09,train
part_09_record_008751,part_09,train
part_09_record_008752,part_09,train
part_09_record_008753,part_09,train
part_09_record_008754,part_09,train
part_09_record_008755,part_09,test
part_09_record_008756,part_09,test
part_09_record_008757,part_09,train
part_09_record_008758,part_09,train
part_09_record_008759,part_09,train
part_09_record_008760,part_09,train
part_09_record_008761,part_09,train
part_09_record_008762,part_09,train
part_09_record_008763,part_09,train
part_09_record_008764,part_09,train
part_09_record_008765,part_09,train
part_09_record_008766,part_09,train
part_09_record_008767,part_09,test
part_09_record_008768,part_09,val
part_09_record_008769,part_09,train
part_09_record_008770,part_09,train
part_09_record_008771,part_09,val
part_09_record_008772,part_09,train
part_09_record_008773,part_09,train
part_09_record_008774,part_09,train
part_09_record_008775,part_09,train
part_09_record_008776,part_09,train
part_09_record_008777,part_09,train
part_09_record_008778,part_09,train
part_09_record_008779,part_09,train
part_09_record_008780,part_09,train
part_09_record_008781,part_09,test
part_09_record_008782,part_09,train
part_09_record_008783,part_09,test
part_09_record_008784,part_09,test
part_09_record_008785,part_09,train
part_09_record_008786,part_09,val
part_09_record_008787,part_09,train
part_09_record_008788,part_09,test
part_09_record_008789,part_09,train
part_09_record_008790,part_09,val
part_09_record_008791,part_09,train
part_09_record_008792,part_09,train
part_09_record_008793,part_09,test
part_09_record_008794,part_09,train
part_09_record_008795,part_09,train
part_09_record_008796,part_09,test
part_09_record_008797,part_09,train
part_09_record_008798,part_09,train
part_09_record_008799,part_09,train
part_09_record_008800,part_09,val
part_09_record_008801,part_09,test
part_09_record_008802,part_09,test
part_09_record_008803,part_09,train
part_09_record_008804,part_09,train
part_09_record_008805,part_09,val
part_09_record_008806,part_09,train
part_09_record_008807,part_09,train
part_09_record_008808,part_09,train
part_09_record_008809,part_09,test
part_09_record_008810,part_09,train
part_09_record_008811,part_09,train
part_09_record_008812,part_09,train
part_09_record_008813,part_09,train
part_09_record_008814,part_09,train
part_09_record_008815,part_09,train
part_09_record_008816,part_09,test
part_09_record_008817,part_09,train
part_09_record_008818,part_09,train
part_09_record_008819,part_09,train
part_09_record_008820,part_09,train
part_09_record_008821,part_09,test
part_09_record_008822,part_09,train
part_09_record_008823,part_09,train
part_09_record_008824,part_09,train
part_09_record_008825,part_09,train
part_09_record_008826,part_09,train
part_09_record_008827,part_09,train
part_09_record_008828,part_09,val
part_09_record_008829,part_09,train
part_09_record_008830,part_09,train
part_09_record_008831,part_09,train
part_09_record_008832,part_09,val
part_09_record_008833,part_09,train
part_09_record_008834,part_09,train
part_09_record_008835,part_09,train
part_09_record_008836,part_09,train
part_09_record_008837,part_09,train
part_09_record_008838,part_09,test
part_09_record_008839,part_09,test
part_09_record_008840,part_09,train
part_09_record_008841,part_09,train
part_09_record_008842,part_09,val
part_09_record_008843,part_09,train
part_09_record_008844,part_09,val
part_09_record_008845,part_09,train
part_09_record_008846,part_09,val
part_09_record_008847,part_09,train
part_09_record_008848,part_09,train
part_09_record_008849,part_09,val
part_09_record_008850,part_09,train
part_09_record_008851,part_09,train
part_09_record_008852,part_09,train
part_09_record_008853,part_09,train
part_09_record_008854,part_09,val
part_09_record_008855,part_09,train
part_09_record_008856,part_09,train
part_09_record_008857,part_09,val
part_09_record_008858,part_09,train
part_09_record_008859,part_09,train
part_09_record_008860,part_09,train
part_09_record_008861,part_09,train
part_09_record_008862,part_09,train
part_09_record_008863,part_09,train
part_09_record_008864,part_09,train
part_09_record_008865,part_09,train
part_09_record_008866,part_09,test
part_09_record_008867,part_09,train
part_09_record_008868,part_09,test
part_09_record_008869,part_09,val
part_09_record_008870,part_09,train
part_09_record_008871,part_09,train
part_09_record_008872,part_09,train
part_09_record_008873,part_09,train
part_09_record_008874,part_09,train
part_09_record_008875,part_09,train
part_09_record_008876,part_09,train
part_09_record_008877,part_09,train
part_09_record_008878,part_09,train
part_09_record_008879,part_09,train
part_09_record_008880,part_09,train
part_09_record_008881,part_09,train
part_09_record_008882,part_09,train
part_09_record_008883,part_09,train
part_09_record_008884,part_09,train
part_09_record_008885,part_09,test
part_09_record_008886,part_09,train
part_09_record_008887,part_09,train
part_09_record_008888,part_09,train
part_09_record_008889,part_09,train
part_09_record_008890,part_09,train
part_09_record_008891,part_09,train
part_09_record_008892,part_09,train
part_09_record_008893,part_09,train
part_09_record_008894,part_09,train
part_09_record_008895,part_09,val
part_09_record_008896,part_09,val
part_09_record_008897,part_09,test
part_09_record_008898,part_09,train
part_09_record_008899,part_09,train
part_09_record_008900,part_09,train
part_09_record_008901,part_09,val
part_09_record_008902,part_09,test
part_09_record_008903,part_09,train
part_09_record_008904,part_09,train
part_09_record_008905,part_09,train
part_09_record_008906,part_09,test
part_09_record_008907,part_09,val
part_09_record_008908,part_09,val
part_09_record_008909,part_09,train
part_09_record_008910,part_09,train
part_09_record_008911,part_09,train
part_09_record_008912,part_09,train
part_09_record_008913,part_09,train
part_09_record_008914,part_09,train
part_09_record_008915,part_09,test
part_09_record_008916,part_09,test
part_09_record_008917,part_09,val
part_09_record_008918,part_09,train
part_09_record_008919,part_09,train
part_09_record_008920,part_09,train
part_09_record_008921,part_09,test
part_09_record_008922,part_09,val
part_09_record_008923,part_09,train
part_09_record_008924,part_09,train
part_09_record_008925,part_09,test
part_09_record_008926,part_09,train
part_09_record_008927,part_09,train
part_09_record_008928,part_09,val
part_09_record_008929,part_09,train
part_09_record_008930,part_09,train
part_09_record_008931,part_09,test
part_09_record_008932,part_09,train
part_09_record_008933,part_09,test
part_09_record_008934,part_09,train
part_09_record_008935,part_09,train
part_09_record_008936,part_09,val
part_09_record_008937,part_09,train
part_09_record_008938,part_09,train
part_09_record_008939,part_09,train
part_09_record_008940,part_09,val
part_09_record_008941,part_09,val
part_09_record_008942,part_09,val
part_09_record_008943,part_09,test
part_09_record_008944,part_09,train
part_09_record_008945,part_09,train
part_09_record_008946,part_09,test
part_09_record_008947,part_09,val
part_09_record_008948,part_09,train
part_09_record_008949,part_09,train
part_09_record_008950,part_09,train
part_09_record_008951,part_09,train
part_09_record_008952,part_09,val
part_09_record_008953,part_09,train
part_09_record_008954,part_09,train
part_09_record_008955,part_09,test
part_09_record_008956,part_09,train
part_09_record_008957,part_09,train
part_09_record_008958,part_09,train
part_09_record_008959,part_09,test
part_09_record_008960,part_09,train
part_09_record_008961,part_09,train
part_09_record_008962,part_09,train
part_09_record_008963,part_09,train
part_09_record_008964,part_09,train
part_09_record_008965,part_09,val
part_09_record_008966,part_09,train
part_09_record_008967,part_09,test
part_09_record_008968,part_09,test
part_09_record_008969,part_09,train
part_09_record_008970,part_09,train
part_09_record_008971,part_09,train
part_09_record_008972,part_09,val
part_09_record_008973,part_09,train
part_09_record_008974,part_09,train
part_09_record_008975,part_09,train
part_09_record_008976,part_09,train
part_09_record_008977,part_09,train
part_09_record_008978,part_09,train
part_09_record_008979,part_09,train
part_09_record_008980,part_09,train
part_09_record_008981,part_09,val
part_09_record_008982,part_09,train
part_09_record_008983,part_09,train
part_09_record_008984,part_09,train
part_09_record_008985,part_09,test
part_09_record_008986,part_09,train
part_09_record_008987,part_09,train
part_09_record_008988,part_09,test
part_09_record_008989,part_09,train
part_09_record_008990,part_09,test
part_09_record_008991,part_09,train
part_09_record_008992,part_09,train
part_09_record_008993,part_09,train
part_09_record_008994,part_09,train
part_09_record_008995,part_09,train
part_09_record_008996,part_09,train
part_09_record_008997,part_09,test
part_09_record_008998,part_09,train
part_09_record_008999,part_09,train
part_09_record_009000,part_09,train
part_10_record_009001,part_10,train
part_10_record_009002,part_10,train
part_10_record_009003,part_10,train
part_10_record_009004,part_10,train
part_10_record_009005,part_10,train
part_10_record_009006,part_10,test
part_10_record_009007,part_10,train
part_10_record_009008,part_10,test
part_10_record_009009,part_10,train
part_10_record_009010,part_10,train
part_10_record_009011,part_10,train
part_10_record_009012,part_10,val
part_10_record_009013,part_10,train
part_10_record_009014,part_10,val
part_10_record_009015,part_10,train
part_10_record_009016,part_10,train
part_10_record_009017,part_10,train
part_10_record_009018,part_10,test
part_10_record_009019,part_10,test
part_10_record_009020,part_10,train
part_10_record_009021,part_10,train
part_10_record_009022,part_10,train
part_10_record_009023,part_10,train
part_10_record_009024,part_10,train
part_10_record_009025,part_10,train
part_10_record_009026,part_10,val
part_10_record_009027,part_10,train
part_10_record_009028,part_10,train
part_10_record_009029,part_10,val
part_10_record_009030,part_10,train
part_10_record_009031,part_10,train
part_10_record_009032,part_10,val
part_10_record_009033,part_10,val
part_10_record_009034,part_10,train
part_10_record_009035,part_10,train
part_10_record_009036,part_10,train
part_10_record_009037,part_10,train
part_10_record_009038,part_10,train
part_10_record_009039,part_10,train
part_10_record_009040,part_10,train
part_10_record_009041,part_10,train
part_10_record_009042,part_10,test
part_10_record_009043,part_10,val
part_10_record_009044,part_10,train
part_10_record_009045,part_10,train
part_10_record_009046,part_10,train
part_10_record_009047,part_10,val
part_10_record_009048,part_10,val
part_10_record_009049,part_10,train
part_10_record_009050,part_10,train
part_10_record_009051,part_10,val
part_10_record_009052,part_10,train
part_10_record_009053,part_10,train
part_10_record_009054,part_10,train
part_10_record_009055,part_10,train
part_10_record_009056,part_10,train
part_10_record_009057,part_10,train
part_10_record_009058,part_10,train
part_10_record_009059,part_10,train
part_10_record_009060,part_10,train
part_10_record_009061,part_10,train
part_10_record_009062,part_10,train
part_10_record_009063,part_10,test
part_10_record_009064,part_10,train
part_10_record_009065,part_10,test
part_10_record_009066,part_10,train
part_10_record_009067,part_10,train
part_10_record_009068,part_10,val
part_10_record_009069,part_10,train
part_10_record_009070,part_10,train
part_10_record_009071,part_10,train
part_10_record_009072,part_10,train
part_10_record_009073,part_10,train
part_10_record_009074,part_10,train
part_10_record_009075,part_10,val
part_10_record_009076,part_10,train
part_10_record_009077,part_10,test
part_10_record_009078,part_10,test
part_10_record_009079,part_10,test
part_10_record_009080,part_10,train
part_10_record_009081,part_10,train
part_10_record_009082,part_10,train
part_10_record_009083,part_10,train
part_10_record_009084,part_10,train
part_10_record_009085,part_10,train
part_10_record_009086,part_10,train
part_10_record_009087,part_10,test
part_10_record_009088,part_10,test
part_10_record_009089,part_10,train
part_10_record_009090,part_10,train
part_10_record_009091,part_10,train
part_10_record_009092,part_10,test
part_10_record_009093,part_10,val
part_10_record_009094,part_10,test
part_10_record_009095,part_10,val
part_10_record_009096,part_10,train
part_10_record_009097,part_10,train
part_10_record_009098,part_10,train
part_10_record_009099,part_10,test
part_10_record_009100,part_10,train
part_10_record_009101,part_10,train
part_10_record_009102,part_10,train
part_10_record_009103,part_10,train
part_10_record_009104,part_10,train
part_10_record_009105,part_10,train
part_10_record_009106,part_10,test
part_10_record_009107,part_10,test
part_10_record_009108,part_10,val
part_10_record_009109,part_10,val
part_10_record_009110,part_10,test
part_10_record_009111,part_10,val
part_10_record_009112,part_10,test
part_10_record_009113,part_10,train
part_10_record_009114,part_10,train
part_10_record_009115,part_10,val
part_10_record_009116,part_10,train
part_10_record_009117,part_10,val
part_10_record_009118,part_10,train
part_10_record_009119,part_10,train
part_10_record_009120,part_10,train
part_10_record_009121,part_10,train
part_10_record_009122,part_10,train
part_10_record_009123,part_10,val
part_10_record_009124,part_10,train
part_10_record_009125,part_10,train
part_10_record_009126,part_10,train
part_10_record_009127,part_10,test
part_10_record_009128,part_10,test
part_10_record_009129,part_10,train
part_10_record_009130,part_10,val
part_10_record_009131,part_10,test
part_10_record_009132,part_10,val
part_10_record_009133,part_10,train
part_10_record_009134,part_10,train
part_10_record_009135,part_10,train
part_10_record_009136,part_10,val
part_10_record_009137,part_10,train
part_10_record_009138,part_10,train
part_10_record_009139,part_10,test
part_10_record_009140,part_10,train
part_10_record_009141,part_10,val
part_10_record_009142,part_10,train
part_10_record_009143,part_10,train
part_10_record_009144,part_10,train
part_10_record_009145,part_10,train
part_10_record_009146,part_10,train
part_10_record_009147,part_10,test
part_10_record_009148,part_10,train
part_10_record_009149,part_10,train
part_10_record_009150,part_10,val
part_10_record_009151,part_10,train
part_10_record_009152,part_10,test
part_10_record_009153,part_10,train
part_10_record_009154,part_10,val
part_10_record_009155,part_10,val
part_10_record_009156,part_10,test
part_10_record_009157,part_10,train
part_10_record_009158,part_10,train
part_10_record_009159,part_10,train
part_10_record_009160,part_10,train
part_10_record_009161,part_10,val
part_10_record_009162,part_10,val
part_10_record_009163,part_10,train
part_10_record_009164,part_10,test
part_10_record_009165,part_10,train
part_10_record_009166,part_10,train
part_10_record_009167,part_10,train
part_10_record_009168,part_10,test
part_10_record_009169,part_10,train
part_10_record_009170,part_10,train
part_10_record_009171,part_10,val
part_10_record_009172,part_10,val
part_10_record_009173,part_10,val
part_10_record_009174,part_10,train
part_10_record_009175,part_10,train
part_10_record_009176,part_10,test
part_10_record_009177,part_10,train
part_10_record_009178,part_10,val
part_10_record_009179,part_10,train
part_10_record_009180,part_10,test
part_10_record_009181,part_10,train
part_10_record_009182,part_10,test
part_10_record_009183,part_10,train
part_10_record_009184,part_10,test
part_10_record_009185,part_10,test
part_10_record_009186,part_10,train
part_10_record_009187,part_10,train
part_10_record_009188,part_10,train
part_10_record_009189,part_10,train
part_10_record_009190,part_10,train
part_10_record_009191,part_10,train
part_10_record_009192,part_10,train
part_10_record_009193,part_10,train
part_10_record_009194,part_10,train
part_10_record_009195,part_10,train
part_10_record_009196,part_10,train
part_10_record_009197,part_10,val
part_10_record_009198,part_10,train
part_10_record_009199,part_10,val
part_10_record_009200,part_10,train
part_10_record_009201,part_10,val
part_10_record_009202,part_10,train
part_10_record_009203,part_10,train
part_10_record_009204,part_10,val
part_10_record_009205,part_10,test
part_10_record_009206,part_10,train
part_10_record_009207,part_10,val
part_10_record_009208,part_10,test
part_10_record_009209,part_10,test
part_10_record_009210,part_10,train
part_10_record_009211,part_10,val
part_10_record_009212,part_10,val
part_10_record_009213,part_10,train
part_10_record_009214,part_10,train
part_10_record_009215,part_10,train
part_10_record_009216,part_10,val
part_10_record_009217,part_10,train
part_10_record_009218,part_10,train
part_10_record_009219,part_10,val
part_10_record_009220,part_10,train
part_10_record_009221,part_10,train
part_10_record_009222,part_10,train
part_10_record_009223,part_10,train
part_10_record_009224,part_10,val
part_10_record_009225,part_10,train
part_10_record_009226,part_10,train
part_10_record_009227,part_10,train
part_10_record_009228,part_10,val
part_10_record_009229,part_10,val
part_10_record_009230,part_10,train
part_10_record_009231,part_10,val
part_10_record_009232,part_10,train
part_10_record_009233,part_10,val
part_10_record_009234,part_10,train
part_10_record_009235,part_10,train
part_10_record_009236,part_10,val
part_10_record_009237,part_10,train
part_10_record_009238,part_10,train
part_10_record_009239,part_10,train
part_10_record_009240,part_10,train
part_10_record_009241,part_10,train
part_10_record_009242,part_10,train
part_10_record_009243,part_10,train
part_10_record_009244,part_10,train
part_10_record_009245,part_10,train
part_10_record_009246,part_10,train
part_10_record_009247,part_10,train
part_10_record_009248,part_10,train
part_10_record_009249,part_10,train
part_10_record_009250,part_10,train
part_10_record_009251,part_10,train
part_10_record_009252,part_10,train
part_10_record_009253,part_10,val
part_10_record_009254,part_10,train
part_10_record_009255,part_10,val
part_10_record_009256,part_10,train
part_10_record_009257,part_10,train
part_10_record_009258,part_10,val
part_10_record_009259,part_10,train
part_10_record_009260,part_10,val
part_10_record_009261,part_10,train
part_10_record_009262,part_10,train
part_10_record_009263,part_10,train
part_10_record_009264,part_10,train
part_10_record_009265,part_10,train
part_10_record_009266,part_10,train
part_10_record_009267,part_10,train
part_10_record_009268,part_10,train
part_10_record_009269,part_10,test
part_10_record_009270,part_10,train
part_10_record_009271,part_10,train
part_10_record_009272,part_10,train
part_10_record_009273,part_10,train
part_10_record_009274,part_10,test
part_10_record_009275,part_10,test
part_10_record_009276,part_10,val
part_10_record_009277,part_10,train
part_10_record_009278,part_10,train
part_10_record_009279,part_10,train
part_10_record_009280,part_10,train
part_10_record_009281,part_10,train
part_10_record_009282,part_10,train
part_10_record_009283,part_10,train
part_10_record_009284,part_10,val
part_10_record_009285,part_10,train
part_10_record_009286,part_10,val
part_10_record_009287,part_10,val
part_10_record_009288,part_10,train
part_10_record_009289,part_10,train
part_10_record_009290,part_10,train
part_10_record_009291,part_10,train
part_10_record_009292,part_10,train
part_10_record_009293,part_10,val
part_10_record_009294,part_10,train
part_10_record_009295,part_10,train
part_10_record_009296,part_10,train
part_10_record_009297,part_10,train
part_10_record_009298,part_10,train
part_10_record_009299,part_10,train
part_10_record_009300,part_10,val
part_10_record_009301,part_10,train
part_10_record_009302,part_10,train
part_10_record_009303,part_10,train
part_10_record_009304,part_10,train
part_10_record_009305,part_10,val
part_10_record_009306,part_10,train
part_10_record_009307,part_10,train
part_10_record_009308,part_10,train
part_10_record_009309,part_10,train
part_10_record_009310,part_10,train
part_10_record_009311,part_10,test
part_10_record_009312,part_10,train
part_10_record_009313,part_10,val
part_10_record_009314,part_10,train
part_10_record_009315,part_10,train
part_10_record_009316,part_10,train
part_10_record_009317,part_10,train
part_10_record_009318,part_10,train
part_10_record_009319,part_10,train
part_10_record_009320,part_10,train
part_10_record_009321,part_10,train
part_10_record_009322,part_10,train
part_10_record_009323,part_10,train
part_10_record_009324,part_10,test
part_10_record_009325,part_10,val
part_10_record_009326,part_10,val
part_10_record_009327,part_10,train
part_10_record_009328,part_10,train
part_10_record_009329,part_10,test
part_10_record_009330,part_10,train
part_10_record_009331,part_10,train
part_10_record_009332,part_10,test
part_10_record_009333,part_10,train
part_10_record_009334,part_10,test
part_10_record_009335,part_10,train
part_10_record_009336,part_10,train
part_10_record_009337,part_10,train
part_10_record_009338,part_10,test
part_10_record_009339,part_10,train
part_10_record_009340,part_10,test
part_10_record_009341,part_10,train
part_10_record_009342,part_10,train
part_10_record_009343,part_10,train
part_10_record_009344,part_10,train
part_10_record_009345,part_10,train
part_10_record_009346,part_10,train
part_10_record_009347,part_10,train
part_10_record_009348,part_10,test
part_10_record_009349,part_10,test
part_10_record_009350,part_10,val
part_10_record_009351,part_10,train
part_10_record_009352,part_10,train
part_10_record_009353,part_10,test
part_10_record_009354,part_10,train
part_10_record_009355,part_10,train
part_10_record_009356,part_10,train
part_10_record_009357,part_10,train
part_10_record_009358,part_10,train
part_10_record_009359,part_10,test
part_10_record_009360,part_10,train
part_10_record_009361,part_10,train
part_10_record_009362,part_10,test
part_10_record_009363,part_10,train
part_10_record_009364,part_10,train
part_10_record_009365,part_10,train
part_10_record_009366,part_10,train
part_10_record_009367,part_10,train
part_10_record_009368,part_10,train
part_10_record_009369,part_10,val
part_10_record_009370,part_10,train
part_10_record_009371,part_10,val
part_10_record_009372,part_10,train
part_10_record_009373,part_10,train
part_10_record_009374,part_10,train
part_10_record_009375,part_10,test
part_10_record_009376,part_10,val
part_10_record_009377,part_10,train
part_10_record_009378,part_10,val
part_10_record_009379,part_10,train
part_10_record_009380,part_10,train
part_10_record_009381,part_10,train
part_10_record_009382,part_10,train
part_10_record_009383,part_10,val
part_10_record_009384,part_10,val
part_10_record_009385,part_10,train
part_10_record_009386,part_10,train
part_10_record_009387,part_10,train
part_10_record_009388,part_10,train
part_10_record_009389,part_10,train
part_10_record_009390,part_10,train
part_10_record_009391,part_10,train
part_10_record_009392,part_10,train
part_10_record_009393,part_10,train
part_10_record_009394,part_10,val
part_10_record_009395,part_10,train
part_10_record_009396,part_10,train
part_10_record_009397,part_10,train
part_10_record_009398,part_10,test
part_10_record_009399,part_10,val
part_10_record_009400,part_10,train
part_10_record_009401,part_10,val
part_10_record_009402,part_10,train
part_10_record_009403,part_10,train
part_10_record_009404,part_10,train
part_10_record_009405,part_10,train
part_10_record_009406,part_10,train
part_10_record_009407,part_10,train
part_10_record_009408,part_10,train
part_10_record_009409,part_10,train
part_10_record_009410,part_10,test
part_10_record_009411,part_10,train
part_10_record_009412,part_10,train
part_10_record_009413,part_10,train
part_10_record_009414,part_10,train
part_10_record_009415,part_10,val
part_10_record_009416,part_10,train
part_10_record_009417,part_10,train
part_10_record_009418,part_10,val
part_10_record_009419,part_10,train
part_10_record_009420,part_10,train
part_10_record_009421,part_10,train
part_10_record_009422,part_10,train
part_10_record_009423,part_10,train
part_10_record_009424,part_10,train
part_10_record_009425,part_10,val
part_10_record_009426,part_10,train
part_10_record_009427,part_10,val
part_10_record_009428,part_10,train
part_10_record_009429,part_10,train
part_10_record_009430,part_10,train
part_10_record_009431,part_10,train
part_10_record_009432,part_10,train
part_10_record_009433,part_10,train
part_10_record_009434,part_10,train
part_10_record_009435,part_10,train
part_10_record_009436,part_10,test
part_10_record_009437,part_10,val
part_10_record_009438,part_10,test
part_10_record_009439,part_10,train
part_10_record_009440,part_10,test
part_10_record_009441,part_10,train
part_10_record_009442,part_10,train
part_10_record_009443,part_10,test
part_10_record_009444,part_10,train
part_10_record_009445,part_10,test
part_10_record_009446,part_10,train
part_10_record_009447,part_10,test
part_10_record_009448,part_10,train
part_10_record_009449,part_10,train
part_10_record_009450,part_10,train
part_10_record_009451,part_10,val
part_10_record_009452,part_10,val
part_10_record_009453,part_10,train
part_10_record_009454,part_10,train
part_10_record_009455,part_10,test
part_10_record_009456,part_10,train
part_10_record_009457,part_10,train
part_10_record_009458,part_10,train
part_10_record_009459,part_10,val
part_10_record_009460,part_10,train
part_10_record_009461,part_10,val
part_10_record_009462,part_10,val
part_10_record_009463,part_10,train
part_10_record_009464,part_10,train
part_10_record_009465,part_10,train
part_10_record_009466,part_10,val
part_10_record_009467,part_10,train
part_10_record_009468,part_10,test
part_10_record_009469,part_10,train
part_10_record_009470,part_10,train
part_10_record_009471,part_10,train
part_10_record_009472,part_10,train
part_10_record_009473,part_10,val
part_10_record_009474,part_10,train
part_10_record_009475,part_10,test
part_10_record_009476,part_10,train
part_10_record_009477,part_10,val
part_10_record_009478,part_10,test
part_10_record_009479,part_10,train
part_10_record_009480,part_10,val
part_10_record_009481,part_10,train
part_10_record_009482,part_10,val
part_10_record_009483,part_10,train
part_10_record_009484,part_10,val
part_10_record_009485,part_10,train
part_10_record_009486,part_10,train
part_10_record_009487,part_10,val
part_10_record_009488,part_10,train
part_10_record_009489,part_10,train
part_10_record_009490,part_10,train
part_10_record_009491,part_10,train
part_10_record_009492,part_10,val
part_10_record_009493,part_10,test
part_10_record_009494,part_10,train
part_10_record_009495,part_10,train
part_10_record_009496,part_10,train
part_10_record_009497,part_10,val
part_10_record_009498,part_10,train
part_10_record_009499,part_10,train
part_10_record_009500,part_10,val
part_10_record_009501,part_10,train
part_10_record_009502,part_10,train
part_10_record_009503,part_10,train
part_10_record_009504,part_10,test
part_10_record_009505,part_10,test
part_10_record_009506,part_10,train
part_10_record_009507,part_10,test
part_10_record_009508,part_10,train
part_10_record_009509,part_10,val
part_10_record_009510,part_10,train
part_10_record_009511,part_10,test
part_10_record_009512,part_10,train
part_10_record_009513,part_10,train
part_10_record_009514,part_10,val
part_10_record_009515,part_10,train
part_10_record_009516,part_10,train
part_10_record_009517,part_10,test
part_10_record_009518,part_10,train
part_10_record_009519,part_10,train
part_10_record_009520,part_10,val
part_10_record_009521,part_10,train
part_10_record_009522,part_10,test
part_10_record_009523,part_10,train
part_10_record_009524,part_10,train
part_10_record_009525,part_10,test
part_10_record_009526,part_10,train
part_10_record_009527,part_10,train
part_10_record_009528,part_10,train
part_10_record_009529,part_10,train
part_10_record_009530,part_10,train
part_10_record_009531,part_10,train
part_10_record_009532,part_10,train
part_10_record_009533,part_10,val
part_10_record_009534,part_10,train
part_10_record_009535,part_10,train
part_10_record_009536,part_10,train
part_10_record_009537,part_10,val
part_10_record_009538,part_10,train
part_10_record_009539,part_10,train
part_10_record_009540,part_10,val
part_10_record_009541,part_10,test
part_10_record_009542,part_10,train
part_10_record_009543,part_10,train
part_10_record_009544,part_10,train
part_10_record_009545,part_10,train
part_10_record_009546,part_10,train
part_10_record_009547,part_10,train
part_10_record_009548,part_10,test
part_10_record_009549,part_10,train
part_10_record_009550,part_10,train
part_10_record_009551,part_10,test
part_10_record_009552,part_10,train
part_10_record_009553,part_10,train
part_10_record_009554,part_10,val
part_10_record_009555,part_10,train
part_10_record_009556,part_10,test
part_10_record_009557,part_10,val
part_10_record_009558,part_10,train
part_10_record_009559,part_10,val
part_10_record_009560,part_10,train
part_10_record_009561,part_10,train
part_10_record_009562,part_10,test
part_10_record_009563,part_10,train
part_10_record_009564,part_10,train
part_10_record_009565,part_10,train
part_10_record_009566,part_10,train
part_10_record_009567,part_10,train
part_10_record_009568,part_10,val
part_10_record_009569,part_10,train
part_10_record_009570,part_10,train
part_10_record_009571,part_10,train
part_10_record_009572,part_10,val
part_10_record_009573,part_10,train
part_10_record_009574,part_10,train
part_10_record_009575,part_10,train
part_10_record_009576,part_10,train
part_10_record_009577,part_10,test
part_10_record_009578,part_10,train
part_10_record_009579,part_10,val
part_10_record_009580,part_10,val
part_10_record_009581,part_10,test
part_10_record_009582,part_10,train
part_10_record_009583,part_10,train
part_10_record_009584,part_10,train
part_10_record_009585,part_10,train
part_10_record_009586,part_10,train
part_10_record_009587,part_10,train
part_10_record_009588,part_10,train
part_10_record_009589,part_10,test
part_10_record_009590,part_10,train
part_10_record_009591,part_10,train
part_10_record_009592,part_10,train
part_10_record_009593,part_10,train
part_10_record_009594,part_10,train
part_10_record_009595,part_10,train
part_10_record_009596,part_10,train
part_10_record_009597,part_10,train
part_10_record_009598,part_10,train
part_10_record_009599,part_10,train
part_10_record_009600,part_10,train
part_10_record_009601,part_10,val
part_10_record_009602,part_10,train
part_10_record_009603,part_10,val
part_10_record_009604,part_10,train
part_10_record_009605,part_10,train
part_10_record_009606,part_10,train
part_10_record_009607,part_10,train
part_10_record_009608,part_10,train
part_10_record_009609,part_10,train
part_10_record_009610,part_10,val
part_10_record_009611,part_10,test
part_10_record_009612,part_10,train
part_10_record_009613,part_10,train
part_10_record_009614,part_10,train
part_10_record_009615,part_10,train
part_10_record_009616,part_10,train
part_10_record_009617,part_10,train
part_10_record_009618,part_10,train
part_10_record_009619,part_10,train
part_10_record_009620,part_10,train
part_10_record_009621,part_10,train
part_10_record_009622,part_10,train
part_10_record_009623,part_10,train
part_10_record_009624,part_10,train
part_10_record_009625,part_10,train
part_10_record_009626,part_10,train
part_10_record_009627,part_10,train
part_10_record_009628,part_10,train
part_10_record_009629,part_10,train
part_10_record_009630,part_10,train
part_10_record_009631,part_10,train
part_10_record_009632,part_10,val
part_10_record_009633,part_10,train
part_10_record_009634,part_10,val
part_10_record_009635,part_10,train
part_10_record_009636,part_10,train
part_10_record_009637,part_10,train
part_10_record_009638,part_10,test
part_10_record_009639,part_10,val
part_10_record_009640,part_10,val
part_10_record_009641,part_10,train
part_10_record_009642,part_10,train
part_10_record_009643,part_10,val
part_10_record_009644,part_10,train
part_10_record_009645,part_10,val
part_10_record_009646,part_10,test
part_10_record_009647,part_10,train
part_10_record_009648,part_10,train
part_10_record_009649,part_10,val
part_10_record_009650,part_10,train
part_10_record_009651,part_10,test
part_10_record_009652,part_10,val
part_10_record_009653,part_10,train
part_10_record_009654,part_10,train
part_10_record_009655,part_10,val
part_10_record_009656,part_10,test
part_10_record_009657,part_10,train
part_10_record_009658,part_10,train
part_10_record_009659,part_10,train
part_10_record_009660,part_10,train
part_10_record_009661,part_10,train
part_10_record_009662,part_10,val
part_10_record_009663,part_10,test
part_10_record_009664,part_10,train
part_10_record_009665,part_10,train
part_10_record_009666,part_10,val
part_10_record_009667,part_10,train
part_10_record_009668,part_10,val
part_10_record_009669,part_10,train
part_10_record_009670,part_10,train
part_10_record_009671,part_10,test
part_10_record_009672,part_10,train
part_10_record_009673,part_10,train
part_10_record_009674,part_10,val
part_10_record_009675,part_10,train
part_10_record_009676,part_10,train
part_10_record_009677,part_10,train
part_10_record_009678,part_10,train
part_10_record_009679,part_10,train
part_10_record_009680,part_10,train
part_10_record_009681,part_10,train
part_10_record_009682,part_10,train
part_10_record_009683,part_10,val
part_10_record_009684,part_10,train
part_10_record_009685,part_10,train
part_10_record_009686,part_10,test
part_10_record_009687,part_10,val
part_10_record_009688,part_10,test
part_10_record_009689,part_10,train
part_10_record_009690,part_10,train
part_10_record_009691,part_10,train
part_10_record_009692,part_10,val
part_10_record_009693,part_10,test
part_10_record_009694,part_10,train
part_10_record_009695,part_10,train
part_10_record_009696,part_10,train
part_10_record_009697,part_10,train
part_10_record_009698,part_10,train
part_10_record_009699,part_10,train
part_10_record_009700,part_10,train
part_10_record_009701,part_10,train
part_10_record_009702,part_10,train
part_10_record_009703,part_10,train
part_10_record_009704,part_10,train
part_10_record_009705,part_10,train
part_10_record_009706,part_10,train
part_10_record_009707,part_10,train
part_10_record_009708,part_10,train
part_10_record_009709,part_10,test
part_10_record_009710,part_10,train
part_10_record_009711,part_10,val
part_10_record_009712,part_10,train
part_10_record_009713,part_10,train
part_10_record_009714,part_10,train
part_10_record_009715,part_10,train
part_10_record_009716,part_10,val
part_10_record_009717,part_10,train
part_10_record_009718,part_10,train
part_10_record_009719,part_10,val
part_10_record_009720,part_10,test
part_10_record_009721,part_10,train
part_10_record_009722,part_10,test
part_10_record_009723,part_10,train
part_10_record_009724,part_10,val
part_10_record_009725,part_10,train
part_10_record_009726,part_10,train
part_10_record_009727,part_10,train
part_10_record_009728,part_10,train
part_10_record_009729,part_10,val
part_10_record_009730,part_10,train
part_10_record_009731,part_10,train
part_10_record_009732,part_10,train
part_10_record_009733,part_10,val
part_10_record_009734,part_10,train
part_10_record_009735,part_10,train
part_10_record_009736,part_10,train
part_10_record_009737,part_10,train
part_10_record_009738,part_10,val
part_10_record_009739,part_10,val
part_10_record_009740,part_10,test
part_10_record_009741,part_10,train
part_10_record_009742,part_10,train
part_10_record_009743,part_10,train
part_10_record_009744,part_10,train
part_10_record_009745,part_10,train
part_10_record_009746,part_10,train
part_10_record_009747,part_10,train
part_10_record_009748,part_10,train
part_10_record_009749,part_10,train
part_10_record_009750,part_10,train
part_10_record_009751,part_10,val
part_10_record_009752,part_10,train
part_10_record_009753,part_10,test
part_10_record_009754,part_10,train
part_10_record_009755,part_10,train
part_10_record_009756,part_10,train
part_10_record_009757,part_10,train
part_10_record_009758,part_10,train
part_10_record_009759,part_10,train
part_10_record_009760,part_10,test
part_10_record_009761,part_10,test
part_10_record_009762,part_10,train
part_10_record_009763,part_10,test
part_10_record_009764,part_10,train
part_10_record_009765,part_10,train
part_10_record_009766,part_10,test
part_10_record_009767,part_10,test
part_10_record_009768,part_10,train
part_10_record_009769,part_10,test
part_10_record_009770,part_10,val
part_10_record_009771,part_10,train
part_10_record_009772,part_10,val
part_10_record_009773,part_10,val
part_10_record_009774,part_10,train
part_10_record_009775,part_10,train
part_10_record_009776,part_10,train
part_10_record_009777,part_10,val
part_10_record_009778,part_10,val
part_10_record_009779,part_10,train
part_10_record_009780,part_10,val
part_10_record_009781,part_10,train
part_10_record_009782,part_10,train
part_10_record_009783,part_10,train
part_10_record_009784,part_10,train
part_10_record_009785,part_10,train
part_10_record_009786,part_10,train
part_10_record_009787,part_10,train
part_10_record_009788,part_10,train
part_10_record_009789,part_10,test
part_10_record_009790,part_10,test
part_10_record_009791,part_10,train
part_10_record_009792,part_10,train
part_10_record_009793,part_10,train
part_10_record_009794,part_10,train
part_10_record_009795,part_10,val
part_10_record_009796,part_10,test
part_10_record_009797,part_10,train
part_10_record_009798,part_10,train
part_10_record_009799,part_10,train
part_10_record_009800,part_10,train
part_10_record_009801,part_10,train
part_10_record_009802,part_10,val
part_10_record_009803,part_10,train
part_10_record_009804,part_10,train
part_10_record_009805,part_10,train
part_10_record_009806,part_10,train
part_10_record_009807,part_10,val
part_10_record_009808,part_10,train
part_10_record_009809,part_10,train
part_10_record_009810,part_10,train
part_10_record_009811,part_10,train
part_10_record_009812,part_10,train
part_10_record_009813,part_10,train
part_10_record_009814,part_10,val
part_10_record_009815,part_10,train
part_10_record_009816,part_10,train
part_10_record_009817,part_10,val
part_10_record_009818,part_10,test
part_10_record_009819,part_10,train
part_10_record_009820,part_10,val
part_10_record_009821,part_10,train
part_10_record_009822,part_10,train
part_10_record_009823,part_10,train
part_10_record_009824,part_10,test
part_10_record_009825,part_10,train
part_10_record_009826,part_10,train
part_10_record_009827,part_10,train
part_10_record_009828,part_10,test
part_10_record_009829,part_10,test
part_10_record_009830,part_10,val
part_10_record_009831,part_10,train
part_10_record_009832,part_10,test
part_10_record_009833,part_10,train
part_10_record_009834,part_10,train
part_10_record_009835,part_10,train
part_10_record_009836,part_10,train
part_10_record_009837,part_10,train
part_10_record_009838,part_10,train
part_10_record_009839,part_10,train
part_10_record_009840,part_10,val
part_10_record_009841,part_10,train
part_10_record_009842,part_10,train
part_10_record_009843,part_10,train
part_10_record_009844,part_10,train
part_10_record_009845,part_10,train
part_10_record_009846,part_10,train
part_10_record_009847,part_10,val
part_10_record_009848,part_10,val
part_10_record_009849,part_10,train
part_10_record_009850,part_10,train
part_10_record_009851,part_10,train
part_10_record_009852,part_10,train
part_10_record_009853,part_10,val
part_10_record_009854,part_10,train
part_10_record_009855,part_10,train
part_10_record_009856,part_10,val
part_10_record_009857,part_10,train
part_10_record_009858,part_10,train
part_10_record_009859,part_10,train
part_10_record_009860,part_10,val
part_10_record_009861,part_10,test
part_10_record_009862,part_10,train
part_10_record_009863,part_10,train
part_10_record_009864,part_10,train
part_10_record_009865,part_10,train
part_10_record_009866,part_10,test
part_10_record_009867,part_10,val
part_10_record_009868,part_10,train
part_10_record_009869,part_10,val
part_10_record_009870,part_10,val
part_10_record_009871,part_10,train
part_10_record_009872,part_10,train
part_10_record_009873,part_10,test
part_10_record_009874,part_10,val
part_10_record_009875,part_10,test
part_10_record_009876,part_10,train
part_10_record_009877,part_10,train
part_10_record_009878,part_10,train
part_10_record_009879,part_10,train
part_10_record_009880,part_10,test
part_10_record_009881,part_10,train
part_10_record_009882,part_10,train
part_10_record_009883,part_10,test
part_10_record_009884,part_10,train
part_10_record_009885,part_10,val
part_10_record_009886,part_10,val
part_10_record_009887,part_10,train
part_10_record_009888,part_10,val
part_10_record_009889,part_10,test
part_10_record_009890,part_10,train
part_10_record_009891,part_10,val
part_10_record_009892,part_10,train
part_10_record_009893,part_10,train
part_10_record_009894,part_10,train
part_10_record_009895,part_10,train
part_10_record_009896,part_10,train
part_10_record_009897,part_10,val
part_10_record_009898,part_10,train
part_10_record_009899,part_10,train
part_10_record_009900,part_10,train
part_10_record_009901,part_10,test
part_10_record_009902,part_10,train
part_10_record_009903,part_10,val
part_10_record_009904,part_10,test
part_10_record_009905,part_10,train
part_10_record_009906,part_10,val
part_10_record_009907,part_10,train
part_10_record_009908,part_10,test
part_10_record_009909,part_10,test
part_10_record_009910,part_10,train
part_10_record_009911,part_10,train
part_10_record_009912,part_10,test
part_10_record_009913,part_10,train
part_10_record_009914,part_10,train
part_10_record_009915,part_10,test
part_10_record_009916,part_10,train
part_10_record_009917,part_10,test
part_10_record_009918,part_10,train
part_10_record_009919,part_10,train
part_10_record_009920,part_10,train
part_10_record_009921,part_10,train
part_10_record_009922,part_10,train
part_10_record_009923,part_10,train
part_10_record_009924,part_10,train
part_10_record_009925,part_10,train
part_10_record_009926,part_10,test
part_10_record_009927,part_10,val
part_10_record_009928,part_10,val
part_10_record_009929,part_10,train
part_10_record_009930,part_10,val
part_10_record_009931,part_10,val
part_10_record_009932,part_10,train
part_10_record_009933,part_10,train
part_10_record_009934,part_10,train
part_10_record_009935,part_10,train
part_10_record_009936,part_10,val
part_10_record_009937,part_10,train
part_10_record_009938,part_10,train
part_10_record_009939,part_10,val
part_10_record_009940,part_10,val
part_10_record_009941,part_10,train
part_10_record_009942,part_10,train
part_10_record_009943,part_10,train
part_10_record_009944,part_10,val
part_10_record_009945,part_10,train
part_10_record_009946,part_10,test
part_10_record_009947,part_10,val
part_10_record_009948,part_10,train
part_10_record_009949,part_10,train
part_10_record_009950,part_10,test
part_10_record_009951,part_10,train
part_10_record_009952,part_10,train
part_10_record_009953,part_10,train
part_10_record_009954,part_10,train
part_10_record_009955,part_10,train
part_10_record_009956,part_10,train
part_10_record_009957,part_10,train
part_10_record_009958,part_10,train
part_10_record_009959,part_10,train
part_10_record_009960,part_10,train
part_10_record_009961,part_10,train
part_10_record_009962,part_10,train
part_10_record_009963,part_10,train
part_10_record_009964,part_10,train
part_10_record_009965,part_10,train
part_10_record_009966,part_10,train
part_10_record_009967,part_10,train
part_10_record_009968,part_10,train
part_10_record_009969,part_10,train
part_10_record_009970,part_10,train
part_10_record_009971,part_10,train
part_10_record_009972,part_10,train
part_10_record_009973,part_10,train
part_10_record_009974,part_10,train
part_10_record_009975,part_10,train
part_10_record_009976,part_10,train
part_10_record_009977,part_10,train
part_10_record_009978,part_10,test
part_10_record_009979,part_10,train
part_10_record_009980,part_10,train
part_10_record_009981,part_10,train
part_10_record_009982,part_10,train
part_10_record_009983,part_10,train
part_10_record_009984,part_10,train
part_10_record_009985,part_10,test
part_10_record_009986,part_10,train
part_10_record_009987,part_10,test
part_10_record_009988,part_10,val
part_10_record_009989,part_10,train
part_10_record_009990,part_10,val
part_10_record_009991,part_10,train
part_10_record_009992,part_10,val
part_10_record_009993,part_10,val
part_10_record_009994,part_10,train
part_10_record_009995,part_10,train
part_10_record_009996,part_10,train
part_10_record_009997,part_10,test
part_10_record_009998,part_10,train
part_10_record_009999,part_10,test
part_10_record_010000,part_10,val
part_11_record_010001,part_11,val
part_11_record_010002,part_11,test
part_11_record_010003,part_11,test
part_11_record_010004,part_11,val
part_11_record_010005,part_11,train
part_11_record_010006,part_11,train
part_11_record_010007,part_11,train
part_11_record_010008,part_11,train
part_11_record_010009,part_11,train
part_11_record_010010,part_11,train
part_11_record_010011,part_11,train
part_11_record_010012,part_11,test
part_11_record_010013,part_11,train
part_11_record_010014,part_11,val
part_11_record_010015,part_11,train
part_11_record_010016,part_11,test
part_11_record_010017,part_11,test
part_11_record_010018,part_11,train
part_11_record_010019,part_11,train
part_11_record_010020,part_11,test
part_11_record_010021,part_11,train
part_11_record_010022,part_11,train
part_11_record_010023,part_11,val
part_11_record_010024,part_11,train
part_11_record_010025,part_11,train
part_11_record_010026,part_11,train
part_11_record_010027,part_11,test
part_11_record_010028,part_11,train
part_11_record_010029,part_11,train
part_11_record_010030,part_11,train
part_11_record_010031,part_11,train
part_11_record_010032,part_11,train
part_11_record_010033,part_11,train
part_11_record_010034,part_11,train
part_11_record_010035,part_11,train
part_11_record_010036,part_11,val
part_11_record_010037,part_11,train
part_11_record_010038,part_11,train
part_11_record_010039,part_11,train
part_11_record_010040,part_11,train
part_11_record_010041,part_11,test
part_11_record_010042,part_11,train
part_11_record_010043,part_11,train
part_11_record_010044,part_11,train
part_11_record_010045,part_11,train
part_11_record_010046,part_11,train
part_11_record_010047,part_11,train
part_11_record_010048,part_11,test
part_11_record_010049,part_11,test
part_11_record_010050,part_11,test
part_11_record_010051,part_11,train
part_11_record_010052,part_11,val
part_11_record_010053,part_11,train
part_11_record_010054,part_11,train
part_11_record_010055,part_11,train
part_11_record_010056,part_11,test
part_11_record_010057,part_11,train
part_11_record_010058,part_11,val
part_11_record_010059,part_11,train
part_11_record_010060,part_11,train
part_11_record_010061,part_11,train
part_11_record_010062,part_11,train
part_11_record_010063,part_11,train
part_11_record_010064,part_11,train
part_11_record_010065,part_11,val
part_11_record_010066,part_11,train
part_11_record_010067,part_11,train
part_11_record_010068,part_11,train
part_11_record_010069,part_11,train
part_11_record_010070,part_11,train
part_11_record_010071,part_11,train
part_11_record_010072,part_11,train
part_11_record_010073,part_11,train
part_11_record_010074,part_11,train
part_11_record_010075,part_11,val
part_11_record_010076,part_11,train
part_11_record_010077,part_11,train
part_11_record_010078,part_11,train
part_11_record_010079,part_11,val
part_11_record_010080,part_11,train
part_11_record_010081,part_11,train
part_11_record_010082,part_11,train
part_11_record_010083,part_11,train
part_11_record_010084,part_11,train
part_11_record_010085,part_11,train
part_11_record_010086,part_11,train
part_11_record_010087,part_11,train
part_11_record_010088,part_11,train
part_11_record_010089,part_11,train
part_11_record_010090,part_11,train
part_11_record_010091,part_11,train
part_11_record_010092,part_11,val
part_11_record_010093,part_11,train
part_11_record_010094,part_11,test
part_11_record_010095,part_11,val
part_11_record_010096,part_11,train
part_11_record_010097,part_11,train
part_11_record_010098,part_11,train
part_11_record_010099,part_11,train
part_11_record_010100,part_11,train
part_11_record_010101,part_11,val
part_11_record_010102,part_11,train
part_11_record_010103,part_11,train
part_11_record_010104,part_11,train
part_11_record_010105,part_11,train
part_11_record_010106,part_11,val
part_11_record_010107,part_11,test
part_11_record_010108,part_11,train
part_11_record_010109,part_11,train
part_11_record_010110,part_11,train
part_11_record_010111,part_11,train
part_11_record_010112,part_11,train
part_11_record_010113,part_11,test
part_11_record_010114,part_11,train
part_11_record_010115,part_11,train
part_11_record_010116,part_11,train
part_11_record_010117,part_11,train
part_11_record_010118,part_11,train
part_11_record_010119,part_11,train
part_11_record_010120,part_11,train
part_11_record_010121,part_11,train
part_11_record_010122,part_11,train
part_11_record_010123,part_11,train
part_11_record_010124,part_11,test
part_11_record_010125,part_11,train
part_11_record_010126,part_11,train
part_11_record_010127,part_11,train
part_11_record_010128,part_11,train
part_11_record_010129,part_11,train
part_11_record_010130,part_11,train
part_11_record_010131,part_11,train
part_11_record_010132,part_11,val
part_11_record_010133,part_11,train
part_11_record_010134,part_11,train
part_11_record_010135,part_11,val
part_11_record_010136,part_11,train
part_11_record_010137,part_11,test
part_11_record_010138,part_11,train
part_11_record_010139,part_11,val
part_11_record_010140,part_11,train
part_11_record_010141,part_11,train
part_11_record_010142,part_11,val
part_11_record_010143,part_11,train
part_11_record_010144,part_11,train
part_11_record_010145,part_11,train
part_11_record_010146,part_11,train
part_11_record_010147,part_11,train
part_11_record_010148,part_11,test
part_11_record_010149,part_11,train
part_11_record_010150,part_11,train
part_11_record_010151,part_11,test
part_11_record_010152,part_11,train
part_11_record_010153,part_11,train
part_11_record_010154,part_11,val
part_11_record_010155,part_11,train
part_11_record_010156,part_11,train
part_11_record_010157,part_11,val
part_11_record_010158,part_11,train
part_11_record_010159,part_11,val
part_11_record_010160,part_11,train
part_11_record_010161,part_11,test
part_11_record_010162,part_11,test
part_11_record_010163,part_11,train
part_11_record_010164,part_11,val
part_11_record_010165,part_11,val
part_11_record_010166,part_11,train
part_11_record_010167,part_11,train
part_11_record_010168,part_11,test
part_11_record_010169,part_11,train
part_11_record_010170,part_11,train
part_11_record_010171,part_11,train
part_11_record_010172,part_11,train
part_11_record_010173,part_11,val
part_11_record_010174,part_11,test
part_11_record_010175,part_11,test
part_11_record_010176,part_11,train
part_11_record_010177,part_11,test
part_11_record_010178,part_11,test
part_11_record_010179,part_11,train
part_11_record_010180,part_11,train
part_11_record_010181,part_11,train
part_11_record_010182,part_11,train
part_11_record_010183,part_11,train
part_11_record_010184,part_11,train
part_11_record_010185,part_11,train
part_11_record_010186,part_11,train
part_11_record_010187,part_11,train
part_11_record_010188,part_11,train
part_11_record_010189,part_11,test
part_11_record_010190,part_11,train
part_11_record_010191,part_11,train
part_11_record_010192,part_11,train
part_11_record_010193,part_11,val
part_11_record_010194,part_11,train
part_11_record_010195,part_11,train
part_11_record_010196,part_11,train
part_11_record_010197,part_11,train
part_11_record_010198,part_11,train
part_11_record_010199,part_11,train
part_11_record_010200,part_11,train
part_11_record_010201,part_11,val
part_11_record_010202,part_11,train
part_11_record_010203,part_11,train
part_11_record_010204,part_11,train
part_11_record_010205,part_11,test
part_11_record_010206,part_11,test
part_11_record_010207,part_11,train
part_11_record_010208,part_11,val
part_11_record_010209,part_11,train
part_11_record_010210,part_11,test
part_11_record_010211,part_11,train
part_11_record_010212,part_11,val
part_11_record_010213,part_11,train
part_11_record_010214,part_11,train
part_11_record_010215,part_11,val
part_11_record_010216,part_11,train
part_11_record_010217,part_11,train
part_11_record_010218,part_11,train
part_11_record_010219,part_11,train
part_11_record_010220,part_11,train
part_11_record_010221,part_11,train
part_11_record_010222,part_11,train
part_11_record_010223,part_11,test
part_11_record_010224,part_11,train
part_11_record_010225,part_11,val
part_11_record_010226,part_11,train
part_11_record_010227,part_11,train
part_11_record_010228,part_11,test
part_11_record_010229,part_11,val
part_11_record_010230,part_11,train
part_11_record_010231,part_11,test
part_11_record_010232,part_11,test
part_11_record_010233,part_11,train
part_11_record_010234,part_11,test
part_11_record_010235,part_11,train
part_11_record_010236,part_11,train
part_11_record_010237,part_11,train
part_11_record_010238,part_11,train
part_11_record_010239,part_11,train
part_11_record_010240,part_11,train
part_11_record_010241,part_11,val
part_11_record_010242,part_11,train
part_11_record_010243,part_11,train
part_11_record_010244,part_11,train
part_11_record_010245,part_11,train
part_11_record_010246,part_11,val
part_11_record_010247,part_11,val
part_11_record_010248,part_11,test
part_11_record_010249,part_11,test
part_11_record_010250,part_11,train
part_11_record_010251,part_11,test
part_11_record_010252,part_11,train
part_11_record_010253,part_11,val
part_11_record_010254,part_11,test
part_11_record_010255,part_11,val
part_11_record_010256,part_11,train
part_11_record_010257,part_11,train
part_11_record_010258,part_11,test
part_11_record_010259,part_11,val
part_11_record_010260,part_11,train
part_11_record_010261,part_11,val
part_11_record_010262,part_11,train
part_11_record_010263,part_11,test
part_11_record_010264,part_11,train
part_11_record_010265,part_11,train
part_11_record_010266,part_11,train
part_11_record_010267,part_11,train
part_11_record_010268,part_11,test
part_11_record_010269,part_11,test
part_11_record_010270,part_11,train
part_11_record_010271,part_11,val
part_11_record_010272,part_11,train
part_11_record_010273,part_11,val
part_11_record_010274,part_11,test
part_11_record_010275,part_11,train
part_11_record_010276,part_11,train
part_11_record_010277,part_11,test
part_11_record_010278,part_11,train
part_11_record_010279,part_11,val
part_11_record_010280,part_11,train
part_11_record_010281,part_11,train
part_11_record_010282,part_11,test
part_11_record_010283,part_11,train
part_11_record_010284,part_11,val
part_11_record_010285,part_11,train
part_11_record_010286,part_11,val
part_11_record_010287,part_11,train
part_11_record_010288,part_11,train
part_11_record_010289,part_11,train
part_11_record_010290,part_11,train
part_11_record_010291,part_11,train
part_11_record_010292,part_11,train
part_11_record_010293,part_11,train
part_11_record_010294,part_11,train
part_11_record_010295,part_11,train
part_11_record_010296,part_11,val
part_11_record_010297,part_11,val
part_11_record_010298,part_11,train
part_11_record_010299,part_11,val
part_11_record_010300,part_11,train
part_11_record_010301,part_11,test
part_11_record_010302,part_11,test
part_11_record_010303,part_11,val
part_11_record_010304,part_11,train
part_11_record_010305,part_11,train
part_11_record_010306,part_11,train
part_11_record_010307,part_11,train
part_11_record_010308,part_11,train
part_11_record_010309,part_11,train
part_11_record_010310,part_11,train
part_11_record_010311,part_11,train
part_11_record_010312,part_11,train
part_11_record_010313,part_11,val
part_11_record_010314,part_11,train
part_11_record_010315,part_11,test
part_11_record_010316,part_11,train
part_11_record_010317,part_11,train
part_11_record_010318,part_11,train
part_11_record_010319,part_11,train
part_11_record_010320,part_11,train
part_11_record_010321,part_11,test
part_11_record_010322,part_11,test
part_11_record_010323,part_11,val
part_11_record_010324,part_11,train
part_11_record_010325,part_11,train
part_11_record_010326,part_11,train
part_11_record_010327,part_11,train
part_11_record_010328,part_11,train
part_11_record_010329,part_11,train
part_11_record_010330,part_11,train
part_11_record_010331,part_11,train
part_11_record_010332,part_11,train
part_11_record_010333,part_11,train
part_11_record_010334,part_11,train
part_11_record_010335,part_11,val
part_11_record_010336,part_11,train
part_11_record_010337,part_11,val
part_11_record_010338,part_11,train
part_11_record_010339,part_11,train
part_11_record_010340,part_11,val
part_11_record_010341,part_11,train
part_11_record_010342,part_11,train
part_11_record_010343,part_11,test
part_11_record_010344,part_11,test
part_11_record_010345,part_11,test
part_11_record_010346,part_11,train
part_11_record_010347,part_11,train
part_11_record_010348,part_11,val
part_11_record_010349,part_11,test
part_11_record_010350,part_11,train
part_11_record_010351,part_11,test
part_11_record_010352,part_11,val
part_11_record_010353,part_11,test
part_11_record_010354,part_11,test
part_11_record_010355,part_11,train
part_11_record_010356,part_11,train
part_11_record_010357,part_11,train
part_11_record_010358,part_11,test
part_11_record_010359,part_11,train
part_11_record_010360,part_11,train
part_11_record_010361,part_11,val
part_11_record_010362,part_11,train
part_11_record_010363,part_11,val
part_11_record_010364,part_11,train
part_11_record_010365,part_11,train
part_11_record_010366,part_11,val
part_11_record_010367,part_11,train
part_11_record_010368,part_11,test
part_11_record_010369,part_11,train
part_11_record_010370,part_11,val
part_11_record_010371,part_11,train
part_11_record_010372,part_11,train
part_11_record_010373,part_11,train
part_11_record_010374,part_11,train
part_11_record_010375,part_11,train
part_11_record_010376,part_11,train
part_11_record_010377,part_11,val
part_11_record_010378,part_11,train
part_11_record_010379,part_11,train
part_11_record_010380,part_11,train
part_11_record_010381,part_11,test
part_11_record_010382,part_11,train
part_11_record_010383,part_11,train
part_11_record_010384,part_11,train
part_11_record_010385,part_11,train
part_11_record_010386,part_11,train
part_11_record_010387,part_11,train
part_11_record_010388,part_11,train
part_11_record_010389,part_11,train
part_11_record_010390,part_11,val
part_11_record_010391,part_11,train
part_11_record_010392,part_11,train
part_11_record_010393,part_11,train
part_11_record_010394,part_11,train
part_11_record_010395,part_11,train
part_11_record_010396,part_11,test
part_11_record_010397,part_11,train
part_11_record_010398,part_11,train
part_11_record_010399,part_11,train
part_11_record_010400,part_11,train
part_11_record_010401,part_11,train
part_11_record_010402,part_11,train
part_11_record_010403,part_11,train
part_11_record_010404,part_11,train
part_11_record_010405,part_11,val
part_11_record_010406,part_11,train
part_11_record_010407,part_11,test
part_11_record_010408,part_11,train
part_11_record_010409,part_11,train
part_11_record_010410,part_11,train
part_11_record_010411,part_11,train
part_11_record_010412,part_11,train
part_11_record_010413,part_11,train
part_11_record_010414,part_11,train
part_11_record_010415,part_11,val
part_11_record_010416,part_11,train
part_11_record_010417,part_11,train
part_11_record_010418,part_11,train
part_11_record_010419,part_11,train
part_11_record_010420,part_11,train
part_11_record_010421,part_11,val
part_11_record_010422,part_11,train
part_11_record_010423,part_11,train
part_11_record_010424,part_11,train
part_11_record_010425,part_11,train
part_11_record_010426,part_11,train
part_11_record_010427,part_11,test
part_11_record_010428,part_11,train
part_11_record_010429,part_11,train
part_11_record_010430,part_11,test
part_11_record_010431,part_11,train
part_11_record_010432,part_11,train
part_11_record_010433,part_11,val
part_11_record_010434,part_11,train
part_11_record_010435,part_11,train
part_11_record_010436,part_11,train
part_11_record_010437,part_11,val
part_11_record_010438,part_11,train
part_11_record_010439,part_11,val
part_11_record_010440,part_11,val
part_11_record_010441,part_11,train
part_11_record_010442,part_11,train
part_11_record_010443,part_11,train
part_11_record_010444,part_11,train
part_11_record_010445,part_11,train
part_11_record_010446,part_11,train
part_11_record_010447,part_11,val
part_11_record_010448,part_11,train
part_11_record_010449,part_11,test
part_11_record_010450,part_11,train
part_11_record_010451,part_11,train
part_11_record_010452,part_11,train
part_11_record_010453,part_11,train
part_11_record_010454,part_11,test
part_11_record_010455,part_11,test
part_11_record_010456,part_11,train
part_11_record_010457,part_11,train
part_11_record_010458,part_11,test
part_11_record_010459,part_11,train
part_11_record_010460,part_11,train
part_11_record_010461,part_11,train
part_11_record_010462,part_11,train
part_11_record_010463,part_11,val
part_11_record_010464,part_11,val
part_11_record_010465,part_11,train
part_11_record_010466,part_11,train
part_11_record_010467,part_11,train
part_11_record_010468,part_11,train
part_11_record_010469,part_11,train
part_11_record_010470,part_11,val
part_11_record_010471,part_11,test
part_11_record_010472,part_11,train
part_11_record_010473,part_11,train
part_11_record_010474,part_11,val
part_11_record_010475,part_11,train
part_11_record_010476,part_11,train
part_11_record_010477,part_11,val
part_11_record_010478,part_11,train
part_11_record_010479,part_11,test
part_11_record_010480,part_11,train
part_11_record_010481,part_11,train
part_11_record_010482,part_11,train
part_11_record_010483,part_11,val
part_11_record_010484,part_11,train
part_11_record_010485,part_11,train
part_11_record_010486,part_11,train
part_11_record_010487,part_11,test
part_11_record_010488,part_11,val
part_11_record_010489,part_11,test
part_11_record_010490,part_11,train
part_11_record_010491,part_11,train
part_11_record_010492,part_11,train
part_11_record_010493,part_11,test
part_11_record_010494,part_11,val
part_11_record_010495,part_11,train
part_11_record_010496,part_11,train
part_11_record_010497,part_11,train
part_11_record_010498,part_11,train
part_11_record_010499,part_11,train
part_11_record_010500,part_11,train
part_11_record_010501,part_11,train
part_11_record_010502,part_11,train
part_11_record_010503,part_11,train
part_11_record_010504,part_11,train
part_11_record_010505,part_11,train
part_11_record_010506,part_11,train
part_11_record_010507,part_11,train
part_11_record_010508,part_11,test
part_11_record_010509,part_11,train
part_11_record_010510,part_11,train
part_11_record_010511,part_11,train
part_11_record_010512,part_11,train
part_11_record_010513,part_11,train
part_11_record_010514,part_11,train
part_11_record_010515,part_11,train
part_11_record_010516,part_11,train
part_11_record_010517,part_11,test
part_11_record_010518,part_11,train
part_11_record_010519,part_11,test
part_11_record_010520,part_11,train
part_11_record_010521,part_11,train
part_11_record_010522,part_11,val
part_11_record_010523,part_11,train
part_11_record_010524,part_11,val
part_11_record_010525,part_11,test
part_11_record_010526,part_11,train
part_11_record_010527,part_11,train
part_11_record_010528,part_11,train
part_11_record_010529,part_11,train
part_11_record_010530,part_11,train
part_11_record_010531,part_11,val
part_11_record_010532,part_11,train
part_11_record_010533,part_11,train
part_11_record_010534,part_11,train
part_11_record_010535,part_11,train
part_11_record_010536,part_11,test
part_11_record_010537,part_11,train
part_11_record_010538,part_11,val
part_11_record_010539,part_11,train
part_11_record_010540,part_11,train
part_11_record_010541,part_11,train
part_11_record_010542,part_11,test
part_11_record_010543,part_11,train
part_11_record_010544,part_11,train
part_11_record_010545,part_11,train
part_11_record_010546,part_11,train
part_11_record_010547,part_11,val
part_11_record_010548,part_11,train
part_11_record_010549,part_11,train
part_11_record_010550,part_11,train
part_11_record_010551,part_11,train
part_11_record_010552,part_11,train
part_11_record_010553,part_11,train
part_11_record_010554,part_11,train
part_11_record_010555,part_11,test
part_11_record_010556,part_11,test
part_11_record_010557,part_11,train
part_11_record_010558,part_11,train
part_11_record_010559,part_11,train
part_11_record_010560,part_11,val
part_11_record_010561,part_11,train
part_11_record_010562,part_11,val
part_11_record_010563,part_11,train
part_11_record_010564,part_11,train
part_11_record_010565,part_11,train
part_11_record_010566,part_11,val
part_11_record_010567,part_11,val
part_11_record_010568,part_11,train
part_11_record_010569,part_11,test
part_11_record_010570,part_11,train
part_11_record_010571,part_11,train
part_11_record_010572,part_11,train
part_11_record_010573,part_11,train
part_11_record_010574,part_11,train
part_11_record_010575,part_11,train
part_11_record_010576,part_11,train
part_11_record_010577,part_11,test
part_11_record_010578,part_11,test
part_11_record_010579,part_11,test
part_11_record_010580,part_11,train
part_11_record_010581,part_11,train
part_11_record_010582,part_11,train
part_11_record_010583,part_11,train
part_11_record_010584,part_11,test
part_11_record_010585,part_11,train
part_11_record_010586,part_11,train
part_11_record_010587,part_11,test
part_11_record_010588,part_11,train
part_11_record_010589,part_11,train
part_11_record_010590,part_11,test
part_11_record_010591,part_11,test
part_11_record_010592,part_11,train
part_11_record_010593,part_11,val
part_11_record_010594,part_11,val
part_11_record_010595,part_11,train
part_11_record_010596,part_11,train
part_11_record_010597,part_11,train
part_11_record_010598,part_11,train
part_11_record_010599,part_11,train
part_11_record_010600,part_11,train
part_11_record_010601,part_11,val
part_11_record_010602,part_11,train
part_11_record_010603,part_11,train
part_11_record_010604,part_11,train
part_11_record_010605,part_11,train
part_11_record_010606,part_11,train
part_11_record_010607,part_11,train
part_11_record_010608,part_11,train
part_11_record_010609,part_11,val
part_11_record_010610,part_11,train
part_11_record_010611,part_11,train
part_11_record_010612,part_11,train
part_11_record_010613,part_11,train
part_11_record_010614,part_11,train
part_11_record_010615,part_11,train
part_11_record_010616,part_11,train
part_11_record_010617,part_11,train
part_11_record_010618,part_11,val
part_11_record_010619,part_11,train
part_11_record_010620,part_11,val
part_11_record_010621,part_11,train
part_11_record_010622,part_11,train
part_11_record_010623,part_11,train
part_11_record_010624,part_11,train
part_11_record_010625,part_11,val
part_11_record_010626,part_11,train
part_11_record_010627,part_11,train
part_11_record_010628,part_11,test
part_11_record_010629,part_11,val
part_11_record_010630,part_11,val
part_11_record_010631,part_11,train
part_11_record_010632,part_11,train
part_11_record_010633,part_11,train
part_11_record_010634,part_11,train
part_11_record_010635,part_11,val
part_11_record_010636,part_11,train
part_11_record_010637,part_11,test
part_11_record_010638,part_11,train
part_11_record_010639,part_11,train
part_11_record_010640,part_11,val
part_11_record_010641,part_11,train
part_11_record_010642,part_11,test
part_11_record_010643,part_11,train
part_11_record_010644,part_11,train
part_11_record_010645,part_11,train
part_11_record_010646,part_11,train
part_11_record_010647,part_11,train
part_11_record_010648,part_11,test
part_11_record_010649,part_11,train
part_11_record_010650,part_11,train
part_11_record_010651,part_11,train
part_11_record_010652,part_11,train
part_11_record_010653,part_11,train
part_11_record_010654,part_11,train
part_11_record_010655,part_11,train
part_11_record_010656,part_11,train
part_11_record_010657,part_11,train
part_11_record_010658,part_11,train
part_11_record_010659,part_11,train
part_11_record_010660,part_11,train
part_11_record_010661,part_11,train
part_11_record_010662,part_11,train
part_11_record_010663,part_11,train
part_11_record_010664,part_11,val
part_11_record_010665,part_11,train
part_11_record_010666,part_11,train
part_11_record_010667,part_11,val
part_11_record_010668,part_11,train
part_11_record_010669,part_11,train
part_11_record_010670,part_11,train
part_11_record_010671,part_11,train
part_11_record_010672,part_11,train
part_11_record_010673,part_11,train
part_11_record_010674,part_11,test
part_11_record_010675,part_11,test
part_11_record_010676,part_11,train
part_11_record_010677,part_11,train
part_11_record_010678,part_11,test
part_11_record_010679,part_11,train
part_11_record_010680,part_11,val
part_11_record_010681,part_11,train
part_11_record_010682,part_11,train
part_11_record_010683,part_11,test
part_11_record_010684,part_11,train
part_11_record_010685,part_11,train
part_11_record_010686,part_11,train
part_11_record_010687,part_11,train
part_11_record_010688,part_11,train
part_11_record_010689,part_11,train
part_11_record_010690,part_11,val
part_11_record_010691,part_11,val
part_11_record_010692,part_11,train
part_11_record_010693,part_11,train
part_11_record_010694,part_11,train
part_11_record_010695,part_11,train
part_11_record_010696,part_11,train
part_11_record_010697,part_11,train
part_11_record_010698,part_11,train
part_11_record_010699,part_11,train
part_11_record_010700,part_11,train
part_11_record_010701,part_11,test
part_11_record_010702,part_11,test
part_11_record_010703,part_11,train
part_11_record_010704,part_11,train
part_11_record_010705,part_11,train
part_11_record_010706,part_11,train
part_11_record_010707,part_11,train
part_11_record_010708,part_11,test
part_11_record_010709,part_11,train
part_11_record_010710,part_11,train
part_11_record_010711,part_11,val
part_11_record_010712,part_11,train
part_11_record_010713,part_11,train
part_11_record_010714,part_11,test
part_11_record_010715,part_11,train
part_11_record_010716,part_11,train
part_11_record_010717,part_11,test
part_11_record_010718,part_11,train
part_11_record_010719,part_11,train
part_11_record_010720,part_11,val
part_11_record_010721,part_11,train
part_11_record_010722,part_11,train
part_11_record_010723,part_11,train
part_11_record_010724,part_11,train
part_11_record_010725,part_11,train
part_11_record_010726,part_11,train
part_11_record_010727,part_11,train
part_11_record_010728,part_11,train
part_11_record_010729,part_11,test
part_11_record_010730,part_11,test
part_11_record_010731,part_11,val
part_11_record_010732,part_11,train
part_11_record_010733,part_11,val
part_11_record_010734,part_11,train
part_11_record_010735,part_11,test
part_11_record_010736,part_11,train
part_11_record_010737,part_11,train
part_11_record_010738,part_11,train
part_11_record_010739,part_11,test
part_11_record_010740,part_11,train
part_11_record_010741,part_11,test
part_11_record_010742,part_11,train
part_11_record_010743,part_11,train
part_11_record_010744,part_11,train
part_11_record_010745,part_11,train
part_11_record_010746,part_11,test
part_11_record_010747,part_11,train
part_11_record_010748,part_11,train
part_11_record_010749,part_11,test
part_11_record_010750,part_11,val
part_11_record_010751,part_11,train
part_11_record_010752,part_11,val
part_11_record_010753,part_11,train
part_11_record_010754,part_11,train
part_11_record_010755,part_11,train
part_11_record_010756,part_11,test
part_11_record_010757,part_11,train
part_11_record_010758,part_11,test
part_11_record_010759,part_11,train
part_11_record_010760,part_11,train
part_11_record_010761,part_11,train
part_11_record_010762,part_11,train
part_11_record_010763,part_11,train
part_11_record_010764,part_11,train
part_11_record_010765,part_11,val
part_11_record_010766,part_11,val
part_11_record_010767,part_11,train
part_11_record_010768,part_11,train
part_11_record_010769,part_11,val
part_11_record_010770,part_11,val
part_11_record_010771,part_11,train
part_11_record_010772,part_11,train
part_11_record_010773,part_11,val
part_11_record_010774,part_11,train
part_11_record_010775,part_11,train
part_11_record_010776,part_11,val
part_11_record_010777,part_11,val
part_11_record_010778,part_11,train
part_11_record_010779,part_11,val
part_11_record_010780,part_11,train
part_11_record_010781,part_11,train
part_11_record_010782,part_11,train
part_11_record_010783,part_11,train
part_11_record_010784,part_11,val
part_11_record_010785,part_11,train
part_11_record_010786,part_11,test
part_11_record_010787,part_11,train
part_11_record_010788,part_11,test
part_11_record_010789,part_11,train
part_11_record_010790,part_11,test
part_11_record_010791,part_11,train
part_11_record_010792,part_11,train
part_11_record_010793,part_11,train
part_11_record_010794,part_11,train
part_11_record_010795,part_11,train
part_11_record_010796,part_11,train
part_11_record_010797,part_11,train
part_11_record_010798,part_11,train
part_11_record_010799,part_11,val
part_11_record_010800,part_11,val
part_11_record_010801,part_11,test
part_11_record_010802,part_11,train
part_11_record_010803,part_11,train
part_11_record_010804,part_11,train
part_11_record_010805,part_11,train
part_11_record_010806,part_11,test
part_11_record_010807,part_11,train
part_11_record_010808,part_11,test
part_11_record_010809,part_11,test
part_11_record_010810,part_11,train
part_11_record_010811,part_11,train
part_11_record_010812,part_11,train
part_11_record_010813,part_11,val
part_11_record_010814,part_11,test
part_11_record_010815,part_11,train
part_11_record_010816,part_11,train
part_11_record_010817,part_11,train
part_11_record_010818,part_11,test
part_11_record_010819,part_11,test
part_11_record_010820,part_11,train
part_11_record_010821,part_11,train
part_11_record_010822,part_11,train
part_11_record_010823,part_11,train
part_11_record_010824,part_11,train
part_11_record_010825,part_11,train
part_11_record_010826,part_11,val
part_11_record_010827,part_11,test
part_11_record_010828,part_11,train
part_11_record_010829,part_11,train
part_11_record_010830,part_11,train
part_11_record_010831,part_11,train
part_11_record_010832,part_11,train
part_11_record_010833,part_11,train
part_11_record_010834,part_11,train
part_11_record_010835,part_11,train
part_11_record_010836,part_11,train
part_11_record_010837,part_11,train
part_11_record_010838,part_11,train
part_11_record_010839,part_11,train
part_11_record_010840,part_11,test
part_11_record_010841,part_11,train
part_11_record_010842,part_11,train
part_11_record_010843,part_11,train
part_11_record_010844,part_11,train
part_11_record_010845,part_11,train
part_11_record_010846,part_11,train
part_11_record_010847,part_11,train
part_11_record_010848,part_11,train
part_11_record_010849,part_11,train
part_11_record_010850,part_11,train
part_11_record_010851,part_11,val
part_11_record_010852,part_11,train
part_11_record_010853,part_11,test
part_11_record_010854,part_11,train
part_11_record_010855,part_11,val
part_11_record_010856,part_11,train
part_11_record_010857,part_11,train
part_11_record_010858,part_11,train
part_11_record_010859,part_11,test
part_11_record_010860,part_11,train
part_11_record_010861,part_11,train
part_11_record_010862,part_11,train
part_11_record_010863,part_11,val
part_11_record_010864,part_11,train
part_11_record_010865,part_11,train
part_11_record_010866,part_11,train
part_11_record_010867,part_11,train
part_11_record_010868,part_11,test
part_11_record_010869,part_11,val
part_11_record_010870,part_11,train
part_11_record_010871,part_11,val
part_11_record_010872,part_11,train
part_11_record_010873,part_11,val
part_11_record_010874,part_11,train
part_11_record_010875,part_11,train
part_11_record_010876,part_11,val
part_11_record_010877,part_11,train
part_11_record_010878,part_11,train
part_11_record_010879,part_11,test
part_11_record_010880,part_11,val
part_11_record_010881,part_11,val
part_11_record_010882,part_11,train
part_11_record_010883,part_11,test
part_11_record_010884,part_11,train
part_11_record_010885,part_11,train
part_11_record_010886,part_11,test
part_11_record_010887,part_11,train
part_11_record_010888,part_11,train
part_11_record_010889,part_11,train
part_11_record_010890,part_11,train
part_11_record_010891,part_11,train
part_11_record_010892,part_11,train
part_11_record_010893,part_11,train
part_11_record_010894,part_11,test
part_11_record_010895,part_11,val
part_11_record_010896,part_11,val
part_11_record_010897,part_11,train
part_11_record_010898,part_11,val
part_11_record_010899,part_11,train
part_11_record_010900,part_11,train
part_11_record_010901,part_11,test
part_11_record_010902,part_11,test
part_11_record_010903,part_11,train
part_11_record_010904,part_11,train
part_11_record_010905,part_11,train
part_11_record_010906,part_11,val
part_11_record_010907,part_11,train
part_11_record_010908,part_11,train
part_11_record_010909,part_11,train
part_11_record_010910,part_11,train
part_11_record_010911,part_11,val
part_11_record_010912,part_11,train
part_11_record_010913,part_11,train
part_11_record_010914,part_11,train
part_11_record_010915,part_11,train
part_11_record_010916,part_11,train
part_11_record_010917,part_11,test
part_11_record_010918,part_11,train
part_11_record_010919,part_11,train
part_11_record_010920,part_11,train
part_11_record_010921,part_11,val
part_11_record_010922,part_11,test
part_11_record_010923,part_11,train
part_11_record_010924,part_11,train
part_11_record_010925,part_11,train
part_11_record_010926,part_11,train
part_11_record_010927,part_11,train
part_11_record_010928,part_11,test
part_11_record_010929,part_11,train
part_11_record_010930,part_11,val
part_11_record_010931,part_11,train
part_11_record_010932,part_11,test
part_11_record_010933,part_11,test
part_11_record_010934,part_11,val
part_11_record_010935,part_11,train
part_11_record_010936,part_11,test
part_11_record_010937,part_11,train
part_11_record_010938,part_11,train
part_11_record_010939,part_11,train
part_11_record_010940,part_11,train
part_11_record_010941,part_11,train
part_11_record_010942,part_11,val
part_11_record_010943,part_11,test
part_11_record_010944,part_11,train
part_11_record_010945,part_11,train
part_11_record_010946,part_11,train
part_11_record_010947,part_11,train
part_11_record_010948,part_11,train
part_11_record_010949,part_11,test
part_11_record_010950,part_11,train
part_11_record_010951,part_11,train
part_11_record_010952,part_11,val
part_11_record_010953,part_11,train
part_11_record_010954,part_11,train
part_11_record_010955,part_11,test
part_11_record_010956,part_11,train
part_11_record_010957,part_11,train
part_11_record_010958,part_11,val
part_11_record_010959,part_11,test
part_11_record_010960,part_11,train
part_11_record_010961,part_11,train
part_11_record_010962,part_11,train
part_11_record_010963,part_11,train
part_11_record_010964,part_11,train
part_11_record_010965,part_11,train
part_11_record_010966,part_11,test
part_11_record_010967,part_11,test
part_11_record_010968,part_11,val
part_11_record_010969,part_11,val
part_11_record_010970,part_11,test
part_11_record_010971,part_11,train
part_11_record_010972,part_11,test
part_11_record_010973,part_11,train
part_11_record_010974,part_11,test
part_11_record_010975,part_11,train
part_11_record_010976,part_11,test
part_11_record_010977,part_11,train
part_11_record_010978,part_11,train
part_11_record_010979,part_11,val
part_11_record_010980,part_11,train
part_11_record_010981,part_11,val
part_11_record_010982,part_11,val
part_11_record_010983,part_11,train
part_11_record_010984,part_11,val
part_11_record_010985,part_11,train
part_11_record_010986,part_11,train
part_11_record_010987,part_11,train
part_11_record_010988,part_11,train
part_11_record_010989,part_11,val
part_11_record_010990,part_11,val
part_11_record_010991,part_11,train
part_11_record_010992,part_11,train
part_11_record_010993,part_11,train
part_11_record_010994,part_11,train
part_11_record_010995,part_11,train
part_11_record_010996,part_11,train
part_11_record_010997,part_11,train
part_11_record_010998,part_11,val
part_11_record_010999,part_11,train
part_11_record_011000,part_11,train
part_12_record_011001,part_12,test
part_12_record_011002,part_12,train
part_12_record_011003,part_12,train
part_12_record_011004,part_12,test
part_12_record_011005,part_12,train
part_12_record_011006,part_12,val
part_12_record_011007,part_12,train
part_12_record_011008,part_12,train
part_12_record_011009,part_12,test
part_12_record_011010,part_12,train
part_12_record_011011,part_12,train
part_12_record_011012,part_12,train
part_12_record_011013,part_12,train
part_12_record_011014,part_12,val
part_12_record_011015,part_12,val
part_12_record_011016,part_12,train
part_12_record_011017,part_12,test
part_12_record_011018,part_12,train
part_12_record_011019,part_12,train
part_12_record_011020,part_12,train
part_12_record_011021,part_12,train
part_12_record_011022,part_12,val
part_12_record_011023,part_12,train
part_12_record_011024,part_12,test
part_12_record_011025,part_12,train
part_12_record_011026,part_12,train
part_12_record_011027,part_12,val
part_12_record_011028,part_12,train
part_12_record_011029,part_12,train
part_12_record_011030,part_12,train
part_12_record_011031,part_12,train
part_12_record_011032,part_12,train
part_12_record_011033,part_12,test
part_12_record_011034,part_12,val
part_12_record_011035,part_12,train
part_12_record_011036,part_12,val
part_12_record_011037,part_12,val
part_12_record_011038,part_12,val
part_12_record_011039,part_12,test
part_12_record_011040,part_12,val
part_12_record_011041,part_12,train
part_12_record_011042,part_12,test
part_12_record_011043,part_12,train
part_12_record_011044,part_12,train
part_12_record_011045,part_12,val
part_12_record_011046,part_12,train
part_12_record_011047,part_12,train
part_12_record_011048,part_12,val
part_12_record_011049,part_12,train
part_12_record_011050,part_12,train
part_12_record_011051,part_12,test
part_12_record_011052,part_12,val
part_12_record_011053,part_12,train
part_12_record_011054,part_12,train
part_12_record_011055,part_12,train
part_12_record_011056,part_12,train
part_12_record_011057,part_12,train
part_12_record_011058,part_12,train
part_12_record_011059,part_12,train
part_12_record_011060,part_12,train
part_12_record_011061,part_12,train
part_12_record_011062,part_12,val
part_12_record_011063,part_12,train
part_12_record_011064,part_12,test
part_12_record_011065,part_12,train
part_12_record_011066,part_12,train
part_12_record_011067,part_12,val
part_12_record_011068,part_12,train
part_12_record_011069,part_12,test
part_12_record_011070,part_12,train
part_12_record_011071,part_12,test
part_12_record_011072,part_12,val
part_12_record_011073,part_12,val
part_12_record_011074,part_12,train
part_12_record_011075,part_12,train
part_12_record_011076,part_12,train
part_12_record_011077,part_12,train
part_12_record_011078,part_12,val
part_12_record_011079,part_12,train
part_12_record_011080,part_12,train
part_12_record_011081,part_12,test
part_12_record_011082,part_12,train
part_12_record_011083,part_12,train
part_12_record_011084,part_12,val
part_12_record_011085,part_12,train
part_12_record_011086,part_12,train
part_12_record_011087,part_12,val
part_12_record_011088,part_12,train
part_12_record_011089,part_12,test
part_12_record_011090,part_12,train
part_12_record_011091,part_12,train
part_12_record_011092,part_12,train
part_12_record_011093,part_12,train
part_12_record_011094,part_12,test
part_12_record_011095,part_12,val
part_12_record_011096,part_12,train
part_12_record_011097,part_12,test
part_12_record_011098,part_12,train
part_12_record_011099,part_12,train
part_12_record_011100,part_12,val
part_12_record_011101,part_12,test
part_12_record_011102,part_12,train
part_12_record_011103,part_12,train
part_12_record_011104,part_12,train
part_12_record_011105,part_12,val
part_12_record_011106,part_12,train
part_12_record_011107,part_12,train
part_12_record_011108,part_12,val
part_12_record_011109,part_12,train
part_12_record_011110,part_12,test
part_12_record_011111,part_12,val
part_12_record_011112,part_12,test
part_12_record_011113,part_12,train
part_12_record_011114,part_12,train
part_12_record_011115,part_12,test
part_12_record_011116,part_12,val
part_12_record_011117,part_12,train
part_12_record_011118,part_12,train
part_12_record_011119,part_12,train
part_12_record_011120,part_12,val
part_12_record_011121,part_12,val
part_12_record_011122,part_12,train
part_12_record_011123,part_12,train
part_12_record_011124,part_12,train
part_12_record_011125,part_12,train
part_12_record_011126,part_12,test
part_12_record_011127,part_12,test
part_12_record_011128,part_12,train
part_12_record_011129,part_12,train
part_12_record_011130,part_12,train
part_12_record_011131,part_12,test
part_12_record_011132,part_12,train
part_12_record_011133,part_12,train
part_12_record_011134,part_12,train
part_12_record_011135,part_12,train
part_12_record_011136,part_12,train
part_12_record_011137,part_12,test
part_12_record_011138,part_12,train
part_12_record_011139,part_12,train
part_12_record_011140,part_12,train
part_12_record_011141,part_12,train
part_12_record_011142,part_12,train
part_12_record_011143,part_12,train
part_12_record_011144,part_12,train
part_12_record_011145,part_12,train
part_12_record_011146,part_12,val
part_12_record_011147,part_12,test
part_12_record_011148,part_12,train
part_12_record_011149,part_12,test
part_12_record_011150,part_12,train
part_12_record_011151,part_12,train
part_12_record_011152,part_12,test
part_12_record_011153,part_12,train
part_12_record_011154,part_12,train
part_12_record_011155,part_12,train
part_12_record_011156,part_12,train
part_12_record_011157,part_12,val
part_12_record_011158,part_12,test
part_12_record_011159,part_12,test
part_12_record_011160,part_12,val
part_12_record_011161,part_12,train
part_12_record_011162,part_12,val
part_12_record_011163,part_12,test
part_12_record_011164,part_12,test
part_12_record_011165,part_12,train
part_12_record_011166,part_12,train
part_12_record_011167,part_12,test
part_12_record_011168,part_12,train
part_12_record_011169,part_12,train
part_12_record_011170,part_12,test
part_12_record_011171,part_12,val
part_12_record_011172,part_12,train
part_12_record_011173,part_12,val
part_12_record_011174,part_12,train
part_12_record_011175,part_12,test
part_12_record_011176,part_12,train
part_12_record_011177,part_12,val
part_12_record_011178,part_12,train
part_12_record_011179,part_12,train
part_12_record_011180,part_12,train
part_12_record_011181,part_12,train
part_12_record_011182,part_12,train
part_12_record_011183,part_12,val
part_12_record_011184,part_12,train
part_12_record_011185,part_12,train
part_12_record_011186,part_12,test
part_12_record_011187,part_12,test
part_12_record_011188,part_12,val
part_12_record_011189,part_12,train
part_12_record_011190,part_12,test
part_12_record_011191,part_12,test
part_12_record_011192,part_12,test
part_12_record_011193,part_12,train
part_12_record_011194,part_12,val
part_12_record_011195,part_12,val
part_12_record_011196,part_12,train
part_12_record_011197,part_12,val
part_12_record_011198,part_12,test
part_12_record_011199,part_12,val
part_12_record_011200,part_12,train
part_12_record_011201,part_12,train
part_12_record_011202,part_12,val
part_12_record_011203,part_12,train
part_12_record_011204,part_12,train
part_12_record_011205,part_12,train
part_12_record_011206,part_12,train
part_12_record_011207,part_12,val
part_12_record_011208,part_12,test
part_12_record_011209,part_12,train
part_12_record_011210,part_12,train
part_12_record_011211,part_12,train
part_12_record_011212,part_12,test
part_12_record_011213,part_12,train
part_12_record_011214,part_12,train
part_12_record_011215,part_12,train
part_12_record_011216,part_12,train
part_12_record_011217,part_12,test
part_12_record_011218,part_12,train
part_12_record_011219,part_12,val
part_12_record_011220,part_12,val
part_12_record_011221,part_12,train
part_12_record_011222,part_12,train
part_12_record_011223,part_12,train
part_12_record_011224,part_12,train
part_12_record_011225,part_12,train
part_12_record_011226,part_12,train
part_12_record_011227,part_12,train
part_12_record_011228,part_12,train
part_12_record_011229,part_12,train
part_12_record_011230,part_12,train
part_12_record_011231,part_12,test
part_12_record_011232,part_12,val
part_12_record_011233,part_12,train
part_12_record_011234,part_12,train
part_12_record_011235,part_12,val
part_12_record_011236,part_12,test
part_12_record_011237,part_12,train
part_12_record_011238,part_12,train
part_12_record_011239,part_12,train
part_12_record_011240,part_12,train
part_12_record_011241,part_12,train
part_12_record_011242,part_12,train
part_12_record_011243,part_12,train
part_12_record_011244,part_12,train
part_12_record_011245,part_12,train
part_12_record_011246,part_12,train
part_12_record_011247,part_12,train
part_12_record_011248,part_12,train
part_12_record_011249,part_12,train
part_12_record_011250,part_12,train
part_12_record_011251,part_12,val
part_12_record_011252,part_12,test
part_12_record_011253,part_12,test
part_12_record_011254,part_12,val
part_12_record_011255,part_12,train
part_12_record_011256,part_12,train
part_12_record_011257,part_12,train
part_12_record_011258,part_12,train
part_12_record_011259,part_12,train
part_12_record_011260,part_12,test
part_12_record_011261,part_12,train
part_12_record_011262,part_12,test
part_12_record_011263,part_12,test
part_12_record_011264,part_12,test
part_12_record_011265,part_12,train
part_12_record_011266,part_12,train
part_12_record_011267,part_12,train
part_12_record_011268,part_12,train
part_12_record_011269,part_12,train
part_12_record_011270,part_12,val
part_12_record_011271,part_12,val
part_12_record_011272,part_12,train
part_12_record_011273,part_12,train
part_12_record_011274,part_12,train
part_12_record_011275,part_12,val
part_12_record_011276,part_12,val
part_12_record_011277,part_12,val
part_12_record_011278,part_12,train
part_12_record_011279,part_12,train
part_12_record_011280,part_12,test
part_12_record_011281,part_12,train
part_12_record_011282,part_12,train
part_12_record_011283,part_12,train
part_12_record_011284,part_12,train
part_12_record_011285,part_12,test
part_12_record_011286,part_12,val
part_12_record_011287,part_12,test
part_12_record_011288,part_12,test
part_12_record_011289,part_12,train
part_12_record_011290,part_12,train
part_12_record_011291,part_12,train
part_12_record_011292,part_12,train
part_12_record_011293,part_12,train
part_12_record_011294,part_12,train
part_12_record_011295,part_12,test
part_12_record_011296,part_12,train
part_12_record_011297,part_12,test
part_12_record_011298,part_12,train
part_12_record_011299,part_12,train
part_12_record_011300,part_12,train
part_12_record_011301,part_12,train
part_12_record_011302,part_12,train
part_12_record_011303,part_12,test
part_12_record_011304,part_12,train
part_12_record_011305,part_12,train
part_12_record_011306,part_12,test
part_12_record_011307,part_12,val
part_12_record_011308,part_12,test
part_12_record_011309,part_12,train
part_12_record_011310,part_12,train
part_12_record_011311,part_12,test
part_12_record_011312,part_12,train
part_12_record_011313,part_12,test
part_12_record_011314,part_12,train
part_12_record_011315,part_12,val
part_12_record_011316,part_12,val
part_12_record_011317,part_12,train
part_12_record_011318,part_12,train
part_12_record_011319,part_12,val
part_12_record_011320,part_12,train
part_12_record_011321,part_12,test
part_12_record_011322,part_12,train
part_12_record_011323,part_12,train
part_12_record_011324,part_12,train
part_12_record_011325,part_12,train
part_12_record_011326,part_12,val
part_12_record_011327,part_12,train
part_12_record_011328,part_12,test
part_12_record_011329,part_12,train
part_12_record_011330,part_12,train
part_12_record_011331,part_12,train
part_12_record_011332,part_12,train
part_12_record_011333,part_12,test
part_12_record_011334,part_12,train
part_12_record_011335,part_12,train
part_12_record_011336,part_12,test
part_12_record_011337,part_12,train
part_12_record_011338,part_12,val
part_12_record_011339,part_12,test
part_12_record_011340,part_12,train
part_12_record_011341,part_12,train
part_12_record_011342,part_12,train
part_12_record_011343,part_12,train
part_12_record_011344,part_12,val
part_12_record_011345,part_12,test
part_12_record_011346,part_12,train
part_12_record_011347,part_12,test
part_12_record_011348,part_12,test
part_12_record_011349,part_12,train
part_12_record_011350,part_12,val
part_12_record_011351,part_12,train
part_12_record_011352,part_12,train
part_12_record_011353,part_12,train
part_12_record_011354,part_12,train
part_12_record_011355,part_12,val
part_12_record_011356,part_12,train
part_12_record_011357,part_12,val
part_12_record_011358,part_12,test
part_12_record_011359,part_12,train
part_12_record_011360,part_12,train
part_12_record_011361,part_12,train
part_12_record_011362,part_12,val
part_12_record_011363,part_12,train
part_12_record_011364,part_12,test
part_12_record_011365,part_12,train
part_12_record_011366,part_12,train
part_12_record_011367,part_12,train
part_12_record_011368,part_12,test
part_12_record_011369,part_12,train
part_12_record_011370,part_12,train
part_12_record_011371,part_12,train
part_12_record_011372,part_12,train
part_12_record_011373,part_12,train
part_12_record_011374,part_12,test
part_12_record_011375,part_12,train
part_12_record_011376,part_12,test
part_12_record_011377,part_12,test
part_12_record_011378,part_12,val
part_12_record_011379,part_12,test
part_12_record_011380,part_12,val
part_12_record_011381,part_12,train
part_12_record_011382,part_12,test
part_12_record_011383,part_12,test
part_12_record_011384,part_12,test
part_12_record_011385,part_12,train
part_12_record_011386,part_12,train
part_12_record_011387,part_12,train
part_12_record_011388,part_12,train
part_12_record_011389,part_12,train
part_12_record_011390,part_12,train
part_12_record_011391,part_12,val
part_12_record_011392,part_12,train
part_12_record_011393,part_12,train
part_12_record_011394,part_12,train
part_12_record_011395,part_12,test
part_12_record_011396,part_12,train
part_12_record_011397,part_12,train
part_12_record_011398,part_12,test
part_12_record_011399,part_12,train
part_12_record_011400,part_12,val
part_12_record_011401,part_12,test
part_12_record_011402,part_12,train
part_12_record_011403,part_12,val
part_12_record_011404,part_12,train
part_12_record_011405,part_12,val
part_12_record_011406,part_12,train
part_12_record_011407,part_12,train
part_12_record_011408,part_12,train
part_12_record_011409,part_12,train
part_12_record_011410,part_12,train
part_12_record_011411,part_12,train
part_12_record_011412,part_12,test
part_12_record_011413,part_12,val
part_12_record_011414,part_12,test
part_12_record_011415,part_12,train
part_12_record_011416,part_12,train
part_12_record_011417,part_12,train
part_12_record_011418,part_12,val
part_12_record_011419,part_12,train
part_12_record_011420,part_12,train
part_12_record_011421,part_12,train
part_12_record_011422,part_12,val
part_12_record_011423,part_12,train
part_12_record_011424,part_12,train
part_12_record_011425,part_12,train
part_12_record_011426,part_12,train
part_12_record_011427,part_12,test
part_12_record_011428,part_12,train
part_12_record_011429,part_12,train
part_12_record_011430,part_12,train
part_12_record_011431,part_12,train
part_12_record_011432,part_12,val
part_12_record_011433,part_12,train
part_12_record_011434,part_12,train
part_12_record_011435,part_12,train
part_12_record_011436,part_12,val
part_12_record_011437,part_12,train
part_12_record_011438,part_12,train
part_12_record_011439,part_12,train
part_12_record_011440,part_12,train
part_12_record_011441,part_12,test
part_12_record_011442,part_12,train
part_12_record_011443,part_12,val
part_12_record_011444,part_12,test
part_12_record_011445,part_12,val
part_12_record_011446,part_12,train
part_12_record_011447,part_12,train
part_12_record_011448,part_12,test
part_12_record_011449,part_12,train
part_12_record_011450,part_12,train
part_12_record_011451,part_12,train
part_12_record_011452,part_12,test
part_12_record_011453,part_12,train
part_12_record_011454,part_12,test
part_12_record_011455,part_12,train
part_12_record_011456,part_12,train
part_12_record_011457,part_12,train
part_12_record_011458,part_12,train
part_12_record_011459,part_12,train
part_12_record_011460,part_12,test
part_12_record_011461,part_12,test
part_12_record_011462,part_12,train
part_12_record_011463,part_12,train
part_12_record_011464,part_12,test
part_12_record_011465,part_12,test
part_12_record_011466,part_12,train
part_12_record_011467,part_12,train
part_12_record_011468,part_12,train
part_12_record_011469,part_12,train
part_12_record_011470,part_12,train
part_12_record_011471,part_12,val
part_12_record_011472,part_12,val
part_12_record_011473,part_12,train
part_12_record_011474,part_12,train
part_12_record_011475,part_12,val
part_12_record_011476,part_12,train
part_12_record_011477,part_12,train
part_12_record_011478,part_12,train
part_12_record_011479,part_12,train
part_12_record_011480,part_12,train
part_12_record_011481,part_12,train
part_12_record_011482,part_12,train
part_12_record_011483,part_12,val
part_12_record_011484,part_12,train
part_12_record_011485,part_12,train
part_12_record_011486,part_12,train
part_12_record_011487,part_12,train
part_12_record_011488,part_12,train
part_12_record_011489,part_12,train
part_12_record_011490,part_12,train
part_12_record_011491,part_12,train
part_12_record_011492,part_12,val
part_12_record_011493,part_12,train
part_12_record_011494,part_12,train
part_12_record_011495,part_12,test
part_12_record_011496,part_12,train
part_12_record_011497,part_12,test
part_12_record_011498,part_12,train
part_12_record_011499,part_12,train
part_12_record_011500,part_12,train
part_12_record_011501,part_12,val
part_12_record_011502,part_12,train
part_12_record_011503,part_12,test
part_12_record_011504,part_12,train
part_12_record_011505,part_12,train
part_12_record_011506,part_12,train
part_12_record_011507,part_12,test
part_12_record_011508,part_12,val
part_12_record_011509,part_12,train
part_12_record_011510,part_12,train
part_12_record_011511,part_12,train
part_12_record_011512,part_12,train
part_12_record_011513,part_12,val
part_12_record_011514,part_12,train
part_12_record_011515,part_12,train
part_12_record_011516,part_12,train
part_12_record_011517,part_12,train
part_12_record_011518,part_12,train
part_12_record_011519,part_12,train
part_12_record_011520,part_12,val
part_12_record_011521,part_12,train
part_12_record_011522,part_12,train
part_12_record_011523,part_12,train
part_12_record_011524,part_12,train
part_12_record_011525,part_12,train
part_12_record_011526,part_12,train
part_12_record_011527,part_12,train
part_12_record_011528,part_12,train
part_12_record_011529,part_12,train
part_12_record_011530,part_12,train
part_12_record_011531,part_12,train
part_12_record_011532,part_12,train
part_12_record_011533,part_12,train
part_12_record_011534,part_12,train
part_12_record_011535,part_12,test
part_12_record_011536,part_12,val
part_12_record_011537,part_12,train
part_12_record_011538,part_12,train
part_12_record_011539,part_12,train
part_12_record_011540,part_12,train
part_12_record_011541,part_12,train
part_12_record_011542,part_12,train
part_12_record_011543,part_12,train
part_12_record_011544,part_12,train
part_12_record_011545,part_12,train
part_12_record_011546,part_12,train
part_12_record_011547,part_12,train
part_12_record_011548,part_12,test
part_12_record_011549,part_12,train
part_12_record_011550,part_12,test
part_12_record_011551,part_12,val
part_12_record_011552,part_12,train
part_12_record_011553,part_12,train
part_12_record_011554,part_12,train
part_12_record_011555,part_12,train
part_12_record_011556,part_12,train
part_12_record_011557,part_12,val
part_12_record_011558,part_12,test
part_12_record_011559,part_12,train
part_12_record_011560,part_12,train
part_12_record_011561,part_12,test
part_12_record_011562,part_12,test
part_12_record_011563,part_12,train
part_12_record_011564,part_12,train
part_12_record_011565,part_12,train
part_12_record_011566,part_12,train
part_12_record_011567,part_12,test
part_12_record_011568,part_12,val
part_12_record_011569,part_12,train
part_12_record_011570,part_12,test
part_12_record_011571,part_12,train
part_12_record_011572,part_12,train
part_12_record_011573,part_12,test
part_12_record_011574,part_12,train
part_12_record_011575,part_12,train
part_12_record_011576,part_12,val
part_12_record_011577,part_12,train
part_12_record_011578,part_12,train
part_12_record_011579,part_12,train
part_12_record_011580,part_12,train
part_12_record_011581,part_12,test
part_12_record_011582,part_12,train
part_12_record_011583,part_12,val
part_12_record_011584,part_12,test
part_12_record_011585,part_12,test
part_12_record_011586,part_12,train
part_12_record_011587,part_12,train
part_12_record_011588,part_12,val
part_12_record_011589,part_12,train
part_12_record_011590,part_12,test
part_12_record_011591,part_12,train
part_12_record_011592,part_12,test
part_12_record_011593,part_12,train
part_12_record_011594,part_12,train
part_12_record_011595,part_12,train
part_12_record_011596,part_12,train
part_12_record_011597,part_12,test
part_12_record_011598,part_12,train
part_12_record_011599,part_12,test
part_12_record_011600,part_12,train
part_12_record_011601,part_12,train
part_12_record_011602,part_12,train
part_12_record_011603,part_12,test
part_12_record_011604,part_12,train
part_12_record_011605,part_12,train
part_12_record_011606,part_12,train
part_12_record_011607,part_12,val
part_12_record_011608,part_12,train
part_12_record_011609,part_12,train
part_12_record_011610,part_12,train
part_12_record_011611,part_12,train
part_12_record_011612,part_12,train
part_12_record_011613,part_12,train
part_12_record_011614,part_12,val
part_12_record_011615,part_12,val
part_12_record_011616,part_12,train
part_12_record_011617,part_12,train
part_12_record_011618,part_12,train
part_12_record_011619,part_12,train
part_12_record_011620,part_12,train
part_12_record_011621,part_12,train
part_12_record_011622,part_12,train
part_12_record_011623,part_12,train
part_12_record_011624,part_12,train
part_12_record_011625,part_12,val
part_12_record_011626,part_12,train
part_12_record_011627,part_12,train
part_12_record_011628,part_12,train
part_12_record_011629,part_12,train
part_12_record_011630,part_12,val
part_12_record_011631,part_12,train
part_12_record_011632,part_12,val
part_12_record_011633,part_12,val
part_12_record_011634,part_12,train
part_12_record_011635,part_12,val
part_12_record_011636,part_12,val
part_12_record_011637,part_12,test
part_12_record_011638,part_12,test
part_12_record_011639,part_12,train
part_12_record_011640,part_12,train
part_12_record_011641,part_12,train
part_12_record_011642,part_12,train
part_12_record_011643,part_12,train
part_12_record_011644,part_12,test
part_12_record_011645,part_12,train
part_12_record_011646,part_12,train
part_12_record_011647,part_12,test
part_12_record_011648,part_12,train
part_12_record_011649,part_12,train
part_12_record_011650,part_12,test
part_12_record_011651,part_12,val
part_12_record_011652,part_12,train
part_12_record_011653,part_12,val
part_12_record_011654,part_12,test
part_12_record_011655,part_12,train
part_12_record_011656,part_12,train
part_12_record_011657,part_12,train
part_12_record_011658,part_12,train
part_12_record_011659,part_12,train
part_12_record_011660,part_12,test
part_12_record_011661,part_12,val
part_12_record_011662,part_12,val
part_12_record_011663,part_12,train
part_12_record_011664,part_12,test
part_12_record_011665,part_12,train
part_12_record_011666,part_12,train
part_12_record_011667,part_12,test
part_12_record_011668,part_12,train
part_12_record_011669,part_12,test
part_12_record_011670,part_12,val
part_12_record_011671,part_12,train
part_12_record_011672,part_12,val
part_12_record_011673,part_12,train
part_12_record_011674,part_12,train
part_12_record_011675,part_12,test
part_12_record_011676,part_12,train
part_12_record_011677,part_12,train
part_12_record_011678,part_12,train
part_12_record_011679,part_12,train
part_12_record_011680,part_12,train
part_12_record_011681,part_12,val
part_12_record_011682,part_12,train
part_12_record_011683,part_12,val
part_12_record_011684,part_12,train
part_12_record_011685,part_12,val
part_12_record_011686,part_12,test
part_12_record_011687,part_12,train
part_12_record_011688,part_12,train
part_12_record_011689,part_12,train
part_12_record_011690,part_12,train
part_12_record_011691,part_12,train
part_12_record_011692,part_12,train
part_12_record_011693,part_12,val
part_12_record_011694,part_12,train
part_12_record_011695,part_12,train
part_12_record_011696,part_12,train
part_12_record_011697,part_12,train
part_12_record_011698,part_12,val
part_12_record_011699,part_12,val
part_12_record_011700,part_12,train
part_12_record_011701,part_12,train
part_12_record_011702,part_12,train
part_12_record_011703,part_12,train
part_12_record_011704,part_12,val
part_12_record_011705,part_12,train
part_12_record_011706,part_12,train
part_12_record_011707,part_12,test
part_12_record_011708,part_12,test
part_12_record_011709,part_12,test
part_12_record_011710,part_12,test
part_12_record_011711,part_12,train
part_12_record_011712,part_12,train
part_12_record_011713,part_12,train
part_12_record_011714,part_12,train
part_12_record_011715,part_12,val
part_12_record_011716,part_12,train
part_12_record_011717,part_12,test
part_12_record_011718,part_12,train
part_12_record_011719,part_12,train
part_12_record_011720,part_12,train
part_12_record_011721,part_12,train
part_12_record_011722,part_12,train
part_12_record_011723,part_12,train
part_12_record_011724,part_12,train
part_12_record_011725,part_12,test
part_12_record_011726,part_12,val
part_12_record_011727,part_12,train
part_12_record_011728,part_12,train
part_12_record_011729,part_12,train
part_12_record_011730,part_12,val
part_12_record_011731,part_12,train
part_12_record_011732,part_12,train
part_12_record_011733,part_12,train
part_12_record_011734,part_12,train
part_12_record_011735,part_12,test
part_12_record_011736,part_12,train
part_12_record_011737,part_12,train
part_12_record_011738,part_12,train
part_12_record_011739,part_12,train
part_12_record_011740,part_12,train
part_12_record_011741,part_12,train
part_12_record_011742,part_12,test
part_12_record_011743,part_12,train
part_12_record_011744,part_12,train
part_12_record_011745,part_12,train
part_12_record_011746,part_12,val
part_12_record_011747,part_12,train
part_12_record_011748,part_12,train
part_12_record_011749,part_12,train
part_12_record_011750,part_12,train
part_12_record_011751,part_12,train
part_12_record_011752,part_12,train
part_12_record_011753,part_12,val
part_12_record_011754,part_12,test
part_12_record_011755,part_12,train
part_12_record_011756,part_12,train
part_12_record_011757,part_12,train
part_12_record_011758,part_12,train
part_12_record_011759,part_12,train
part_12_record_011760,part_12,val
part_12_record_011761,part_12,test
part_12_record_011762,part_12,train
part_12_record_011763,part_12,train
part_12_record_011764,part_12,train
part_12_record_011765,part_12,train
part_12_record_011766,part_12,train
part_12_record_011767,part_12,train
part_12_record_011768,part_12,val
part_12_record_011769,part_12,train
part_12_record_011770,part_12,train
part_12_record_011771,part_12,test
part_12_record_011772,part_12,train
part_12_record_011773,part_12,train
part_12_record_011774,part_12,train
part_12_record_011775,part_12,val
part_12_record_011776,part_12,train
part_12_record_011777,part_12,train
part_12_record_011778,part_12,train
part_12_record_011779,part_12,train
part_12_record_011780,part_12,train
part_12_record_011781,part_12,train
part_12_record_011782,part_12,val
part_12_record_011783,part_12,train
part_12_record_011784,part_12,test
part_12_record_011785,part_12,train
part_12_record_011786,part_12,val
part_12_record_011787,part_12,val
part_12_record_011788,part_12,val
part_12_record_011789,part_12,train
part_12_record_011790,part_12,train
part_12_record_011791,part_12,train
part_12_record_011792,part_12,train
part_12_record_011793,part_12,train
part_12_record_011794,part_12,train
part_12_record_011795,part_12,train
part_12_record_011796,part_12,test
part_12_record_011797,part_12,train
part_12_record_011798,part_12,train
part_12_record_011799,part_12,train
part_12_record_011800,part_12,train
part_12_record_011801,part_12,train
part_12_record_011802,part_12,val
part_12_record_011803,part_12,val
part_12_record_011804,part_12,val
part_12_record_011805,part_12,train
part_12_record_011806,part_12,train
part_12_record_011807,part_12,val
part_12_record_011808,part_12,test
part_12_record_011809,part_12,train
part_12_record_011810,part_12,train
part_12_record_011811,part_12,train
part_12_record_011812,part_12,train
part_12_record_011813,part_12,train
part_12_record_011814,part_12,train
part_12_record_011815,part_12,test
part_12_record_011816,part_12,train
part_12_record_011817,part_12,val
part_12_record_011818,part_12,test
part_12_record_011819,part_12,test
part_12_record_011820,part_12,train
part_12_record_011821,part_12,train
part_12_record_011822,part_12,val
part_12_record_011823,part_12,train
part_12_record_011824,part_12,train
part_12_record_011825,part_12,test
part_12_record_011826,part_12,train
part_12_record_011827,part_12,test
part_12_record_011828,part_12,train
part_12_record_011829,part_12,train
part_12_record_011830,part_12,train
part_12_record_011831,part_12,train
part_12_record_011832,part_12,test
part_12_record_011833,part_12,val
part_12_record_011834,part_12,train
part_12_record_011835,part_12,train
part_12_record_011836,part_12,train
part_12_record_011837,part_12,train
part_12_record_011838,part_12,test
part_12_record_011839,part_12,train
part_12_record_011840,part_12,val
part_12_record_011841,part_12,train
part_12_record_011842,part_12,val
part_12_record_011843,part_12,val
part_12_record_011844,part_12,val
part_12_record_011845,part_12,train
part_12_record_011846,part_12,train
part_12_record_011847,part_12,train
part_12_record_011848,part_12,train
part_12_record_011849,part_12,train
part_12_record_011850,part_12,train
part_12_record_011851,part_12,train
part_12_record_011852,part_12,train
part_12_record_011853,part_12,train
part_12_record_011854,part_12,test
part_12_record_011855,part_12,train
part_12_record_011856,part_12,train
part_12_record_011857,part_12,train
part_12_record_011858,part_12,test
part_12_record_011859,part_12,val
part_12_record_011860,part_12,val
part_12_record_011861,part_12,train
part_12_record_011862,part_12,train
part_12_record_011863,part_12,train
part_12_record_011864,part_12,train
part_12_record_011865,part_12,train
part_12_record_011866,part_12,train
part_12_record_011867,part_12,train
part_12_record_011868,part_12,test
part_12_record_011869,part_12,train
part_12_record_011870,part_12,val
part_12_record_011871,part_12,train
part_12_record_011872,part_12,test
part_12_record_011873,part_12,train
part_12_record_011874,part_12,val
part_12_record_011875,part_12,train
part_12_record_011876,part_12,train
part_12_record_011877,part_12,val
part_12_record_011878,part_12,train
part_12_record_011879,part_12,train
part_12_record_011880,part_12,train
part_12_record_011881,part_12,train
part_12_record_011882,part_12,test
part_12_record_011883,part_12,train
part_12_record_011884,part_12,train
part_12_record_011885,part_12,train
part_12_record_011886,part_12,train
part_12_record_011887,part_12,val
part_12_record_011888,part_12,train
part_12_record_011889,part_12,train
part_12_record_011890,part_12,train
part_12_record_011891,part_12,test
part_12_record_011892,part_12,train
part_12_record_011893,part_12,train
part_12_record_011894,part_12,train
part_12_record_011895,part_12,train
part_12_record_011896,part_12,val
part_12_record_011897,part_12,train
part_12_record_011898,part_12,test
part_12_record_011899,part_12,train
part_12_record_011900,part_12,train
part_12_record_011901,part_12,train
part_12_record_011902,part_12,train
part_12_record_011903,part_12,train
part_12_record_011904,part_12,train
part_12_record_011905,part_12,train
part_12_record_011906,part_12,train
part_12_record_011907,part_12,train
part_12_record_011908,part_12,train
part_12_record_011909,part_12,val
part_12_record_011910,part_12,train
part_12_record_011911,part_12,train
part_12_record_011912,part_12,train
part_12_record_011913,part_12,val
part_12_record_011914,part_12,train
part_12_record_011915,part_12,train
part_12_record_011916,part_12,test
part_12_record_011917,part_12,train
part_12_record_011918,part_12,val
part_12_record_011919,part_12,val
part_12_record_011920,part_12,train
part_12_record_011921,part_12,test
part_12_record_011922,part_12,train
part_12_record_011923,part_12,train
part_12_record_011924,part_12,train
part_12_record_011925,part_12,train
part_12_record_011926,part_12,train
part_12_record_011927,part_12,train
part_12_record_011928,part_12,train
part_12_record_011929,part_12,train
part_12_record_011930,part_12,train
part_12_record_011931,part_12,test
part_12_record_011932,part_12,train
part_12_record_011933,part_12,train
part_12_record_011934,part_12,val
part_12_record_011935,part_12,val
part_12_record_011936,part_12,train
part_12_record_011937,part_12,test
part_12_record_011938,part_12,test
part_12_record_011939,part_12,train
part_12_record_011940,part_12,test
part_12_record_011941,part_12,test
part_12_record_011942,part_12,train
part_12_record_011943,part_12,train
part_12_record_011944,part_12,val
part_12_record_011945,part_12,test
part_12_record_011946,part_12,val
part_12_record_011947,part_12,train
part_12_record_011948,part_12,train
part_12_record_011949,part_12,train
part_12_record_011950,part_12,train
part_12_record_011951,part_12,train
part_12_record_011952,part_12,train
part_12_record_011953,part_12,train
part_12_record_011954,part_12,train
part_12_record_011955,part_12,train
part_12_record_011956,part_12,train
part_12_record_011957,part_12,train
part_12_record_011958,part_12,train
part_12_record_011959,part_12,train
part_12_record_011960,part_12,train
part_12_record_011961,part_12,val
part_12_record_011962,part_12,train
part_12_record_011963,part_12,val
part_12_record_011964,part_12,train
part_12_record_011965,part_12,test
part_12_record_011966,part_12,train
part_12_record_011967,part_12,train
part_12_record_011968,part_12,train
part_12_record_011969,part_12,train
part_12_record_011970,part_12,train
part_12_record_011971,part_12,val
part_12_record_011972,part_12,test
part_12_record_011973,part_12,train
part_12_record_011974,part_12,train
part_12_record_011975,part_12,train
part_12_record_011976,part_12,test
part_12_record_011977,part_12,test
part_12_record_011978,part_12,val
part_12_record_011979,part_12,val
part_12_record_011980,part_12,train
part_12_record_011981,part_12,test
part_12_record_011982,part_12,test
part_12_record_011983,part_12,train
part_12_record_011984,part_12,val
part_12_record_011985,part_12,train
part_12_record_011986,part_12,train
part_12_record_011987,part_12,test
part_12_record_011988,part_12,train
part_12_record_011989,part_12,train
part_12_record_011990,part_12,train
part_12_record_011991,part_12,val
part_12_record_011992,part_12,train
part_12_record_011993,part_12,train
part_12_record_011994,part_12,train
part_12_record_011995,part_12,train
part_12_record_011996,part_12,train
part_12_record_011997,part_12,train
part_12_record_011998,part_12,test
part_12_record_011999,part_12,train
part_12_record_012000,part_12,train
