sample_index,expected_timestamp_ms,host_timestamp_ms,ir,red
218470,2184700,218958,1000,46
218480,2184800,218968,994,38
218490,2184900,218978,998,41
218500,2185000,218988,991,33
218510,2185100,218998,997,34
218520,2185200,219008,1006,39
218530,2185300,219018,1026,24
218540,2185400,219028,1011,24
218550,2185500,219038,1012,30
218560,2185600,219048,1000,20
218570,2185700,219058,1011,28
218580,2185800,219068,998,26
218590,2185900,219078,993,29
218600,2186000,219088,993,35
218610,2186100,219098,992,18
218620,2186200,219108,976,21
218630,2186300,219118,1011,13
218640,2186400,219128,994,6
218650,2186500,219138,986,12
218660,2186600,219148,998,2
218670,2186700,219158,993,2
218680,2186800,219168,996,22
218690,2186900,219178,989,13
218700,2187000,219188,993,14
218710,2187100,219198,996,0
218720,2187200,219208,992,0
218730,2187300,219218,998,2
218740,2187400,219228,1002,0
218750,2187500,219238,991,2
218760,2187600,219248,1003,7
218770,2187700,219259,1001,0
218780,2187800,219269,1001,0
218790,2187900,219279,1011,9
218800,2188000,219289,999,3
218810,2188100,219299,1002,19
218820,2188200,219309,991,14
218830,2188300,219319,1004,6
218840,2188400,219329,1007,20
218850,2188500,219338,999,27
218860,2188600,219349,1000,14
218870,2188700,219359,1008,17
218880,2188800,219369,999,17
218890,2188900,219379,993,18
218900,2189000,219389,1002,22
218910,2189100,219399,1022,19
218920,2189200,219409,1006,22
218930,2189300,219419,1000,17
218940,2189400,219429,1017,33
218950,2189500,219439,1009,24
218960,2189600,219449,1002,26
218970,2189700,219459,1015,41
218980,2189800,219469,991,20
218990,2189900,219479,1026,16
219000,2190000,219489,1017,26
219010,2190100,219499,1020,32
219020,2190200,219509,1032,24
219030,2190300,219519,1023,26
219040,2190400,219529,1025,28
219050,2190500,219539,1028,27
219060,2190600,219549,1023,39
219070,2190700,219559,1037,32
219080,2190800,219569,1023,28
219090,2190900,219579,1038,27
219100,2191000,219589,1033,8
219110,2191100,219599,1029,22
219120,2191200,219609,1032,28
219130,2191300,219619,1041,9
219140,2191400,219629,1045,31
219150,2191500,219639,1047,17
219160,2191600,219649,1054,21
219170,2191700,219659,1056,23
219180,2191800,219669,1051,33
219190,2191900,219679,1066,19
219200,2192000,219689,1072,20
219210,2192100,219699,1071,30
219220,2192200,219709,1082,28
219230,2192300,219720,1085,23
219240,2192400,219730,1077,14
219250,2192500,219740,1099,34
219260,2192600,219750,1095,33
219270,2192700,219760,1113,44
219280,2192800,219770,1104,40
219290,2192900,219780,1097,44
219300,2193000,219790,1090,27
219310,2193100,219800,1097,33
219320,2193200,219810,1114,44
219330,2193300,219820,1116,35
219340,2193400,219830,1115,33
219350,2193500,219840,1126,28
219360,2193600,219850,1129,20
219370,2193700,219860,1126,26
219380,2193800,219870,1125,29
219390,2193900,219880,1132,29
219400,2194000,219890,1132,24
219410,2194100,219900,1138,47
219420,2194200,219910,1140,46
219430,2194300,219920,1147,43
219440,2194400,219930,1141,32
219450,2194500,219940,1152,31
219460,2194600,219950,1162,34
219470,2194700,219960,1153,25
219480,2194800,219970,1175,36
219490,2194900,219980,1185,30
219500,2195000,219990,1180,25
219510,2195100,220000,1196,43
219520,2195200,220010,1196,43
219530,2195300,220020,1193,47
219540,2195400,220030,1194,43
219550,2195500,220040,1197,58
219560,2195600,220050,1226,35
219570,2195700,220060,1219,32
219580,2195800,220070,1233,50
219590,2195900,220080,1243,39
219600,2196000,220090,1255,34
219610,2196100,220100,1271,36
219620,2196200,220110,1278,52
219630,2196300,220120,1293,52
219640,2196400,220130,1307,34
219650,2196500,220140,1319,38
219660,2196600,220150,1336,37
219670,2196700,220160,1357,49
219680,2196800,220171,1373,37
219690,2196900,220181,1387,38
219700,2197000,220191,1394,27
219710,2197100,220201,1370,37
219720,2197200,220211,1392,47
219730,2197300,220221,1375,43
219740,2197400,220231,1392,34
219750,2197500,220241,1414,35
219760,2197600,220251,1414,43
219770,2197700,220261,1421,52
219780,2197800,220271,1433,37
219790,2197900,220281,1445,53
219800,2198000,220291,1452,47
219810,2198100,220301,1459,30
219820,2198200,220311,1485,49
219830,2198300,220321,1486,46
219840,2198400,220331,1482,35
219850,2198500,220341,1499,27
219860,2198600,220351,1511,33
219870,2198700,220361,1532,36
219880,2198800,220371,1535,21
219890,2198900,220381,1564,53
219900,2199000,220391,1596,43
219910,2199100,220401,1630,54
219920,2199200,220411,1675,39
219930,2199300,220421,1726,32
219940,2199400,220431,1783,37
219950,2199500,220441,1848,19
219960,2199600,220451,1937,47
219970,2199700,220461,2047,30
219980,2199800,220471,2184,40
219990,2199900,220481,2337,42
220000,2200000,220491,2484,33
220010,2200100,220501,2584,49
220020,2200200,220511,2667,40
220030,2200300,220521,2762,34
220040,2200400,220531,2895,40
220050,2200500,220541,3059,35
220060,2200600,220551,3277,34
220070,2200700,220561,3560,43
220080,2200800,220571,3855,27
220090,2200900,220581,4188,43
220100,2201000,220591,4574,45
220110,2201100,220601,5016,43
220120,2201200,220611,5442,34
220130,2201300,220622,5804,40
220140,2201400,220632,6050,48
220150,2201500,220642,6242,49
220160,2201600,220652,6397,42
220170,2201700,220662,6535,39
220180,2201800,220672,6577,32
220190,2201900,220682,6422,35
220200,2202000,220692,6029,34
220210,2202100,220702,5444,33
220220,2202200,220712,4750,40
220230,2202300,220722,4023,51
220240,2202400,220732,3381,45
220250,2202500,220742,2928,45
220260,2202600,220752,2614,37
220270,2202700,220762,2410,34
220280,2202800,220772,2315,41
220290,2202900,220782,2215,52
220300,2203000,220792,2136,27
220310,2203100,220802,2005,37
220320,2203200,220812,1909,31
220330,2203300,220822,1761,47
220340,2203400,220832,1652,47
220350,2203500,220842,1520,41
220360,2203600,220852,1428,56
220370,2203700,220862,1364,51
220380,2203800,220872,1286,35
220390,2203900,220882,1252,37
220400,2204000,220892,1213,52
220410,2204100,220902,1194,30
220420,2204200,220912,1176,31
220430,2204300,220922,1142,34
220440,2204400,220932,1128,42
220450,2204500,220942,1092,35
220460,2204600,220952,1087,34
220470,2204700,220962,1071,45
220480,2204800,220972,1078,45
220490,2204900,220982,1080,38
220500,2205000,220992,1075,33
220510,2205100,221002,1081,52
220520,2205200,221012,1078,46
220530,2205300,221022,1076,30
220540,2205400,221032,1068,27
220550,2205500,221042,1068,49
220560,2205600,221052,1076,52
220570,2205700,221062,1058,44
220580,2205800,221073,1085,44
220590,2205900,221083,1080,46
220600,2206000,221093,1089,44
220610,2206100,221103,1109,41
220620,2206200,221113,1120,38
220630,2206300,221123,1117,25
220640,2206400,221133,1132,32
220650,2206500,221143,1134,28
220660,2206600,221153,1160,37
220670,2206700,221163,1168,57
220680,2206800,221173,1160,52
220690,2206900,221183,1178,37
220700,2207000,221193,1194,28
220710,2207100,221203,1216,37
220720,2207200,221213,1209,27
220730,2207300,221223,1252,40
220740,2207400,221233,1265,43
220750,2207500,221243,1302,31
220760,2207600,221253,1320,50
220770,2207700,221263,1346,50
220780,2207800,221273,1390,33
220790,2207900,221283,1418,39
220800,2208000,221293,1442,46
220810,2208100,221303,1485,58
220820,2208200,221313,1522,63
220830,2208300,221323,1584,46
220840,2208400,221333,1678,41
220850,2208500,221343,1790,53
220860,2208600,221353,1904,29
220870,2208700,221363,2028,37
220880,2208800,221373,2172,48
220890,2208900,221383,2297,44
220900,2209000,221393,2460,41
220910,2209100,221403,2651,54
220920,2209200,221413,2861,43
220930,2209300,221423,3082,49
220940,2209400,221433,3301,44
220950,2209500,221443,3491,37
220960,2209600,221453,3674,39
220970,2209700,221463,3820,46
220980,2209800,221473,3850,42
220990,2209900,221483,3859,40
221000,2210000,221493,3827,38
221010,2210100,221503,3749,53
221020,2210200,221513,3649,42
221030,2210300,221524,3467,40
221040,2210400,221534,3215,47
221050,2210500,221544,2878,53
221060,2210600,221554,2418,33
221070,2210700,221564,1908,51
221080,2210800,221574,1413,32
221090,2210900,221584,1113,39
221100,2211000,221594,1034,43
221110,2211100,221604,1027,41
221120,2211200,221614,1015,27
221130,2211300,221624,1035,58
221140,2211400,221634,1013,50
221150,2211500,221644,1022,59
221160,2211600,221654,1026,44
221170,2211700,221664,1023,41
221180,2211800,221674,1033,36
221190,2211900,221684,1034,33
221200,2212000,221694,1051,34
221210,2212100,221704,1050,43
221220,2212200,221714,1074,29
221230,2212300,221724,1049,40
221240,2212400,221734,1043,57
221250,2212500,221744,1037,40
221260,2212600,221754,1049,45
221270,2212700,221764,1057,40
221280,2212800,221774,1075,46
221290,2212900,221784,1101,43
221300,2213000,221794,1120,43
221310,2213100,221804,1139,40
221320,2213200,221814,1111,27
221330,2213300,221824,1088,51
221340,2213400,221834,1090,44
221350,2213500,221844,1070,41
221360,2213600,221854,1072,45
221370,2213700,221864,1048,56
221380,2213800,221874,1045,47
221390,2213900,221885,1034,55
221400,2214000,221895,1037,38
221410,2214100,221905,1036,40
221420,2214200,221914,1046,42
221430,2214300,221924,1042,39
221440,2214400,221934,1038,38
221450,2214500,221944,1041,33
221460,2214600,221954,1059,39
221470,2214700,221964,1055,43
221480,2214800,221975,1059,46
221490,2214900,221985,1090,48
221500,2215000,221995,1120,59
221510,2215100,222005,1198,55
221520,2215200,222015,1272,53
221530,2215300,222025,1360,50
221540,2215400,222035,1464,52
221550,2215500,222045,1598,50
221560,2215600,222055,1713,36
221570,2215700,222065,1846,58
221580,2215800,222075,2011,47
221590,2215900,222085,2187,43
221600,2216000,222095,2391,37
221610,2216100,222105,2633,47
221620,2216200,222115,2888,54
221630,2216300,222125,3166,48
221640,2216400,222135,3466,51
221650,2216500,222145,3770,54
221660,2216600,222155,4114,47
221670,2216700,222165,4470,51
221680,2216800,222175,4934,50
221690,2216900,222185,5518,54
221700,2217000,222195,6179,57
221710,2217100,222205,6838,46
221720,2217200,222215,7454,47
221730,2217300,222225,8103,60
221740,2217400,222235,8793,56
221750,2217500,222245,9538,66
221760,2217600,222255,10299,54
221770,2217700,222265,11031,57
221780,2217800,222275,11711,70
221790,2217900,222285,12427,57
221800,2218000,222295,13253,32
221810,2218100,222305,14237,45
221820,2218200,222315,15360,45
221830,2218300,222325,16690,38
221840,2218400,222335,18129,52
221850,2218500,222346,19383,58
221860,2218600,222356,20604,47
221870,2218700,222366,22034,57
221880,2218800,222376,23827,43
221890,2218900,222386,26064,55
221900,2219000,222396,28910,60
221910,2219100,222406,32498,61
221920,2219200,222415,38062,58
221930,2219300,222425,47031,38
221940,2219400,222436,58864,51
221950,2219500,222446,74831,44
221960,2219600,222456,90329,42
221970,2219700,222466,105008,50
221980,2219800,222476,119475,39
221990,2219900,222486,133471,47
222000,2220000,222496,148268,44
222010,2220100,222506,164772,57
222020,2220200,222516,176552,51
222030,2220300,222526,181439,55
222040,2220400,222536,181111,34
222050,2220500,222546,178912,54
222060,2220600,222556,177489,33
222070,2220700,222566,176012,41
222080,2220800,222576,174055,39
222090,2220900,222586,171802,56
222100,2221000,222596,171703,48
222110,2221100,222606,172202,53
222120,2221200,222616,172312,39
222130,2221300,222626,169983,50
222140,2221400,222636,166897,47
222150,2221500,222646,163449,46
222160,2221600,222656,161149,37
222170,2221700,222666,158377,47
222180,2221800,222676,155071,39
222190,2221900,222686,150859,39
222200,2222000,222696,144337,45
222210,2222100,222706,137275,51
222220,2222200,222716,131652,50
222230,2222300,222726,128439,53
222240,2222400,222736,126646,43
222250,2222500,222746,124776,55
222260,2222600,222756,123543,46
222270,2222700,222766,122728,30
222280,2222800,222776,121928,34
222290,2222900,222786,121191,38
222300,2223000,222796,120320,36
222310,2223100,222807,119487,50
222320,2223200,222817,118861,51
222330,2223300,222827,118487,54
222340,2223400,222837,118276,46
222350,2223500,222847,118029,56
222360,2223600,222857,117698,40
222370,2223700,222867,117443,53
222380,2223800,222876,117528,46
222390,2223900,222886,117855,38
222400,2224000,222897,118437,48
222410,2224100,222907,119125,27
222420,2224200,222917,119842,40
222430,2224300,222927,120650,58
222440,2224400,222937,121563,37
222450,2224500,222947,122463,51
222460,2224600,222957,123526,52
222470,2224700,222967,124419,37
222480,2224800,222977,124817,55
222490,2224900,222987,124883,35
222500,2225000,222997,124452,39
222510,2225100,223007,124115,36
222520,2225200,223017,122399,27
222530,2225300,223027,115786,38
222540,2225400,223037,112042,33
222550,2225500,223047,110296,50
222560,2225600,223057,107467,41
222570,2225700,223067,105326,39
222580,2225800,223077,97685,41
222590,2225900,223087,96251,49
222600,2226000,223097,96199,41
222610,2226100,223107,94405,56
222620,2226200,223117,92686,39
222630,2226300,223127,93132,35
222640,2226400,223137,95113,42
222650,2226500,223147,97262,45
222660,2226600,223157,100324,32
222670,2226700,223167,103255,45
222680,2226800,223177,108536,55
222690,2226900,223187,113332,38
222700,2227000,223197,118759,46
222710,2227100,223207,120424,45
222720,2227200,223217,121844,43
222730,2227300,223227,122065,45
222740,2227400,223237,125656,30
222750,2227500,223247,126923,39
222760,2227600,223257,129941,38
222770,2227700,223268,130973,41
222780,2227800,223278,132224,39
222790,2227900,223288,133645,55
222800,2228000,223298,134797,50
222810,2228100,223308,136118,50
222820,2228200,223318,136738,51
222830,2228300,223327,136635,38
222840,2228400,223337,138115,44
222850,2228500,223347,141239,42
222860,2228600,223358,144282,35
222870,2228700,223368,145881,42
222880,2228800,223378,146646,33
222890,2228900,223388,148585,53
222900,2229000,223398,150035,53
222910,2229100,223408,149422,42
222920,2229200,223418,148663,50
222930,2229300,223428,149064,46
222940,2229400,223438,149727,38
222950,2229500,223448,151408,40
222960,2229600,223458,154238,37
222970,2229700,223468,156909,37
222980,2229800,223478,157257,36
222990,2229900,223488,158266,43
223000,2230000,223498,160112,41
223010,2230100,223508,161158,39
223020,2230200,223518,161740,52
223030,2230300,223528,163078,45
223040,2230400,223538,163933,39
223050,2230500,223548,164524,56
223060,2230600,223558,165337,28
223070,2230700,223568,165568,38
223080,2230800,223578,166457,24
223090,2230900,223588,167369,37
223100,2231000,223598,171940,46
223110,2231100,223608,176588,52
223120,2231200,223618,181478,46
223130,2231300,223628,186223,35
223140,2231400,223638,184149,55
223150,2231500,223648,182709,42
223160,2231600,223658,185152,35
223170,2231700,223668,191981,42
223180,2231800,223678,197900,35
223190,2231900,223688,201456,50
223200,2232000,223699,204498,52
223210,2232100,223709,207857,41
223220,2232200,223719,211748,54
223230,2232300,223729,215258,47
223240,2232400,223738,217890,49
223250,2232500,223748,220113,22
223260,2232600,223758,222367,43
223270,2232700,223768,224153,46
223280,2232800,223778,225480,43
223290,2232900,223789,226735,29
223300,2233000,223799,227712,41
223310,2233100,223809,228417,41
223320,2233200,223819,228869,47
223330,2233300,223829,229149,52
223340,2233400,223839,229448,45
223350,2233500,223849,229380,49
223360,2233600,223859,229207,36
223370,2233700,223869,228786,46
223380,2233800,223879,228242,24
223390,2233900,223889,227621,41
223400,2234000,223899,226832,41
223410,2234100,223909,225979,33
223420,2234200,223919,225119,42
223430,2234300,223929,224437,54
223440,2234400,223939,223763,46
223450,2234500,223949,222998,56
223460,2234600,223959,222125,29
223470,2234700,223969,221275,50
223480,2234800,223979,220374,28
223490,2234900,223989,219515,45
223500,2235000,223999,218615,40
223510,2235100,224009,217404,50
223520,2235200,224019,215999,44
223530,2235300,224029,214643,55
223540,2235400,224039,214090,40
223550,2235500,224049,213703,49
223560,2235600,224059,213355,34
223570,2235700,224069,212937,23
223580,2235800,224079,212617,41
223590,2235900,224089,211999,40
223600,2236000,224099,211283,33
223610,2236100,224109,210333,43
223620,2236200,224119,209510,46
223630,2236300,224129,207652,45
223640,2236400,224140,204299,35
223650,2236500,224150,200909,47
223660,2236600,224160,198817,43
223670,2236700,224169,197518,39
223680,2236800,224179,195729,40
223690,2236900,224189,194809,38
223700,2237000,224199,192305,23
223710,2237100,224209,189631,32
223720,2237200,224219,187617,40
223730,2237300,224230,185098,43
223740,2237400,224240,181946,38
223750,2237500,224250,179813,37
223760,2237600,224260,179339,52
223770,2237700,224270,179223,33
223780,2237800,224280,179120,34
223790,2237900,224290,179312,39
223800,2238000,224300,179726,28
223810,2238100,224310,177081,38
223820,2238200,224320,175483,57
223830,2238300,224330,173992,58
223840,2238400,224340,174560,46
223850,2238500,224350,175794,56
223860,2238600,224360,177017,43
223870,2238700,224370,177328,42
223880,2238800,224380,176616,26
223890,2238900,224390,176103,36
223900,2239000,224400,175365,35
223910,2239100,224410,169386,52
223920,2239200,224420,166960,44
223930,2239300,224430,165331,58
223940,2239400,224440,164201,49
223950,2239500,224450,164721,34
223960,2239600,224460,165972,34
223970,2239700,224470,165341,28
223980,2239800,224480,165009,40
223990,2239900,224490,164439,30
224000,2240000,224500,163589,23
224010,2240100,224510,162718,45
224020,2240200,224520,161638,49
224030,2240300,224530,161029,45
224040,2240400,224540,160838,34
224050,2240500,224550,160792,37
224060,2240600,224560,160771,28
224070,2240700,224570,160826,25
224080,2240800,224580,160980,40
224090,2240900,224590,161093,32
224100,2241000,224600,161377,31
224110,2241100,224610,161769,43
224120,2241200,224620,162207,35
224130,2241300,224630,162746,48
224140,2241400,224640,163267,60
224150,2241500,224650,163607,37
224160,2241600,224660,163572,29
224170,2241700,224671,163479,34
224180,2241800,224681,163490,39
224190,2241900,224691,163551,43
224200,2242000,224701,163742,40
224210,2242100,224711,162099,40
224220,2242200,224721,161599,40
224230,2242300,224731,161727,62
224240,2242400,224741,161978,51
224250,2242500,224751,162000,50
224260,2242600,224760,162074,46
224270,2242700,224771,162168,40
224280,2242800,224781,162158,27
224290,2242900,224791,162309,35
224300,2243000,224801,162610,32
224310,2243100,224811,163051,36
224320,2243200,224821,163024,29
224330,2243300,224831,162941,47
224340,2243400,224841,163177,53
224350,2243500,224851,163300,52
224360,2243600,224861,163175,57
224370,2243700,224871,163032,52
224380,2243800,224881,162841,53
224390,2243900,224891,162612,30
224400,2244000,224901,162345,40
224410,2244100,224911,162209,22
224420,2244200,224921,162107,38
224430,2244300,224931,161850,35
224440,2244400,224941,161524,56
224450,2244500,224951,161144,62
224460,2244600,224961,160804,34
224470,2244700,224971,160558,38
224480,2244800,224981,160493,41
224490,2244900,224991,160783,37
224500,2245000,225001,161238,35
224510,2245100,225011,161921,45
224520,2245200,225021,162682,36
224530,2245300,225031,163426,58
224540,2245400,225041,164211,42
224550,2245500,225051,165124,48
224560,2245600,225061,166156,42
224570,2245700,225071,166775,42
224580,2245800,225081,166533,29
224590,2245900,225091,166810,44
224600,2246000,225101,166972,34
224610,2246100,225111,167363,37
224620,2246200,225122,167652,48
224630,2246300,225132,167970,42
224640,2246400,225142,168237,44
224650,2246500,225152,168598,66
224660,2246600,225161,169077,58
224670,2246700,225171,169588,49
224680,2246800,225181,169967,26
224690,2246900,225191,170206,30
224700,2247000,225201,170370,42
224710,2247100,225212,170538,43
224720,2247200,225222,170620,36
224730,2247300,225232,170953,32
224740,2247400,225242,171126,33
224750,2247500,225252,171148,47
224760,2247600,225262,171253,47
224770,2247700,225272,171326,33
224780,2247800,225282,171437,42
224790,2247900,225292,171620,28
224800,2248000,225302,171809,33
224810,2248100,225312,172009,30
224820,2248200,225322,171486,39
224830,2248300,225332,171204,27
224840,2248400,225342,171634,50
224850,2248500,225352,171852,33
224860,2248600,225362,172022,36
224870,2248700,225372,172208,52
224880,2248800,225382,172458,51
224890,2248900,225392,172753,29
224900,2249000,225402,173087,44
224910,2249100,225412,173389,24
224920,2249200,225422,172491,49
224930,2249300,225432,172820,26
224940,2249400,225442,172920,39
224950,2249500,225452,172793,31
224960,2249600,225462,172926,36
224970,2249700,225472,172954,48
224980,2249800,225482,172974,51
224990,2249900,225492,173123,44
225000,2250000,225502,173345,41
225010,2250100,225512,173649,28
225020,2250200,225522,174044,31
225030,2250300,225532,174353,41
225040,2250400,225542,174653,16
225050,2250500,225552,174893,38
225060,2250600,225562,175154,35
225070,2250700,225573,175457,53
225080,2250800,225583,175691,28
225090,2250900,225593,175855,32
225100,2251000,225603,176034,50
225110,2251100,225612,176231,37
225120,2251200,225622,176605,30
225130,2251300,225632,177011,34
225140,2251400,225642,177355,32
225150,2251500,225652,177553,33
225160,2251600,225663,177061,48
225170,2251700,225673,176903,44
225180,2251800,225683,176982,36
225190,2251900,225693,176967,29
225200,2252000,225703,176365,51
225210,2252100,225713,176782,43
225220,2252200,225723,177037,42
225230,2252300,225733,177212,31
225240,2252400,225743,177378,44
225250,2252500,225753,177586,37
225260,2252600,225763,177672,39
225270,2252700,225773,177763,41
225280,2252800,225783,177795,36
225290,2252900,225793,177867,55
225300,2253000,225803,177931,41
225310,2253100,225813,178101,42
225320,2253200,225823,178269,43
225330,2253300,225833,178228,42
225340,2253400,225843,176665,28
225350,2253500,225853,176313,32
225360,2253600,225863,176046,42
225370,2253700,225873,175519,39
225380,2253800,225883,174988,20
225390,2253900,225893,174671,48
225400,2254000,225903,174363,41
225410,2254100,225913,174097,56
225420,2254200,225923,173964,35
225430,2254300,225933,173872,49
225440,2254400,225943,173619,33
225450,2254500,225953,173329,36
225460,2254600,225963,173167,25
225470,2254700,225973,173213,46
225480,2254800,225983,173314,19
225490,2254900,225993,173494,48
225500,2255000,226003,173650,42
225510,2255100,226013,173721,45
225520,2255200,226023,173722,47
225530,2255300,226034,173722,47
225540,2255400,226044,173671,32
225550,2255500,226054,173665,34
225560,2255600,226063,173671,40
225570,2255700,226073,173660,30
225580,2255800,226083,173599,37
225590,2255900,226093,173478,35
225600,2256000,226103,173295,46
225610,2256100,226113,173138,46
225620,2256200,226124,173056,66
225630,2256300,226134,173096,37
225640,2256400,226144,173260,58
225650,2256500,226154,173595,44
225660,2256600,226164,173912,34
225670,2256700,226174,174125,31
225680,2256800,226184,174365,29
225690,2256900,226194,174640,31
225700,2257000,226204,174963,42
225710,2257100,226214,175297,36
225720,2257200,226224,175561,37
225730,2257300,226234,175697,48
225740,2257400,226244,175724,56
225750,2257500,226254,175735,47
225760,2257600,226264,175781,47
225770,2257700,226274,175802,36
225780,2257800,226284,175666,44
225790,2257900,226294,175483,38
225800,2258000,226304,175189,43
225810,2258100,226314,174878,46
225820,2258200,226324,174565,39
225830,2258300,226334,174257,30
225840,2258400,226344,173971,46
225850,2258500,226354,173789,50
225860,2258600,226364,173683,35
225870,2258700,226374,173576,51
225880,2258800,226384,173476,35
225890,2258900,226394,173444,50
225900,2259000,226404,173389,37
225910,2259100,226414,173360,42
225920,2259200,226424,173277,17
225930,2259300,226434,173163,47
225940,2259400,226444,172936,55
225950,2259500,226454,172701,50
225960,2259600,226464,172645,54
225970,2259700,226474,172780,56
225980,2259800,226485,172977,42
225990,2259900,226495,173120,54
226000,2260000,226505,173169,39
226010,2260100,226514,173103,34
226020,2260200,226524,172958,29
226030,2260300,226534,172792,38
226040,2260400,226544,172673,45
226050,2260500,226554,172629,30
226060,2260600,226564,172512,31
226070,2260700,226575,172390,59
226080,2260800,226585,172261,41
226090,2260900,226595,172152,53
226100,2261000,226605,172072,37
226110,2261100,226615,172043,43
226120,2261200,226625,172034,43
226130,2261300,226635,171922,48
226140,2261400,226645,171701,38
226150,2261500,226655,171432,30
226160,2261600,226665,171154,36
226170,2261700,226675,171028,38
226180,2261800,226685,171123,39
226190,2261900,226695,171449,49
226200,2262000,226705,172073,36
226210,2262100,226715,172698,42
226220,2262200,226725,173288,46
226230,2262300,226735,173806,32
226240,2262400,226745,174373,26
226250,2262500,226755,174774,41
226260,2262600,226765,175014,31
226270,2262700,226775,174146,48
226280,2262800,226785,173540,52
226290,2262900,226795,173594,49
226300,2263000,226805,173351,50
226310,2263100,226815,173045,41
226320,2263200,226825,172773,37
226330,2263300,226835,172438,27
226340,2263400,226845,172067,23
226350,2263500,226855,171716,36
226360,2263600,226865,171371,37
226370,2263700,226875,171020,47
226380,2263800,226885,170763,50
226390,2263900,226895,170700,56
226400,2264000,226905,170835,48
226410,2264100,226915,170909,42
226420,2264200,226925,170833,30
226430,2264300,226935,170639,16
226440,2264400,226945,170565,28
226450,2264500,226955,170735,42
226460,2264600,226965,171032,47
226470,2264700,226975,171400,42
226480,2264800,226985,171743,64
226490,2264900,226995,171958,51
226500,2265000,227005,172230,49
226510,2265100,227016,172475,43
226520,2265200,227026,172826,66
226530,2265300,227036,173199,39
226540,2265400,227046,173488,41
226550,2265500,227056,173551,41
226560,2265600,227066,173329,35
226570,2265700,227076,172979,39
226580,2265800,227086,172503,32
226590,2265900,227096,172017,43
226600,2266000,227106,171669,47
226610,2266100,227116,171465,51
226620,2266200,227126,171196,43
226630,2266300,227136,170806,43
226640,2266400,227146,170353,43
226650,2266500,227156,169925,32
226660,2266600,227166,169560,50
226670,2266700,227176,169224,32
226680,2266800,227186,168944,33
226690,2266900,227196,168608,43
226700,2267000,227206,168312,62
226710,2267100,227216,168046,46
226720,2267200,227226,167922,48
226730,2267300,227236,167993,41
226740,2267400,227246,168199,33
226750,2267500,227256,168433,27
226760,2267600,227266,168560,38
226770,2267700,227276,168663,37
226780,2267800,227286,168794,28
226790,2267900,227296,168976,54
226800,2268000,227306,169227,42
226810,2268100,227316,169543,45
226820,2268200,227326,169912,52
226830,2268300,227336,170378,45
226840,2268400,227346,170960,44
226850,2268500,227356,171595,42
226860,2268600,227366,172203,36
226870,2268700,227376,172674,31
226880,2268800,227386,173043,40
226890,2268900,227396,173287,31
226900,2269000,227406,173526,31
226910,2269100,227416,173679,32
226920,2269200,227426,173767,54
226930,2269300,227436,173823,47
226940,2269400,227446,173776,37
226950,2269500,227456,173612,46
226960,2269600,227467,173351,41
226970,2269700,227477,173052,39
226980,2269800,227487,172647,43
226990,2269900,227497,172310,41
227000,2270000,227507,172114,36
227010,2270100,227517,172085,30
227020,2270200,227527,172158,34
227030,2270300,227537,172296,43
227040,2270400,227547,172387,57
227050,2270500,227557,172476,43
227060,2270600,227567,172631,55
227070,2270700,227577,172902,47
227080,2270800,227587,173174,40
227090,2270900,227597,173409,45
227100,2271000,227607,173690,39
227110,2271100,227617,173102,33
227120,2271200,227627,172683,37
227130,2271300,227637,173555,48
227140,2271400,227647,172952,53
227150,2271500,227657,172254,52
227160,2271600,227667,173048,58
227170,2271700,227677,172624,60
227180,2271800,227687,172897,28
227190,2271900,227697,173257,39
227200,2272000,227707,173366,39
227210,2272100,227717,173309,39
227220,2272200,227727,173103,43
227230,2272300,227737,172965,43
227240,2272400,227747,173046,31
227250,2272500,227757,173276,65
227260,2272600,227767,173658,44
227270,2272700,227777,174097,53
227280,2272800,227787,174541,45
227290,2272900,227797,174856,32
227300,2273000,227807,174908,23
227310,2273100,227817,174765,46
227320,2273200,227827,174473,46
227330,2273300,227837,174076,43
227340,2273400,227847,173596,50
227350,2273500,227857,173078,53
227360,2273600,227867,172644,50
227370,2273700,227877,172282,57
227380,2273800,227887,171978,42
227390,2273900,227897,171758,44
227400,2274000,227908,171670,40
227410,2274100,227918,171573,27
227420,2274200,227928,171448,39
227430,2274300,227938,171198,37
227440,2274400,227948,170857,51
227450,2274500,227958,170725,46
227460,2274600,227968,170882,59
227470,2274700,227978,171283,45
227480,2274800,227987,171722,42
227490,2274900,227998,171965,36
227500,2275000,228008,171950,29
227510,2275100,228018,171871,30
227520,2275200,228028,171923,39
227530,2275300,228038,172206,33
227540,2275400,228048,172687,51
227550,2275500,228058,173199,54
227560,2275600,228068,173647,60
227570,2275700,228078,173993,46
227580,2275800,228088,174275,55
227590,2275900,228098,174449,36
227600,2276000,228108,174556,61
227610,2276100,228118,174737,35
227620,2276200,228128,174830,37
227630,2276300,228138,174849,42
227640,2276400,228148,174686,45
227650,2276500,228158,174492,52
227660,2276600,228168,174337,42
227670,2276700,228178,174199,35
227680,2276800,228188,174206,53
227690,2276900,228198,174316,35
227700,2277000,228208,174456,33
227710,2277100,228218,174426,28
227720,2277200,228228,174203,59
227730,2277300,228238,173927,30
227740,2277400,228248,173686,30
227750,2277500,228258,173559,41
227760,2277600,228268,173470,52
227770,2277700,228278,173261,52
227780,2277800,228288,172975,52
227790,2277900,228298,172695,37
227800,2278000,228308,172445,52
227810,2278100,228318,172264,48
227820,2278200,228328,172020,41
227830,2278300,228338,171702,39
227840,2278400,228349,171301,45
227850,2278500,228359,170949,54
227860,2278600,228369,170717,47
227870,2278700,228379,170659,45
227880,2278800,228389,170661,39
227890,2278900,228399,170793,39
227900,2279000,228409,170982,44
227910,2279100,228419,171116,39
227920,2279200,228428,171164,27
227930,2279300,228439,171131,45
227940,2279400,228449,170897,22
227950,2279500,228459,170519,31
227960,2279600,228469,170135,35
227970,2279700,228479,169892,45
227980,2279800,228489,169850,47
227990,2279900,228499,169885,48
228000,2280000,228509,169895,56
228010,2280100,228519,169817,41
228020,2280200,228529,169533,31
228030,2280300,228539,169164,39
228040,2280400,228549,168747,39
228050,2280500,228559,168426,26
228060,2280600,228569,168312,31
228070,2280700,228579,168342,51
228080,2280800,228589,168286,50
228090,2280900,228599,168105,44
228100,2281000,228609,167745,47
228110,2281100,228619,167312,56
228120,2281200,228629,166994,48
228130,2281300,228639,166840,46
228140,2281400,228649,166883,30
228150,2281500,228659,167041,38
228160,2281600,228669,167151,38
228170,2281700,228679,167176,37
228180,2281800,228689,167045,43
228190,2281900,228699,166915,37
228200,2282000,228709,166827,48
228210,2282100,228719,166857,52
228220,2282200,228729,167068,61
228230,2282300,228739,167393,53
228240,2282400,228749,167791,35
228250,2282500,228759,168239,37
228260,2282600,228769,168697,36
228270,2282700,228779,169142,41
228280,2282800,228789,169634,37
228290,2282900,228800,170115,50
228300,2283000,228810,170511,31
228310,2283100,228820,170855,24
228320,2283200,228830,171085,53
228330,2283300,228839,171203,53
228340,2283400,228849,171339,34
228350,2283500,228859,171469,23
228360,2283600,228869,171678,47
228370,2283700,228879,171938,37
228380,2283800,228890,172104,48
228390,2283900,228900,170455,42
228400,2284000,228910,170938,69
228410,2284100,228920,171086,38
228420,2284200,228930,170780,45
228430,2284300,228940,170712,38
228440,2284400,228950,170756,57
228450,2284500,228960,170782,36
228460,2284600,228970,170878,42
228470,2284700,228980,171027,35
228480,2284800,228990,171102,49
228490,2284900,229000,171052,40
228500,2285000,229010,170888,47
228510,2285100,229020,170690,38
228520,2285200,229030,170542,55
228530,2285300,229040,170414,43
228540,2285400,229050,170258,40
228550,2285500,229060,170075,25
228560,2285600,229070,169895,34
228570,2285700,229080,169763,28
228580,2285800,229090,169769,42
228590,2285900,229100,169832,37
228600,2286000,229110,169874,43
228610,2286100,229120,169813,40
228620,2286200,229130,169637,43
228630,2286300,229140,169403,47
228640,2286400,229150,169284,39
228650,2286500,229160,169307,36
228660,2286600,229170,169538,52
228670,2286700,229180,169966,25
228680,2286800,229190,170333,39
228690,2286900,229200,170455,46
228700,2287000,229210,170635,51
228710,2287100,229220,170622,41
228720,2287200,229230,170605,37
228730,2287300,229240,170590,28
228740,2287400,229251,170613,43
228750,2287500,229261,170725,61
228760,2287600,229271,170838,42
228770,2287700,229281,170998,44
228780,2287800,229290,171163,34
228790,2287900,229300,171258,45
228800,2288000,229310,171035,44
228810,2288100,229320,170982,46
228820,2288200,229330,170965,51
228830,2288300,229341,170885,51
228840,2288400,229351,170855,54
228850,2288500,229361,170820,40
228860,2288600,229371,170723,51
228870,2288700,229381,170664,51
228880,2288800,229391,170737,36
228890,2288900,229401,170733,43
228900,2289000,229411,170668,42
228910,2289100,229421,170512,28
228920,2289200,229431,170491,40
228930,2289300,229441,170533,52
228940,2289400,229451,170642,58
228950,2289500,229461,170628,43
228960,2289600,229471,170618,55
228970,2289700,229481,170595,39
228980,2289800,229491,170608,51
228990,2289900,229501,170649,39
229000,2290000,229511,170722,54
229010,2290100,229521,170834,40
229020,2290200,229531,170898,41
229030,2290300,229541,170867,33
229040,2290400,229551,170722,44
229050,2290500,229561,170554,45
229060,2290600,229571,170414,43
229070,2290700,229581,170313,33
229080,2290800,229591,170229,45
229090,2290900,229601,170245,69
229100,2291000,229611,170308,33
229110,2291100,229621,170365,28
229120,2291200,229631,170292,38
229130,2291300,229641,170087,42
229140,2291400,229651,169792,42
229150,2291500,229661,169582,35
229160,2291600,229671,169604,43
229170,2291700,229681,169809,44
229180,2291800,229691,170144,56
229190,2291900,229701,170535,31
229200,2292000,229711,170789,44
229210,2292100,229721,170949,48
229220,2292200,229731,171092,41
229230,2292300,229741,171295,36
229240,2292400,229751,171586,39
229250,2292500,229761,172023,48
229260,2292600,229771,172523,55
229270,2292700,229781,173078,42
229280,2292800,229792,172691,49
229290,2292900,229802,173316,25
229300,2293000,229812,173808,45
229310,2293100,229822,174266,41
229320,2293200,229832,174687,34
229330,2293300,229842,174887,36
229340,2293400,229852,174909,32
229350,2293500,229862,175181,56
229360,2293600,229872,175371,41
229370,2293700,229882,175256,54
229380,2293800,229892,175428,47
229390,2293900,229902,175647,48
229400,2294000,229912,174680,46
229410,2294100,229922,175140,32
229420,2294200,229932,175014,25
229430,2294300,229942,174145,29
229440,2294400,229952,174196,36
229450,2294500,229962,173978,52
229460,2294600,229972,173621,48
229470,2294700,229982,173394,50
229480,2294800,229992,173406,45
229490,2294900,230002,173415,44
229500,2295000,230012,173419,44
229510,2295100,230022,173503,41
229520,2295200,230032,173712,38
229530,2295300,230042,173950,45
229540,2295400,230052,174058,37
229550,2295500,230062,173986,42
229560,2295600,230072,173859,40
229570,2295700,230082,173853,60
229580,2295800,230092,173900,37
229590,2295900,230102,173935,44
229600,2296000,230112,173958,29
229610,2296100,230122,173878,36
229620,2296200,230132,173787,50
229630,2296300,230142,173730,44
229640,2296400,230152,173622,39
229650,2296500,230162,173400,45
229660,2296600,230172,173029,48
229670,2296700,230182,172649,49
229680,2296800,230192,172353,43
229690,2296900,230202,172166,52
229700,2297000,230212,172012,49
229710,2297100,230222,171865,37
229720,2297200,230233,171687,39
229730,2297300,230243,171515,36
229740,2297400,230253,171476,27
229750,2297500,230263,171519,50
229760,2297600,230273,171634,37
229770,2297700,230283,171650,57
229780,2297800,230293,171635,50
229790,2297900,230303,171557,39
229800,2298000,230312,171496,47
229810,2298100,230323,171501,36
229820,2298200,230333,171835,39
229830,2298300,230343,172377,37
229840,2298400,230353,172931,46
229850,2298500,230363,173440,52
229860,2298600,230373,173703,35
229870,2298700,230383,173736,37
229880,2298800,230393,173645,47
229890,2298900,230403,173432,44
229900,2299000,230413,173320,42
229910,2299100,230423,173305,59
229920,2299200,230433,173379,51
229930,2299300,230443,173358,22
229940,2299400,230453,173305,41
229950,2299500,230463,173194,34
229960,2299600,230473,173033,30
229970,2299700,230483,172910,42
229980,2299800,230493,172794,42
229990,2299900,230503,172788,36
230000,2300000,230513,172935,43
230010,2300100,230523,173234,53
230020,2300200,230533,173505,52
230030,2300300,230543,173577,49
230040,2300400,230553,173545,36
230050,2300500,230563,173441,31
230060,2300600,230573,173429,33
230070,2300700,230583,173491,31
230080,2300800,230593,173512,37
230090,2300900,230603,173420,36
230100,2301000,230613,173083,34
230110,2301100,230623,172592,37
230120,2301200,230633,172016,39
230130,2301300,230643,171518,38
230140,2301400,230653,171165,34
230150,2301500,230663,170933,25
230160,2301600,230673,170815,44
230170,2301700,230684,170791,35
230180,2301800,230694,170764,45
230190,2301900,230704,170763,37
230200,2302000,230714,170721,39
230210,2302100,230724,170652,40
230220,2302200,230734,170553,58
230230,2302300,230744,170490,55
230240,2302400,230754,170403,54
230250,2302500,230763,170280,29
230260,2302600,230774,170175,34
230270,2302700,230784,170088,26
230280,2302800,230794,170059,50
230290,2302900,230804,170119,26
230300,2303000,230814,170215,44
230310,2303100,230824,170367,33
230320,2303200,230834,170508,38
230330,2303300,230844,170667,46
230340,2303400,230854,170976,53
230350,2303500,230864,171280,36
230360,2303600,230874,171556,47
230370,2303700,230884,171820,46
230380,2303800,230894,172051,45
230390,2303900,230904,172249,46
230400,2304000,230914,172566,33
230410,2304100,230924,172887,47
230420,2304200,230934,173160,54
230430,2304300,230944,173293,40
230440,2304400,230954,173329,56
230450,2304500,230964,173243,43
230460,2304600,230974,172969,45
230470,2304700,230984,172613,35
230480,2304800,230994,172371,40
230490,2304900,231004,172282,25
230500,2305000,231014,172354,39
230510,2305100,231024,172412,37
230520,2305200,231034,172409,32
230530,2305300,231044,172410,39
230540,2305400,231054,172563,50
230550,2305500,231064,172765,44
230560,2305600,231074,173044,44
230570,2305700,231084,173184,29
230580,2305800,231094,173134,46
230590,2305900,231104,172880,54
230600,2306000,231114,172616,42
230610,2306100,231125,172477,40
230620,2306200,231135,172510,43
230630,2306300,231145,172665,37
230640,2306400,231155,172865,58
230650,2306500,231165,172973,41
230660,2306600,231175,172875,44
230670,2306700,231185,172529,52
230680,2306800,231194,172131,52
230690,2306900,231204,171811,30
230700,2307000,231215,171654,38
230710,2307100,231225,171631,22
230720,2307200,231235,171775,30
230730,2307300,231245,171898,18
230740,2307400,231255,171918,53
230750,2307500,231265,171782,35
230760,2307600,231275,171476,56
230770,2307700,231285,171178,44
230780,2307800,231295,170842,60
230790,2307900,231305,170340,29
230800,2308000,231315,169717,36
230810,2308100,231325,170453,39
230820,2308200,231335,170069,33
230830,2308300,231345,170062,33
230840,2308400,231355,170109,32
230850,2308500,231365,170398,48
230860,2308600,231375,170734,43
230870,2308700,231385,170977,52
230880,2308800,231395,170992,37
230890,2308900,231405,170779,52
230900,2309000,231415,170434,33
230910,2309100,231425,170098,38
230920,2309200,231435,169870,29
230930,2309300,231445,170077,36
230940,2309400,231455,170208,35
230950,2309500,231465,170421,42
230960,2309600,231475,170628,24
230970,2309700,231485,170631,44
230980,2309800,231495,170499,43
230990,2309900,231505,170329,55
231000,2310000,231515,170154,49
231010,2310100,231525,170106,47
231020,2310200,231535,170130,41
231030,2310300,231545,170123,38
231040,2310400,231555,170137,36
231050,2310500,231565,170101,42
231060,2310600,231576,170096,39
231070,2310700,231586,170089,46
231080,2310800,231596,170157,52
231090,2310900,231606,170256,54
231100,2311000,231615,170450,50
231110,2311100,231625,170692,21
231120,2311200,231635,170985,31
231130,2311300,231645,170782,46
231140,2311400,231655,170741,44
231150,2311500,231666,170445,60
231160,2311600,231676,170034,45
231170,2311700,231686,169921,42
231180,2311800,231696,169810,37
231190,2311900,231706,169843,38
231200,2312000,231716,170033,39
231210,2312100,231726,170403,29
231220,2312200,231736,170806,17
231230,2312300,231746,171063,37
231240,2312400,231756,171444,34
231250,2312500,231766,171706,39
231260,2312600,231776,171655,38
231270,2312700,231786,171286,48
231280,2312800,231796,170720,36
231290,2312900,231806,170048,45
231300,2313000,231816,169363,36
231310,2313100,231826,168737,52
231320,2313200,231836,168117,21
231330,2313300,231846,167543,26
231340,2313400,231856,167128,39
231350,2313500,231866,166892,36
231360,2313600,231876,166695,45
231370,2313700,231886,166404,50
231380,2313800,231896,166048,43
231390,2313900,231906,165777,40
231400,2314000,231916,165794,53
231410,2314100,231926,165603,51
231420,2314200,231936,165545,32
231430,2314300,231946,165511,40
231440,2314400,231956,165831,45
231450,2314500,231966,166384,26
231460,2314600,231976,166977,35
231470,2314700,231986,167351,56
231480,2314800,231996,167465,52
231490,2314900,232006,167467,49
231500,2315000,232016,167555,50
231510,2315100,232026,167859,32
231520,2315200,232036,168331,35
231530,2315300,232046,168833,30
231540,2315400,232056,169426,36
231550,2315500,232066,169958,40
231560,2315600,232076,170340,44
231570,2315700,232086,170683,49
231580,2315800,232096,171027,51
231590,2315900,232106,171194,49
231600,2316000,232117,171152,48
231610,2316100,232127,171031,50
231620,2316200,232137,170778,49
231630,2316300,232147,170599,28
231640,2316400,232157,168994,45
231650,2316500,232167,167754,32
231660,2316600,232177,168133,37
231670,2316700,232187,167299,42
231680,2316800,232197,166940,55
231690,2316900,232207,166430,43
231700,2317000,232217,166039,35
231710,2317100,232227,165716,51
231720,2317200,232237,165581,41
231730,2317300,232247,165580,43
231740,2317400,232257,165490,47
231750,2317500,232267,165476,35
231760,2317600,232277,165509,47
231770,2317700,232287,165366,54
231780,2317800,232297,165113,40
231790,2317900,232307,164738,38
231800,2318000,232317,164415,37
231810,2318100,232327,163990,51
231820,2318200,232337,163586,31
231830,2318300,232347,163185,31
231840,2318400,232357,162785,38
231850,2318500,232367,162405,38
231860,2318600,232377,162068,56
231870,2318700,232387,161794,38
231880,2318800,232397,161517,53
231890,2318900,232407,161291,51
231900,2319000,232417,161093,53
231910,2319100,232427,160947,42
231920,2319200,232437,160875,43
231930,2319300,232447,160860,41
231940,2319400,232457,161493,43
231950,2319500,232467,161920,48
231960,2319600,232477,162053,46
231970,2319700,232487,162395,54
231980,2319800,232497,162562,57
231990,2319900,232507,162924,47
232000,2320000,232517,163429,40
232010,2320100,232527,163631,29
232020,2320200,232537,162442,25
232030,2320300,232547,162979,36
232040,2320400,232558,163347,34
232050,2320500,232568,163376,41
232060,2320600,232578,162684,33
232070,2320700,232588,167393,50
232080,2320800,232598,174613,46
232090,2320900,232608,176333,51
232100,2321000,232618,182483,46
232110,2321100,232627,189039,60
232120,2321200,232637,193060,34
232130,2321300,232648,195776,42
232140,2321400,232658,197273,34
232150,2321500,232668,198635,44
232160,2321600,232678,199852,49
232170,2321700,232688,201346,52
232180,2321800,232698,202752,40
232190,2321900,232708,204054,47
232200,2322000,232718,205101,41
232210,2322100,232728,205570,61
232220,2322200,232738,205759,31
232230,2322300,232748,205411,40
232240,2322400,232758,204494,48
232250,2322500,232768,203327,26
232260,2322600,232778,202047,41
232270,2322700,232788,201567,52
232280,2322800,232798,201464,37
232290,2322900,232808,202070,49
232300,2323000,232818,203077,42
232310,2323100,232828,204130,41
232320,2323200,232838,204862,54
232330,2323300,232848,205659,38
232340,2323400,232858,206744,21
232350,2323500,232868,207733,37
232360,2323600,232878,208966,39
232370,2323700,232888,210036,25
232380,2323800,232898,210749,45
232390,2323900,232908,211312,55
232400,2324000,232918,211368,55
232410,2324100,232928,211441,50
232420,2324200,232938,211528,72
232430,2324300,232948,211468,42
232440,2324400,232958,211362,37
232450,2324500,232968,211184,34
232460,2324600,232978,211175,44
232470,2324700,232989,211572,45
232480,2324800,232999,212109,54
232490,2324900,233009,212820,49
232500,2325000,233019,213515,48
232510,2325100,233029,213820,51
232520,2325200,233038,214097,44
232530,2325300,233048,214383,45
232540,2325400,233058,214625,50
232550,2325500,233068,214965,44
232560,2325600,233079,215410,43
232570,2325700,233089,215939,46
232580,2325800,233099,216458,45
232590,2325900,233109,216846,31
232600,2326000,233119,217057,42
232610,2326100,233129,217064,47
232620,2326200,233139,216822,54
232630,2326300,233149,216446,47
232640,2326400,233159,215905,51
232650,2326500,233169,215297,46
232660,2326600,233179,214667,34
232670,2326700,233189,214245,38
232680,2326800,233199,213990,43
232690,2326900,233209,213958,53
232700,2327000,233219,214234,36
232710,2327100,233229,214846,61
232720,2327200,233239,215538,40
232730,2327300,233249,216299,45
232740,2327400,233259,216983,37
232750,2327500,233269,217448,48
232760,2327600,233279,217720,44
232770,2327700,233289,217907,42
232780,2327800,233299,218032,49
232790,2327900,233309,218215,58
232800,2328000,233319,218432,44
232810,2328100,233329,218714,48
232820,2328200,233339,219230,53
232830,2328300,233349,219813,47
232840,2328400,233359,220571,41
232850,2328500,233369,221085,43
232860,2328600,233379,221163,45
232870,2328700,233389,220952,34
232880,2328800,233399,220567,33
232890,2328900,233409,220241,38
232900,2329000,233419,219964,46
232910,2329100,233430,219744,45
232920,2329200,233440,219722,46
232930,2329300,233450,219773,47
232940,2329400,233459,219939,47
232950,2329500,233469,220092,39
232960,2329600,233479,220215,41
232970,2329700,233489,220172,29
232980,2329800,233499,219991,34
232990,2329900,233509,219484,50
233000,2330000,233520,218323,44
233010,2330100,233530,216886,53
233020,2330200,233540,215205,54
233030,2330300,233550,213421,59
233040,2330400,233560,211723,53
233050,2330500,233570,210190,42
233060,2330600,233580,208890,36
233070,2330700,233590,207795,44
233080,2330800,233600,207196,38
233090,2330900,233610,207019,39
233100,2331000,233620,207497,51
233110,2331100,233630,208509,49
233120,2331200,233640,209933,41
233130,2331300,233650,211441,59
233140,2331400,233660,213415,38
233150,2331500,233670,215809,48
233160,2331600,233680,218186,48
233170,2331700,233690,220362,56
233180,2331800,233700,222586,43
233190,2331900,233710,224759,35
233200,2332000,233720,226874,34
233210,2332100,233730,228510,50
233220,2332200,233740,229879,53
233230,2332300,233750,230687,37
233240,2332400,233760,231304,40
233250,2332500,233770,231447,44
233260,2332600,233780,231520,42
233270,2332700,233790,231225,36
233280,2332800,233800,231002,36
233290,2332900,233810,230503,28
233300,2333000,233820,230255,32
233310,2333100,233830,229703,40
233320,2333200,233840,229509,34
233330,2333300,233850,229160,46
233340,2333400,233861,229177,30
233350,2333500,233871,228986,47
233360,2333600,233881,228986,52
233370,2333700,233890,228702,56
233380,2333800,233900,228596,38
233390,2333900,233910,228009,47
233400,2334000,233920,227573,41
233410,2334100,233930,226638,40
233420,2334200,233940,226022,48
233430,2334300,233951,225259,49
233440,2334400,233961,224929,44
233450,2334500,233971,224342,56
233460,2334600,233981,224175,56
233470,2334700,233991,223745,68
233480,2334800,234001,223599,37
233490,2334900,234011,223139,28
233500,2335000,234021,222688,30
233510,2335100,234031,221501,33
233520,2335200,234041,220371,45
233530,2335300,234051,218572,53
233540,2335400,234061,217047,56
233550,2335500,234071,215448,62
233560,2335600,234081,214911,43
233570,2335700,234091,214920,44
233580,2335800,234101,216156,43
233590,2335900,234111,217428,33
233600,2336000,234121,219189,46
233610,2336100,234131,220202,38
233620,2336200,234141,221023,33
233630,2336300,234151,220930,32
233640,2336400,234161,220802,56
233650,2336500,234171,220145,52
233660,2336600,234181,219609,39
233670,2336700,234191,218715,70
233680,2336800,234201,218218,52
233690,2336900,234211,217841,35
233700,2337000,234221,218257,47
233710,2337100,234231,218721,38
233720,2337200,234241,219862,28
233730,2337300,234251,220891,40
233740,2337400,234261,222182,53
233750,2337500,234271,222991,48
233760,2337600,234281,223646,45
233770,2337700,234291,223575,52
233780,2337800,234302,223661,38
233790,2337900,234312,223513,36
233800,2338000,234322,223668,52
233810,2338100,234331,223873,37
233820,2338200,234341,224596,28
233830,2338300,234351,225245,34
233840,2338400,234361,225992,50
233850,2338500,234371,226517,48
233860,2338600,234381,226866,45
233870,2338700,234392,226830,51
233880,2338800,234402,226893,56
233890,2338900,234412,226554,62
233900,2339000,234422,226401,50
233910,2339100,234432,225935,38
233920,2339200,234442,225508,51
233930,2339300,234452,225085,31
233940,2339400,234462,224776,25
233950,2339500,234472,224248,51
233960,2339600,234482,224000,43
233970,2339700,234492,223545,44
233980,2339800,234502,223263,42
233990,2339900,234512,222746,47
234000,2340000,234522,222623,49
234010,2340100,234532,222442,40
234020,2340200,234542,222430,43
234030,2340300,234552,222294,33
234040,2340400,234562,222485,35
234050,2340500,234572,222619,22
234060,2340600,234582,222882,33
234070,2340700,234592,222516,48
234080,2340800,234602,222128,50
234090,2340900,234612,221504,63
234100,2341000,234622,221269,56
234110,2341100,234632,220828,48
234120,2341200,234642,220792,25
234130,2341300,234652,220306,38
234140,2341400,234662,220023,35
234150,2341500,234672,219661,38
234160,2341600,234682,219582,36
234170,2341700,234692,219571,44
234180,2341800,234702,219784,49
234190,2341900,234712,219582,45
234200,2342000,234722,219532,46
234210,2342100,234733,219237,43
234220,2342200,234743,219165,55
234230,2342300,234753,218798,24
234240,2342400,234762,218671,38
234250,2342500,234772,218141,35
234260,2342600,234782,217720,28
234270,2342700,234792,216813,43
234280,2342800,234802,215777,31
234290,2342900,234812,214522,50
234300,2343000,234823,213507,48
234310,2343100,234833,212283,46
234320,2343200,234843,211852,57
234330,2343300,234853,211285,53
234340,2343400,234863,211253,48
234350,2343500,234873,211052,37
234360,2343600,234883,210861,38
234370,2343700,234893,210034,48
234380,2343800,234903,209264,12
234390,2343900,234913,208320,32
234400,2344000,234923,207664,38
234410,2344100,234933,206963,33
234420,2344200,234943,206729,48
234430,2344300,234953,206837,46
234440,2344400,234963,207503,55
234450,2344500,234973,208100,41
234460,2344600,234983,209056,25
234470,2344700,234993,209472,35
234480,2344800,235003,209588,38
234490,2344900,235013,209023,26
234500,2345000,235023,208445,32
234510,2345100,235033,207519,43
234520,2345200,235043,206840,40
234530,2345300,235053,205992,59
234540,2345400,235063,205892,68
234550,2345500,235073,206006,57
234560,2345600,235083,206851,50
234570,2345700,235093,207574,23
234580,2345800,235103,208735,47
234590,2345900,235113,209499,30
234600,2346000,235123,210583,45
234610,2346100,235133,211235,47
234620,2346200,235143,211827,54
234630,2346300,235153,211930,34
234640,2346400,235163,212216,48
234650,2346500,235174,211998,45
234660,2346600,235184,212090,57
234670,2346700,235194,211904,46
234680,2346800,235203,212020,38
234690,2346900,235213,211804,41
234700,2347000,235223,211721,45
234710,2347100,235233,211306,30
234720,2347200,235243,211084,37
234730,2347300,235253,210418,45
234740,2347400,235264,209986,44
234750,2347500,235274,209466,62
234760,2347600,235284,209418,52
234770,2347700,235294,209358,38
234780,2347800,235304,209790,38
234790,2347900,235314,210186,43
234800,2348000,235324,210859,38
234810,2348100,235334,211205,25
234820,2348200,235344,211372,29
234830,2348300,235354,210869,37
234840,2348400,235364,210005,47
234850,2348500,235374,208903,46
234860,2348600,235384,208422,57
234870,2348700,235394,207848,43
234880,2348800,235404,207867,38
234890,2348900,235414,208043,37
234900,2349000,235424,208568,41
234910,2349100,235434,208844,22
234920,2349200,235444,209212,51
234930,2349300,235454,209033,45
234940,2349400,235464,208843,37
234950,2349500,235474,208295,53
234960,2349600,235484,208045,53
234970,2349700,235494,207572,53
234980,2349800,235504,207404,49
234990,2349900,235514,207068,39
235000,2350000,235524,207107,46
235010,2350100,235534,206930,33
235020,2350200,235544,206937,27
235030,2350300,235554,206588,36
235040,2350400,235564,206246,38
235050,2350500,235574,205447,37
235060,2350600,235584,204988,47
235070,2350700,235594,204437,45
235080,2350800,235604,204436,43
235090,2350900,235614,204626,40
235100,2351000,235624,205373,38
235110,2351100,235634,206139,41
235120,2351200,235644,206738,52
235130,2351300,235654,206922,44
235140,2351400,235664,207160,53
235150,2351500,235674,207028,51
235160,2351600,235685,207147,41
235170,2351700,235695,207021,35
235180,2351800,235705,207109,35
235190,2351900,235715,207099,35
235200,2352000,235725,207470,30
235210,2352100,235735,207478,39
235220,2352200,235745,207713,44
235230,2352300,235755,207517,35
235240,2352400,235765,207316,50
235250,2352500,235775,206815,44
235260,2352600,235785,206432,36
235270,2352700,235795,205858,43
235280,2352800,235805,205600,23
235290,2352900,235815,205339,22
235300,2353000,235825,205366,32
235310,2353100,235835,205445,32
235320,2353200,235845,205634,31
235330,2353300,235855,205440,37
235340,2353400,235865,205029,42
235350,2353500,235875,204178,44
235360,2353600,235885,203408,53
235370,2353700,235895,202737,54
235380,2353800,235905,202240,46
235390,2353900,235915,202010,25
235400,2354000,235925,202003,24
235410,2354100,235935,202084,38
235420,2354200,235945,201762,32
235430,2354300,235955,201312,29
235440,2354400,235965,200767,28
235450,2354500,235975,200072,47
235460,2354600,235985,199443,32
235470,2354700,235995,198991,47
235480,2354800,236005,198686,62
235490,2354900,236015,198418,37
235500,2355000,236025,198420,28
235510,2355100,236035,198740,54
235520,2355200,236045,199270,41
235530,2355300,236055,199752,35
235540,2355400,236065,199719,35
235550,2355500,236075,199338,47
235560,2355600,236085,198914,35
235570,2355700,236095,198541,44
235580,2355800,236105,198272,43
235590,2355900,236116,197972,45
235600,2356000,236126,197857,29
235610,2356100,236136,197898,51
235620,2356200,236146,198031,37
235630,2356300,236156,198174,30
235640,2356400,236166,198249,21
235650,2356500,236176,198078,51
235660,2356600,236186,197671,47
235670,2356700,236196,197178,41
235680,2356800,236206,196663,45
235690,2356900,236216,196237,43
235700,2357000,236226,196224,40
235710,2357100,236236,196040,32
235720,2357200,236246,196006,48
235730,2357300,236256,196005,36
235740,2357400,236266,195667,40
235750,2357500,236276,194954,38
235760,2357600,236286,194094,40
235770,2357700,236296,193138,30
235780,2357800,236306,192205,38
235790,2357900,236316,191522,33
235800,2358000,236326,191033,37
235810,2358100,236336,191032,39
235820,2358200,236346,191650,40
235830,2358300,236356,192111,43
235840,2358400,236366,191892,39
235850,2358500,236376,191171,47
235860,2358600,236386,190332,30
235870,2358700,236396,189525,37
235880,2358800,236406,188909,38
235890,2358900,236416,188494,52
235900,2359000,236426,188031,44
235910,2359100,236436,187966,53
235920,2359200,236446,188298,44
235930,2359300,236456,188625,24
235940,2359400,236466,188789,41
235950,2359500,236476,188794,41
235960,2359600,236486,188433,31
235970,2359700,236496,188045,50
235980,2359800,236506,187742,47
235990,2359900,236516,187640,43
236000,2360000,236526,187704,34
236010,2360100,236536,187955,45
236020,2360200,236546,188414,46
236030,2360300,236557,189124,39
236040,2360400,236567,189775,43
236050,2360500,236577,189515,39
236060,2360600,236587,188157,30
236070,2360700,236597,186690,33
236080,2360800,236607,184870,51
236090,2360900,236617,181968,31
236100,2361000,236627,181233,50
236110,2361100,236637,182518,42
236120,2361200,236647,183443,65
236130,2361300,236657,185951,53
236140,2361400,236667,187436,48
236150,2361500,236677,187905,41
236160,2361600,236687,187604,30
236170,2361700,236697,186424,31
236180,2361800,236707,184210,36
236190,2361900,236717,179446,32
236200,2362000,236727,177150,55
236210,2362100,236737,183489,47
236220,2362200,236747,185148,58
236230,2362300,236757,185237,42
236240,2362400,236767,184911,40
236250,2362500,236777,183644,37
236260,2362600,236787,183272,35
236270,2362700,236797,183529,33
236280,2362800,236807,184660,41
236290,2362900,236817,186442,34
236300,2363000,236827,187861,47
236310,2363100,236837,188173,48
236320,2363200,236847,187435,49
236330,2363300,236857,186484,42
236340,2363400,236867,185590,52
236350,2363500,236877,184053,32
236360,2363600,236887,181973,41
236370,2363700,236897,180581,37
236380,2363800,236907,180558,45
236390,2363900,236917,181936,34
236400,2364000,236927,183905,29
236410,2364100,236937,185206,35
236420,2364200,236947,185667,44
236430,2364300,236957,185467,52
236440,2364400,236967,184979,51
236450,2364500,236977,184278,46
236460,2364600,236987,183476,49
236470,2364700,236997,182456,51
236480,2364800,237008,181328,31
236490,2364900,237018,180111,24
236500,2365000,237028,179567,30
236510,2365100,237038,179407,43
236520,2365200,237048,179190,41
236530,2365300,237058,178818,46
236540,2365400,237068,177852,41
236550,2365500,237078,176744,55
236560,2365600,237088,176758,60
236570,2365700,237098,176742,40
236580,2365800,237108,176677,36
236590,2365900,237118,176555,41
236600,2366000,237128,176534,38
236610,2366100,237138,176558,32
236620,2366200,237148,176551,43
236630,2366300,237158,176659,44
236640,2366400,237168,176859,41
236650,2366500,237178,177018,49
236660,2366600,237188,177166,44
236670,2366700,237198,177298,34
236680,2366800,237208,177395,44
236690,2366900,237218,177441,42
236700,2367000,237228,177392,39
236710,2367100,237238,177137,51
236720,2367200,237248,176815,41
236730,2367300,237258,176535,40
236740,2367400,237268,176467,37
236750,2367500,237278,176432,51
236760,2367600,237288,176586,56
236770,2367700,237298,176646,40
236780,2367800,237308,176752,38
236790,2367900,237318,176763,53
236800,2368000,237328,176616,38
236810,2368100,237338,176440,33
236820,2368200,237348,176177,31
236830,2368300,237358,175902,47
236840,2368400,237368,175732,32
236850,2368500,237378,175704,50
236860,2368600,237388,175710,41
236870,2368700,237398,175860,48
236880,2368800,237408,176014,51
236890,2368900,237418,176120,52
236900,2369000,237428,176183,46
236910,2369100,237438,176268,44
236920,2369200,237448,176336,37
236930,2369300,237459,176375,37
236940,2369400,237469,176364,35
236950,2369500,237479,176387,35
236960,2369600,237489,176392,23
236970,2369700,237499,176416,63
236980,2369800,237509,176523,43
236990,2369900,237519,176763,50
237000,2370000,237529,176960,53
237010,2370100,237538,177083,50
237020,2370200,237549,177167,26
237030,2370300,237559,177141,53
237040,2370400,237569,177082,40
237050,2370500,237579,176986,44
237060,2370600,237589,176905,38
237070,2370700,237599,176945,42
237080,2370800,237609,177070,36
237090,2370900,237619,177209,48
237100,2371000,237629,177407,35
237110,2371100,237639,177573,35
237120,2371200,237649,177588,36
237130,2371300,237659,177591,59
237140,2371400,237669,177606,35
237150,2371500,237679,177613,27
237160,2371600,237689,177664,42
237170,2371700,237699,177724,27
237180,2371800,237709,177778,39
237190,2371900,237719,177848,51
237200,2372000,237729,177729,60
237210,2372100,237739,177603,37
237220,2372200,237749,177381,52
237230,2372300,237759,177160,48
237240,2372400,237769,176790,42
237250,2372500,237779,176511,34
237260,2372600,237789,176261,34
237270,2372700,237799,175967,36
237280,2372800,237809,175727,33
237290,2372900,237819,175470,43
237300,2373000,237829,175198,50
237310,2373100,237839,174895,39
237320,2373200,237849,174628,49
237330,2373300,237859,174434,49
237340,2373400,237869,174216,47
237350,2373500,237879,174004,38
237360,2373600,237889,173860,41
237370,2373700,237899,173775,44
237380,2373800,237910,173782,43
237390,2373900,237920,173856,54
237400,2374000,237930,173880,32
237410,2374100,237940,173885,23
237420,2374200,237950,173928,45
237430,2374300,237960,173932,53
237440,2374400,237970,173931,55
237450,2374500,237980,173902,48
237460,2374600,237989,173901,47
237470,2374700,238000,173963,39
237480,2374800,238010,174055,48
237490,2374900,238020,174230,35
237500,2375000,238030,174323,37
237510,2375100,238040,174381,26
237520,2375200,238050,174355,55
237530,2375300,238060,174213,44
237540,2375400,238070,174064,55
237550,2375500,238080,173907,46
237560,2375600,238090,173803,56
237570,2375700,238100,173767,31
237580,2375800,238110,173751,39
237590,2375900,238120,173806,57
237600,2376000,238130,173874,28
237610,2376100,238140,173972,32
237620,2376200,238150,174044,48
237630,2376300,238160,174069,49
237640,2376400,238170,174106,53
237650,2376500,238180,174147,63
237660,2376600,238190,174219,45
237670,2376700,238200,174241,52
237680,2376800,238210,174176,44
237690,2376900,238220,174087,36
237700,2377000,238230,174005,44
237710,2377100,238240,173951,31
237720,2377200,238250,173884,41
237730,2377300,238260,173825,47
237740,2377400,238270,173837,37
237750,2377500,238280,173793,39
237760,2377600,238290,173714,47
237770,2377700,238300,173579,52
237780,2377800,238310,173446,54
237790,2377900,238320,173270,51
237800,2378000,238330,173110,50
237810,2378100,238340,173066,48
237820,2378200,238350,173106,45
237830,2378300,238360,173219,36
237840,2378400,238371,173402,46
237850,2378500,238381,173584,45
237860,2378600,238391,173659,42
237870,2378700,238401,173575,29
237880,2378800,238411,173207,58
237890,2378900,238421,172545,48
237900,2379000,238431,171759,46
237910,2379100,238441,171985,50
237920,2379200,238450,173640,51
237930,2379300,238461,174075,48
237940,2379400,238471,174233,40
237950,2379500,238481,174158,34
237960,2379600,238491,174037,40
237970,2379700,238501,173891,29
237980,2379800,238511,173742,61
237990,2379900,238521,173519,49
238000,2380000,238531,173354,46
238010,2380100,238541,173242,41
238020,2380200,238551,173133,67
238030,2380300,238561,173050,38
238040,2380400,238571,172988,53
238050,2380500,238581,172878,49
238060,2380600,238591,172862,43
238070,2380700,238601,172883,35
238080,2380800,238611,172990,58
238090,2380900,238621,173027,43
238100,2381000,238631,173066,64
238110,2381100,238641,173027,48
238120,2381200,238651,173002,46
238130,2381300,238661,172930,45
238140,2381400,238671,172849,63
238150,2381500,238681,172709,66
238160,2381600,238691,172561,49
238170,2381700,238701,172579,43
238180,2381800,238711,172672,48
238190,2381900,238721,172699,38
238200,2382000,238731,172776,56
238210,2382100,238741,172768,59
238220,2382200,238751,172659,48
238230,2382300,238761,172574,48
238240,2382400,238771,172477,48
238250,2382500,238781,172396,56
238260,2382600,238791,172165,54
238270,2382700,238801,172058,45
238280,2382800,238811,172124,43
238290,2382900,238822,172220,36
238300,2383000,238832,172322,44
238310,2383100,238842,172467,41
238320,2383200,238852,172556,26
238330,2383300,238862,172564,51
238340,2383400,238872,172466,46
238350,2383500,238882,172371,52
238360,2383600,238892,172254,40
238370,2383700,238901,172205,50
238380,2383800,238912,172192,38
238390,2383900,238922,172268,45
238400,2384000,238932,172380,48
238410,2384100,238942,172470,41
238420,2384200,238952,172510,40
238430,2384300,238962,172535,27
238440,2384400,238972,172460,25
238450,2384500,238982,172389,51
238460,2384600,238992,172363,46
238470,2384700,239002,172357,57
238480,2384800,239012,172452,44
238490,2384900,239022,172560,48
238500,2385000,239032,172667,46
238510,2385100,239042,172785,29
238520,2385200,239052,172898,41
238530,2385300,239062,172946,24
238540,2385400,239072,172956,21
238550,2385500,239082,172969,30
238560,2385600,239092,172983,35
238570,2385700,239102,173062,52
238580,2385800,239112,173158,49
238590,2385900,239122,173278,39
238600,2386000,239132,173367,56
238610,2386100,239142,173403,36
238620,2386200,239152,173404,44
238630,2386300,239162,173238,42
238640,2386400,239172,173176,43
238650,2386500,239182,173205,52
238660,2386600,239192,173213,45
238670,2386700,239202,173223,59
238680,2386800,239212,173186,48
238690,2386900,239222,173145,47
238700,2387000,239232,173114,50
238710,2387100,239242,173119,39
238720,2387200,239252,173164,51
238730,2387300,239262,173119,42
238740,2387400,239273,173031,45
238750,2387500,239283,172917,32
238760,2387600,239293,172790,40
238770,2387700,239303,172670,35
238780,2387800,239313,172559,51
238790,2387900,239323,172506,47
238800,2388000,239333,172471,62
238810,2388100,239343,172289,46
238820,2388200,239352,172337,52
238830,2388300,239363,172374,39
238840,2388400,239373,172382,58
238850,2388500,239383,172351,39
238860,2388600,239393,172296,26
238870,2388700,239403,172210,25
238880,2388800,239413,172161,51
238890,2388900,239423,172117,56
238900,2389000,239433,172149,43
238910,2389100,239443,172245,36
238920,2389200,239453,172385,46
238930,2389300,239463,172523,36
238940,2389400,239473,172671,61
238950,2389500,239483,172734,40
238960,2389600,239493,172758,44
238970,2389700,239503,172712,50
238980,2389800,239513,172646,40
238990,2389900,239523,172566,26
239000,2390000,239533,172555,41
239010,2390100,239543,172602,38
239020,2390200,239553,172682,51
239030,2390300,239563,172769,33
239040,2390400,239573,172885,46
239050,2390500,239583,172986,33
239060,2390600,239593,173068,41
239070,2390700,239603,173094,38
239080,2390800,239613,173030,29
239090,2390900,239623,172883,36
239100,2391000,239633,172719,41
239110,2391100,239643,172542,33
239120,2391200,239653,172485,44
239130,2391300,239663,172400,37
239140,2391400,239673,172438,44
239150,2391500,239683,172503,48
239160,2391600,239693,172611,44
239170,2391700,239703,172689,40
239180,2391800,239713,172717,46
239190,2391900,239724,172663,34
239200,2392000,239734,172536,45
239210,2392100,239744,172316,32
239220,2392200,239754,172145,43
239230,2392300,239764,171987,50
239240,2392400,239774,171893,51
239250,2392500,239784,171900,44
239260,2392600,239794,172066,47
239270,2392700,239803,172251,43
239280,2392800,239814,172416,48
239290,2392900,239824,172500,38
239300,2393000,239834,172538,43
239310,2393100,239844,172512,34
239320,2393200,239854,172417,43
239330,2393300,239864,172319,30
239340,2393400,239874,172311,42
239350,2393500,239884,172385,43
239360,2393600,239894,172617,41
239370,2393700,239904,172886,45
239380,2393800,239914,173057,48
239390,2393900,239924,173128,30
239400,2394000,239934,173198,47
239410,2394100,239944,173252,21
239420,2394200,239954,173210,49
239430,2394300,239964,173208,40
239440,2394400,239974,173222,35
239450,2394500,239984,173190,41
239460,2394600,239994,173196,47
239470,2394700,240004,173209,48
239480,2394800,240014,173268,44
239490,2394900,240024,173253,55
239500,2395000,240034,173248,45
239510,2395100,240044,173165,43
239520,2395200,240054,173050,35
239530,2395300,240064,172916,43
239540,2395400,240074,172842,54
239550,2395500,240084,172732,36
239560,2395600,240094,172645,55
239570,2395700,240104,172585,48
239580,2395800,240114,172516,37
239590,2395900,240124,172457,45
239600,2396000,240134,172429,54
239610,2396100,240144,172458,45
239620,2396200,240154,172454,36
239630,2396300,240164,172457,29
239640,2396400,240175,172428,37
239650,2396500,240185,172401,48
239660,2396600,240195,172349,53
239670,2396700,240205,172278,42
239680,2396800,240215,172285,45
239690,2396900,240225,172254,50
239700,2397000,240235,172291,60
239710,2397100,240245,172311,46
239720,2397200,240255,172393,64
239730,2397300,240264,172461,40
239740,2397400,240275,172623,46
239750,2397500,240285,172800,35
239760,2397600,240295,172846,40
239770,2397700,240305,172781,21
239780,2397800,240315,172615,42
239790,2397900,240325,172361,35
239800,2398000,240335,172208,38
239810,2398100,240345,172111,30
239820,2398200,240355,172115,48
239830,2398300,240365,172168,49
239840,2398400,240375,172272,39
239850,2398500,240385,172368,46
239860,2398600,240395,172428,51
239870,2398700,240405,172418,31
239880,2398800,240415,172387,29
239890,2398900,240425,172358,18
239900,2399000,240435,172376,20
239910,2399100,240445,172402,40
239920,2399200,240455,172443,46
239930,2399300,240465,172473,51
239940,2399400,240475,172537,29
239950,2399500,240485,172576,43
239960,2399600,240495,172644,26
239970,2399700,240505,172627,29
239980,2399800,240515,172540,33
239990,2399900,240525,172399,19
240000,2400000,240535,172309,25
240010,2400100,240545,172281,27
240020,2400200,240555,172262,35
240030,2400300,240565,172303,39
240040,2400400,240575,172398,35
240050,2400500,240585,172501,31
240060,2400600,240595,172635,51
240070,2400700,240605,172762,54
240080,2400800,240615,172840,39
240090,2400900,240625,172858,18
240100,2401000,240636,172866,32
240110,2401100,240646,172848,29
240120,2401200,240656,172876,37
240130,2401300,240666,172870,36
240140,2401400,240676,172859,43
240150,2401500,240686,172911,30
240160,2401600,240696,172980,59
240170,2401700,240706,173086,46
240180,2401800,240715,173129,50
240190,2401900,240726,173091,43
240200,2402000,240736,172985,43
240210,2402100,240746,172851,35
240220,2402200,240756,172759,43
240230,2402300,240766,172731,39
240240,2402400,240776,172788,40
240250,2402500,240786,172846,27
240260,2402600,240796,172793,46
240270,2402700,240806,172627,47
240280,2402800,240816,172480,46
240290,2402900,240826,172331,54
240300,2403000,240836,172209,32
240310,2403100,240846,172093,39
240320,2403200,240856,171981,37
240330,2403300,240866,171903,38
240340,2403400,240876,171890,31
240350,2403500,240886,171892,35
240360,2403600,240896,171918,30
240370,2403700,240906,171986,50
240380,2403800,240916,172054,44
240390,2403900,240926,172059,40
240400,2404000,240936,171978,49
240410,2404100,240946,171900,46
240420,2404200,240956,171855,30
240430,2404300,240966,171853,37
240440,2404400,240976,171835,39
240450,2404500,240986,171747,33
240460,2404600,240996,171595,38
240470,2404700,241006,171525,30
240480,2404800,241016,171544,44
240490,2404900,241026,171608,26
240500,2405000,241036,171761,43
240510,2405100,241046,171900,46
240520,2405200,241056,172048,59
240530,2405300,241066,172087,33
240540,2405400,241076,172028,40
240550,2405500,241087,171916,38
240560,2405600,241097,171815,39
240570,2405700,241107,171741,27
240580,2405800,241117,171826,33
240590,2405900,241127,171860,38
240600,2406000,241137,171936,48
240610,2406100,241147,172024,37
240620,2406200,241157,172108,40
240630,2406300,241166,172194,35
240640,2406400,241177,172209,32
240650,2406500,241187,172168,33
240660,2406600,241197,172140,38
240670,2406700,241207,172119,26
240680,2406800,241217,172097,23
240690,2406900,241227,172143,17
240700,2407000,241237,172201,32
240710,2407100,241247,172265,24
240720,2407200,241257,172362,49
240730,2407300,241267,172442,36
240740,2407400,241277,172526,49
240750,2407500,241287,172541,23
240760,2407600,241297,172533,35
240770,2407700,241307,172525,25
240780,2407800,241317,172503,39
240790,2407900,241327,172494,31
240800,2408000,241337,172532,42
240810,2408100,241347,172546,37
240820,2408200,241357,172590,44
240830,2408300,241367,172617,42
240840,2408400,241377,172653,45
240850,2408500,241387,172636,37
240860,2408600,241397,172635,45
240870,2408700,241407,172602,41
240880,2408800,241417,172585,44
240890,2408900,241427,172527,32
240900,2409000,241437,172516,44
240910,2409100,241447,172540,45
240920,2409200,241457,172624,25
240930,2409300,241467,172733,35
240940,2409400,241477,172827,29
240950,2409500,241487,172887,40
240960,2409600,241497,172886,50
240970,2409700,241507,172852,45
240980,2409800,241517,172813,33
240990,2409900,241527,172698,43
241000,2410000,241538,172646,31
241010,2410100,241548,172556,42
241020,2410200,241558,172525,32
241030,2410300,241568,172523,25
241040,2410400,241578,172565,46
241050,2410500,241588,172557,46
241060,2410600,241598,172599,48
241070,2410700,241608,172602,24
241080,2410800,241617,172510,37
241090,2410900,241628,172473,42
241100,2411000,241638,172464,42
241110,2411100,241648,172396,33
241120,2411200,241658,172205,24
241130,2411300,241668,171996,29
241140,2411400,241678,171881,38
241150,2411500,241688,171864,46
241160,2411600,241698,171979,42
241170,2411700,241708,172131,42
241180,2411800,241718,172241,41
241190,2411900,241728,172342,41
241200,2412000,241738,172468,45
241210,2412100,241748,172541,32
241220,2412200,241758,172556,37
241230,2412300,241768,172541,41
241240,2412400,241778,172513,50
241250,2412500,241788,172497,34
241260,2412600,241798,172528,23
241270,2412700,241808,172604,45
241280,2412800,241818,172706,26
241290,2412900,241828,172794,39
241300,2413000,241838,172896,40
241310,2413100,241848,172943,29
241320,2413200,241858,173026,43
241330,2413300,241868,173065,41
241340,2413400,241878,173005,37
241350,2413500,241888,172920,36
241360,2413600,241898,172862,42
241370,2413700,241908,172825,41
241380,2413800,241918,172903,40
241390,2413900,241928,173040,55
241400,2414000,241938,173177,49
241410,2414100,241948,173305,54
241420,2414200,241958,173388,37
241430,2414300,241968,173407,42
241440,2414400,241978,173362,39
241450,2414500,241989,173228,38
241460,2414600,241999,173044,39
241470,2414700,242009,172846,32
241480,2414800,242019,172710,44
241490,2414900,242029,172589,47
241500,2415000,242039,172595,43
241510,2415100,242049,172702,53
241520,2415200,242059,172786,37
241530,2415300,242068,172814,38
241540,2415400,242079,172813,35
241550,2415500,242089,172814,28
241560,2415600,242099,172767,35
241570,2415700,242109,172652,46
241580,2415800,242119,172607,45
241590,2415900,242129,172586,52
241600,2416000,242139,172665,47
241610,2416100,242149,172742,42
241620,2416200,242159,172856,41
241630,2416300,242169,172962,31
241640,2416400,242179,173007,30
241650,2416500,242189,172937,33
241660,2416600,242199,172865,44
241670,2416700,242209,172774,46
241680,2416800,242219,172759,29
241690,2416900,242229,172789,46
241700,2417000,242239,172902,39
241710,2417100,242249,173027,43
241720,2417200,242259,173140,49
241730,2417300,242269,173214,51
241740,2417400,242279,173213,45
241750,2417500,242289,173154,41
241760,2417600,242299,172997,55
241770,2417700,242309,172890,34
241780,2417800,242319,172826,39
241790,2417900,242329,172822,29
241800,2418000,242339,172917,33
241810,2418100,242349,173036,48
241820,2418200,242359,173192,44
241830,2418300,242369,173301,36
241840,2418400,242379,173325,38
241850,2418500,242389,173297,58
241860,2418600,242399,173247,42
241870,2418700,242409,173145,33
241880,2418800,242419,172996,38
241890,2418900,242429,172840,13
241900,2419000,242440,172739,46
241910,2419100,242450,172639,34
241920,2419200,242460,172602,44
241930,2419300,242470,172638,52
241940,2419400,242480,172702,46
241950,2419500,242490,172772,37
241960,2419600,242500,172759,56
241970,2419700,242510,172740,45
241980,2419800,242519,172708,29
241990,2419900,242530,172674,43
242000,2420000,242540,172682,25
242010,2420100,242550,172764,36
242020,2420200,242560,172844,33
242030,2420300,242570,172883,37
242040,2420400,242580,172975,33
242050,2420500,242590,173134,47
242060,2420600,242600,173349,48
242070,2420700,242610,173514,42
242080,2420800,242620,173579,36
242090,2420900,242630,173589,39
242100,2421000,242640,173571,58
242110,2421100,242650,173548,30
242120,2421200,242660,173466,40
242130,2421300,242670,173377,42
242140,2421400,242680,173307,54
242150,2421500,242690,173288,39
242160,2421600,242700,173359,45
242170,2421700,242710,173453,33
242180,2421800,242720,173542,48
242190,2421900,242730,173591,28
242200,2422000,242740,173576,46
242210,2422100,242750,173542,31
242220,2422200,242760,173530,52
242230,2422300,242770,173569,37
242240,2422400,242780,173631,36
242250,2422500,242790,173640,39
242260,2422600,242800,173634,41
242270,2422700,242810,173558,46
242280,2422800,242820,173522,32
242290,2422900,242830,173476,35
242300,2423000,242840,173490,41
242310,2423100,242850,173419,40
242320,2423200,242860,173347,39
242330,2423300,242870,173295,30
242340,2423400,242880,173295,46
242350,2423500,242890,173365,41
242360,2423600,242901,173489,39
242370,2423700,242911,173595,36
242380,2423800,242921,173620,38
242390,2423900,242931,173567,52
242400,2424000,242941,173483,41
242410,2424100,242951,173367,53
242420,2424200,242961,173302,41
242430,2424300,242971,173262,47
242440,2424400,242980,173195,29
242450,2424500,242991,173190,49
242460,2424600,243001,173180,37
242470,2424700,243011,173173,46
242480,2424800,243021,173098,39
242490,2424900,243031,173071,44
242500,2425000,243041,173053,53
242510,2425100,243051,173115,38
242520,2425200,243061,173182,46
242530,2425300,243071,173183,27
242540,2425400,243081,173211,55
242550,2425500,243091,173271,55
242560,2425600,243101,173303,36
242570,2425700,243111,173388,46
242580,2425800,243121,173520,23
242590,2425900,243131,173695,39
242600,2426000,243141,173836,39
242610,2426100,243151,173868,32
242620,2426200,243161,173883,36
242630,2426300,243171,173900,55
242640,2426400,243181,173915,45
242650,2426500,243191,173882,39
242660,2426600,243201,173848,46
242670,2426700,243211,173754,58
242680,2426800,243221,173615,41
242690,2426900,243231,173436,34
242700,2427000,243241,173229,23
242710,2427100,243251,173043,41
242720,2427200,243261,172919,39
242730,2427300,243271,172807,48
242740,2427400,243281,172743,44
242750,2427500,243291,172714,59
242760,2427600,243301,172730,48
242770,2427700,243311,172750,55
242780,2427800,243321,172810,50
242790,2427900,243331,172860,37
242800,2428000,243341,172905,40
242810,2428100,243352,172917,34
242820,2428200,243362,172888,47
242830,2428300,243372,172827,32
242840,2428400,243382,172785,38
242850,2428500,243392,172759,45
242860,2428600,243402,172718,48
242870,2428700,243412,172729,48
242880,2428800,243422,172732,48
242890,2428900,243431,172732,42
242900,2429000,243442,172741,36
242910,2429100,243452,172713,44
242920,2429200,243462,172634,39
242930,2429300,243472,172547,36
242940,2429400,243482,172428,31
242950,2429500,243492,172290,51
242960,2429600,243502,172172,31
242970,2429700,243512,172073,46
242980,2429800,243522,171886,54
242990,2429900,243532,171953,52
243000,2430000,243542,171998,39
243010,2430100,243552,171980,52
243020,2430200,243562,171939,43
243030,2430300,243572,171924,29
243040,2430400,243582,171965,39
243050,2430500,243592,172036,40
243060,2430600,243602,172148,40
243070,2430700,243612,172307,21
243080,2430800,243622,172449,46
243090,2430900,243632,172472,46
243100,2431000,243642,172453,59
243110,2431100,243652,172446,48
243120,2431200,243662,172526,51
243130,2431300,243672,172624,29
243140,2431400,243682,172722,46
243150,2431500,243692,172742,40
243160,2431600,243702,172758,47
243170,2431700,243712,172759,41
243180,2431800,243722,172782,25
243190,2431900,243732,172809,36
243200,2432000,243742,172878,56
243210,2432100,243752,172899,43
243220,2432200,243762,172925,53
243230,2432300,243772,172967,58
243240,2432400,243782,173019,58
243250,2432500,243792,173147,38
243260,2432600,243803,173226,40
243270,2432700,243813,173260,54
243280,2432800,243823,173229,38
243290,2432900,243833,173157,51
243300,2433000,243843,173070,34
243310,2433100,243853,172994,57
243320,2433200,243863,173022,41
243330,2433300,243873,173104,58
243340,2433400,243883,173181,40
243350,2433500,243893,173237,54
243360,2433600,243903,173264,42
243370,2433700,243913,173312,49
243380,2433800,243923,173296,38
243390,2433900,243933,173247,45
243400,2434000,243943,173168,45
243410,2434100,243953,173132,54
243420,2434200,243963,173049,51
243430,2434300,243973,173026,57
243440,2434400,243983,172923,62
243450,2434500,243993,172791,61
243460,2434600,244003,172656,56
243470,2434700,244013,172542,64
243480,2434800,244023,172469,59
243490,2434900,244033,172512,51
243500,2435000,244043,172619,61
243510,2435100,244053,172752,62
243520,2435200,244063,172862,47
243530,2435300,244073,172989,39
243540,2435400,244083,173055,61
243550,2435500,244093,173115,59
243560,2435600,244103,173179,54
243570,2435700,244113,173255,39
243580,2435800,244123,173321,51
243590,2435900,244133,173374,47
243600,2436000,244143,173426,50
243610,2436100,244153,173551,45
243620,2436200,244163,173607,59
243630,2436300,244173,173661,34
243640,2436400,244183,173723,48
243650,2436500,244193,173819,39
243660,2436600,244203,173871,57
243670,2436700,244213,173883,43
243680,2436800,244223,173887,46
243690,2436900,244233,173900,48
243700,2437000,244243,173927,52
243710,2437100,244254,173958,39
243720,2437200,244264,173981,29
243730,2437300,244274,173997,38
243740,2437400,244284,173956,32
243750,2437500,244294,173911,28
243760,2437600,244304,173907,63
243770,2437700,244314,173903,54
243780,2437800,244324,173879,40
243790,2437900,244334,173774,41
243800,2438000,244344,173731,43
243810,2438100,244354,173763,39
243820,2438200,244364,173807,49
243830,2438300,244374,173836,42
243840,2438400,244384,173846,41
243850,2438500,244394,173930,26
243860,2438600,244404,174001,33
243870,2438700,244414,174059,43
243880,2438800,244424,174063,42
243890,2438900,244434,173992,46
243900,2439000,244444,173914,47
243910,2439100,244454,173863,44
243920,2439200,244464,173913,49
243930,2439300,244474,174009,42
243940,2439400,244484,174085,28
243950,2439500,244494,174127,43
243960,2439600,244504,174070,39
243970,2439700,244514,174019,47
243980,2439800,244524,173974,52
243990,2439900,244534,174001,42
244000,2440000,244544,174021,51
244010,2440100,244554,174082,51
244020,2440200,244564,174085,47
244030,2440300,244574,174092,36
244040,2440400,244584,174091,42
244050,2440500,244594,174156,56
244060,2440600,244604,174273,40
244070,2440700,244614,174380,40
244080,2440800,244624,174515,40
244090,2440900,244634,174585,46
244100,2441000,244644,174668,58
244110,2441100,244654,174812,42
244120,2441200,244664,174950,39
244130,2441300,244674,175086,42
244140,2441400,244684,175206,48
244150,2441500,244694,175244,43
244160,2441600,244705,175239,44
244170,2441700,244715,175176,53
244180,2441800,244725,175141,50
244190,2441900,244735,175119,52
244200,2442000,244745,175104,47
244210,2442100,244755,175094,51
244220,2442200,244765,174995,53
244230,2442300,244775,174863,55
244240,2442400,244785,174691,50
244250,2442500,244795,174509,54
244260,2442600,244805,174280,52
244270,2442700,244815,174125,35
244280,2442800,244825,174019,35
244290,2442900,244835,173929,44
244300,2443000,244845,173870,26
244310,2443100,244855,173780,36
244320,2443200,244865,173770,35
244330,2443300,244875,173806,56
244340,2443400,244885,173767,48
244350,2443500,244895,173662,47
244360,2443600,244905,173526,44
244370,2443700,244915,173496,52
244380,2443800,244925,173484,38
244390,2443900,244935,173396,47
244400,2444000,244945,173300,40
244410,2444100,244955,173272,43
244420,2444200,244965,173280,44
244430,2444300,244975,173323,49
244440,2444400,244985,173296,56
244450,2444500,244995,173159,53
244460,2444600,245005,173096,54
244470,2444700,245015,173048,33
244480,2444800,245025,173030,38
244490,2444900,245035,172987,39
244500,2445000,245045,172996,50
244510,2445100,245055,173019,51
244520,2445200,245065,173100,36
244530,2445300,245075,173192,45
244540,2445400,245085,173310,40
244550,2445500,245095,173414,40
244560,2445600,245105,173486,41
244570,2445700,245115,173551,52
244580,2445800,245125,173574,56
244590,2445900,245135,173590,62
244600,2446000,245146,173584,31
244610,2446100,245156,173583,37
244620,2446200,245166,173517,46
244630,2446300,245176,173466,28
244640,2446400,245186,173417,38
244650,2446500,245196,173390,57
244660,2446600,245206,173337,39
244670,2446700,245216,173295,59
244680,2446800,245226,173185,39
244690,2446900,245236,173128,63
244700,2447000,245246,173069,47
244710,2447100,245256,173093,49
244720,2447200,245266,173137,42
244730,2447300,245276,173224,51
244740,2447400,245286,173208,30
244750,2447500,245296,173172,30
244760,2447600,245306,173092,36
244770,2447700,245316,173068,50
244780,2447800,245326,173084,47
244790,2447900,245336,173182,49
244800,2448000,245346,173293,44
244810,2448100,245356,173369,43
244820,2448200,245366,173359,33
244830,2448300,245376,173378,54
244840,2448400,245386,173430,40
244850,2448500,245396,173503,44
244860,2448600,245406,173550,45
244870,2448700,245416,173629,35
244880,2448800,245426,173760,49
244890,2448900,245436,173918,46
244900,2449000,245446,174036,35
244910,2449100,245456,174063,41
244920,2449200,245466,174083,60
244930,2449300,245476,174105,50
244940,2449400,245486,174131,39
244950,2449500,245496,174114,38
244960,2449600,245506,174129,43
244970,2449700,245516,174113,38
244980,2449800,245526,174103,33
244990,2449900,245536,174068,38
245000,2450000,245546,174018,37
245010,2450100,245556,173998,36
245020,2450200,245566,173903,53
245030,2450300,245576,173861,51
245040,2450400,245586,173825,49
245050,2450500,245597,173804,48
245060,2450600,245607,173788,36
245070,2450700,245617,173809,42
245080,2450800,245627,173764,34
245090,2450900,245637,173759,37
245100,2451000,245647,173654,48
245110,2451100,245657,173592,34
245120,2451200,245667,173556,29
245130,2451300,245677,173549,53
245140,2451400,245687,173547,28
245150,2451500,245697,173624,38
245160,2451600,245707,173691,42
245170,2451700,245717,173699,35
245180,2451800,245727,173619,27
245190,2451900,245737,173491,42
245200,2452000,245747,173409,37
245210,2452100,245757,173376,43
245220,2452200,245767,173330,25
245230,2452300,245777,173142,37
245240,2452400,245787,172888,41
245250,2452500,245797,172528,34
245260,2452600,245807,172458,42
245270,2452700,245817,172367,54
245280,2452800,245827,172212,44
245290,2452900,245837,172072,41
245300,2453000,245847,172033,37
245310,2453100,245857,172182,34
245320,2453200,245867,172373,35
245330,2453300,245877,172627,34
245340,2453400,245887,172779,29
245350,2453500,245897,172948,42
245360,2453600,245907,173044,36
245370,2453700,245917,173104,35
245380,2453800,245927,173160,41
245390,2453900,245937,173212,58
245400,2454000,245947,173281,36
245410,2454100,245957,173418,45
245420,2454200,245967,173548,50
245430,2454300,245977,173703,32
245440,2454400,245987,173820,40
245450,2454500,245997,173934,48
245460,2454600,246007,174009,45
245470,2454700,246017,174106,43
245480,2454800,246027,174180,39
245490,2454900,246037,174243,53
245500,2455000,246048,174286,43
245510,2455100,246058,174346,36
245520,2455200,246068,174410,41
245530,2455300,246078,174461,41
245540,2455400,246088,174539,31
245550,2455500,246098,174604,35
245560,2455600,246108,174656,33
245570,2455700,246118,174712,37
245580,2455800,246128,174710,39
245590,2455900,246138,174656,47
245600,2456000,246148,174571,34
245610,2456100,246158,174500,46
245620,2456200,246168,174497,65
245630,2456300,246178,174538,32
245640,2456400,246188,174037,43
245650,2456500,246198,174068,48
245660,2456600,246208,174115,33
245670,2456700,246218,174105,32
245680,2456800,246228,174100,45
245690,2456900,246238,174098,33
245700,2457000,246248,174110,42
245710,2457100,246258,174104,39
245720,2457200,246268,174069,50
245730,2457300,246278,174018,48
245740,2457400,246288,173930,48
245750,2457500,246298,173878,51
245760,2457600,246308,173856,31
245770,2457700,246318,173808,36
245780,2457800,246328,173766,31
245790,2457900,246338,173673,41
245800,2458000,246348,173612,33
245810,2458100,246358,173575,40
245820,2458200,246368,173576,37
245830,2458300,246378,173587,49
245840,2458400,246388,173640,37
245850,2458500,246398,173733,42
245860,2458600,246408,173817,31
245870,2458700,246418,173938,32
245880,2458800,246428,174038,44
245890,2458900,246438,174084,29
245900,2459000,246448,174119,34
245910,2459100,246458,174116,42
245920,2459200,246468,174079,27
245930,2459300,246478,174008,43
245940,2459400,246488,173919,32
245950,2459500,246499,173869,50
245960,2459600,246509,173794,39
245970,2459700,246519,173688,35
245980,2459800,246529,173598,43
245990,2459900,246539,173469,28
246000,2460000,246549,173363,28
246010,2460100,246559,173235,39
246020,2460200,246569,173172,28
246030,2460300,246579,173043,29
246040,2460400,246589,172827,28
246050,2460500,246599,172796,28
246060,2460600,246609,172854,44
246070,2460700,246619,172975,43
246080,2460800,246629,173187,22
246090,2460900,246639,173358,24
246100,2461000,246649,173429,18
246110,2461100,246659,173483,31
246120,2461200,246669,173474,30
246130,2461300,246679,173495,24
246140,2461400,246689,173493,36
246150,2461500,246699,173447,32
246160,2461600,246709,173449,36
246170,2461700,246719,173391,43
246180,2461800,246729,173331,42
246190,2461900,246739,173236,51
246200,2462000,246749,173192,37
246210,2462100,246759,173142,40
246220,2462200,246769,173120,23
246230,2462300,246779,173160,47
246240,2462400,246789,173219,25
246250,2462500,246799,173219,32
246260,2462600,246809,173240,39
246270,2462700,246819,173227,40
246280,2462800,246829,173196,52
246290,2462900,246839,173127,56
246300,2463000,246849,173074,32
246310,2463100,246860,173025,34
246320,2463200,246870,172973,40
246330,2463300,246880,172937,33
246340,2463400,246889,172897,35
246350,2463500,246899,172913,37
246360,2463600,246909,172964,40
246370,2463700,246919,173038,32
246380,2463800,246929,173157,33
246390,2463900,246939,173380,34
246400,2464000,246950,173546,46
246410,2464100,246960,173651,56
246420,2464200,246970,173738,41
246430,2464300,246980,173782,43
246440,2464400,246990,173814,51
246450,2464500,247000,173787,43
246460,2464600,247010,173799,33
246470,2464700,247020,173849,48
246480,2464800,247030,173883,15
246490,2464900,247040,173864,34
246500,2465000,247050,173807,14
246510,2465100,247060,173847,32
246520,2465200,247070,173920,53
246530,2465300,247080,174014,51
246540,2465400,247090,174018,27
246550,2465500,247100,173915,49
246560,2465600,247110,173819,26
246570,2465700,247120,173791,57
246580,2465800,247130,173774,19
246590,2465900,247140,173749,37
246600,2466000,247150,173718,32
246610,2466100,247160,173669,45
246620,2466200,247170,173690,30
246630,2466300,247180,173785,49
246640,2466400,247190,173871,40
246650,2466500,247200,173971,35
246660,2466600,247210,173989,36
246670,2466700,247220,174040,31
246680,2466800,247230,174072,33
246690,2466900,247240,174142,43
246700,2467000,247250,174244,36
246710,2467100,247260,174300,38
246720,2467200,247270,174308,52
246730,2467300,247280,174260,34
246740,2467400,247290,174265,44
246750,2467500,247300,174209,31
246760,2467600,247311,174164,48
246770,2467700,247321,174023,52
246780,2467800,247331,173785,56
246790,2467900,247341,173481,44
246800,2468000,247350,173152,48
246810,2468100,247360,172440,24
246820,2468200,247370,172314,38
246830,2468300,247380,172241,51
246840,2468400,247390,172302,52
246850,2468500,247401,172450,46
246860,2468600,247411,172708,59
246870,2468700,247421,173001,38
246880,2468800,247431,173099,44
246890,2468900,247441,173130,38
246900,2469000,247451,173113,35
246910,2469100,247461,173040,39
246920,2469200,247471,172975,31
246930,2469300,247481,172901,36
246940,2469400,247491,172906,37
246950,2469500,247501,172853,34
246960,2469600,247511,172770,36
246970,2469700,247521,172665,25
246980,2469800,247531,172574,44
246990,2469900,247541,172444,47
247000,2470000,247551,172330,40
247010,2470100,247561,172235,55
247020,2470200,247571,172179,39
247030,2470300,247581,172135,34
247040,2470400,247591,172130,45
247050,2470500,247601,172165,39
247060,2470600,247611,172197,45
247070,2470700,247621,172241,39
247080,2470800,247631,172399,52
247090,2470900,247641,172526,55
247100,2471000,247651,172640,51
247110,2471100,247661,172741,58
247120,2471200,247671,172774,48
247130,2471300,247681,172868,51
247140,2471400,247691,172934,59
247150,2471500,247701,173046,49
247160,2471600,247711,173087,27
247170,2471700,247721,173180,41
247180,2471800,247731,173186,24
247190,2471900,247741,173191,29
247200,2472000,247751,173180,33
247210,2472100,247762,173190,35
247220,2472200,247772,173244,48
247230,2472300,247782,173309,48
247240,2472400,247792,173427,41
247250,2472500,247801,173574,46
247260,2472600,247811,173758,38
247270,2472700,247821,173989,49
247280,2472800,247831,174168,41
247290,2472900,247841,174248,45
247300,2473000,247852,174342,48
247310,2473100,247862,174395,37
247320,2473200,247872,174444,37
247330,2473300,247882,174485,52
247340,2473400,247892,174524,53
247350,2473500,247902,174545,55
247360,2473600,247912,174554,43
247370,2473700,247922,174520,42
247380,2473800,247932,174569,30
247390,2473900,247942,174663,40
247400,2474000,247952,174745,46
247410,2474100,247962,174841,45
247420,2474200,247972,174914,34
247430,2474300,247982,174928,46
247440,2474400,247992,174936,42
247450,2474500,248002,174958,38
247460,2474600,248012,175006,44
247470,2474700,248022,175037,38
247480,2474800,248032,175086,48
247490,2474900,248042,175137,34
247500,2475000,248052,175162,43
247510,2475100,248062,175143,35
247520,2475200,248072,175123,40
247530,2475300,248082,175039,31
247540,2475400,248092,174968,24
247550,2475500,248102,174915,50
247560,2475600,248112,174933,45
247570,2475700,248122,175012,49
247580,2475800,248132,175101,51
247590,2475900,248142,175211,38
247600,2476000,248152,175243,43
247610,2476100,248162,175203,44
247620,2476200,248172,175164,42
247630,2476300,248182,175156,45
247640,2476400,248192,175147,38
247650,2476500,248202,175138,33
247660,2476600,248213,175167,29
247670,2476700,248223,175202,49
247680,2476800,248233,175256,48
247690,2476900,248243,175295,40
247700,2477000,248253,175335,42
247710,2477100,248263,175419,46
247720,2477200,248273,175384,41
247730,2477300,248282,175253,25
247740,2477400,248292,175137,30
247750,2477500,248303,175018,33
247760,2477600,248313,174878,52
247770,2477700,248323,174797,51
247780,2477800,248333,174683,47
247790,2477900,248343,174588,48
247800,2478000,248353,174476,52
247810,2478100,248363,174349,38
247820,2478200,248373,174292,39
247830,2478300,248383,174213,61
247840,2478400,248393,174091,45
247850,2478500,248403,173902,37
247860,2478600,248413,173738,31
247870,2478700,248423,173631,39
247880,2478800,248433,173606,49
247890,2478900,248443,173652,35
247900,2479000,248453,173685,41
247910,2479100,248463,173738,49
247920,2479200,248473,173814,48
247930,2479300,248483,173897,43
247940,2479400,248493,173948,56
247950,2479500,248503,174032,48
247960,2479600,248513,174142,63
247970,2479700,248523,174221,49
247980,2479800,248533,174247,35
247990,2479900,248543,174233,47
248000,2480000,248553,174289,43
248010,2480100,248563,174291,29
248020,2480200,248573,174301,42
248030,2480300,248583,174307,48
248040,2480400,248593,174333,51
248050,2480500,248603,174328,55
248060,2480600,248613,174321,43
248070,2480700,248623,174291,51
248080,2480800,248633,174261,43
248090,2480900,248643,174242,35
248100,2481000,248653,174258,57
248110,2481100,248663,174333,39
248120,2481200,248674,174400,45
248130,2481300,248684,174501,21
248140,2481400,248694,174528,30
248150,2481500,248704,174533,31
248160,2481600,248714,174476,46
248170,2481700,248724,174392,45
248180,2481800,248734,174340,54
248190,2481900,248744,174293,48
248200,2482000,248753,174246,51
248210,2482100,248764,174216,41
248220,2482200,248774,174216,35
248230,2482300,248784,174228,30
248240,2482400,248794,174276,55
248250,2482500,248804,174304,47
248260,2482600,248814,174276,41
248270,2482700,248824,174250,50
248280,2482800,248834,174206,41
248290,2482900,248844,174246,40
248300,2483000,248854,174257,36
248310,2483100,248864,174285,46
248320,2483200,248874,174307,46
248330,2483300,248884,174284,36
248340,2483400,248894,174240,54
248350,2483500,248904,174190,50
248360,2483600,248914,174115,46
248370,2483700,248924,174094,64
248380,2483800,248934,174075,43
248390,2483900,248944,174068,53
248400,2484000,248954,174071,67
248410,2484100,248964,174074,45
248420,2484200,248974,174054,40
248430,2484300,248984,173969,49
248440,2484400,248994,173858,60
248450,2484500,249004,173775,39
248460,2484600,249014,173725,37
248470,2484700,249024,173748,44
248480,2484800,249034,173803,49
248490,2484900,249044,173874,38
248500,2485000,249054,173974,40
248510,2485100,249064,174102,52
248520,2485200,249074,174244,51
248530,2485300,249084,174390,42
248540,2485400,249094,174539,47
248550,2485500,249104,174647,54
248560,2485600,249114,174695,44
248570,2485700,249125,174726,36
248580,2485800,249135,174685,45
248590,2485900,249145,174610,37
248600,2486000,249155,174523,31
248610,2486100,249165,174382,41
248620,2486200,249175,174252,52
248630,2486300,249185,174129,48
248640,2486400,249195,174012,48
248650,2486500,249205,173944,46
248660,2486600,249215,173899,52
248670,2486700,249225,173916,38
248680,2486800,249235,173893,51
248690,2486900,249245,173918,31
248700,2487000,249255,173905,48
248710,2487100,249265,173854,36
248720,2487200,249275,173772,46
248730,2487300,249285,173692,29
248740,2487400,249295,173654,43
248750,2487500,249305,173622,52
248760,2487600,249315,173634,59
248770,2487700,249325,173626,63
248780,2487800,249335,173570,49
248790,2487900,249345,173500,54
248800,2488000,249355,173428,58
248810,2488100,249365,173379,54
248820,2488200,249375,173383,61
248830,2488300,249385,173410,40
248840,2488400,249395,173483,48
248850,2488500,249405,173611,54
248860,2488600,249415,173617,53
248870,2488700,249425,173660,35
248880,2488800,249435,173670,56
248890,2488900,249445,173625,44
248900,2489000,249455,173573,42
248910,2489100,249465,173474,56
248920,2489200,249475,173421,47
248930,2489300,249485,173373,57
248940,2489400,249495,173377,44
248950,2489500,249505,173384,32
248960,2489600,249515,173463,51
248970,2489700,249525,173546,40
248980,2489800,249535,173584,40
248990,2489900,249545,173586,35
249000,2490000,249555,173619,43
249010,2490100,249565,173683,48
249020,2490200,249576,173763,56
249030,2490300,249586,173784,46
249040,2490400,249596,173742,54
249050,2490500,249606,173672,52
249060,2490600,249616,173651,53
249070,2490700,249626,173648,39
249080,2490800,249636,173609,58
249090,2490900,249646,173594,42
249100,2491000,249656,173611,42
249110,2491100,249666,173659,34
249120,2491200,249676,173815,35
249130,2491300,249686,174002,37
249140,2491400,249696,174257,49
249150,2491500,249706,174486,44
249160,2491600,249716,174666,46
249170,2491700,249726,174842,52
249180,2491800,249736,174917,48
249190,2491900,249746,174940,51
249200,2492000,249756,174934,51
249210,2492100,249766,174936,49
249220,2492200,249776,174974,47
249230,2492300,249786,175076,32
249240,2492400,249796,175220,45
249250,2492500,249806,175270,44
249260,2492600,249816,175305,37
249270,2492700,249826,175277,45
249280,2492800,249836,175267,42
249290,2492900,249846,175159,40
249300,2493000,249856,175079,43
249310,2493100,249866,174958,38
249320,2493200,249876,174886,49
249330,2493300,249886,174811,61
249340,2493400,249896,174813,29
249350,2493500,249906,174808,50
249360,2493600,249916,174811,36
249370,2493700,249926,174785,36
249380,2493800,249937,174765,56
249390,2493900,249947,174687,27
249400,2494000,249957,174625,51
249410,2494100,249967,174588,39
249420,2494200,249977,174503,56
249430,2494300,249987,174382,53
249440,2494400,249997,174244,64
249450,2494500,250006,174105,37
249460,2494600,250016,173965,49
249470,2494700,250026,173829,47
249480,2494800,250037,173628,51
249490,2494900,250047,173479,36
249500,2495000,250057,173399,55
249510,2495100,250067,173363,28
249520,2495200,250077,173317,66
249530,2495300,250087,173269,49
249540,2495400,250097,173236,60
249550,2495500,250107,173143,45
249560,2495600,250117,172987,45
249570,2495700,250127,172822,45
249580,2495800,250137,172686,45
249590,2495900,250147,172596,40
249600,2496000,250157,172543,43
249610,2496100,250167,172580,24
249620,2496200,250177,172667,42
249630,2496300,250187,172797,40
249640,2496400,250197,173005,42
249650,2496500,250207,173223,56
249660,2496600,250217,173442,45
249670,2496700,250227,173608,38
249680,2496800,250237,173710,55
249690,2496900,250247,173735,51
249700,2497000,250257,173762,43
249710,2497100,250267,173778,40
249720,2497200,250277,173844,35
249730,2497300,250287,173890,32
249740,2497400,250297,173955,46
249750,2497500,250307,173942,52
249760,2497600,250317,173911,43
249770,2497700,250327,173827,39
249780,2497800,250337,173800,43
249790,2497900,250347,173789,35
249800,2498000,250357,173748,48
249810,2498100,250367,173717,43
249820,2498200,250377,173739,29
249830,2498300,250387,173863,45
249840,2498400,250398,173969,33
249850,2498500,250408,174099,21
249860,2498600,250418,174231,24
249870,2498700,250428,174378,33
249880,2498800,250438,174472,43
249890,2498900,250448,174486,49
249900,2499000,250458,174498,56
249910,2499100,250468,174490,43
249920,2499200,250477,174501,36
249930,2499300,250488,174483,29
249940,2499400,250498,174527,29
249950,2499500,250508,174564,26
249960,2499600,250518,174628,25
249970,2499700,250528,174670,46
249980,2499800,250538,174733,42
249990,2499900,250548,174777,38
250000,2500000,250558,174847,40
250010,2500100,250568,174955,56
250020,2500200,250578,175043,52
250030,2500300,250588,175121,37
250040,2500400,250598,175219,50
250050,2500500,250608,175281,40
250060,2500600,250618,175335,46
250070,2500700,250628,175380,26
250080,2500800,250638,175410,42
250090,2500900,250648,175435,38
250100,2501000,250658,175519,40
250110,2501100,250668,175594,51
250120,2501200,250678,175664,47
250130,2501300,250688,175733,44
250140,2501400,250698,175776,50
250150,2501500,250708,175909,55
250160,2501600,250718,175868,48
250170,2501700,250728,175911,32
250180,2501800,250738,175500,49
250190,2501900,250748,175537,43
250200,2502000,250758,175573,47
250210,2502100,250768,175579,39
250220,2502200,250778,175608,34
250230,2502300,250788,175662,30
250240,2502400,250798,175677,41
250250,2502500,250808,175842,48
250260,2502600,250818,175801,54
250270,2502700,250828,175938,48
250280,2502800,250838,175858,47
250290,2502900,250849,176003,24
250300,2503000,250859,175912,44
250310,2503100,250869,175988,34
250320,2503200,250879,175833,40
250330,2503300,250889,175854,36
250340,2503400,250899,175704,47
250350,2503500,250909,175610,49
250360,2503600,250919,175500,48
250370,2503700,250929,175332,49
250380,2503800,250939,175124,40
250390,2503900,250949,174908,46
250400,2504000,250959,174623,41
250410,2504100,250969,174384,36
250420,2504200,250979,174183,26
250430,2504300,250989,173982,37
250440,2504400,250999,173768,38
250450,2504500,251009,173550,38
250460,2504600,251019,173250,53
250470,2504700,251029,173054,48
250480,2504800,251039,173063,53
250490,2504900,251049,172986,34
250500,2505000,251059,172944,44
250510,2505100,251069,172967,26
250520,2505200,251079,173044,39
250530,2505300,251089,173118,36
250540,2505400,251099,173186,28
250550,2505500,251109,173223,38
250560,2505600,251119,173274,40
250570,2505700,251129,173304,41
250580,2505800,251139,173356,41
250590,2505900,251149,173397,35
250600,2506000,251159,173522,54
250610,2506100,251169,173648,34
250620,2506200,251179,173735,50
250630,2506300,251189,173788,31
250640,2506400,251199,173893,32
250650,2506500,251209,173966,33
250660,2506600,251219,174050,37
250670,2506700,251229,174112,35
250680,2506800,251239,174163,26
250690,2506900,251249,174232,32
250700,2507000,251259,174246,29
250710,2507100,251269,174244,43
250720,2507200,251279,174231,45
250730,2507300,251290,174268,22
250740,2507400,251300,174341,34
250750,2507500,251310,174341,33
250760,2507600,251320,174296,47
250770,2507700,251330,174294,39
250780,2507800,251340,174295,33
250790,2507900,251350,174294,41
250800,2508000,251360,174209,43
250810,2508100,251370,174105,47
250820,2508200,251380,173998,50
250830,2508300,251390,173894,32
250840,2508400,251400,173799,60
250850,2508500,251410,173718,40
250860,2508600,251420,173660,39
250870,2508700,251430,173563,48
250880,2508800,251440,173518,49
250890,2508900,251450,173515,36
250900,2509000,251460,173554,26
250910,2509100,251470,173583,46
250920,2509200,251480,173662,55
250930,2509300,251490,173694,36
250940,2509400,251500,173697,27
250950,2509500,251510,173779,47
250960,2509600,251520,173852,43
250970,2509700,251530,173931,29
250980,2509800,251540,173943,42
250990,2509900,251550,173943,42
251000,2510000,251560,173941,28
251010,2510100,251570,173966,35
251020,2510200,251580,174013,32
251030,2510300,251590,174089,41
251040,2510400,251600,174137,37
251050,2510500,251610,174096,38
251060,2510600,251620,174105,61
251070,2510700,251630,174012,35
251080,2510800,251640,173887,51
251090,2510900,251650,173698,49
251100,2511000,251660,173436,48
251110,2511100,251670,173225,37
251120,2511200,251680,173047,35
251130,2511300,251690,172421,30
251140,2511400,251700,172306,38
251150,2511500,251710,172230,38
251160,2511600,251720,172378,43
251170,2511700,251730,172391,26
251180,2511800,251741,172292,47
251190,2511900,251751,172232,34
251200,2512000,251761,172212,47
251210,2512100,251771,172190,37
251220,2512200,251781,172249,52
251230,2512300,251791,172386,35
251240,2512400,251801,172557,32
251250,2512500,251811,172708,30
251260,2512600,251821,172951,44
251270,2512700,251831,173214,31
251280,2512800,251841,173305,42
251290,2512900,251851,173358,24
251300,2513000,251861,173373,49
251310,2513100,251871,173361,46
251320,2513200,251881,173397,46
251330,2513300,251891,173424,22
251340,2513400,251901,173473,39
251350,2513500,251911,173551,16
251360,2513600,251921,173687,22
251370,2513700,251931,173773,15
251380,2513800,251941,173836,23
251390,2513900,251951,173871,44
251400,2514000,251961,173860,43
251410,2514100,251971,173823,38
251420,2514200,251981,173770,46
251430,2514300,251991,173683,32
251440,2514400,252001,173581,29
251450,2514500,252011,173438,31
251460,2514600,252021,173387,40
251470,2514700,252031,173321,26
251480,2514800,252041,173269,35
251490,2514900,252051,173225,28
251500,2515000,252061,173162,41
251510,2515100,252071,173117,34
251520,2515200,252081,173000,41
251530,2515300,252091,172999,47
251540,2515400,252101,173133,38
251550,2515500,252112,173270,42
251560,2515600,252122,173507,25
251570,2515700,252131,173716,34
251580,2515800,252141,173927,26
251590,2515900,252151,174130,30
251600,2516000,252161,174256,32
251610,2516100,252171,174298,27
251620,2516200,252181,174306,40
251630,2516300,252192,174315,24
251640,2516400,252202,174320,46
251650,2516500,252212,174349,27
251660,2516600,252222,174396,36
251670,2516700,252232,174440,49
251680,2516800,252242,174469,30
251690,2516900,252252,174526,35
251700,2517000,252262,174555,37
251710,2517100,252272,174609,29
251720,2517200,252282,174710,33
251730,2517300,252292,174787,42
251740,2517400,252302,174865,40
251750,2517500,252312,174875,48
251760,2517600,252322,174844,41
251770,2517700,252332,174828,34
251780,2517800,252342,174801,27
251790,2517900,252352,174868,34
251800,2518000,252362,174931,35
251810,2518100,252372,174988,30
251820,2518200,252382,175094,41
251830,2518300,252392,175189,30
251840,2518400,252402,175296,43
251850,2518500,252412,175335,47
251860,2518600,252422,175427,46
251870,2518700,252432,175506,40
251880,2518800,252442,175611,41
251890,2518900,252452,175704,30
251900,2519000,252462,175827,54
251910,2519100,252472,175902,43
251920,2519200,252482,175958,39
251930,2519300,252492,175943,46
251940,2519400,252502,175875,45
251950,2519500,252512,175781,56
251960,2519600,252522,175742,43
251970,2519700,252532,175735,49
251980,2519800,252542,175798,58
251990,2519900,252552,175838,54
252000,2520000,252563,175840,29
252010,2520100,252573,175829,39
252020,2520200,252582,175802,47
252030,2520300,252592,175773,41
252040,2520400,252602,175667,46
252050,2520500,252612,175570,58
252060,2520600,252622,175481,41
252070,2520700,252632,175376,63
252080,2520800,252643,175273,36
252090,2520900,252653,175098,48
252100,2521000,252663,174812,35
252110,2521100,252673,174706,64
252120,2521200,252683,174665,34
252130,2521300,252693,174682,42
252140,2521400,252703,174688,35
252150,2521500,252713,174651,28
252160,2521600,252723,174597,27
252170,2521700,252733,174511,56
252180,2521800,252743,174462,38
252190,2521900,252753,174452,42
252200,2522000,252763,174482,40
252210,2522100,252773,174579,54
252220,2522200,252783,174698,50
252230,2522300,252793,174777,37
252240,2522400,252803,174822,43
252250,2522500,252813,174811,39
252260,2522600,252823,174820,41
252270,2522700,252833,174820,25
252280,2522800,252843,174827,35
252290,2522900,252853,174836,28
252300,2523000,252863,174806,54
252310,2523100,252873,174745,50
252320,2523200,252883,174667,33
252330,2523300,252893,174565,44
252340,2523400,252903,174447,46
252350,2523500,252913,174378,38
252360,2523600,252923,174379,33
252370,2523700,252933,174390,36
252380,2523800,252943,174433,41
252390,2523900,252953,174445,45
252400,2524000,252963,174470,39
252410,2524100,252973,174500,38
252420,2524200,252983,174569,48
252430,2524300,252993,174661,39
252440,2524400,253003,174738,40
252450,2524500,253013,174765,38
252460,2524600,253023,174772,40
252470,2524700,253033,174755,34
252480,2524800,253043,174720,46
252490,2524900,253053,174641,31
252500,2525000,253063,174597,35
252510,2525100,253073,174529,34
252520,2525200,253083,174519,58
252530,2525300,253094,174506,41
252540,2525400,253104,174529,58
252550,2525500,253114,174564,41
252560,2525600,253124,174616,54
252570,2525700,253134,174688,40
252580,2525800,253144,174644,57
252590,2525900,253154,174576,25
252600,2526000,253164,174515,33
252610,2526100,253174,174532,40
252620,2526200,253184,174512,55
252630,2526300,253194,174509,38
252640,2526400,253204,174505,46
252650,2526500,253214,174470,48
252660,2526600,253224,174422,42
252670,2526700,253234,174399,53
252680,2526800,253244,174363,42
252690,2526900,253254,174349,55
252700,2527000,253264,174384,37
252710,2527100,253274,174421,45
252720,2527200,253284,174441,38
252730,2527300,253294,174511,45
252740,2527400,253304,174532,37
252750,2527500,253314,174537,45
252760,2527600,253324,174533,60
252770,2527700,253334,174524,47
252780,2527800,253344,174488,54
252790,2527900,253354,174390,37
252800,2528000,253364,174320,42
252810,2528100,253374,174219,40
252820,2528200,253384,174203,30
252830,2528300,253394,174136,48
252840,2528400,253404,174116,37
252850,2528500,253414,174081,56
252860,2528600,253424,174021,35
252870,2528700,253434,173983,49
252880,2528800,253444,173905,51
252890,2528900,253454,173794,28
252900,2529000,253464,173708,49
252910,2529100,253474,173604,42
252920,2529200,253484,173524,41
252930,2529300,253494,173430,43
252940,2529400,253504,173399,43
252950,2529500,253514,173402,51
252960,2529600,253524,173474,44
252970,2529700,253534,173527,41
252980,2529800,253545,173560,53
252990,2529900,253555,173618,41
253000,2530000,253565,173649,43
253010,2530100,253575,173665,39
253020,2530200,253585,173655,26
253030,2530300,253595,173657,39
253040,2530400,253605,173655,46
253050,2530500,253615,173673,37
253060,2530600,253625,173754,45
253070,2530700,253635,173759,55
253080,2530800,253645,173781,39
253090,2530900,253655,173749,40
253100,2531000,253665,173709,61
253110,2531100,253675,173695,26
253120,2531200,253685,173744,42
253130,2531300,253695,173814,37
253140,2531400,253705,173881,27
253150,2531500,253715,173939,41
253160,2531600,253725,174007,42
253170,2531700,253735,174018,48
253180,2531800,253745,174058,44
253190,2531900,253755,174118,52
253200,2532000,253765,174152,47
253210,2532100,253775,174241,28
253220,2532200,253785,174310,41
253230,2532300,253795,174398,32
253240,2532400,253805,174468,20
253250,2532500,253815,174575,31
253260,2532600,253825,174673,39
253270,2532700,253835,174777,37
253280,2532800,253845,174889,42
253290,2532900,253855,174921,40
253300,2533000,253865,174945,32
253310,2533100,253875,174922,46
253320,2533200,253885,174923,47
253330,2533300,253895,174947,37
253340,2533400,253905,174978,45
253350,2533500,253915,175001,46
253360,2533600,253925,175067,41
253370,2533700,253935,175123,49
253380,2533800,253945,175179,27
253390,2533900,253955,175174,53
253400,2534000,253965,175242,42
253410,2534100,253975,175257,49
253420,2534200,253985,175282,53
253430,2534300,253996,175217,53
253440,2534400,254006,175240,34
253450,2534500,254016,175234,32
253460,2534600,254026,175244,46
253470,2534700,254036,175200,33
253480,2534800,254046,175138,38
253490,2534900,254056,175033,40
253500,2535000,254066,174974,48
253510,2535100,254076,174915,55
253520,2535200,254086,174909,49
253530,2535300,254096,174932,37
253540,2535400,254106,174989,40
253550,2535500,254116,175040,49
253560,2535600,254126,175040,33
253570,2535700,254136,174981,47
253580,2535800,254146,174909,39
253590,2535900,254156,174851,48
253600,2536000,254166,174820,58
253610,2536100,254176,174827,53
253620,2536200,254186,174822,47
253630,2536300,254196,174782,44
253640,2536400,254206,174724,58
253650,2536500,254216,174628,40
253660,2536600,254226,174489,47
253670,2536700,254236,174304,40
253680,2536800,254246,174117,48
253690,2536900,254256,174052,51
253700,2537000,254266,173910,45
253710,2537100,254276,173789,43
253720,2537200,254286,173717,56
253730,2537300,254296,173645,48
253740,2537400,254306,173595,45
253750,2537500,254316,173577,50
253760,2537600,254326,173597,39
253770,2537700,254336,173663,42
253780,2537800,254346,173831,35
253790,2537900,254356,174031,34
253800,2538000,254366,174215,25
253810,2538100,254376,174409,44
253820,2538200,254386,174605,46
253830,2538300,254396,174770,57
253840,2538400,254406,175029,51
253850,2538500,254416,175020,56
253860,2538600,254426,175204,56
253870,2538700,254437,174815,41
253880,2538800,254447,174966,31
253890,2538900,254457,174922,54
253900,2539000,254467,175082,41
253910,2539100,254477,174944,60
253920,2539200,254487,175051,57
253930,2539300,254497,174842,54
253940,2539400,254507,174969,60
253950,2539500,254517,174755,60
253960,2539600,254527,174806,55
253970,2539700,254537,174575,63
253980,2539800,254547,174484,42
253990,2539900,254557,174253,53
254000,2540000,254567,174062,42
254010,2540100,254577,173915,51
254020,2540200,254587,173788,52
254030,2540300,254597,173629,36
254040,2540400,254607,173592,46
254050,2540500,254617,173348,58
254060,2540600,254627,173166,49
254070,2540700,254637,173105,60
254080,2540800,254647,173009,61
254090,2540900,254657,172945,45
254100,2541000,254667,172909,31
254110,2541100,254677,172815,43
254120,2541200,254687,172757,39
254130,2541300,254697,172716,36
254140,2541400,254707,172560,49
254150,2541500,254717,172097,53
254160,2541600,254727,172139,54
254170,2541700,254737,172057,48
254180,2541800,254747,171963,41
254190,2541900,254757,171880,48
254200,2542000,254767,171938,42
254210,2542100,254777,172034,43
254220,2542200,254787,172264,39
254230,2542300,254797,172939,26
254240,2542400,254807,173072,28
254250,2542500,254817,173163,36
254260,2542600,254827,173199,35
254270,2542700,254837,173202,52
254280,2542800,254847,173176,51
254290,2542900,254857,173177,39
254300,2543000,254867,173160,62
254310,2543100,254878,173195,41
254320,2543200,254888,173212,44
254330,2543300,254898,173196,43
254340,2543400,254908,173179,48
254350,2543500,254918,173177,39
254360,2543600,254928,173167,44
254370,2543700,254938,173186,41
254380,2543800,254948,173182,40
254390,2543900,254958,173260,44
254400,2544000,254968,173261,38
254410,2544100,254978,173240,60
254420,2544200,254988,173247,51
254430,2544300,254998,173249,36
254440,2544400,255008,173265,37
254450,2544500,255018,173340,49
254460,2544600,255028,173423,40
254470,2544700,255038,173503,54
254480,2544800,255048,173618,35
254490,2544900,255058,173735,48
254500,2545000,255068,173795,46
254510,2545100,255078,173883,55
254520,2545200,255088,173840,49
254530,2545300,255098,173738,67
254540,2545400,255108,173556,60
254550,2545500,255118,173364,45
254560,2545600,255128,173171,50
254570,2545700,255138,173007,53
254580,2545800,255148,172852,36
254590,2545900,255158,172778,49
254600,2546000,255168,172763,44
254610,2546100,255178,172725,43
254620,2546200,255188,172705,51
254630,2546300,255198,172684,71
254640,2546400,255208,172630,59
254650,2546500,255218,172546,50
254660,2546600,255228,172522,33
254670,2546700,255238,172520,37
254680,2546800,255248,172608,38
254690,2546900,255258,172866,44
254700,2547000,255268,173119,37
254710,2547100,255278,173310,53
254720,2547200,255288,173524,40
254730,2547300,255298,173732,56
254740,2547400,255308,173746,43
254750,2547500,255318,173711,43
254760,2547600,255329,173755,45
254770,2547700,255339,173817,39
254780,2547800,255349,173802,36
254790,2547900,255359,173808,51
254800,2548000,255369,173825,40
254810,2548100,255379,173850,37
254820,2548200,255389,173887,31
254830,2548300,255399,173836,38
254840,2548400,255409,173802,44
254850,2548500,255419,173760,44
254860,2548600,255429,173721,54
254870,2548700,255439,173682,47
254880,2548800,255449,173611,59
254890,2548900,255459,173585,41
254900,2549000,255469,173568,33
254910,2549100,255479,173533,33
254920,2549200,255489,173493,50
254930,2549300,255499,173490,39
254940,2549400,255509,173479,53
254950,2549500,255519,173500,38
254960,2549600,255529,173576,35
254970,2549700,255539,173623,52
254980,2549800,255549,173668,39
254990,2549900,255559,173669,28
255000,2550000,255569,173601,40
255010,2550100,255579,173564,37
255020,2550200,255589,173540,41
255030,2550300,255599,173520,39
255040,2550400,255609,173549,29
255050,2550500,255619,173581,53
255060,2550600,255629,173581,50
255070,2550700,255639,173588,66
255080,2550800,255649,173563,38
255090,2550900,255659,173524,39
255100,2551000,255669,173505,28
255110,2551100,255679,173490,48
255120,2551200,255689,173461,40
255130,2551300,255699,173425,46
255140,2551400,255709,173366,22
255150,2551500,255719,173359,46
255160,2551600,255729,173255,38
255170,2551700,255739,173242,55
255180,2551800,255749,173206,56
255190,2551900,255759,173240,50
255200,2552000,255770,173232,45
255210,2552100,255780,173251,33
255220,2552200,255790,173223,25
255230,2552300,255800,173250,31
255240,2552400,255810,173231,33
255250,2552500,255820,173189,34
255260,2552600,255830,173197,36
255270,2552700,255840,173151,34
255280,2552800,255850,173125,55
255290,2552900,255860,173057,43
255300,2553000,255870,172957,47
255310,2553100,255880,172869,50
255320,2553200,255890,172686,29
255330,2553300,255900,172567,38
255340,2553400,255910,172544,37
255350,2553500,255920,172461,43
255360,2553600,255930,172287,30
255370,2553700,255940,172061,60
255380,2553800,255950,171492,44
255390,2553900,255960,171070,42
255400,2554000,255970,170892,45
255410,2554100,255980,170699,50
255420,2554200,255990,170663,37
255430,2554300,256000,170652,40
255440,2554400,256010,170641,43
255450,2554500,256020,170682,46
255460,2554600,256030,170753,35
255470,2554700,256040,170810,42
255480,2554800,256050,170879,35
255490,2554900,256060,171013,46
255500,2555000,256070,171130,52
255510,2555100,256080,171188,52
255520,2555200,256090,171312,33
255530,2555300,256100,171420,49
255540,2555400,256110,171537,44
255550,2555500,256120,171664,43
255560,2555600,256130,171818,47
255570,2555700,256140,171980,45
255580,2555800,256150,172114,26
255590,2555900,256160,172235,20
255600,2556000,256170,172324,40
255610,2556100,256180,172412,38
255620,2556200,256190,172485,42
255630,2556300,256200,172515,45
255640,2556400,256211,172435,42
255650,2556500,256221,172345,33
255660,2556600,256231,172221,50
255670,2556700,256241,172104,42
255680,2556800,256251,172078,48
255690,2556900,256261,172105,35
255700,2557000,256271,172224,21
255710,2557100,256281,172374,17
255720,2557200,256291,172511,38
255730,2557300,256301,172668,38
255740,2557400,256311,172817,44
255750,2557500,256321,172931,45
255760,2557600,256331,173031,40
255770,2557700,256341,173147,24
255780,2557800,256351,173254,30
255790,2557900,256361,173337,36
255800,2558000,256371,173390,28
255810,2558100,256381,173412,34
255820,2558200,256391,173412,27
255830,2558300,256401,173449,33
255840,2558400,256411,173472,39
255850,2558500,256421,173534,37
255860,2558600,256431,173595,42
255870,2558700,256441,173648,43
255880,2558800,256451,173694,53
255890,2558900,256461,173706,37
255900,2559000,256471,173753,34
255910,2559100,256481,173749,49
255920,2559200,256491,173735,37
255930,2559300,256501,173739,48
255940,2559400,256511,173739,35
255950,2559500,256521,173780,49
255960,2559600,256531,173793,39
255970,2559700,256541,173826,47
255980,2559800,256551,173878,37
255990,2559900,256561,173853,36
256000,2560000,256571,173920,36
256010,2560100,256581,173894,23
256020,2560200,256591,174011,33
256030,2560300,256601,173953,41
256040,2560400,256611,174062,36
256050,2560500,256621,174005,45
256060,2560600,256631,174109,40
256070,2560700,256641,174026,41
256080,2560800,256652,174112,41
256090,2560900,256662,173971,39
256100,2561000,256672,174088,39
256110,2561100,256682,173973,40
256120,2561200,256692,174102,54
256130,2561300,256702,174022,48
256140,2561400,256712,174121,45
256150,2561500,256722,174031,39
256160,2561600,256732,174088,36
256170,2561700,256742,173946,46
256180,2561800,256752,173961,50
256190,2561900,256762,173746,40
256200,2562000,256772,173729,35
256210,2562100,256782,173529,49
256220,2562200,256792,173464,44
256230,2562300,256802,173251,45
256240,2562400,256812,173027,22
256250,2562500,256822,172834,40
256260,2562600,256832,172647,24
256270,2562700,256842,172534,37
256280,2562800,256852,172498,28
256290,2562900,256862,172421,27
256300,2563000,256872,172425,44
256310,2563100,256882,172389,35
256320,2563200,256892,172420,26
256330,2563300,256902,172399,36
256340,2563400,256912,172442,37
256350,2563500,256922,172409,42
256360,2563600,256932,172458,28
256370,2563700,256942,172430,30
256380,2563800,256952,172480,13
256390,2563900,256962,172490,28
256400,2564000,256972,172598,38
256410,2564100,256982,172612,25
256420,2564200,256992,172703,34
256430,2564300,257002,172666,38
256440,2564400,257013,172682,38
256450,2564500,257023,172651,43
256460,2564600,257033,172680,41
256470,2564700,257042,172686,37
256480,2564800,257052,172808,27
256490,2564900,257062,172869,41
256500,2565000,257072,173008,27
256510,2565100,257082,173065,29
256520,2565200,257092,173157,39
256530,2565300,257103,173139,39
256540,2565400,257113,173204,48
256550,2565500,257123,173152,43
256560,2565600,257133,173177,42
256570,2565700,257143,173158,46
256580,2565800,257153,173208,40
256590,2565900,257163,173179,45
256600,2566000,257173,173235,50
256610,2566100,257183,173232,33
256620,2566200,257193,173305,41
256630,2566300,257203,173319,38
256640,2566400,257213,173395,35
256650,2566500,257223,173337,39
256660,2566600,257233,173343,43
256670,2566700,257243,173247,34
256680,2566800,257253,173252,31
256690,2566900,257263,173192,38
256700,2567000,257273,173235,55
256710,2567100,257283,173200,46
256720,2567200,257293,173256,40
256730,2567300,257303,173243,24
256740,2567400,257313,173293,37
256750,2567500,257323,173289,29
256760,2567600,257333,173322,37
256770,2567700,257343,173316,39
256780,2567800,257353,173360,35
256790,2567900,257363,173367,32
256800,2568000,257373,173394,45
256810,2568100,257383,173402,42
256820,2568200,257393,173437,42
256830,2568300,257403,173419,34
256840,2568400,257413,173450,29
256850,2568500,257423,173463,38
256860,2568600,257433,173517,34
256870,2568700,257443,173516,47
256880,2568800,257454,173576,31
256890,2568900,257464,173546,54
256900,2569000,257474,173547,46
256910,2569100,257484,173525,48
256920,2569200,257494,173550,46
256930,2569300,257504,173495,47
256940,2569400,257514,173511,35
256950,2569500,257523,173420,40
256960,2569600,257533,173445,33
256970,2569700,257544,173417,32
256980,2569800,257554,173444,32
256990,2569900,257564,173422,40
257000,2570000,257574,173447,25
257010,2570100,257584,173431,47
257020,2570200,257594,173441,32
257030,2570300,257604,173388,49
257040,2570400,257614,173339,46
257050,2570500,257624,173282,48
257060,2570600,257634,173258,29
257070,2570700,257644,173281,40
257080,2570800,257654,173293,38
257090,2570900,257664,173255,33
257100,2571000,257674,173213,43
257110,2571100,257684,173167,47
257120,2571200,257694,173124,52
257130,2571300,257704,173149,41
257140,2571400,257714,173098,65
257150,2571500,257724,173048,52
257160,2571600,257734,172952,58
257170,2571700,257744,172811,51
257180,2571800,257754,172704,57
257190,2571900,257764,172642,36
257200,2572000,257774,172623,29
257210,2572100,257784,172622,37
257220,2572200,257794,172650,32
257230,2572300,257804,172646,34
257240,2572400,257814,172631,45
257250,2572500,257824,172601,44
257260,2572600,257834,172562,47
257270,2572700,257844,172522,40
257280,2572800,257854,172504,48
257290,2572900,257864,172493,43
257300,2573000,257874,172477,41
257310,2573100,257884,172501,43
257320,2573200,257894,172526,27
257330,2573300,257905,172529,33
257340,2573400,257915,172577,45
257350,2573500,257925,172583,43
257360,2573600,257935,172615,39
257370,2573700,257945,172629,39
257380,2573800,257955,172647,43
257390,2573900,257965,172690,45
257400,2574000,257975,172711,33
257410,2574100,257984,172738,36
257420,2574200,257995,172744,36
257430,2574300,258005,172740,28
257440,2574400,258015,172722,51
257450,2574500,258025,172743,29
257460,2574600,258035,172749,26
257470,2574700,258045,172750,41
257480,2574800,258055,172734,45
257490,2574900,258065,172728,39
257500,2575000,258075,172690,32
257510,2575100,258085,172707,40
257520,2575200,258095,172695,31
257530,2575300,258105,172735,27
257540,2575400,258115,172727,18
257550,2575500,258125,172711,30
257560,2575600,258135,172659,36
257570,2575700,258145,172633,47
257580,2575800,258155,172595,47
257590,2575900,258165,172621,46
257600,2576000,258175,172603,38
257610,2576100,258185,172632,44
257620,2576200,258195,172636,49
257630,2576300,258205,172653,43
257640,2576400,258215,172667,41
257650,2576500,258225,172673,45
257660,2576600,258235,172684,40
257670,2576700,258245,172718,37
257680,2576800,258255,172695,40
257690,2576900,258265,172725,42
257700,2577000,258275,172737,48
257710,2577100,258285,172793,34
257720,2577200,258295,172769,48
257730,2577300,258305,172825,43
257740,2577400,258315,172831,40
257750,2577500,258325,172865,38
257760,2577600,258335,172818,36
257770,2577700,258346,172820,33
257780,2577800,258356,172762,26
257790,2577900,258366,172768,40
257800,2578000,258376,172697,25
257810,2578100,258386,172698,49
257820,2578200,258396,172633,55
257830,2578300,258406,172674,53
257840,2578400,258416,172611,54
257850,2578500,258425,172721,54
257860,2578600,258436,172699,34
257870,2578700,258446,172802,38
257880,2578800,258456,172741,31
257890,2578900,258466,172812,45
257900,2579000,258476,172751,45
257910,2579100,258486,172824,31
257920,2579200,258496,172767,42
257930,2579300,258506,172845,62
257940,2579400,258516,172798,55
257950,2579500,258526,172884,47
257960,2579600,258536,172849,61
257970,2579700,258546,172955,37
257980,2579800,258556,172919,37
257990,2579900,258566,173022,51
258000,2580000,258576,172940,26
258010,2580100,258586,172948,39
258020,2580200,258596,172736,35
258030,2580300,258606,172677,46
258040,2580400,258616,172461,54
258050,2580500,258626,172377,52
258060,2580600,258636,172199,37
258070,2580700,258646,172165,51
258080,2580800,258656,172021,44
258090,2580900,258666,172041,41
258100,2581000,258676,171907,34
258110,2581100,258686,171933,48
258120,2581200,258696,171806,38
258130,2581300,258706,171856,39
258140,2581400,258716,171661,44
258150,2581500,258726,171662,38
258160,2581600,258736,171579,22
258170,2581700,258746,171699,35
258180,2581800,258756,171596,23
258190,2581900,258766,171703,37
258200,2582000,258776,171689,52
258210,2582100,258787,171833,39
258220,2582200,258797,171815,33
258230,2582300,258807,171962,44
258240,2582400,258817,171943,49
258250,2582500,258827,172096,46
258260,2582600,258837,172081,52
258270,2582700,258847,172219,59
258280,2582800,258857,172169,54
258290,2582900,258866,172288,54
258300,2583000,258877,172217,46
258310,2583100,258887,172320,15
258320,2583200,258897,172206,46
258330,2583300,258907,172302,33
258340,2583400,258917,172189,52
258350,2583500,258927,172309,48
258360,2583600,258937,172245,44
258370,2583700,258947,172364,43
258380,2583800,258957,172280,53
258390,2583900,258967,172409,34
258400,2584000,258977,172303,47
258410,2584100,258987,172398,45
258420,2584200,258997,172276,34
258430,2584300,259007,172409,44
258440,2584400,259017,172326,43
258450,2584500,259027,172423,39
258460,2584600,259037,172319,38
258470,2584700,259047,172386,33
258480,2584800,259057,172265,61
258490,2584900,259067,172374,48
258500,2585000,259077,172268,58
258510,2585100,259087,172433,45
258520,2585200,259097,172353,47
258530,2585300,259107,172485,31
258540,2585400,259117,172403,46
258550,2585500,259127,172504,35
258560,2585600,259137,172381,40
258570,2585700,259147,172487,36
258580,2585800,259157,172434,47
258590,2585900,259167,172581,62
258600,2586000,259177,172543,51
258610,2586100,259187,172665,57
258620,2586200,259197,172600,47
258630,2586300,259207,172752,58
258640,2586400,259217,172652,48
258650,2586500,259227,172737,42
258660,2586600,259238,172626,37
258670,2586700,259248,172766,42
258680,2586800,259258,172640,47
258690,2586900,259268,172816,44
258700,2587000,259278,172691,45
258710,2587100,259288,172810,48
258720,2587200,259298,172690,35
258730,2587300,259308,172781,56
258740,2587400,259317,172660,43
258750,2587500,259328,172754,29
258760,2587600,259338,172643,45
258770,2587700,259348,172783,51
258780,2587800,259358,172698,47
258790,2587900,259368,172889,31
258800,2588000,259378,172783,44
258810,2588100,259388,172939,41
258820,2588200,259398,172840,45
258830,2588300,259408,172966,56
258840,2588400,259418,172854,48
258850,2588500,259428,172970,43
258860,2588600,259438,172828,46
258870,2588700,259448,172940,40
258880,2588800,259458,172816,44
258890,2588900,259468,172899,42
258900,2589000,259478,172757,43
258910,2589100,259488,172890,35
258920,2589200,259498,172697,40
258930,2589300,259508,172785,55
258940,2589400,259518,172570,53
258950,2589500,259528,172636,46
258960,2589600,259538,172419,61
258970,2589700,259548,172474,52
258980,2589800,259558,172294,50
258990,2589900,259568,172347,29
259000,2590000,259578,172131,44
259010,2590100,259588,172208,40
259020,2590200,259598,172019,73
259030,2590300,259608,172108,60
259040,2590400,259618,171913,62
259050,2590500,259628,171975,48
259060,2590600,259638,171785,64
259070,2590700,259648,171874,65
259080,2590800,259658,171765,59
259090,2590900,259668,171936,46
259100,2591000,259678,171891,54
259110,2591100,259689,172122,42
259120,2591200,259699,172111,48
259130,2591300,259709,172352,50
259140,2591400,259719,172260,43
259150,2591500,259729,172431,57
259160,2591600,259739,172317,45
259170,2591700,259749,172512,63
259180,2591800,259759,172408,59
259190,2591900,259768,172618,50
259200,2592000,259779,172504,34
259210,2592100,259789,172711,31
259220,2592200,259799,172544,40
259230,2592300,259809,172691,41
259240,2592400,259819,172482,39
259250,2592500,259829,172632,46
259260,2592600,259839,172465,47
259270,2592700,259849,172653,41
259280,2592800,259859,172545,54
259290,2592900,259869,172751,62
259300,2593000,259879,172600,57
259310,2593100,259889,172798,55
259320,2593200,259899,172608,28
259330,2593300,259909,172733,47
259340,2593400,259919,172551,44
259350,2593500,259929,172660,28
259360,2593600,259939,172483,48
259370,2593700,259949,172624,48
259380,2593800,259959,172481,52
259390,2593900,259969,172660,44
259400,2594000,259979,172537,49
259410,2594100,259989,172703,42
259420,2594200,259999,172555,49
259430,2594300,260009,172722,40
259440,2594400,260019,172552,48
259450,2594500,260029,172710,37
259460,2594600,260039,172572,33
259470,2594700,260049,172750,35
259480,2594800,260059,172628,45
259490,2594900,260069,172763,36
259500,2595000,260079,172632,46
259510,2595100,260089,172810,48
259520,2595200,260099,172690,45
259530,2595300,260109,172865,49
259540,2595400,260119,172722,47
259550,2595500,260129,172887,41
259560,2595600,260140,172715,55
259570,2595700,260150,172885,42
259580,2595800,260160,172693,43
259590,2595900,260170,172875,33
259600,2596000,260180,172742,56
259610,2596100,260190,172929,37
259620,2596200,260200,172771,51
259630,2596300,260210,172949,37
259640,2596400,260219,172770,62
259650,2596500,260230,172962,47
259660,2596600,260240,172776,40
259670,2596700,260250,172988,45
259680,2596800,260260,172814,49
259690,2596900,260270,173057,37
259700,2597000,260280,172886,52
259710,2597100,260290,173090,43
259720,2597200,260300,172924,60
259730,2597300,260310,173107,60
259740,2597400,260320,172876,53
259750,2597500,260330,173069,49
259760,2597600,260340,172860,45
259770,2597700,260350,173083,25
259780,2597800,260360,172910,45
259790,2597900,260370,173125,42
259800,2598000,260380,172934,42
259810,2598100,260390,173146,30
259820,2598200,260400,172954,42
259830,2598300,260410,173169,35
259840,2598400,260420,172973,45
259850,2598500,260430,173126,54
259860,2598600,260440,172855,50
259870,2598700,260450,172931,31
259880,2598800,260460,172602,46
259890,2598900,260470,172681,42
259900,2599000,260480,172364,42
259910,2599100,260490,172423,43
259920,2599200,260500,172142,44
259930,2599300,260510,172221,45
259940,2599400,260520,171982,52
259950,2599500,260530,172114,50
259960,2599600,260540,171906,65
259970,2599700,260550,172092,47
259980,2599800,260560,171881,47
259990,2599900,260570,172074,50
260000,2600000,260580,171863,33
260010,2600100,260591,172060,37
260020,2600200,260601,171893,29
260030,2600300,260611,172122,42
260040,2600400,260621,172013,27
260050,2600500,260631,172248,67
260060,2600600,260641,172114,59
260070,2600700,260651,172322,50
260080,2600800,260661,172186,44
260090,2600900,260670,172406,33
260100,2601000,260681,172268,41
260110,2601100,260691,172470,34
260120,2601200,260701,172281,31
260130,2601300,260711,172444,46
260140,2601400,260721,172237,41
260150,2601500,260731,172400,32
260160,2601600,260741,172229,48
260170,2601700,260751,172407,53
260180,2601800,260761,172285,43
260190,2601900,260771,172474,47
260200,2602000,260781,172313,44
260210,2602100,260791,172457,31
260220,2602200,260801,172302,35
260230,2602300,260811,172449,48
260240,2602400,260821,172273,30
260250,2602500,260831,172413,34
260260,2602600,260841,172224,49
260270,2602700,260851,172398,53
260280,2602800,260861,172239,45
260290,2602900,260871,172442,37
260300,2603000,260881,172299,62
260310,2603100,260891,172451,36
260320,2603200,260901,172288,41
260330,2603300,260911,172429,56
260340,2603400,260921,172284,44
260350,2603500,260931,172456,30
260360,2603600,260941,172290,45
260370,2603700,260951,172479,49
260380,2603800,260961,172311,52
260390,2603900,260971,172439,37
260400,2604000,260981,172265,45
260410,2604100,260991,172403,54
260420,2604200,261001,172273,49
260430,2604300,261011,172444,43
260440,2604400,261021,172306,27
260450,2604500,261032,172485,34
260460,2604600,261042,172331,40
260470,2604700,261052,172507,40
260480,2604800,261062,172397,47
260490,2604900,261072,172601,44
260500,2605000,261082,172487,49
260510,2605100,261092,172680,55
260520,2605200,261102,172518,58
260530,2605300,261111,172674,40
260540,2605400,261122,172513,40
260550,2605500,261132,172645,38
260560,2605600,261142,172518,40
260570,2605700,261152,172707,41
260580,2605800,261162,172595,29
260590,2605900,261172,172767,45
260600,2606000,261182,172609,49
260610,2606100,261192,172722,48
260620,2606200,261202,172545,60
260630,2606300,261212,172662,41
260640,2606400,261222,172484,45
260650,2606500,261232,172526,41
260660,2606600,261242,172514,37
260670,2606700,261252,172535,24
260680,2606800,261262,172558,45
260690,2606900,261272,172588,24
260700,2607000,261282,172597,31
260710,2607100,261292,172658,36
260720,2607200,261302,172572,29
260730,2607300,261312,172595,44
260740,2607400,261322,172409,45
260750,2607500,261332,172432,28
260760,2607600,261342,172189,36
260770,2607700,261352,172215,45
260780,2607800,261362,171996,25
260790,2607900,261372,172030,40
260800,2608000,261382,171822,29
260810,2608100,261392,171828,28
260820,2608200,261402,171628,26
260830,2608300,261412,171641,30
260840,2608400,261422,171486,27
260850,2608500,261432,171366,42
260860,2608600,261442,171272,51
260870,2608700,261452,171281,44
260880,2608800,261462,171311,44
260890,2608900,261472,171352,47
260900,2609000,261482,171387,39
260910,2609100,261493,171481,18
260920,2609200,261503,171540,42
260930,2609300,261513,171575,24
260940,2609400,261523,171626,35
260950,2609500,261533,171662,23
260960,2609600,261543,171732,44
260970,2609700,261553,171738,48
260980,2609800,261563,171731,56
260990,2609900,261573,171720,48
261000,2610000,261583,171746,51
261010,2610100,261593,171744,48
261020,2610200,261603,171748,52
261030,2610300,261613,171734,41
261040,2610400,261623,171730,42
261050,2610500,261633,171736,37
261060,2610600,261643,171759,43
261070,2610700,261653,171761,35
261080,2610800,261663,171790,52
261090,2610900,261673,171798,32
261100,2611000,261683,171862,40
261110,2611100,261693,171906,40
261120,2611200,261703,171970,52
261130,2611300,261713,172019,55
261140,2611400,261723,172114,37
261150,2611500,261733,172192,32
261160,2611600,261743,172258,51
261170,2611700,261753,172324,34
261180,2611800,261763,172359,43
261190,2611900,261773,172388,36
261200,2612000,261783,172418,42
261210,2612100,261793,172388,47
261220,2612200,261803,172385,46
261230,2612300,261813,172361,45
261240,2612400,261823,172346,47
261250,2612500,261833,172322,31
261260,2612600,261843,172395,39
261270,2612700,261853,172483,35
261280,2612800,261863,172547,29
261290,2612900,261873,172703,28
261300,2613000,261883,172702,39
261310,2613100,261893,172795,31
261320,2613200,261903,172716,36
261330,2613300,261913,172831,47
261340,2613400,261923,172750,44
261350,2613500,261934,172853,27
261360,2613600,261944,172767,47
261370,2613700,261954,172761,32
261380,2613800,261964,172659,37
261390,2613900,261974,172678,18
261400,2614000,261984,172584,37
261410,2614100,261994,172630,36
261420,2614200,262004,172519,46
261430,2614300,262014,172524,32
261440,2614400,262024,172410,35
261450,2614500,262034,172359,28
261460,2614600,262044,172317,41
261470,2614700,262054,172285,33
261480,2614800,262064,172276,39
261490,2614900,262074,172264,23
261500,2615000,262084,172219,34
261510,2615100,262094,172136,22
261520,2615200,262104,172062,19
261530,2615300,262114,171975,46
261540,2615400,262124,171919,34
261550,2615500,262134,171865,38
261560,2615600,262144,171818,33
261570,2615700,262154,171806,30
261580,2615800,262164,171764,23
261590,2615900,262174,171783,38
261600,2616000,262184,171765,40
261610,2616100,262194,171761,34
261620,2616200,262204,171719,31
261630,2616300,262214,171643,30
261640,2616400,262224,171558,42
261650,2616500,262234,171501,32
261660,2616600,262244,171430,44
261670,2616700,262254,171433,47
261680,2616800,262264,171469,42
261690,2616900,262274,171512,42
261700,2617000,262284,171555,44
261710,2617100,262294,171607,38
261720,2617200,262304,171690,30
261730,2617300,262314,171779,26
261740,2617400,262324,171889,38
261750,2617500,262334,172017,40
261760,2617600,262344,172160,47
261770,2617700,262354,172318,44
261780,2617800,262364,172446,50
261790,2617900,262374,172600,48
261800,2618000,262385,172613,36
261810,2618100,262395,172691,44
261820,2618200,262405,172671,43
261830,2618300,262415,172664,59
261840,2618400,262425,172552,40
261850,2618500,262435,172521,37
261860,2618600,262445,172410,31
261870,2618700,262455,172253,32
261880,2618800,262465,172083,31
261890,2618900,262475,171875,35
261900,2619000,262485,171645,35
261910,2619100,262495,171470,35
261920,2619200,262505,171336,43
261930,2619300,262515,171255,39
261940,2619400,262525,171206,45
261950,2619500,262535,171190,54
261960,2619600,262545,171170,56
261970,2619700,262555,171173,21
261980,2619800,262565,171163,39
261990,2619900,262575,171112,25
262000,2620000,262585,171058,41
262010,2620100,262595,170960,31
262020,2620200,262605,170917,50
262030,2620300,262615,170902,57
262040,2620400,262625,171003,45
262050,2620500,262635,171129,31
262060,2620600,262645,171356,45
262070,2620700,262655,171615,53
262080,2620800,262665,171885,40
262090,2620900,262675,172084,40
262100,2621000,262685,172282,46
262110,2621100,262695,172410,28
262120,2621200,262705,172459,37
262130,2621300,262715,172514,43
262140,2621400,262725,172568,16
262150,2621500,262735,172592,55
262160,2621600,262746,172615,38
262170,2621700,262756,172608,46
262180,2621800,262766,172628,40
262190,2621900,262776,172622,50
262200,2622000,262785,172607,46
262210,2622100,262795,172637,47
262220,2622200,262805,172638,33
262230,2622300,262815,172628,55
262240,2622400,262825,172603,27
262250,2622500,262836,172572,43
262260,2622600,262846,172561,51
262270,2622700,262856,172568,28
262280,2622800,262866,172641,37
262290,2622900,262876,172702,46
262300,2623000,262886,172798,48
262310,2623100,262896,172874,55
262320,2623200,262906,172920,49
262330,2623300,262916,172970,50
262340,2623400,262926,173000,32
262350,2623500,262936,172958,44
262360,2623600,262946,173005,45
262370,2623700,262956,173035,45
262380,2623800,262966,173090,41
262390,2623900,262976,173144,40
262400,2624000,262986,173183,49
262410,2624100,262996,173243,48
262420,2624200,263006,173272,40
262430,2624300,263016,173240,44
262440,2624400,263026,173224,39
262450,2624500,263036,173133,39
262460,2624600,263046,173060,40
262470,2624700,263056,172933,27
262480,2624800,263066,172806,45
262490,2624900,263076,172664,37
262500,2625000,263086,172563,38
262510,2625100,263096,172437,41
262520,2625200,263106,172374,38
262530,2625300,263116,172317,36
262540,2625400,263126,172310,41
262550,2625500,263136,172294,52
262560,2625600,263146,172339,42
262570,2625700,263156,172320,43
262580,2625800,263166,172372,48
262590,2625900,263176,172310,36
262600,2626000,263186,172341,44
262610,2626100,263196,172330,30
262620,2626200,263207,172401,40
262630,2626300,263217,172453,37
262640,2626400,263227,172600,36
262650,2626500,263237,172693,43
262660,2626600,263247,172774,47
262670,2626700,263257,172782,36
262680,2626800,263267,172858,46
262690,2626900,263277,172815,45
262700,2627000,263286,172896,40
262710,2627100,263297,172912,48
262720,2627200,263307,172985,33
262730,2627300,263317,172984,42
262740,2627400,263327,173052,38
262750,2627500,263337,173044,42
262760,2627600,263347,173045,29
262770,2627700,263357,172972,34
262780,2627800,263367,172965,39
262790,2627900,263377,172913,39
262800,2628000,263387,172972,41
262810,2628100,263397,172942,56
262820,2628200,263407,172997,27
262830,2628300,263417,172964,33
262840,2628400,263427,173015,44
262850,2628500,263437,172994,35
262860,2628600,263447,173078,34
262870,2628700,263457,173007,41
262880,2628800,263467,173057,28
262890,2628900,263477,172982,49
262900,2629000,263487,173002,42
262910,2629100,263497,172929,46
262920,2629200,263507,172985,46
262930,2629300,263517,172900,46
262940,2629400,263527,172960,49
262950,2629500,263537,172907,46
262960,2629600,263547,172981,60
262970,2629700,263557,172894,39
262980,2629800,263567,172965,38
262990,2629900,263577,172848,39
263000,2630000,263587,172928,48
263010,2630100,263597,172838,39
263020,2630200,263607,172917,50
263030,2630300,263617,172828,37
263040,2630400,263627,172947,45
263050,2630500,263637,172848,47
263060,2630600,263647,172967,45
263070,2630700,263658,172881,59
263080,2630800,263668,173002,43
263090,2630900,263678,172896,38
263100,2631000,263688,173017,35
263110,2631100,263698,172924,33
263120,2631200,263708,173023,43
263130,2631300,263718,172930,38
263140,2631400,263728,173054,32
263150,2631500,263738,172994,34
263160,2631600,263748,173138,34
263170,2631700,263758,173059,46
263180,2631800,263768,173171,38
263190,2631900,263778,173038,37
263200,2632000,263788,173148,25
263210,2632100,263798,173016,47
263220,2632200,263808,173157,42
263230,2632300,263818,173036,46
263240,2632400,263828,173134,43
263250,2632500,263838,172931,37
263260,2632600,263848,172891,31
263270,2632700,263858,172649,45
263280,2632800,263868,172654,32
263290,2632900,263878,172463,54
263300,2633000,263888,172482,34
263310,2633100,263898,172291,52
263320,2633200,263908,172354,37
263330,2633300,263918,172207,52
263340,2633400,263928,172276,48
263350,2633500,263938,172103,52
263360,2633600,263948,172152,35
263370,2633700,263958,171987,29
263380,2633800,263968,172050,22
263390,2633900,263978,171880,39
263400,2634000,263988,171984,34
263410,2634100,263998,171859,39
263420,2634200,264008,172055,36
263430,2634300,264018,171958,35
263440,2634400,264029,172149,32
263450,2634500,264039,172054,48
263460,2634600,264049,172273,42
263470,2634700,264058,172165,45
263480,2634800,264068,172350,33
263490,2634900,264078,172225,35
263500,2635000,264088,172404,36
263510,2635100,264098,172246,38
263520,2635200,264108,172431,22
263530,2635300,264119,172312,30
263540,2635400,264129,172499,44
263550,2635500,264139,172392,33
263560,2635600,264149,172584,24
263570,2635700,264159,172431,56
263580,2635800,264169,172612,44
263590,2635900,264179,172515,44
263600,2636000,264189,172745,42
263610,2636100,264199,172628,35
263620,2636200,264209,172872,37
263630,2636300,264219,172735,44
263640,2636400,264229,172937,36
263650,2636500,264239,172826,38
263660,2636600,264249,173001,39
263670,2636700,264259,172900,51
263680,2636800,264269,173071,46
263690,2636900,264279,172907,44
263700,2637000,264289,173068,48
263710,2637100,264299,172896,44
263720,2637200,264309,173048,41
263730,2637300,264319,172859,50
263740,2637400,264329,172987,36
263750,2637500,264339,172810,27
263760,2637600,264349,172944,48
263770,2637700,264359,172783,34
263780,2637800,264369,172949,34
263790,2637900,264379,172832,53
263800,2638000,264389,172998,60
263810,2638100,264399,172826,42
263820,2638200,264409,173007,53
263830,2638300,264419,172836,46
263840,2638400,264429,173024,52
263850,2638500,264439,172878,27
263860,2638600,264449,173098,41
263870,2638700,264459,172973,44
263880,2638800,264469,173219,37
263890,2638900,264480,173075,50
263900,2639000,264490,173283,32
263910,2639100,264500,173138,51
263920,2639200,264510,173344,43
263930,2639300,264520,173136,50
263940,2639400,264530,173349,41
263950,2639500,264540,173161,64
263960,2639600,264550,173336,38
263970,2639700,264559,173177,49
263980,2639800,264570,173358,35
263990,2639900,264580,173173,49
264000,2640000,264590,173347,33
264010,2640100,264600,173089,43
264020,2640200,264610,173205,36
264030,2640300,264620,172933,55
264040,2640400,264630,172970,34
264050,2640500,264640,172686,42
264060,2640600,264650,172748,44
264070,2640700,264660,172464,56
264080,2640800,264670,172575,46
264090,2640900,264680,172297,66
264100,2641000,264690,172385,50
264110,2641100,264700,172153,53
264120,2641200,264710,172291,49
264130,2641300,264720,172062,52
264140,2641400,264730,172236,40
264150,2641500,264740,171985,65
264160,2641600,264750,172168,63
264170,2641700,264760,171913,63
264180,2641800,264770,172143,53
264190,2641900,264780,171946,56
264200,2642000,264790,172223,55
264210,2642100,264800,172057,46
264220,2642200,264810,172324,58
264230,2642300,264820,172166,60
264240,2642400,264830,172417,57
264250,2642500,264840,172193,55
264260,2642600,264850,172424,33
264270,2642700,264860,172210,45
264280,2642800,264870,172452,49
264290,2642900,264880,172268,42
264300,2643000,264890,172518,36
264310,2643100,264900,172302,45
264320,2643200,264910,172518,43
264330,2643300,264920,172249,59
264340,2643400,264931,172440,42
264350,2643500,264941,172153,48
264360,2643600,264951,172342,39
264370,2643700,264961,172054,63
264380,2643800,264971,172092,33
264390,2643900,264981,172051,52
264400,2644000,264991,171974,39
264410,2644100,265001,171898,32
264420,2644200,265011,171854,31
264430,2644300,265021,171785,42
264440,2644400,265031,171729,41
264450,2644500,265041,171699,54
264460,2644600,265051,171666,49
264470,2644700,265061,171631,45
264480,2644800,265071,171629,41
264490,2644900,265081,171639,42
264500,2645000,265091,171667,39
264510,2645100,265101,171710,49
264520,2645200,265111,171764,33
264530,2645300,265121,171846,41
264540,2645400,265131,171945,47
264550,2645500,265141,172028,45
264560,2645600,265151,172076,41
264570,2645700,265161,172171,59
264580,2645800,265171,172274,38
264590,2645900,265181,172384,56
264600,2646000,265191,172530,45
264610,2646100,265201,172715,37
264620,2646200,265211,172821,44
264630,2646300,265221,172867,31
264640,2646400,265231,172881,33
264650,2646500,265241,172908,61
264660,2646600,265251,172983,56
264670,2646700,265261,172945,50
264680,2646800,265271,173267,46
264690,2646900,265281,173175,42
264700,2647000,265291,173484,32
264710,2647100,265301,173291,48
264720,2647200,265311,173572,31
264730,2647300,265321,173366,46
264740,2647400,265331,173642,51
264750,2647500,265341,173416,48
264760,2647600,265351,173701,46
264770,2647700,265361,173427,55
264780,2647800,265372,173636,48
264790,2647900,265382,173367,50
264800,2648000,265392,173583,54
264810,2648100,265402,173302,54
264820,2648200,265412,173463,47
264830,2648300,265422,173161,46
264840,2648400,265432,173315,42
264850,2648500,265442,172948,31
264860,2648600,265452,173022,39
264870,2648700,265462,172657,53
264880,2648800,265472,172759,45
264890,2648900,265482,172444,49
264900,2649000,265492,172562,50
264910,2649100,265502,172282,53
264920,2649200,265512,172477,51
264930,2649300,265522,172233,50
264940,2649400,265532,172475,43
264950,2649500,265542,172123,47
264960,2649600,265552,172358,44
264970,2649700,265562,172125,39
264980,2649800,265572,172409,47
264990,2649900,265582,172174,35
265000,2650000,265592,172471,45
265010,2650100,265602,172291,47
265020,2650200,265612,172557,52
265030,2650300,265622,172382,60
265040,2650400,265632,172630,41
265050,2650500,265642,172433,48
265060,2650600,265652,172717,43
265070,2650700,265662,172512,45
265080,2650800,265672,172779,23
265090,2650900,265682,172548,50
265100,2651000,265692,172797,37
265110,2651100,265702,172586,32
265120,2651200,265712,172836,53
265130,2651300,265722,172628,44
265140,2651400,265733,172843,56
265150,2651500,265743,172601,48
265160,2651600,265753,172799,41
265170,2651700,265762,172582,47
265180,2651800,265772,172822,44
265190,2651900,265782,172576,37
265200,2652000,265792,172784,34
265210,2652100,265802,172550,51
265220,2652200,265812,172746,50
265230,2652300,265823,172511,51
265240,2652400,265833,172730,52
265250,2652500,265843,172510,33
265260,2652600,265853,172737,40
265270,2652700,265863,172506,45
265280,2652800,265873,172766,41
265290,2652900,265883,172507,38
265300,2653000,265893,172774,25
265310,2653100,265903,172574,37
265320,2653200,265913,172796,31
265330,2653300,265923,172566,49
265340,2653400,265933,172814,36
265350,2653500,265943,172563,48
265360,2653600,265953,172816,54
265370,2653700,265963,172593,45
265380,2653800,265973,172884,49
265390,2653900,265983,172640,38
265400,2654000,265993,172883,44
265410,2654100,266003,172603,47
265420,2654200,266013,172827,31
265430,2654300,266023,172588,52
265440,2654400,266033,172848,46
265450,2654500,266043,172613,28
265460,2654600,266053,172864,45
265470,2654700,266063,172598,45
265480,2654800,266073,172863,41
265490,2654900,266083,172582,48
265500,2655000,266093,172809,40
265510,2655100,266103,172549,50
265520,2655200,266113,172791,30
265530,2655300,266123,172489,51
265540,2655400,266133,172727,52
265550,2655500,266143,172546,55
265560,2655600,266153,172776,35
265570,2655700,266163,172558,42
265580,2655800,266173,172719,40
265590,2655900,266184,172409,43
265600,2656000,266194,172523,41
265610,2656100,266204,172178,52
265620,2656200,266214,172304,30
265630,2656300,266223,172006,44
265640,2656400,266233,172179,26
265650,2656500,266243,171925,41
265660,2656600,266253,172137,35
265670,2656700,266263,171897,41
265680,2656800,266274,172069,41
265690,2656900,266284,171842,49
265700,2657000,266294,172040,54
265710,2657100,266304,171829,40
265720,2657200,266314,172068,48
265730,2657300,266324,171880,51
265740,2657400,266334,172158,53
265750,2657500,266344,172027,43
265760,2657600,266354,172291,32
265770,2657700,266364,172129,31
265780,2657800,266374,172407,40
265790,2657900,266384,172256,35
265800,2658000,266394,172508,25
265810,2658100,266404,172371,46
265820,2658200,266414,172579,38
265830,2658300,266424,172408,30
265840,2658400,266434,172628,35
265850,2658500,266444,172424,44
265860,2658600,266454,172621,47
265870,2658700,266464,172436,28
265880,2658800,266474,172656,60
265890,2658900,266484,172458,14
265900,2659000,266494,172654,35
265910,2659100,266504,172439,25
265920,2659200,266514,172630,39
265930,2659300,266524,172403,34
265940,2659400,266534,172555,32
265950,2659500,266544,172315,41
265960,2659600,266554,172495,49
265970,2659700,266564,172299,43
265980,2659800,266574,172513,46
265990,2659900,266584,172334,18
266000,2660000,266594,172570,32
266010,2660100,266604,172396,46
266020,2660200,266614,172642,30
266030,2660300,266624,172455,44
266040,2660400,266635,172605,45
266050,2660500,266645,172402,50
266060,2660600,266655,172576,44
266070,2660700,266665,172399,49
266080,2660800,266674,172614,35
266090,2660900,266684,172493,40
266100,2661000,266694,172736,27
266110,2661100,266704,172588,47
266120,2661200,266714,172769,41
266130,2661300,266725,172597,31
266140,2661400,266735,172751,31
266150,2661500,266745,172541,46
266160,2661600,266755,172652,39
266170,2661700,266765,172459,46
266180,2661800,266775,172578,53
266190,2661900,266785,172408,46
266200,2662000,266795,172555,48
266210,2662100,266805,172447,41
266220,2662200,266815,172628,44
266230,2662300,266825,172470,40
266240,2662400,266835,172627,32
266250,2662500,266845,172427,34
266260,2662600,266855,172534,42
266270,2662700,266865,172350,50
266280,2662800,266875,172459,46
266290,2662900,266885,172347,46
266300,2663000,266895,172457,48
266310,2663100,266905,172405,33
266320,2663200,266915,172413,37
266330,2663300,266925,172403,40
266340,2663400,266935,172393,32
266350,2663500,266945,172374,37
266360,2663600,266955,172375,35
266370,2663700,266965,172348,39
266380,2663800,266975,172440,31
266390,2663900,266985,172316,42
266400,2664000,266995,172363,42
266410,2664100,267005,172159,48
266420,2664200,267015,172207,37
266430,2664300,267025,172054,43
266440,2664400,267035,172141,31
266450,2664500,267045,171994,46
266460,2664600,267055,172060,44
266470,2664700,267065,171839,31
266480,2664800,267075,171789,15
266490,2664900,267086,171560,50
266500,2665000,267096,171508,27
266510,2665100,267106,171507,28
266520,2665200,267116,171557,31
266530,2665300,267125,171634,38
266540,2665400,267135,171692,34
266550,2665500,267145,171785,23
266560,2665600,267155,171837,27
266570,2665700,267165,171882,24
266580,2665800,267176,171919,20
266590,2665900,267186,171927,21
266600,2666000,267196,171912,30
266610,2666100,267206,171900,39
266620,2666200,267216,171862,40
266630,2666300,267226,171824,34
266640,2666400,267236,171831,43
266650,2666500,267246,171811,49
266660,2666600,267256,171810,34
266670,2666700,267266,171804,40
266680,2666800,267276,171809,36
266690,2666900,267286,171789,41
266700,2667000,267296,171741,42
266710,2667100,267306,171712,26
266720,2667200,267316,171690,43
266730,2667300,267326,171676,33
266740,2667400,267336,171741,35
266750,2667500,267346,171868,48
266760,2667600,267356,172074,40
266770,2667700,267366,172309,36
266780,2667800,267376,172574,40
266790,2667900,267386,172728,35
266800,2668000,267396,172836,36
266810,2668100,267406,172901,25
266820,2668200,267416,172972,30
266830,2668300,267426,173010,35
266840,2668400,267436,173093,34
266850,2668500,267446,173112,35
266860,2668600,267456,173258,38
266870,2668700,267466,173231,37
266880,2668800,267476,173334,37
266890,2668900,267486,173290,43
266900,2669000,267496,173308,30
266910,2669100,267506,173233,33
266920,2669200,267516,173248,31
266930,2669300,267526,173230,29
266940,2669400,267536,173310,23
266950,2669500,267547,173340,36
266960,2669600,267557,173437,35
266970,2669700,267567,173459,40
266980,2669800,267577,173520,40
266990,2669900,267587,173467,49
267000,2670000,267597,173518,32
267010,2670100,267607,173446,52
267020,2670200,267617,173481,45
267030,2670300,267626,173464,34
267040,2670400,267637,173545,38
267050,2670500,267647,173517,43
267060,2670600,267657,173574,38
267070,2670700,267667,173527,44
267080,2670800,267677,173586,35
267090,2670900,267687,173567,45
267100,2671000,267697,173605,42
267110,2671100,267707,173565,38
267120,2671200,267717,173596,35
267130,2671300,267727,173508,54
267140,2671400,267737,173508,35
267150,2671500,267747,173422,38
267160,2671600,267757,173441,31
267170,2671700,267767,173382,24
267180,2671800,267777,173358,36
267190,2671900,267787,173287,31
267200,2672000,267797,173175,31
267210,2672100,267807,173052,19
267220,2672200,267817,172943,29
267230,2672300,267827,172764,44
267240,2672400,267837,172677,37
267250,2672500,267847,172543,45
267260,2672600,267857,172520,44
267270,2672700,267867,172466,39
267280,2672800,267877,172463,34
267290,2672900,267887,172409,32
267300,2673000,267897,172440,29
267310,2673100,267907,172415,29
267320,2673200,267917,172433,33
267330,2673300,267927,172412,40
267340,2673400,267937,172429,48
267350,2673500,267947,172400,46
267360,2673600,267957,172406,54
267370,2673700,267967,172399,30
267380,2673800,267977,172449,49
267390,2673900,267987,172453,26
267400,2674000,267998,172499,39
267410,2674100,268008,172547,31
267420,2674200,268018,172573,44
267430,2674300,268028,172563,45
267440,2674400,268038,172563,35
267450,2674500,268048,172542,42
267460,2674600,268058,172518,51
267470,2674700,268068,172540,42
267480,2674800,268078,172553,43
267490,2674900,268088,172576,37
267500,2675000,268098,172605,48
267510,2675100,268108,172647,56
267520,2675200,268118,172651,41
267530,2675300,268128,172675,31
267540,2675400,268138,172659,30
267550,2675500,268148,172693,33
267560,2675600,268158,172646,28
267570,2675700,268168,172695,46
267580,2675800,268178,172676,51
267590,2675900,268188,172671,38
267600,2676000,268198,172667,31
267610,2676100,268208,172677,44
267620,2676200,268218,172628,47
267630,2676300,268228,172622,36
267640,2676400,268238,172555,37
267650,2676500,268248,172490,40
267660,2676600,268258,172311,42
267670,2676700,268268,172130,38
267680,2676800,268278,171785,28
267690,2676900,268288,171603,39
267700,2677000,268298,171628,44
267710,2677100,268308,171737,41
267720,2677200,268318,171933,55
267730,2677300,268328,172164,40
267740,2677400,268338,172312,49
267750,2677500,268348,172382,28
267760,2677600,268358,172334,26
267770,2677700,268368,172372,23
267780,2677800,268378,172327,40
267790,2677900,268388,172288,51
267800,2678000,268398,172242,37
267810,2678100,268408,172229,38
267820,2678200,268418,172279,40
267830,2678300,268428,172340,48
267840,2678400,268438,172399,43
267850,2678500,268449,172515,46
267860,2678600,268459,172526,36
267870,2678700,268469,172604,49
267880,2678800,268479,172579,57
267890,2678900,268489,172594,52
267900,2679000,268499,172479,49
267910,2679100,268509,172467,28
267920,2679200,268519,172337,50
267930,2679300,268529,172265,41
267940,2679400,268539,172233,42
267950,2679500,268549,172180,49
267960,2679600,268559,172194,59
267970,2679700,268569,172153,35
267980,2679800,268579,172151,46
267990,2679900,268589,172045,53
268000,2680000,268599,171924,44
268010,2680100,268609,171769,48
268020,2680200,268619,171629,27
268030,2680300,268629,171554,24
268040,2680400,268639,171522,41
268050,2680500,268649,171489,24
268060,2680600,268659,171518,38
268070,2680700,268669,171523,44
268080,2680800,268679,171577,39
268090,2680900,268689,171581,38
268100,2681000,268699,171591,32
268110,2681100,268709,171564,30
268120,2681200,268719,171519,45
268130,2681300,268729,171503,49
268140,2681400,268739,171545,42
268150,2681500,268749,171654,52
268160,2681600,268759,171749,45
268170,2681700,268769,171960,47
268180,2681800,268779,172006,50
268190,2681900,268789,172200,35
268200,2682000,268799,172148,30
268210,2682100,268810,172290,19
268220,2682200,268820,172208,54
268230,2682300,268830,172332,31
268240,2682400,268840,172259,45
268250,2682500,268850,172387,56
268260,2682600,268859,172287,50
268270,2682700,268869,172450,39
268280,2682800,268879,172355,37
268290,2682900,268889,172480,39
268300,2683000,268900,172417,24
268310,2683100,268910,172542,50
268320,2683200,268920,172472,29
268330,2683300,268930,172617,39
268340,2683400,268940,172481,39
268350,2683500,268950,172611,35
268360,2683600,268960,172478,56
268370,2683700,268970,172567,35
268380,2683800,268980,172472,35
268390,2683900,268990,172561,32
268400,2684000,269000,172449,40
268410,2684100,269010,172586,30
268420,2684200,269020,172476,49
268430,2684300,269030,172603,38
268440,2684400,269040,172475,42
268450,2684500,269050,172570,45
268460,2684600,269060,172439,45
268470,2684700,269070,172546,36
268480,2684800,269080,172433,41
268490,2684900,269090,172558,44
268500,2685000,269100,172463,57
268510,2685100,269110,172627,38
268520,2685200,269120,172554,48
268530,2685300,269130,172727,37
268540,2685400,269140,172613,49
268550,2685500,269150,172734,47
268560,2685600,269160,172585,44
268570,2685700,269170,172730,33
268580,2685800,269180,172578,61
268590,2685900,269190,172731,29
268600,2686000,269200,172609,49
268610,2686100,269210,172736,52
268620,2686200,269220,172623,54
268630,2686300,269230,172780,33
268640,2686400,269240,172637,46
268650,2686500,269250,172813,55
268660,2686600,269261,172677,27
268670,2686700,269271,172802,42
268680,2686800,269281,172611,48
268690,2686900,269291,172688,39
268700,2687000,269301,172438,39
268710,2687100,269311,172548,39
268720,2687200,269321,172376,33
268730,2687300,269331,172604,42
268740,2687400,269341,172483,53
268750,2687500,269351,172712,39
268760,2687600,269361,172545,62
268770,2687700,269371,172687,40
268780,2687800,269381,172503,43
268790,2687900,269391,172628,36
268800,2688000,269401,172413,44
268810,2688100,269411,172518,36
268820,2688200,269421,172225,38
268830,2688300,269431,172213,32
268840,2688400,269441,171906,42
268850,2688500,269451,171939,44
268860,2688600,269461,171762,32
268870,2688700,269471,171868,30
268880,2688800,269481,171693,56
268890,2688900,269491,171817,52
268900,2689000,269501,171621,44
268910,2689100,269511,171700,56
268920,2689200,269521,171518,61
268930,2689300,269531,171646,44
268940,2689400,269541,171594,43
268950,2689500,269551,171671,28
268960,2689600,269561,171661,41
268970,2689700,269571,171843,48
268980,2689800,269581,171810,59
268990,2689900,269591,172055,51
269000,2690000,269601,172014,49
269010,2690100,269611,172280,52
269020,2690200,269621,172186,57
269030,2690300,269632,172381,52
269040,2690400,269642,172275,57
269050,2690500,269651,172519,28
269060,2690600,269661,172390,46
269070,2690700,269671,172586,50
269080,2690800,269681,172426,30
269090,2690900,269691,172591,27
269100,2691000,269701,172383,47
269110,2691100,269712,172594,37
269120,2691200,269722,172484,43
269130,2691300,269732,172701,51
269140,2691400,269742,172572,53
269150,2691500,269752,172776,48
269160,2691600,269762,172580,43
269170,2691700,269772,172755,41
269180,2691800,269782,172562,52
269190,2691900,269792,172767,30
269200,2692000,269802,172600,53
269210,2692100,269812,172795,27
269220,2692200,269822,172587,48
269230,2692300,269832,172792,38
269240,2692400,269842,172629,52
269250,2692500,269852,172887,51
269260,2692600,269862,172768,69
269270,2692700,269872,173011,63
269280,2692800,269882,172856,47
269290,2692900,269892,173057,37
269300,2693000,269902,172884,50
269310,2693100,269912,173070,37
269320,2693200,269922,172863,45
269330,2693300,269932,173114,42
269340,2693400,269942,172941,51
269350,2693500,269952,173208,51
269360,2693600,269962,173046,62
269370,2693700,269972,173299,50
269380,2693800,269982,173137,60
269390,2693900,269992,173425,52
269400,2694000,270002,173282,49
269410,2694100,270012,173577,61
269420,2694200,270022,173408,58
269430,2694300,270032,173628,59
269440,2694400,270042,173406,45
269450,2694500,270052,173616,46
269460,2694600,270062,173389,40
269470,2694700,270073,173600,48
269480,2694800,270083,173428,45
269490,2694900,270093,173681,46
269500,2695000,270103,173493,60
269510,2695100,270113,173741,59
269520,2695200,270123,173520,55
269530,2695300,270133,173726,46
269540,2695400,270142,173501,41
269550,2695500,270152,173759,43
269560,2695600,270163,173568,51
269570,2695700,270173,173811,34
269580,2695800,270183,173618,42
269590,2695900,270193,173831,40
269600,2696000,270203,173610,48
269610,2696100,270213,173835,51
269620,2696200,270223,173590,46
269630,2696300,270233,173851,53
269640,2696400,270243,173618,43
269650,2696500,270253,173869,44
269660,2696600,270263,173637,42
269670,2696700,270273,173862,39
269680,2696800,270283,173628,48
269690,2696900,270293,173826,40
269700,2697000,270303,173505,45
269710,2697100,270313,173632,38
269720,2697200,270323,173298,43
269730,2697300,270333,173395,50
269740,2697400,270343,173047,50
269750,2697500,270353,173165,47
269760,2697600,270363,172835,42
269770,2697700,270373,172962,49
269780,2697800,270383,172673,37
269790,2697900,270393,172847,33
269800,2698000,270403,172581,36
269810,2698100,270413,172745,43
269820,2698200,270423,172480,53
269830,2698300,270433,172720,46
269840,2698400,270443,172514,47
269850,2698500,270453,172743,43
269860,2698600,270463,172572,44
269870,2698700,270473,172832,50
269880,2698800,270483,172631,48
269890,2698900,270493,172889,49
269900,2699000,270503,172663,56
269910,2699100,270513,172924,41
269920,2699200,270524,172723,34
269930,2699300,270534,172998,44
269940,2699400,270544,172836,42
269950,2699500,270554,173110,38
269960,2699600,270564,172913,41
269970,2699700,270574,173175,50
269980,2699800,270584,172940,48
269990,2699900,270594,173196,36
270000,2700000,270604,172955,71
270010,2700100,270614,173209,39
270020,2700200,270624,172980,46
270030,2700300,270634,173202,58
270040,2700400,270644,172960,49
270050,2700500,270654,173199,45
270060,2700600,270664,172964,52
270070,2700700,270674,173196,44
270080,2700800,270684,172962,56
270090,2700900,270694,173228,37
270100,2701000,270704,172967,70
270110,2701100,270714,173216,55
270120,2701200,270724,172966,54
270130,2701300,270734,173241,47
270140,2701400,270744,172962,33
270150,2701500,270754,173190,43
270160,2701600,270764,172941,41
270170,2701700,270774,173178,39
270180,2701800,270784,172927,46
270190,2701900,270794,173182,41
270200,2702000,270804,172921,49
270210,2702100,270814,173158,51
270220,2702200,270824,172892,37
270230,2702300,270834,173157,54
270240,2702400,270844,172913,51
270250,2702500,270854,173182,53
270260,2702600,270864,172927,57
270270,2702700,270874,173157,37
270280,2702800,270884,172926,31
270290,2702900,270894,173171,32
270300,2703000,270904,172909,44
270310,2703100,270914,173160,43
270320,2703200,270924,172923,38
270330,2703300,270934,173150,46
270340,2703400,270944,172890,45
270350,2703500,270954,173150,67
270360,2703600,270964,172862,50
270370,2703700,270975,173134,49
270380,2703800,270985,172869,26
270390,2703900,270995,173123,45
270400,2704000,271005,172853,43
270410,2704100,271015,173098,42
270420,2704200,271025,172864,47
270430,2704300,271035,173106,31
270440,2704400,271045,172854,32
270450,2704500,271055,173115,53
270460,2704600,271065,172864,51
270470,2704700,271075,173115,49
270480,2704800,271085,172857,35
270490,2704900,271095,173049,58
270500,2705000,271105,172820,38
270510,2705100,271115,172999,35
270520,2705200,271125,172738,40
270530,2705300,271135,172866,45
270540,2705400,271145,172554,33
270550,2705500,271155,172649,54
270560,2705600,271165,172248,44
270570,2705700,271175,172439,38
270580,2705800,271185,172069,37
270590,2705900,271195,172269,41
270600,2706000,271205,171950,46
270610,2706100,271215,172165,39
270620,2706200,271225,171939,49
270630,2706300,271235,172160,38
270640,2706400,271245,171922,45
270650,2706500,271255,172161,37
270660,2706600,271265,171938,47
270670,2706700,271275,172165,29
270680,2706800,271285,171917,50
270690,2706900,271295,172140,38
270700,2707000,271305,171921,37
270710,2707100,271315,172186,56
270720,2707200,271325,172031,52
270730,2707300,271335,172288,30
270740,2707400,271345,172107,38
270750,2707500,271355,172391,33
270760,2707600,271365,172186,39
270770,2707700,271375,172445,40
270780,2707800,271385,172245,35
270790,2707900,271395,172478,35
270800,2708000,271405,172273,40
270810,2708100,271416,172494,48
270820,2708200,271426,172241,43
270830,2708300,271436,172482,49
270840,2708400,271446,172271,57
270850,2708500,271456,172519,46
270860,2708600,271466,172322,41
270870,2708700,271476,172537,40
270880,2708800,271486,172322,35
270890,2708900,271496,172549,41
270900,2709000,271506,172324,46
270910,2709100,271516,172562,41
270920,2709200,271526,172332,53
270930,2709300,271536,172559,48
270940,2709400,271546,172346,48
270950,2709500,271556,172580,57
270960,2709600,271566,172370,40
270970,2709700,271576,172599,34
270980,2709800,271586,172385,41
270990,2709900,271596,172617,35
271000,2710000,271606,172404,35
271010,2710100,271616,172640,37
271020,2710200,271626,172438,29
271030,2710300,271636,172710,49
271040,2710400,271646,172473,60
271050,2710500,271656,172719,50
271060,2710600,271666,172500,49
271070,2710700,271676,172719,52
271080,2710800,271686,172524,43
271090,2710900,271696,172724,36
271100,2711000,271706,172488,31
271110,2711100,271716,172722,42
271120,2711200,271726,172534,41
271130,2711300,271736,172774,29
271140,2711400,271746,172602,28
271150,2711500,271756,172842,46
271160,2711600,271766,172651,53
271170,2711700,271777,172879,48
271180,2711800,271787,172704,44
271190,2711900,271797,172897,45
271200,2712000,271807,172737,51
271210,2712100,271816,172945,42
271220,2712200,271826,172760,33
271230,2712300,271836,172941,34
271240,2712400,271846,172773,27
271250,2712500,271856,172963,36
271260,2712600,271867,172780,42
271270,2712700,271877,172964,51
271280,2712800,271887,172742,27
271290,2712900,271897,172903,46
271300,2713000,271907,172707,36
271310,2713100,271917,172850,45
271320,2713200,271927,172668,44
271330,2713300,271937,172852,39
271340,2713400,271947,172619,32
271350,2713500,271957,172697,39
271360,2713600,271967,172399,33
271370,2713700,271977,172453,32
271380,2713800,271987,172151,34
271390,2713900,271997,172209,32
271400,2714000,272007,171915,37
271410,2714100,272017,172004,36
271420,2714200,272027,171721,51
271430,2714300,272037,171855,53
271440,2714400,272047,171652,30
271450,2714500,272057,171797,31
271460,2714600,272067,171588,40
271470,2714700,272077,171785,32
271480,2714800,272087,171591,36
271490,2714900,272097,171799,40
271500,2715000,272107,171648,42
271510,2715100,272117,171861,34
271520,2715200,272127,171694,34
271530,2715300,272137,171909,47
271540,2715400,272147,171774,48
271550,2715500,272157,171965,39
271560,2715600,272167,171814,56
271570,2715700,272177,172047,34
271580,2715800,272187,171936,43
271590,2715900,272197,172154,41
271600,2716000,272207,172031,42
271610,2716100,272217,172218,49
271620,2716200,272228,172101,34
271630,2716300,272238,172250,32
271640,2716400,272248,172074,39
271650,2716500,272258,172248,34
271660,2716600,272268,172077,39
271670,2716700,272278,172270,48
271680,2716800,272288,172090,37
271690,2716900,272298,172263,41
271700,2717000,272307,172093,30
271710,2717100,272318,172257,42
271720,2717200,272328,172110,51
271730,2717300,272338,172305,44
271740,2717400,272348,172150,40
271750,2717500,272358,172335,38
271760,2717600,272368,172160,42
271770,2717700,272378,172334,39
271780,2717800,272388,172180,43
271790,2717900,272398,172306,34
271800,2718000,272408,172165,46
271810,2718100,272418,172335,45
271820,2718200,272428,172202,55
271830,2718300,272438,172383,38
271840,2718400,272448,172259,42
271850,2718500,272458,172442,33
271860,2718600,272468,172337,43
271870,2718700,272478,172475,43
271880,2718800,272488,172373,34
271890,2718900,272498,172565,25
271900,2719000,272508,172478,43
271910,2719100,272518,172663,19
271920,2719200,272528,172561,36
271930,2719300,272538,172694,40
271940,2719400,272548,172585,55
271950,2719500,272558,172760,40
271960,2719600,272568,172661,37
271970,2719700,272578,172846,32
271980,2719800,272588,172779,38
271990,2719900,272598,172941,17
272000,2720000,272608,172851,16
272010,2720100,272618,172992,29
272020,2720200,272628,172922,24
272030,2720300,272638,173056,46
272040,2720400,272648,172965,37
272050,2720500,272658,173100,37
272060,2720600,272668,173001,26
272070,2720700,272679,173104,42
272080,2720800,272689,173004,39
272090,2720900,272699,173087,29
272100,2721000,272709,172974,28
272110,2721100,272719,173063,35
272120,2721200,272729,172981,29
272130,2721300,272739,173119,32
272140,2721400,272749,173057,25
272150,2721500,272759,173175,32
272160,2721600,272769,173089,35
272170,2721700,272779,173129,38
272180,2721800,272789,173001,32
272190,2721900,272799,173058,42
272200,2722000,272809,172938,42
272210,2722100,272819,173003,44
272220,2722200,272829,172863,29
272230,2722300,272839,172879,34
272240,2722400,272849,172693,28
272250,2722500,272859,172692,23
272260,2722600,272869,172502,35
272270,2722700,272879,172505,34
272280,2722800,272889,172324,26
272290,2722900,272899,172353,33
272300,2723000,272909,172202,40
272310,2723100,272919,172252,33
272320,2723200,272929,172141,48
272330,2723300,272939,172195,48
272340,2723400,272949,172128,37
272350,2723500,272959,172246,39
272360,2723600,272969,172194,47
272370,2723700,272979,172291,49
272380,2723800,272989,172275,32
272390,2723900,272999,172408,42
272400,2724000,273009,172390,20
272410,2724100,273019,172495,29
272420,2724200,273029,172457,37
272430,2724300,273040,172527,45
272440,2724400,273050,172482,42
272450,2724500,273060,172577,41
272460,2724600,273070,172565,33
272470,2724700,273079,172657,33
272480,2724800,273089,172612,39
272490,2724900,273099,172684,42
272500,2725000,273109,172631,40
272510,2725100,273119,172674,33
272520,2725200,273130,172622,34
272530,2725300,273140,172683,37
272540,2725400,273150,172659,33
272550,2725500,273160,172730,33
272560,2725600,273170,172702,43
272570,2725700,273180,172763,49
272580,2725800,273190,172711,60
272590,2725900,273200,172760,31
272600,2726000,273210,172696,38
272610,2726100,273220,172749,31
272620,2726200,273230,172669,32
272630,2726300,273240,172700,31
272640,2726400,273250,172625,41
272650,2726500,273260,172673,34
272660,2726600,273270,172608,31
272670,2726700,273280,172655,30
272680,2726800,273290,172581,32
272690,2726900,273300,172647,41
272700,2727000,273310,172587,40
272710,2727100,273320,172628,34
272720,2727200,273330,172632,39
272730,2727300,273340,172669,44
272740,2727400,273350,172625,36
272750,2727500,273360,172669,38
272760,2727600,273370,172683,49
272770,2727700,273380,172742,29
272780,2727800,273390,172757,26
272790,2727900,273400,172837,32
272800,2728000,273410,172831,32
272810,2728100,273420,172889,32
272820,2728200,273430,172870,33
272830,2728300,273440,172892,53
272840,2728400,273450,172829,36
272850,2728500,273460,172859,49
272860,2728600,273470,172819,42
272870,2728700,273480,172825,58
272880,2728800,273491,172833,27
272890,2728900,273501,172894,34
272900,2729000,273511,172865,34
272910,2729100,273521,172889,36
272920,2729200,273531,172859,41
272930,2729300,273541,172891,45
272940,2729400,273551,172865,39
272950,2729500,273561,172866,56
272960,2729600,273571,172796,49
272970,2729700,273581,172807,42
272980,2729800,273591,172810,48
272990,2729900,273601,172807,59
273000,2730000,273611,172782,36
273010,2730100,273621,172780,40
273020,2730200,273631,172772,31
273030,2730300,273641,172737,40
273040,2730400,273651,172641,28
273050,2730500,273661,172563,46
273060,2730600,273671,172431,29
273070,2730700,273681,172294,47
273080,2730800,273691,172158,37
273090,2730900,273701,172042,47
273100,2731000,273711,171980,28
273110,2731100,273721,171923,51
273120,2731200,273731,171882,32
273130,2731300,273741,171860,47
273140,2731400,273751,171841,43
273150,2731500,273761,171838,35
273160,2731600,273771,171846,33
273170,2731700,273781,171832,43
273180,2731800,273791,171837,46
273190,2731900,273801,171820,40
273200,2732000,273811,171824,45
273210,2732100,273821,171840,48
273220,2732200,273831,171908,40
273230,2732300,273841,171917,51
273240,2732400,273851,171979,57
273250,2732500,273861,171982,36
273260,2732600,273871,172025,28
273270,2732700,273881,172033,41
273280,2732800,273891,172114,45
273290,2732900,273901,172101,40
273300,2733000,273911,172167,41
273310,2733100,273921,172137,54
273320,2733200,273932,172209,46
273330,2733300,273942,172151,33
273340,2733400,273952,172213,40
273350,2733500,273962,172170,42
273360,2733600,273972,172232,38
273370,2733700,273982,172171,28
273380,2733800,273992,172206,27
273390,2733900,274002,172116,29
273400,2734000,274012,172185,40
273410,2734100,274022,172146,47
273420,2734200,274032,172274,33
273430,2734300,274042,172275,47
273440,2734400,274052,172362,39
273450,2734500,274062,172315,21
273460,2734600,274072,172373,27
273470,2734700,274082,172327,36
273480,2734800,274092,172335,38
273490,2734900,274102,172195,35
273500,2735000,274112,172128,28
273510,2735100,274122,171977,47
273520,2735200,274132,171960,52
273530,2735300,274142,171956,40
273540,2735400,274152,172039,36
273550,2735500,274162,172058,57
273560,2735600,274172,172141,50
273570,2735700,274182,172149,38
273580,2735800,274192,172257,40
273590,2735900,274202,172239,35
273600,2736000,274212,172321,40
273610,2736100,274222,172205,39
273620,2736200,274232,172235,33
273630,2736300,274242,172160,48
273640,2736400,274252,172255,39
273650,2736500,274262,172258,40
273660,2736600,274272,172411,52
273670,2736700,274282,172424,61
273680,2736800,274292,172516,43
273690,2736900,274302,172463,29
273700,2737000,274312,172532,26
273710,2737100,274322,172404,47
273720,2737200,274332,172477,38
273730,2737300,274342,172369,38
273740,2737400,274352,172363,30
273750,2737500,274362,172279,50
273760,2737600,274372,172151,29
273770,2737700,274383,171956,34
273780,2737800,274393,171847,59
273790,2737900,274403,171783,40
273800,2738000,274413,171780,45
273810,2738100,274423,171792,55
273820,2738200,274433,171787,34
273830,2738300,274443,171820,40
273840,2738400,274453,171802,46
273850,2738500,274463,171782,37
273860,2738600,274473,171772,47
273870,2738700,274483,171720,33
273880,2738800,274493,171747,58
273890,2738900,274503,171767,56
273900,2739000,274513,171817,38
273910,2739100,274523,171761,42
273920,2739200,274533,171885,39
273930,2739300,274543,171776,25
273940,2739400,274553,171930,37
273950,2739500,274563,171859,31
273960,2739600,274573,172050,31
273970,2739700,274583,172016,37
273980,2739800,274593,172211,47
273990,2739900,274603,172159,55
274000,2740000,274613,172348,44
274010,2740100,274623,172237,46
274020,2740200,274633,172439,33
274030,2740300,274643,172353,45
274040,2740400,274653,172539,21
274050,2740500,274663,172455,40
274060,2740600,274673,172646,30
274070,2740700,274683,172542,40
274080,2740800,274693,172674,49
274090,2740900,274703,172533,59
274100,2741000,274713,172670,43
274110,2741100,274723,172505,43
274120,2741200,274733,172627,33
274130,2741300,274743,172488,31
274140,2741400,274753,172621,37
274150,2741500,274763,172412,32
274160,2741600,274773,172551,22
274170,2741700,274783,172418,31
274180,2741800,274793,172603,31
274190,2741900,274803,172473,33
274200,2742000,274813,172646,42
274210,2742100,274824,172502,41
274220,2742200,274834,172702,29
274230,2742300,274844,172535,47
274240,2742400,274854,172722,35
274250,2742500,274864,172574,39
274260,2742600,274874,172784,25
274270,2742700,274884,172635,49
274280,2742800,274894,172820,22
274290,2742900,274904,172661,46
274300,2743000,274914,172867,32
274310,2743100,274924,172706,55
274320,2743200,274934,172909,42
274330,2743300,274944,172751,50
274340,2743400,274954,172957,26
274350,2743500,274964,172773,42
274360,2743600,274974,173002,26
274370,2743700,274984,172815,28
274380,2743800,274994,173027,22
274390,2743900,275004,172832,43
274400,2744000,275014,173060,28
274410,2744100,275024,172865,55
274420,2744200,275034,173058,51
274430,2744300,275044,172894,40
274440,2744400,275054,173099,25
274450,2744500,275064,172905,49
274460,2744600,275074,173128,51
274470,2744700,275084,172937,42
274480,2744800,275094,173169,31
274490,2744900,275104,172952,35
274500,2745000,275114,173186,31
274510,2745100,275124,172993,43
274520,2745200,275134,173228,33
274530,2745300,275144,173007,47
274540,2745400,275154,173260,37
274550,2745500,275164,173051,44
274560,2745600,275174,173282,45
274570,2745700,275184,173067,38
274580,2745800,275194,173288,41
274590,2745900,275204,173038,44
274600,2746000,275214,173221,36
274610,2746100,275224,172975,44
274620,2746200,275234,173138,47
274630,2746300,275244,172899,53
274640,2746400,275254,173050,44
274650,2746500,275265,172704,49
274660,2746600,275275,172786,54
274670,2746700,275285,172415,60
274680,2746800,275295,172540,50
274690,2746900,275305,172267,49
274700,2747000,275315,172440,47
274710,2747100,275325,172190,34
274720,2747200,275335,172380,52
274730,2747300,275345,172110,32
274740,2747400,275355,172335,47
274750,2747500,275365,172112,64
274760,2747600,275375,172336,37
274770,2747700,275385,172138,50
274780,2747800,275395,172416,59
274790,2747900,275405,172284,47
274800,2748000,275415,172598,48
274810,2748100,275425,172486,54
274820,2748200,275435,172813,32
274830,2748300,275445,172658,47
274840,2748400,275455,172938,43
274850,2748500,275465,172743,49
274860,2748600,275475,172999,29
274870,2748700,275485,172789,58
274880,2748800,275495,173048,26
274890,2748900,275505,172811,53
274900,2749000,275515,173062,41
274910,2749100,275525,172817,50
274920,2749200,275535,173060,32
274930,2749300,275545,172795,52
274940,2749400,275555,173044,43
274950,2749500,275565,172790,40
274960,2749600,275575,173025,47
274970,2749700,275585,172748,43
274980,2749800,275595,172973,37
274990,2749900,275605,172690,42
275000,2750000,275615,172922,41
275010,2750100,275626,172684,54
275020,2750200,275636,172931,53
275030,2750300,275646,172686,68
275040,2750400,275656,172942,43
275050,2750500,275665,172688,51
275060,2750600,275675,172914,62
275070,2750700,275685,172663,52
275080,2750800,275695,172918,45
275090,2750900,275705,172656,66
275100,2751000,275716,172947,50
275110,2751100,275726,172615,49
275120,2751200,275736,172946,42
275130,2751300,275746,172666,56
275140,2751400,275756,172939,44
275150,2751500,275766,172677,54
275160,2751600,275776,172969,46
275170,2751700,275786,172707,53
275180,2751800,275796,172993,54
275190,2751900,275806,172712,55
275200,2752000,275816,172967,53
275210,2752100,275826,172659,45
275220,2752200,275836,172888,34
275230,2752300,275846,172521,47
275240,2752400,275856,172707,40
275250,2752500,275866,172395,56
275260,2752600,275876,172729,40
275270,2752700,275886,172522,45
275280,2752800,275896,172902,37
275290,2752900,275906,172677,51
275300,2753000,275916,173019,50
275310,2753100,275926,172733,44
275320,2753200,275936,173047,46
275330,2753300,275946,172755,39
275340,2753400,275956,173062,44
275350,2753500,275966,172770,43
275360,2753600,275976,173076,47
275370,2753700,275986,172799,58
275380,2753800,275996,173119,60
275390,2753900,276006,172810,40
275400,2754000,276016,173120,52
275410,2754100,276026,172808,44
275420,2754200,276036,173105,52
275430,2754300,276046,172782,49
275440,2754400,276056,173033,47
275450,2754500,276066,172632,40
275460,2754600,276076,172808,45
275470,2754700,276087,172403,37
275480,2754800,276097,172510,33
275490,2754900,276107,172078,36
275500,2755000,276117,172214,37
275510,2755100,276127,171844,41
275520,2755200,276137,172007,43
275530,2755300,276147,171659,56
275540,2755400,276157,171874,43
275550,2755500,276166,171576,46
275560,2755600,276177,171815,42
275570,2755700,276187,171493,34
275580,2755800,276197,171804,45
275590,2755900,276207,171567,51
275600,2756000,276217,171912,48
275610,2756100,276227,171621,37
275620,2756200,276237,171962,39
275630,2756300,276247,171682,39
275640,2756400,276257,172015,51
275650,2756500,276267,171714,42
275660,2756600,276277,172028,55
275670,2756700,276287,171781,52
275680,2756800,276297,172095,29
275690,2756900,276307,171831,35
275700,2757000,276317,172196,33
275710,2757100,276327,171916,50
275720,2757200,276337,172263,42
275730,2757300,276347,171963,31
275740,2757400,276357,172288,47
275750,2757500,276367,171979,64
275760,2757600,276377,172312,53
275770,2757700,276387,172023,55
275780,2757800,276397,172344,46
275790,2757900,276407,172051,63
275800,2758000,276417,172409,57
275810,2758100,276427,172115,56
275820,2758200,276437,172420,43
275830,2758300,276447,172094,53
275840,2758400,276457,172423,35
275850,2758500,276467,172029,44
275860,2758600,276477,172315,36
275870,2758700,276487,171981,62
275880,2758800,276497,172290,46
275890,2758900,276507,171948,49
275900,2759000,276517,172283,64
275910,2759100,276527,171977,48
275920,2759200,276538,172331,44
275930,2759300,276548,172029,38
275940,2759400,276558,172324,43
275950,2759500,276568,172045,45
275960,2759600,276578,172386,40
275970,2759700,276588,172098,39
275980,2759800,276598,172434,42
275990,2759900,276608,172118,39
276000,2760000,276618,172432,45
276010,2760100,276628,172127,53
276020,2760200,276638,172453,55
276030,2760300,276648,172156,61
276040,2760400,276658,172484,51
276050,2760500,276668,172238,39
276060,2760600,276678,172572,51
276070,2760700,276688,172343,43
276080,2760800,276698,172659,42
276090,2760900,276708,172379,55
276100,2761000,276718,172719,46
276110,2761100,276728,172450,51
276120,2761200,276738,172793,38
276130,2761300,276748,172512,46
276140,2761400,276758,172782,40
276150,2761500,276768,172468,40
276160,2761600,276778,172723,52
276170,2761700,276788,172412,29
276180,2761800,276798,172668,48
276190,2761900,276808,172354,42
276200,2762000,276818,172591,39
276210,2762100,276828,172198,45
276220,2762200,276838,172364,43
276230,2762300,276848,171986,24
276240,2762400,276858,172158,59
276250,2762500,276868,171805,60
276260,2762600,276878,172036,68
276270,2762700,276888,171714,40
276280,2762800,276898,171957,41
276290,2762900,276908,171653,36
276300,2763000,276918,171944,41
276310,2763100,276928,171661,57
276320,2763200,276938,171967,52
276330,2763300,276948,171711,49
276340,2763400,276958,172003,41
276350,2763500,276968,171717,35
276360,2763600,276978,172016,36
276370,2763700,276989,171765,51
276380,2763800,276999,172091,46
276390,2763900,277009,171830,47
276400,2764000,277019,172167,50
276410,2764100,277029,171922,38
276420,2764200,277039,172271,35
276430,2764300,277049,172036,36
276440,2764400,277059,172360,47
276450,2764500,277069,172111,43
276460,2764600,277079,172432,43
276470,2764700,277089,172135,58
276480,2764800,277099,172452,39
276490,2764900,277109,172130,52
276500,2765000,277119,172422,49
276510,2765100,277129,172143,46
276520,2765200,277139,172436,44
276530,2765300,277149,172182,45
276540,2765400,277159,172476,48
276550,2765500,277169,172187,38
276560,2765600,277179,172512,34
276570,2765700,277189,172226,34
276580,2765800,277199,172516,32
276590,2765900,277209,172199,44
276600,2766000,277219,172467,49
276610,2766100,277229,172176,61
276620,2766200,277239,172467,41
276630,2766300,277249,172151,52
276640,2766400,277259,172443,37
276650,2766500,277269,172158,48
276660,2766600,277279,172440,35
276670,2766700,277289,172138,43
276680,2766800,277299,172457,48
276690,2766900,277309,172165,53
276700,2767000,277319,172474,35
276710,2767100,277329,172162,37
276720,2767200,277339,172458,57
276730,2767300,277350,172162,51
276740,2767400,277360,172458,28
276750,2767500,277370,172149,40
276760,2767600,277379,172458,42
276770,2767700,277389,172164,44
276780,2767800,277399,172483,53
276790,2767900,277409,172189,36
276800,2768000,277419,172489,33
276810,2768100,277429,172184,28
276820,2768200,277440,172477,57
276830,2768300,277450,172187,54
276840,2768400,277460,172479,44
276850,2768500,277470,172188,55
276860,2768600,277480,172498,54
276870,2768700,277490,172213,47
276880,2768800,277500,172506,42
276890,2768900,277510,172227,44
276900,2769000,277520,172512,40
276910,2769100,277530,172239,38
276920,2769200,277540,172522,38
276930,2769300,277550,172250,41
276940,2769400,277560,172521,42
276950,2769500,277570,172270,49
276960,2769600,277580,172476,60
276970,2769700,277590,172140,49
276980,2769800,277600,172291,54
276990,2769900,277610,171937,53
277000,2770000,277620,172075,50
277010,2770100,277630,171745,40
277020,2770200,277640,171867,38
277030,2770300,277650,171564,43
277040,2770400,277660,171727,36
277050,2770500,277670,171469,32
277060,2770600,277680,171674,49
277070,2770700,277690,171408,55
277080,2770800,277700,171639,36
277090,2770900,277710,171383,29
277100,2771000,277720,171645,44
277110,2771100,277730,171447,39
277120,2771200,277740,171697,29
277130,2771300,277750,171492,40
277140,2771400,277760,171784,28
277150,2771500,277770,171607,29
277160,2771600,277780,171870,25
277170,2771700,277790,171702,29
277180,2771800,277801,171961,53
277190,2771900,277811,171772,26
277200,2772000,277821,172070,47
277210,2772100,277831,171900,43
277220,2772200,277841,172176,48
277230,2772300,277850,171967,33
277240,2772400,277860,172220,54
277250,2772500,277870,172027,42
277260,2772600,277880,172274,37
277270,2772700,277891,172066,34
277280,2772800,277901,172283,32
277290,2772900,277911,172053,31
277300,2773000,277921,172301,22
277310,2773100,277931,172082,33
277320,2773200,277941,172314,42
277330,2773300,277951,172097,43
277340,2773400,277961,172339,59
277350,2773500,277971,172117,48
277360,2773600,277981,172341,41
277370,2773700,277991,172144,36
277380,2773800,278001,172339,38
277390,2773900,278011,172139,37
277400,2774000,278021,172343,43
277410,2774100,278031,172124,43
277420,2774200,278041,172339,42
277430,2774300,278051,172125,46
277440,2774400,278061,172325,51
277450,2774500,278071,172109,42
277460,2774600,278081,172309,54
277470,2774700,278091,172104,41
277480,2774800,278101,172301,46
277490,2774900,278111,172095,45
277500,2775000,278121,172304,35
277510,2775100,278131,172135,32
277520,2775200,278141,172319,44
277530,2775300,278151,172136,37
277540,2775400,278161,172339,37
277550,2775500,278171,172153,50
277560,2775600,278181,172335,41
277570,2775700,278191,172138,33
277580,2775800,278201,172328,49
277590,2775900,278211,172121,53
277600,2776000,278221,172311,53
277610,2776100,278231,172142,42
277620,2776200,278241,172375,46
277630,2776300,278252,172199,43
277640,2776400,278262,172425,44
277650,2776500,278272,172229,43
277660,2776600,278282,172422,37
277670,2776700,278292,172230,52
277680,2776800,278302,172426,37
277690,2776900,278312,172270,45
277700,2777000,278322,172451,42
277710,2777100,278332,172271,47
277720,2777200,278342,172467,42
277730,2777300,278352,172288,34
277740,2777400,278362,172440,34
277750,2777500,278372,172266,36
277760,2777600,278382,172447,25
277770,2777700,278392,172240,33
277780,2777800,278402,172336,23
277790,2777900,278412,172078,37
277800,2778000,278422,172099,32
277810,2778100,278432,171791,38
277820,2778200,278442,171816,41
277830,2778300,278452,171532,47
277840,2778400,278462,171565,28
277850,2778500,278472,171301,34
277860,2778600,278482,171368,23
277870,2778700,278492,171172,36
277880,2778800,278502,171277,25
277890,2778900,278512,171098,39
277900,2779000,278522,171241,24
277910,2779100,278532,171118,36
277920,2779200,278542,171249,36
277930,2779300,278552,171138,26
277940,2779400,278562,171300,28
277950,2779500,278572,171196,41
277960,2779600,278582,171382,42
277970,2779700,278592,171252,45
277980,2779800,278602,171415,40
277990,2779900,278612,171336,37
278000,2780000,278622,171506,28
278010,2780100,278632,171389,37
278020,2780200,278642,171562,39
278030,2780300,278652,171483,15
278040,2780400,278662,171617,56
278050,2780500,278672,171531,37
278060,2780600,278682,171657,43
278070,2780700,278692,171538,39
278080,2780800,278703,171678,32
278090,2780900,278713,171549,42
278100,2781000,278723,171668,43
278110,2781100,278733,171545,43
278120,2781200,278743,171692,35
278130,2781300,278753,171575,34
278140,2781400,278763,171694,25
278150,2781500,278773,171575,39
278160,2781600,278783,171669,37
278170,2781700,278793,171535,42
278180,2781800,278803,171648,43
278190,2781900,278813,171514,30
278200,2782000,278823,171622,37
278210,2782100,278833,171500,46
278220,2782200,278843,171603,36
278230,2782300,278853,171484,51
278240,2782400,278863,171595,23
278250,2782500,278873,171494,35
278260,2782600,278883,171572,45
278270,2782700,278893,171498,21
278280,2782800,278903,171607,35
278290,2782900,278913,171503,30
278300,2783000,278923,171602,26
278310,2783100,278933,171541,38
278320,2783200,278943,171621,44
278330,2783300,278953,171540,43
278340,2783400,278963,171615,46
278350,2783500,278973,171567,33
278360,2783600,278983,171646,46
278370,2783700,278993,171555,35
278380,2783800,279003,171627,25
278390,2783900,279013,171572,31
278400,2784000,279023,171633,51
278410,2784100,279033,171557,41
278420,2784200,279043,171634,51
278430,2784300,279053,171549,55
278440,2784400,279063,171594,31
278450,2784500,279073,171525,44
278460,2784600,279083,171605,35
278470,2784700,279093,171515,43
278480,2784800,279103,171597,44
278490,2784900,279113,171532,26
278500,2785000,279123,171616,38
278510,2785100,279133,171538,52
278520,2785200,279144,171588,33
278530,2785300,279154,171499,49
278540,2785400,279164,171505,49
278550,2785500,279174,171316,51
278560,2785600,279184,171243,47
278570,2785700,279194,171052,42
278580,2785800,279204,170972,38
278590,2785900,279214,170801,42
278600,2786000,279224,170711,34
278610,2786100,279234,170588,43
278620,2786200,279244,170559,35
278630,2786300,279254,170454,37
278640,2786400,279264,170485,50
278650,2786500,279274,170436,32
278660,2786600,279284,170493,35
278670,2786700,279294,170440,27
278680,2786800,279304,170531,39
278690,2786900,279314,170501,21
278700,2787000,279324,170570,31
278710,2787100,279334,170550,30
278720,2787200,279344,170616,28
278730,2787300,279354,170624,25
278740,2787400,279364,170680,59
278750,2787500,279374,170691,48
278760,2787600,279384,170735,36
278770,2787700,279394,170759,38
278780,2787800,279404,170850,45
278790,2787900,279414,170845,33
278800,2788000,279424,170927,49
278810,2788100,279434,170960,37
278820,2788200,279444,171011,38
278830,2788300,279454,170996,33
278840,2788400,279464,171077,65
278850,2788500,279474,171041,44
278860,2788600,279484,171092,37
278870,2788700,279494,171080,42
278880,2788800,279504,171089,61
278890,2788900,279515,171057,42
278900,2789000,279525,171066,35
278910,2789100,279534,171051,47
278920,2789200,279544,171070,51
278930,2789300,279554,171072,33
278940,2789400,279564,171088,44
278950,2789500,279574,171096,35
278960,2789600,279584,171128,51
278970,2789700,279595,171147,45
278980,2789800,279605,171195,47
278990,2789900,279615,171216,43
279000,2790000,279625,171242,35
279010,2790100,279635,171276,52
279020,2790200,279645,171293,29
279030,2790300,279655,171329,33
279040,2790400,279665,171359,34
279050,2790500,279675,171374,38
279060,2790600,279685,171398,46
279070,2790700,279695,171448,36
279080,2790800,279705,171456,44
279090,2790900,279715,171503,30
279100,2791000,279725,171539,42
279110,2791100,279735,171571,40
279120,2791200,279745,171568,40
279130,2791300,279755,171586,36
279140,2791400,279765,171569,34
279150,2791500,279775,171638,35
279160,2791600,279785,171586,47
279170,2791700,279795,171615,24
279180,2791800,279805,171586,22
279190,2791900,279815,171638,39
279200,2792000,279825,171604,45
279210,2792100,279835,171617,41
279220,2792200,279845,171588,39
279230,2792300,279855,171650,34
279240,2792400,279865,171617,25
279250,2792500,279875,171682,46
279260,2792600,279885,171636,37
279270,2792700,279895,171665,41
279280,2792800,279905,171636,37
279290,2792900,279915,171666,36
279300,2793000,279925,171614,34
279310,2793100,279935,171604,38
279320,2793200,279945,171455,50
279330,2793300,279956,171377,47
279340,2793400,279966,171178,48
279350,2793500,279976,171093,45
279360,2793600,279985,170894,44
279370,2793700,279995,170826,31
279380,2793800,280005,170684,35
279390,2793900,280015,170624,42
279400,2794000,280025,170518,44
279410,2794100,280035,170560,38
279420,2794200,280046,170458,48
279430,2794300,280056,170516,36
279440,2794400,280066,170474,57
279450,2794500,280076,170552,44
279460,2794600,280086,170479,58
279470,2794700,280096,170601,45
279480,2794800,280106,170559,39
279490,2794900,280116,170686,37
279500,2795000,280126,170624,40
279510,2795100,280136,170813,21
279520,2795200,280146,170783,27
279530,2795300,280156,170977,31
279540,2795400,280166,170935,28
279550,2795500,280176,171108,32
279560,2795600,280186,171044,42
279570,2795700,280196,171204,32
279580,2795800,280206,171129,38
279590,2795900,280216,171267,39
279600,2796000,280226,171164,28
279610,2796100,280236,171295,41
279620,2796200,280246,171185,32
279630,2796300,280256,171320,30
279640,2796400,280266,171208,35
279650,2796500,280276,171363,51
279660,2796600,280286,171251,44
279670,2796700,280296,171404,35
279680,2796800,280306,171287,37
279690,2796900,280316,171421,34
279700,2797000,280326,171278,44
279710,2797100,280336,171442,34
279720,2797200,280346,171318,41
279730,2797300,280356,171480,41
279740,2797400,280366,171357,47
279750,2797500,280376,171527,28
279760,2797600,280386,171406,22
279770,2797700,280396,171530,31
279780,2797800,280407,171399,27
279790,2797900,280417,171525,39
279800,2798000,280427,171403,41
279810,2798100,280437,171540,44
279820,2798200,280447,171407,35
279830,2798300,280456,171563,33
279840,2798400,280466,171413,34
279850,2798500,280476,171564,33
279860,2798600,280486,171429,39
279870,2798700,280497,171597,36
279880,2798800,280507,171450,37
279890,2798900,280517,171628,51
279900,2799000,280527,171467,42
279910,2799100,280537,171641,38
279920,2799200,280547,171510,37
279930,2799300,280557,171695,46
279940,2799400,280567,171547,49
279950,2799500,280577,171703,50
279960,2799600,280587,171556,33
279970,2799700,280597,171710,34
279980,2799800,280607,171553,40
279990,2799900,280617,171739,27
280000,2800000,280627,171554,41
280010,2800100,280637,171729,25
280020,2800200,280647,171561,54
280030,2800300,280657,171726,29
280040,2800400,280667,171577,51
280050,2800500,280677,171767,39
280060,2800600,280687,171609,50
280070,2800700,280697,171790,47
280080,2800800,280707,171620,46
280090,2800900,280717,171802,32
280100,2801000,280727,171639,45
280110,2801100,280737,171821,33
280120,2801200,280747,171663,32
280130,2801300,280757,171851,37
280140,2801400,280767,171682,40
280150,2801500,280777,171825,10
280160,2801600,280787,171554,37
280170,2801700,280797,171577,46
280180,2801800,280807,171235,49
280190,2801900,280817,171280,38
280200,2802000,280827,170925,46
280210,2802100,280837,170956,39
280220,2802200,280847,170704,28
280230,2802300,280858,170767,36
280240,2802400,280868,170571,41
280250,2802500,280878,170669,19
280260,2802600,280888,170475,49
280270,2802700,280898,170637,34
280280,2802800,280908,170456,37
280290,2802900,280918,170616,36
280300,2803000,280928,170470,56
280310,2803100,280937,170649,41
280320,2803200,280948,170497,34
280330,2803300,280958,170670,23
280340,2803400,280968,170527,32
280350,2803500,280978,170695,41
280360,2803600,280988,170568,44
280370,2803700,280998,170754,35
280380,2803800,281008,170636,47
280390,2803900,281018,170825,41
280400,2804000,281028,170698,43
280410,2804100,281038,170888,41
280420,2804200,281048,170722,46
280430,2804300,281058,170906,51
280440,2804400,281068,170744,49
280450,2804500,281078,170930,30
280460,2804600,281088,170749,48
280470,2804700,281098,170915,37
280480,2804800,281108,170744,53
280490,2804900,281118,170904,26
280500,2805000,281128,170722,44
280510,2805100,281138,170886,51
280520,2805200,281148,170682,56
280530,2805300,281158,170838,45
280540,2805400,281168,170665,46
280550,2805500,281178,170829,47
280560,2805600,281188,170621,53
280570,2805700,281198,170806,32
280580,2805800,281208,170610,33
280590,2805900,281218,170772,38
280600,2806000,281228,170597,44
280610,2806100,281238,170772,29
280620,2806200,281248,170581,48
280630,2806300,281258,170741,39
280640,2806400,281268,170551,42
280650,2806500,281278,170738,38
280660,2806600,281288,170544,49
280670,2806700,281298,170741,50
280680,2806800,281309,170540,48
280690,2806900,281319,170751,36
280700,2807000,281329,170540,41
280710,2807100,281339,170736,31
280720,2807200,281349,170537,48
280730,2807300,281359,170723,44
280740,2807400,281369,170509,57
280750,2807500,281379,170715,29
280760,2807600,281389,170509,49
280770,2807700,281399,170703,41
280780,2807800,281409,170532,42
280790,2807900,281419,170719,47
280800,2808000,281429,170536,47
280810,2808100,281439,170761,32
280820,2808200,281449,170567,31
280830,2808300,281459,170813,13
280840,2808400,281469,170616,43
280850,2808500,281479,170847,31
280860,2808600,281489,170614,59
280870,2808700,281499,170851,47
280880,2808800,281509,170638,46
280890,2808900,281519,170837,40
280900,2809000,281529,170633,60
280910,2809100,281539,170880,40
280920,2809200,281549,170675,40
280930,2809300,281559,170903,31
280940,2809400,281569,170702,49
280950,2809500,281579,170883,44
280960,2809600,281589,170640,60
280970,2809700,281599,170789,30
280980,2809800,281609,170428,56
280990,2809900,281619,170514,57
281000,2810000,281629,170105,56
281010,2810100,281639,170224,46
281020,2810200,281649,169850,51
281030,2810300,281659,169982,54
281040,2810400,281669,169690,45
281050,2810500,281679,169876,45
281060,2810600,281689,169598,45
281070,2810700,281699,169828,46
281080,2810800,281709,169579,49
281090,2810900,281719,169833,48
281100,2811000,281729,169637,41
281110,2811100,281739,169882,48
281120,2811200,281749,169678,43
281130,2811300,281760,169938,60
281140,2811400,281770,169738,46
281150,2811500,281780,170040,55
281160,2811600,281790,169839,52
281170,2811700,281800,170140,47
281180,2811800,281810,169925,44
281190,2811900,281820,170216,38
281200,2812000,281830,170003,44
281210,2812100,281840,170294,33
281220,2812200,281850,170082,57
281230,2812300,281860,170407,42
281240,2812400,281870,170129,41
281250,2812500,281880,170475,46
281260,2812600,281890,170204,38
281270,2812700,281900,170537,47
281280,2812800,281910,170236,40
281290,2812900,281920,170548,45
281300,2813000,281930,170253,33
281310,2813100,281940,170577,50
281320,2813200,281950,170283,37
281330,2813300,281960,170612,28
281340,2813400,281970,170312,47
281350,2813500,281980,170629,51
281360,2813600,281990,170316,48
281370,2813700,282000,170618,44
281380,2813800,282010,170370,58
281390,2813900,282020,170676,61
281400,2814000,282030,170389,34
281410,2814100,282040,170704,39
281420,2814200,282050,170434,45
281430,2814300,282060,170746,37
281440,2814400,282070,170463,35
281450,2814500,282080,170804,39
281460,2814600,282090,170535,30
281470,2814700,282100,170861,54
281480,2814800,282110,170592,45
281490,2814900,282121,170920,41
281500,2815000,282131,170639,47
281510,2815100,282141,170965,41
281520,2815200,282150,170677,58
281530,2815300,282160,170996,43
281540,2815400,282170,170712,49
281550,2815500,282180,171028,41
281560,2815600,282190,170716,43
281570,2815700,282200,171046,32
281580,2815800,282211,170749,41
281590,2815900,282221,171047,34
281600,2816000,282231,170759,45
281610,2816100,282241,171070,48
281620,2816200,282251,170757,51
281630,2816300,282261,171111,47
281640,2816400,282271,170812,51
281650,2816500,282281,171156,38
281660,2816600,282291,170868,52
281670,2816700,282301,171224,38
281680,2816800,282311,170889,51
281690,2816900,282321,171219,26
281700,2817000,282331,170901,46
281710,2817100,282341,171224,41
281720,2817200,282351,170885,59
281730,2817300,282361,171259,51
281740,2817400,282371,170924,61
281750,2817500,282381,171276,66
281760,2817600,282391,170964,62
281770,2817700,282401,171334,41
281780,2817800,282411,170998,48
281790,2817900,282421,171348,34
281800,2818000,282431,171031,45
281810,2818100,282441,171374,49
281820,2818200,282451,171004,43
281830,2818300,282461,171271,49
281840,2818400,282471,170825,51
281850,2818500,282481,170998,53
281860,2818600,282491,170504,51
281870,2818700,282501,170677,51
281880,2818800,282511,170189,48
281890,2818900,282521,170385,59
281900,2819000,282531,169948,48
281910,2819100,282541,170159,37
281920,2819200,282551,169787,28
281930,2819300,282561,170032,53
281940,2819400,282572,169643,33
281950,2819500,282582,169902,40
281960,2819600,282592,169532,38
281970,2819700,282602,169838,53
281980,2819800,282612,169552,42
281990,2819900,282621,169938,46
282000,2820000,282631,169689,35
282010,2820100,282641,170062,33
282020,2820200,282651,169816,40
282030,2820300,282662,170192,45
282040,2820400,282672,169926,40
282050,2820500,282682,170309,46
282060,2820600,282692,170002,31
282070,2820700,282702,170373,52
282080,2820800,282712,170081,54
282090,2820900,282722,170439,61
282100,2821000,282732,170142,41
282110,2821100,282742,170484,65
282120,2821200,282752,170160,35
282130,2821300,282762,170499,57
282140,2821400,282772,170166,39
282150,2821500,282782,170494,49
282160,2821600,282792,170179,32
282170,2821700,282802,170517,69
282180,2821800,282812,170204,46
282190,2821900,282822,170544,53
282200,2822000,282832,170223,34
282210,2822100,282842,170533,52
282220,2822200,282852,170222,53
282230,2822300,282862,170578,42
282240,2822400,282872,170254,49
282250,2822500,282882,170592,35
282260,2822600,282892,170265,43
282270,2822700,282902,170600,34
282280,2822800,282912,170295,50
282290,2822900,282922,170605,32
282300,2823000,282932,170309,44
282310,2823100,282942,170644,57
282320,2823200,282952,170333,41
282330,2823300,282962,170655,58
282340,2823400,282972,170349,49
282350,2823500,282982,170700,30
282360,2823600,282992,170415,61
282370,2823700,283002,170726,46
282380,2823800,283012,170416,43
282390,2823900,283022,170745,37
282400,2824000,283033,170450,30
282410,2824100,283043,170781,39
282420,2824200,283053,170473,42
282430,2824300,283063,170790,26
282440,2824400,283073,170487,49
282450,2824500,283083,170826,42
282460,2824600,283093,170536,34
282470,2824700,283103,170897,37
282480,2824800,283112,170608,39
282490,2824900,283123,170956,49
282500,2825000,283133,170637,39
282510,2825100,283143,170971,44
282520,2825200,283153,170644,36
282530,2825300,283163,170960,46
282540,2825400,283173,170670,27
282550,2825500,283183,171012,39
282560,2825600,283193,170706,44
282570,2825700,283203,171017,45
282580,2825800,283213,170701,35
282590,2825900,283223,171023,48
282600,2826000,283233,170700,48
282610,2826100,283243,171015,45
282620,2826200,283253,170697,50
282630,2826300,283263,170996,46
282640,2826400,283273,170711,48
282650,2826500,283283,171011,47
282660,2826600,283293,170720,38
282670,2826700,283303,171037,41
282680,2826800,283313,170770,32
282690,2826900,283323,171117,36
282700,2827000,283333,170828,43
282710,2827100,283343,171163,37
282720,2827200,283353,170856,35
282730,2827300,283363,171158,51
282740,2827400,283373,170871,47
282750,2827500,283383,171127,45
282760,2827600,283393,170806,41
282770,2827700,283403,171035,48
282780,2827800,283413,170639,51
282790,2827900,283423,170853,37
282800,2828000,283433,170467,50
282810,2828100,283443,170662,48
282820,2828200,283453,170289,37
282830,2828300,283463,170494,41
282840,2828400,283473,170129,47
282850,2828500,283484,170359,48
282860,2828600,283494,170038,49
282870,2828700,283504,170296,61
282880,2828800,283514,170055,47
282890,2828900,283524,170316,33
282900,2829000,283534,170137,36
282910,2829100,283544,170436,39
282920,2829200,283554,170227,29
282930,2829300,283564,170533,27
282940,2829400,283574,170343,49
282950,2829500,283584,170613,45
282960,2829600,283594,170395,47
282970,2829700,283604,170668,26
282980,2829800,283614,170465,34
282990,2829900,283624,170745,43
283000,2830000,283634,170564,48
283010,2830100,283644,170835,36
283020,2830200,283654,170633,34
283030,2830300,283664,170917,45
283040,2830400,283674,170660,33
283050,2830500,283684,170897,36
283060,2830600,283694,170666,38
283070,2830700,283704,170919,41
283080,2830800,283714,170653,42
283090,2830900,283724,170916,36
283100,2831000,283734,170676,39
283110,2831100,283744,170904,43
283120,2831200,283754,170639,49
283130,2831300,283764,170875,48
283140,2831400,283774,170643,35
283150,2831500,283784,170871,27
283160,2831600,283794,170616,39
283170,2831700,283804,170862,36
283180,2831800,283814,170633,40
283190,2831900,283824,170872,41
283200,2832000,283834,170622,41
283210,2832100,283845,170867,40
283220,2832200,283855,170619,36
283230,2832300,283865,170865,47
283240,2832400,283875,170637,57
283250,2832500,283884,170870,46
283260,2832600,283894,170593,48
283270,2832700,283904,170830,31
283280,2832800,283914,170562,42
283290,2832900,283924,170846,36
283300,2833000,283935,170637,34
283310,2833100,283945,170903,35
283320,2833200,283955,170741,24
283330,2833300,283965,171001,28
283340,2833400,283975,170811,41
283350,2833500,283985,171040,47
283360,2833600,283995,170833,48
283370,2833700,284005,171050,50
283380,2833800,284015,170860,53
283390,2833900,284025,171089,39
283400,2834000,284035,170908,47
283410,2834100,284045,171139,44
283420,2834200,284055,170932,41
283430,2834300,284065,171185,34
283440,2834400,284075,170989,49
283450,2834500,284085,171227,37
283460,2834600,284095,171042,40
283470,2834700,284105,171257,55
283480,2834800,284115,171061,42
283490,2834900,284125,171260,48
283500,2835000,284135,171061,57
283510,2835100,284145,171250,46
283520,2835200,284155,171065,40
283530,2835300,284165,171250,36
283540,2835400,284175,171041,52
283550,2835500,284185,171219,29
283560,2835600,284195,171010,28
283570,2835700,284205,171185,35
283580,2835800,284215,170989,52
283590,2835900,284225,171204,39
283600,2836000,284235,171004,45
283610,2836100,284245,171188,46
283620,2836200,284255,170977,42
283630,2836300,284265,171125,41
283640,2836400,284275,170830,34
283650,2836500,284285,170912,22
283660,2836600,284295,170590,36
283670,2836700,284306,170639,32
283680,2836800,284316,170363,38
283690,2836900,284326,170473,49
283700,2837000,284336,170194,38
283710,2837100,284346,170295,43
283720,2837200,284356,170075,43
283730,2837300,284366,170193,38
283740,2837400,284376,170026,39
283750,2837500,284385,170187,32
283760,2837600,284396,170034,29
283770,2837700,284406,170210,25
283780,2837800,284416,170087,35
283790,2837900,284426,170262,26
283800,2838000,284436,170159,19
283810,2838100,284446,170340,37
283820,2838200,284456,170269,26
283830,2838300,284466,170466,28
283840,2838400,284476,170371,34
283850,2838500,284486,170579,41
283860,2838600,284496,170470,52
283870,2838700,284506,170661,43
283880,2838800,284516,170581,47
283890,2838900,284526,170739,29
283900,2839000,284536,170620,40
283910,2839100,284546,170761,48
283920,2839200,284556,170629,17
283930,2839300,284566,170749,27
283940,2839400,284576,170619,41
283950,2839500,284586,170788,42
283960,2839600,284596,170688,50
283970,2839700,284606,170865,37
283980,2839800,284616,170804,28
283990,2839900,284626,170951,52
284000,2840000,284636,170890,44
284010,2840100,284646,171016,48
284020,2840200,284656,170888,18
284030,2840300,284666,171033,42
284040,2840400,284676,170908,48
284050,2840500,284686,171024,27
284060,2840600,284696,170928,31
284070,2840700,284706,171060,48
284080,2840800,284716,170918,45
284090,2840900,284726,171032,32
284100,2841000,284736,170908,49
284110,2841100,284746,171003,30
284120,2841200,284757,170881,30
284130,2841300,284767,170982,35
284140,2841400,284777,170893,39
284150,2841500,284787,171038,27
284160,2841600,284797,171003,23
284170,2841700,284807,171158,37
284180,2841800,284817,171121,29
284190,2841900,284827,171241,14
284200,2842000,284837,171224,37
284210,2842100,284847,171283,32
284220,2842200,284857,171235,44
284230,2842300,284867,171309,39
284240,2842400,284877,171200,40
284250,2842500,284887,171243,31
284260,2842600,284897,171154,28
284270,2842700,284907,171237,29
284280,2842800,284917,171146,33
284290,2842900,284927,171212,43
284300,2843000,284937,171173,39
284310,2843100,284947,171229,37
284320,2843200,284957,171174,29
284330,2843300,284967,171255,41
284340,2843400,284977,171187,45
284350,2843500,284987,171188,38
284360,2843600,284997,171140,42
284370,2843700,285007,171161,49
284380,2843800,285017,171147,48
284390,2843900,285027,171181,31
284400,2844000,285037,171218,46
284410,2844100,285047,171224,37
284420,2844200,285057,171238,42
284430,2844300,285067,171231,33
284440,2844400,285077,171231,53
284450,2844500,285087,171226,35
284460,2844600,285097,171203,42
284470,2844700,285107,171174,44
284480,2844800,285118,171144,62
284490,2844900,285128,171063,25
284500,2845000,285138,171029,40
284510,2845100,285147,171016,54
284520,2845200,285157,171010,27
284530,2845300,285167,171000,56
284540,2845400,285177,170991,35
284550,2845500,285187,170983,28
284560,2845600,285197,170988,33
284570,2845700,285208,171019,56
284580,2845800,285218,171015,38
284590,2845900,285228,171009,34
284600,2846000,285238,170940,27
284610,2846100,285248,170938,49
284620,2846200,285258,170883,30
284630,2846300,285268,170887,43
284640,2846400,285278,170855,14
284650,2846500,285288,170903,42
284660,2846600,285298,170920,22
284670,2846700,285308,171024,33
284680,2846800,285318,171092,33
284690,2846900,285328,171194,45
284700,2847000,285338,171229,44
284710,2847100,285348,171318,57
284720,2847200,285358,171318,28
284730,2847300,285368,171403,53
284740,2847400,285378,171425,41
284750,2847500,285388,171450,42
284760,2847600,285398,171457,33
284770,2847700,285408,171472,44
284780,2847800,285418,171454,40
284790,2847900,285428,171454,51
284800,2848000,285438,171429,39
284810,2848100,285448,171435,47
284820,2848200,285458,171429,39
284830,2848300,285468,171418,39
284840,2848400,285478,171414,46
284850,2848500,285488,171429,58
284860,2848600,285498,171414,40
284870,2848700,285508,171438,52
284880,2848800,285518,171434,34
284890,2848900,285528,171480,51
284900,2849000,285538,171486,39
284910,2849100,285548,171481,41
284920,2849200,285558,171513,29
284930,2849300,285569,171492,48
284940,2849400,285579,171507,40
284950,2849500,285589,171524,50
284960,2849600,285599,171529,30
284970,2849700,285609,171544,49
284980,2849800,285619,171546,36
284990,2849900,285629,171550,56
285000,2850000,285638,171549,40
285010,2850100,285648,171507,39
285020,2850200,285659,171512,40
285030,2850300,285669,171509,42
285040,2850400,285679,171557,53
285050,2850500,285689,171550,49
285060,2850600,285699,171646,24
285070,2850700,285709,171616,40
285080,2850800,285719,171634,39
285090,2850900,285729,171590,40
285100,2851000,285739,171611,44
285110,2851100,285749,171562,33
285120,2851200,285759,171632,53
285130,2851300,285769,171623,37
285140,2851400,285779,171722,31
285150,2851500,285789,171760,36
285160,2851600,285799,171869,38
285170,2851700,285809,171889,40
285180,2851800,285819,171967,25
285190,2851900,285829,171940,50
285200,2852000,285839,171967,32
285210,2852100,285849,171916,49
285220,2852200,285859,172009,32
285230,2852300,285869,171997,57
285240,2852400,285879,172080,38
285250,2852500,285889,172076,34
285260,2852600,285899,172120,34
285270,2852700,285909,172092,37
285280,2852800,285919,172130,42
285290,2852900,285929,172123,28
285300,2853000,285939,172211,23
285310,2853100,285949,172185,32
285320,2853200,285959,172259,27
285330,2853300,285969,172230,42
285340,2853400,285979,172300,36
285350,2853500,285989,172225,51
285360,2853600,285999,172279,52
285370,2853700,286009,172176,57
285380,2853800,286020,172214,33
285390,2853900,286030,172041,38
285400,2854000,286040,172014,32
285410,2854100,286050,171816,39
285420,2854200,286060,171777,40
285430,2854300,286070,171587,56
285440,2854400,286080,171583,40
285450,2854500,286090,171454,37
285460,2854600,286100,171497,39
285470,2854700,286110,171362,43
285480,2854800,286120,171420,47
285490,2854900,286130,171297,41
285500,2855000,286140,171397,46
285510,2855100,286150,171303,46
285520,2855200,286160,171432,28
285530,2855300,286170,171353,31
285540,2855400,286180,171507,36
285550,2855500,286190,171431,22
285560,2855600,286200,171624,34
285570,2855700,286210,171505,42
285580,2855800,286220,171666,29
285590,2855900,286230,171586,44
285600,2856000,286240,171721,45
285610,2856100,286250,171636,39
285620,2856200,286260,171818,55
285630,2856300,286270,171721,55
285640,2856400,286280,171902,31
285650,2856500,286290,171784,43
285660,2856600,286300,171940,30
285670,2856700,286310,171802,43
285680,2856800,286320,171920,44
285690,2856900,286330,171797,36
285700,2857000,286340,171951,36
285710,2857100,286350,171823,35
285720,2857200,286360,171966,9
285730,2857300,286370,171796,55
285740,2857400,286381,171931,40
285750,2857500,286391,171770,30
285760,2857600,286401,171939,42
285770,2857700,286411,171777,41
285780,2857800,286420,171942,43
285790,2857900,286430,171776,40
285800,2858000,286440,171938,39
285810,2858100,286450,171767,53
285820,2858200,286460,171924,28
285830,2858300,286471,171743,46
285840,2858400,286481,171904,47
285850,2858500,286491,171763,42
285860,2858600,286501,171947,37
285870,2858700,286511,171790,49
285880,2858800,286521,171956,42
285890,2858900,286531,171816,48
285900,2859000,286541,171959,46
285910,2859100,286551,171787,37
285920,2859200,286561,171939,38
285930,2859300,286571,171758,48
285940,2859400,286581,171914,41
285950,2859500,286591,171757,37
285960,2859600,286601,171900,33
285970,2859700,286611,171716,48
285980,2859800,286621,171899,39
285990,2859900,286631,171740,49
286000,2860000,286641,171892,39
286010,2860100,286651,171734,43
286020,2860200,286661,171897,41
286030,2860300,286671,171725,39
286040,2860400,286681,171924,42
286050,2860500,286691,171734,41
286060,2860600,286701,171944,33
286070,2860700,286711,171771,34
286080,2860800,286721,171993,37
286090,2860900,286731,171801,31
286100,2861000,286741,171992,25
286110,2861100,286751,171793,52
286120,2861200,286761,171993,53
286130,2861300,286771,171788,37
286140,2861400,286781,171968,36
286150,2861500,286791,171758,56
286160,2861600,286801,171949,38
286170,2861700,286811,171779,41
286180,2861800,286821,171983,44
286190,2861900,286831,171824,40
286200,2862000,286842,172061,32
286210,2862100,286852,171867,34
286220,2862200,286862,171986,28
286230,2862300,286872,171678,36
286240,2862400,286882,171767,41
286250,2862500,286892,171455,49
286260,2862600,286902,171533,40
286270,2862700,286912,171239,35
286280,2862800,286921,171398,35
286290,2862900,286932,171147,39
286300,2863000,286942,171351,45
286310,2863100,286952,171160,35
286320,2863200,286962,171369,34
286330,2863300,286972,171201,40
286340,2863400,286982,171422,25
286350,2863500,286992,171213,41
286360,2863600,287002,171462,31
286370,2863700,287012,171271,41
286380,2863800,287022,171538,42
286390,2863900,287032,171363,58
286400,2864000,287042,171644,46
286410,2864100,287052,171435,49
286420,2864200,287062,171693,33
286430,2864300,287072,171505,39
286440,2864400,287082,171782,37
286450,2864500,287092,171614,29
286460,2864600,287102,171888,41
286470,2864700,287112,171686,41
286480,2864800,287122,171911,41
286490,2864900,287132,171676,44
286500,2865000,287142,171914,45
286510,2865100,287152,171684,53
286520,2865200,287162,171913,56
286530,2865300,287172,171689,53
286540,2865400,287182,171931,47
286550,2865500,287192,171708,52
286560,2865600,287202,171931,36
286570,2865700,287212,171713,52
286580,2865800,287222,171970,36
286590,2865900,287232,171723,43
286600,2866000,287242,171964,37
286610,2866100,287252,171716,39
286620,2866200,287262,171961,35
286630,2866300,287272,171719,44
286640,2866400,287282,171959,39
286650,2866500,287293,171731,52
286660,2866600,287303,172032,38
286670,2866700,287313,171803,43
286680,2866800,287323,172067,55
286690,2866900,287333,171840,43
286700,2867000,287343,172132,40
286710,2867100,287353,171874,57
286720,2867200,287363,172169,39
286730,2867300,287373,171945,53
286740,2867400,287383,172208,40
286750,2867500,287393,172006,48
286760,2867600,287403,172272,45
286770,2867700,287413,172028,69
286780,2867800,287423,172302,36
286790,2867900,287433,172068,42
286800,2868000,287443,172353,41
286810,2868100,287453,172131,41
286820,2868200,287463,172409,46
286830,2868300,287473,172140,60
286840,2868400,287483,172399,43
286850,2868500,287493,172107,63
286860,2868600,287503,172369,42
286870,2868700,287513,172104,62
286880,2868800,287523,172387,61
286890,2868900,287533,172154,54
286900,2869000,287543,172433,53
286910,2869100,287553,172193,56
286920,2869200,287563,172465,45
286930,2869300,287573,172252,49
286940,2869400,287583,172510,41
286950,2869500,287593,172266,58
286960,2869600,287603,172532,45
286970,2869700,287613,172274,65
286980,2869800,287623,172551,46
286990,2869900,287633,172294,52
287000,2870000,287643,172583,38
287010,2870100,287653,172297,46
287020,2870200,287663,172560,48
287030,2870300,287673,172234,36
287040,2870400,287683,172442,41
287050,2870500,287693,172032,51
287060,2870600,287703,172165,44
287070,2870700,287713,171733,51
287080,2870800,287723,171882,36
287090,2870900,287733,171453,52
287100,2871000,287744,171647,46
287110,2871100,287754,171266,42
287120,2871200,287764,171489,39
287130,2871300,287774,171139,44
287140,2871400,287784,171425,46
287150,2871500,287794,171114,41
287160,2871600,287804,171397,38
287170,2871700,287814,171076,49
287180,2871800,287824,171375,34
287190,2871900,287834,171094,32
287200,2872000,287844,171407,45
287210,2872100,287854,171160,48
287220,2872200,287864,171479,45
287230,2872300,287874,171239,48
287240,2872400,287884,171601,35
287250,2872500,287894,171344,55
287260,2872600,287904,171686,50
287270,2872700,287914,171439,48
287280,2872800,287924,171737,49
287290,2872900,287934,171499,33
287300,2873000,287944,171802,47
287310,2873100,287954,171561,46
287320,2873200,287964,171901,35
287330,2873300,287974,171676,45
287340,2873400,287984,171969,37
287350,2873500,287994,171742,50
287360,2873600,288004,172010,42
287370,2873700,288014,171759,48
287380,2873800,288024,172030,50
287390,2873900,288034,171756,60
287400,2874000,288044,172059,53
287410,2874100,288054,171789,47
287420,2874200,288064,172110,37
287430,2874300,288074,171846,45
287440,2874400,288084,172163,34
287450,2874500,288094,171914,40
287460,2874600,288105,172228,39
287470,2874700,288115,171982,58
287480,2874800,288125,172301,53
287490,2874900,288135,172062,60
287500,2875000,288144,172347,47
287510,2875100,288154,172087,49
287520,2875200,288164,172393,29
287530,2875300,288174,172104,41
287540,2875400,288184,172429,32
287550,2875500,288195,172138,47
287560,2875600,288205,172475,38
287570,2875700,288215,172164,58
287580,2875800,288225,172482,33
287590,2875900,288235,172211,61
287600,2876000,288245,172542,54
287610,2876100,288255,172246,58
287620,2876200,288265,172559,59
287630,2876300,288275,172273,65
287640,2876400,288285,172599,33
287650,2876500,288295,172310,54
287660,2876600,288305,172668,39
287670,2876700,288315,172366,45
287680,2876800,288325,172715,47
287690,2876900,288335,172384,53
287700,2877000,288345,172704,56
287710,2877100,288355,172380,63
287720,2877200,288365,172685,51
287730,2877300,288375,172389,50
287740,2877400,288385,172740,45
287750,2877500,288395,172419,45
287760,2877600,288405,172712,54
287770,2877700,288415,172397,44
287780,2877800,288425,172696,33
287790,2877900,288435,172403,47
287800,2878000,288445,172743,38
287810,2878100,288455,172461,20
287820,2878200,288465,172789,24
287830,2878300,288475,172517,54
287840,2878400,288485,172788,50
287850,2878500,288495,172487,40
287860,2878600,288505,172743,56
287870,2878700,288515,172427,49
287880,2878800,288525,172717,45
287890,2878900,288535,172443,58
287900,2879000,288545,172703,54
287910,2879100,288555,172411,27
287920,2879200,288566,172596,46
287930,2879300,288576,172243,53
287940,2879400,288586,172403,43
287950,2879500,288596,172010,34
287960,2879600,288606,172182,45
287970,2879700,288616,171748,41
287980,2879800,288626,171933,56
287990,2879900,288636,171588,33
288000,2880000,288646,171828,43
288010,2880100,288656,171503,41
288020,2880200,288666,171751,38
288030,2880300,288676,171458,41
288040,2880400,288686,171698,46
288050,2880500,288696,171417,32
288060,2880600,288706,171736,39
288070,2880700,288716,171465,36
288080,2880800,288726,171774,44
288090,2880900,288736,171555,49
288100,2881000,288746,171892,55
288110,2881100,288756,171655,45
288120,2881200,288766,171975,40
288130,2881300,288776,171756,44
288140,2881400,288786,172046,48
288150,2881500,288796,171818,37
288160,2881600,288806,172142,37
288170,2881700,288816,171908,48
288180,2881800,288826,172214,42
288190,2881900,288836,171952,36
288200,2882000,288846,172228,26
288210,2882100,288856,171967,49
288220,2882200,288866,172261,37
288230,2882300,288876,172013,55
288240,2882400,288886,172286,39
288250,2882500,288896,172017,54
288260,2882600,288906,172264,46
288270,2882700,288916,172005,49
288280,2882800,288926,172279,42
288290,2882900,288936,172025,33
288300,2883000,288946,172312,44
288310,2883100,288956,172023,35
288320,2883200,288966,172281,40
288330,2883300,288976,171988,40
288340,2883400,288986,172253,42
288350,2883500,288996,172014,54
288360,2883600,289006,172294,49
288370,2883700,289017,172039,33
288380,2883800,289027,172323,42
288390,2883900,289037,172088,41
288400,2884000,289047,172380,49
288410,2884100,289057,172114,38
288420,2884200,289067,172400,47
288430,2884300,289077,172176,34
288440,2884400,289087,172446,39
288450,2884500,289097,172193,50
288460,2884600,289107,172496,50
288470,2884700,289117,172245,55
288480,2884800,289127,172498,46
288490,2884900,289137,172239,47
288500,2885000,289147,172476,26
288510,2885100,289157,172219,51
288520,2885200,289167,172461,38
288530,2885300,289177,172214,41
288540,2885400,289187,172455,40
288550,2885500,289197,172258,51
288560,2885600,289207,172511,42
288570,2885700,289217,172273,60
288580,2885800,289227,172544,46
288590,2885900,289237,172302,55
288600,2886000,289247,172594,40
288610,2886100,289257,172348,44
288620,2886200,289267,172615,46
288630,2886300,289277,172375,45
288640,2886400,289287,172621,47
288650,2886500,289297,172413,47
288660,2886600,289307,172648,39
288670,2886700,289317,172419,40
288680,2886800,289327,172622,47
288690,2886900,289337,172361,41
288700,2887000,289347,172546,46
288710,2887100,289357,172312,52
288720,2887200,289367,172522,37
288730,2887300,289377,172253,35
288740,2887400,289387,172420,34
288750,2887500,289397,172116,38
288760,2887600,289407,172236,31
288770,2887700,289417,171888,36
288780,2887800,289427,171995,38
288790,2887900,289437,171686,30
288800,2888000,289447,171813,44
288810,2888100,289457,171536,31
288820,2888200,289468,171713,39
288830,2888300,289478,171458,64
288840,2888400,289488,171660,40
288850,2888500,289498,171444,28
288860,2888600,289508,171649,33
288870,2888700,289518,171443,28
288880,2888800,289528,171693,45
288890,2888900,289538,171479,30
288900,2889000,289548,171704,28
288910,2889100,289558,171516,45
288920,2889200,289568,171775,50
288930,2889300,289578,171598,24
288940,2889400,289588,171870,43
288950,2889500,289598,171699,43
288960,2889600,289608,171991,29
288970,2889700,289618,171827,55
288980,2889800,289628,172092,47
288990,2889900,289638,171893,40
289000,2890000,289648,172123,46
289010,2890100,289658,171915,39
289020,2890200,289668,172133,28
289030,2890300,289678,171941,33
289040,2890400,289688,172168,34
289050,2890500,289698,171948,45
289060,2890600,289708,172171,48
289070,2890700,289718,171966,39
289080,2890800,289728,172197,38
289090,2890900,289738,171995,44
289100,2891000,289748,172220,51
289110,2891100,289758,172024,34
289120,2891200,289768,172241,49
289130,2891300,289778,172035,27
289140,2891400,289788,172247,24
289150,2891500,289798,172048,36
289160,2891600,289808,172223,36
289170,2891700,289818,172035,34
289180,2891800,289829,172220,58
289190,2891900,289839,172021,38
289200,2892000,289849,172218,49
289210,2892100,289859,172048,37
289220,2892200,289869,172252,47
289230,2892300,289878,172090,41
289240,2892400,289888,172310,47
289250,2892500,289898,172134,43
289260,2892600,289908,172356,37
289270,2892700,289919,172175,35
289280,2892800,289929,172377,39
289290,2892900,289939,172178,41
289300,2893000,289949,172371,18
289310,2893100,289959,172194,48
289320,2893200,289969,172370,44
289330,2893300,289979,172196,53
289340,2893400,289989,172394,43
289350,2893500,289999,172206,33
289360,2893600,290009,172380,19
289370,2893700,290019,172194,38
289380,2893800,290029,172393,30
289390,2893900,290039,172249,32
289400,2894000,290049,172412,39
289410,2894100,290059,172277,37
289420,2894200,290069,172436,37
289430,2894300,290079,172274,36
289440,2894400,290089,172451,41
289450,2894500,290099,172302,41
289460,2894600,290109,172430,53
289470,2894700,290119,172282,37
289480,2894800,290129,172423,31
289490,2894900,290139,172286,29
289500,2895000,290149,172430,35
289510,2895100,290159,172281,26
289520,2895200,290169,172420,34
289530,2895300,290179,172226,31
289540,2895400,290189,172296,38
289550,2895500,290199,172015,32
289560,2895600,290209,172021,46
289570,2895700,290219,171782,49
289580,2895800,290229,171818,35
289590,2895900,290239,171589,47
289600,2896000,290249,171650,31
289610,2896100,290259,171461,24
289620,2896200,290269,171535,31
289630,2896300,290280,171371,32
289640,2896400,290290,171472,35
289650,2896500,290300,171340,33
289660,2896600,290310,171455,29
289670,2896700,290320,171343,31
289680,2896800,290330,171499,31
289690,2896900,290340,171392,35
289700,2897000,290350,171541,40
289710,2897100,290359,171447,44
289720,2897200,290370,171597,34
289730,2897300,290380,171528,39
289740,2897400,290390,171643,37
289750,2897500,290400,171557,42
289760,2897600,290410,171721,40
289770,2897700,290420,171625,30
289780,2897800,290430,171751,45
289790,2897900,290440,171691,42
289800,2898000,290450,171802,41
289810,2898100,290460,171739,42
289820,2898200,290470,171827,54
289830,2898300,290480,171743,50
289840,2898400,290490,171822,28
289850,2898500,290500,171711,45
289860,2898600,290510,171851,37
289870,2898700,290520,171779,34
289880,2898800,290530,171878,35
289890,2898900,290540,171804,42
289900,2899000,290550,171887,44
289910,2899100,290560,171776,47
289920,2899200,290570,171826,39
289930,2899300,290580,171772,45
289940,2899400,290590,171888,35
289950,2899500,290600,171839,42
289960,2899600,290610,171932,41
289970,2899700,290620,171854,42
289980,2899800,290630,171888,38
289990,2899900,290640,171815,33
290000,2900000,290650,171882,26
290010,2900100,290660,171854,39
290020,2900200,290670,171933,43
290030,2900300,290680,171907,39
290040,2900400,290690,171982,46
290050,2900500,290700,171940,29
290060,2900600,290710,172033,37
290070,2900700,290720,171991,50
290080,2900800,290731,172080,40
290090,2900900,290741,172092,25
290100,2901000,290751,172196,35
290110,2901100,290761,172201,37
290120,2901200,290771,172284,21
290130,2901300,290781,172255,43
290140,2901400,290791,172290,24
290150,2901500,290801,172246,36
290160,2901600,290811,172318,36
290170,2901700,290821,172276,46
290180,2901800,290831,172336,38
290190,2901900,290841,172316,46
290200,2902000,290851,172370,44
290210,2902100,290861,172356,35
290220,2902200,290871,172415,31
290230,2902300,290881,172382,41
290240,2902400,290891,172418,42
290250,2902500,290901,172404,29
290260,2902600,290911,172432,49
290270,2902700,290921,172429,34
290280,2902800,290931,172512,44
290290,2902900,290941,172519,47
290300,2903000,290951,172555,48
290310,2903100,290961,172530,38
290320,2903200,290971,172562,42
290330,2903300,290981,172530,21
290340,2903400,290991,172598,49
290350,2903500,291001,172549,24
290360,2903600,291011,172564,52
290370,2903700,291021,172515,34
290380,2903800,291031,172531,40
290390,2903900,291041,172499,24
290400,2904000,291051,172460,50
290410,2904100,291061,172385,33
290420,2904200,291071,172293,50
290430,2904300,291081,172170,27
290440,2904400,291091,172043,47
290450,2904500,291101,171922,40
290460,2904600,291111,171825,42
290470,2904700,291121,171740,29
290480,2904800,291131,171666,46
290490,2904900,291141,171621,46
290500,2905000,291151,171554,43
290510,2905100,291161,171501,39
290520,2905200,291172,171487,61
290530,2905300,291182,171447,37
290540,2905400,291192,171422,43
290550,2905500,291202,171422,39
290560,2905600,291212,171419,53
290570,2905700,291222,171434,28
290580,2905800,291232,171457,26
290590,2905900,291242,171522,43
290600,2906000,291252,171565,41
290610,2906100,291262,171640,45
290620,2906200,291272,171639,45
290630,2906300,291282,171686,44
290640,2906400,291292,171691,31
290650,2906500,291302,171751,49
290660,2906600,291312,171756,24
290670,2906700,291322,171826,40
290680,2906800,291332,171804,33
290690,2906900,291342,171875,31
290700,2907000,291352,171842,47
290710,2907100,291362,171883,51
290720,2907200,291372,171838,51
290730,2907300,291382,171880,42
290740,2907400,291392,171851,46
290750,2907500,291402,171906,61
290760,2907600,291412,171863,50
290770,2907700,291422,171911,54
290780,2907800,291432,171895,50
290790,2907900,291442,171928,31
290800,2908000,291452,171889,44
290810,2908100,291462,171942,31
290820,2908200,291472,171886,37
290830,2908300,291482,171952,24
290840,2908400,291492,171898,50
290850,2908500,291502,171942,45
290860,2908600,291512,171902,43
290870,2908700,291522,171945,41
290880,2908800,291532,171913,47
290890,2908900,291543,171967,39
290900,2909000,291553,171925,48
290910,2909100,291562,171979,42
290920,2909200,291572,171955,34
290930,2909300,291582,172010,33
290940,2909400,291592,171959,42
290950,2909500,291602,172028,27
290960,2909600,291612,171970,52
290970,2909700,291623,172024,42
290980,2909800,291633,171954,50
290990,2909900,291643,172064,50
291000,2910000,291653,171952,55
291010,2910100,291663,172044,27
291020,2910200,291673,171955,32
291030,2910300,291683,172047,42
291040,2910400,291693,171950,37
291050,2910500,291703,172068,44
291060,2910600,291713,171968,28
291070,2910700,291723,172090,34
291080,2910800,291733,171992,52
291090,2910900,291743,172123,47
291100,2911000,291753,171976,39
291110,2911100,291763,172109,41
291120,2911200,291773,172006,44
291130,2911300,291783,172167,48
291140,2911400,291793,172052,52
291150,2911500,291803,172194,35
291160,2911600,291813,172085,37
291170,2911700,291823,172210,35
291180,2911800,291833,172060,36
291190,2911900,291843,172190,39
291200,2912000,291853,172019,48
291210,2912100,291863,172126,43
291220,2912200,291873,171981,37
291230,2912300,291883,172103,40
291240,2912400,291893,171990,47
291250,2912500,291903,172115,41
291260,2912600,291913,171944,45
291270,2912700,291923,172072,50
291280,2912800,291933,171875,45
291290,2912900,291943,171928,43
291300,2913000,291953,171685,42
291310,2913100,291963,171717,47
291320,2913200,291973,171442,26
291330,2913300,291984,171480,51
291340,2913400,291994,171249,38
291350,2913500,292004,171305,23
291360,2913600,292014,171102,55
291370,2913700,292023,171205,47
291380,2913800,292033,171015,41
291390,2913900,292043,171153,39
291400,2914000,292053,170983,37
291410,2914100,292063,171130,36
291420,2914200,292074,171009,36
291430,2914300,292084,171168,33
291440,2914400,292094,171062,36
291450,2914500,292104,171245,42
291460,2914600,292114,171129,47
291470,2914700,292124,171326,51
291480,2914800,292134,171184,41
291490,2914900,292144,171393,39
291500,2915000,292154,171272,45
291510,2915100,292164,171491,23
291520,2915200,292174,171363,34
291530,2915300,292184,171569,42
291540,2915400,292194,171424,40
291550,2915500,292204,171597,34
291560,2915600,292214,171445,49
291570,2915700,292224,171625,33
291580,2915800,292234,171459,53
291590,2915900,292244,171652,46
291600,2916000,292254,171476,49
291610,2916100,292264,171650,41
291620,2916200,292274,171457,54
291630,2916300,292284,171653,42
291640,2916400,292294,171470,29
291650,2916500,292304,171636,35
291660,2916600,292314,171440,43
291670,2916700,292324,171649,33
291680,2916800,292334,171482,36
291690,2916900,292344,171679,45
291700,2917000,292354,171487,51
291710,2917100,292364,171718,37
291720,2917200,292374,171513,51
291730,2917300,292384,171733,43
291740,2917400,292394,171557,41
291750,2917500,292404,171770,49
291760,2917600,292414,171573,56
291770,2917700,292424,171769,37
291780,2917800,292434,171575,49
291790,2917900,292445,171790,28
291800,2918000,292455,171580,60
291810,2918100,292465,171777,36
291820,2918200,292475,171593,35
291830,2918300,292485,171794,54
291840,2918400,292495,171636,56
291850,2918500,292505,171870,49
291860,2918600,292515,171680,53
291870,2918700,292524,171882,54
291880,2918800,292535,171698,44
291890,2918900,292545,171933,40
291900,2919000,292555,171715,43
291910,2919100,292565,171938,34
291920,2919200,292575,171759,43
291930,2919300,292585,171954,45
291940,2919400,292595,171743,40
291950,2919500,292605,171969,43
291960,2919600,292615,171748,55
291970,2919700,292625,171937,50
291980,2919800,292635,171729,47
291990,2919900,292645,171942,51
292000,2920000,292655,171697,48
292010,2920100,292665,171915,40
292020,2920200,292675,171680,59
292030,2920300,292685,171882,41
292040,2920400,292695,171669,39
292050,2920500,292705,171887,34
292060,2920600,292715,171643,51
292070,2920700,292725,171841,39
292080,2920800,292735,171586,46
292090,2920900,292745,171728,63
292100,2921000,292755,171405,43
292110,2921100,292765,171504,50
292120,2921200,292775,171143,56
292130,2921300,292785,171258,57
292140,2921400,292795,170902,50
292150,2921500,292805,170995,35
292160,2921600,292815,170698,42
292170,2921700,292825,170858,38
292180,2921800,292835,170592,39
292190,2921900,292845,170790,34
292200,2922000,292855,170566,55
292210,2922100,292865,170781,46
292220,2922200,292875,170590,51
292230,2922300,292885,170852,51
292240,2922400,292896,170638,55
292250,2922500,292906,170951,44
292260,2922600,292916,170768,42
292270,2922700,292926,171080,37
292280,2922800,292936,170894,47
292290,2922900,292946,171183,49
292300,2923000,292956,170972,42
292310,2923100,292966,171232,28
292320,2923200,292976,171010,66
292330,2923300,292986,171267,59
292340,2923400,292996,171061,62
292350,2923500,293006,171342,47
292360,2923600,293016,171133,55
292370,2923700,293026,171395,46
292380,2923800,293036,171156,56
292390,2923900,293046,171431,56
292400,2924000,293056,171191,53
292410,2924100,293066,171459,45
292420,2924200,293076,171204,48
292430,2924300,293086,171486,60
292440,2924400,293096,171264,57
292450,2924500,293106,171529,62
292460,2924600,293116,171280,62
292470,2924700,293126,171552,54
292480,2924800,293136,171313,58
292490,2924900,293146,171570,56
292500,2925000,293156,171326,52
292510,2925100,293166,171638,54
292520,2925200,293176,171361,36
292530,2925300,293186,171657,42
292540,2925400,293196,171384,39
292550,2925500,293206,171675,32
292560,2925600,293216,171383,26
292570,2925700,293226,171661,43
292580,2925800,293236,171370,37
292590,2925900,293246,171667,47
292600,2926000,293256,171367,47
292610,2926100,293266,171636,42
292620,2926200,293276,171326,52
292630,2926300,293286,171628,52
292640,2926400,293296,171320,46
292650,2926500,293306,171626,40
292660,2926600,293316,171351,32
292670,2926700,293326,171668,46
292680,2926800,293336,171379,34
292690,2926900,293347,171676,40
292700,2927000,293357,171373,66
292710,2927100,293367,171687,59
292720,2927200,293377,171381,54
292730,2927300,293387,171668,35
292740,2927400,293397,171371,32
292750,2927500,293407,171689,39
292760,2927600,293417,171407,40
292770,2927700,293427,171712,41
292780,2927800,293437,171408,48
292790,2927900,293447,171707,30
292800,2928000,293457,171421,50
292810,2928100,293467,171699,47
292820,2928200,293477,171379,36
292830,2928300,293487,171660,38
292840,2928400,293497,171388,32
292850,2928500,293507,171690,36
292860,2928600,293517,171445,42
292870,2928700,293527,171784,42
292880,2928800,293537,171500,37
292890,2928900,293547,171784,22
292900,2929000,293557,171509,33
292910,2929100,293567,171844,49
292920,2929200,293577,171547,50
292930,2929300,293587,171876,44
292940,2929400,293597,171580,48
292950,2929500,293607,171915,49
292960,2929600,293617,171572,55
292970,2929700,293627,171858,47
292980,2929800,293637,171506,49
292990,2929900,293647,171774,47
293000,2930000,293657,171396,36
293010,2930100,293667,171598,42
293020,2930200,293677,171154,56
293030,2930300,293687,171355,46
293040,2930400,293697,170976,53
293050,2930500,293708,171168,49
293060,2930600,293718,170760,59
293070,2930700,293728,170994,60
293080,2930800,293737,170629,54
293090,2930900,293747,170918,39
293100,2931000,293757,170582,49
293110,2931100,293767,170872,45
293120,2931200,293777,170584,48
293130,2931300,293787,170895,33
293140,2931400,293798,170597,46
293150,2931500,293808,170959,47
293160,2931600,293818,170700,40
293170,2931700,293828,171070,46
293180,2931800,293838,170826,49
293190,2931900,293848,171143,50
293200,2932000,293858,170880,49
293210,2932100,293868,171193,41
293220,2932200,293878,170910,47
293230,2932300,293888,171283,47
293240,2932400,293898,171015,39
293250,2932500,293908,171375,39
293260,2932600,293918,171076,53
293270,2932700,293928,171383,42
293280,2932800,293938,171063,54
293290,2932900,293948,171344,51
293300,2933000,293958,171045,48
293310,2933100,293968,171330,58
293320,2933200,293978,171044,33
293330,2933300,293988,171330,41
293340,2933400,293998,171009,34
293350,2933500,294008,171235,31
293360,2933600,294018,170956,30
293370,2933700,294028,171183,42
293380,2933800,294038,170970,50
293390,2933900,294048,171247,50
293400,2934000,294058,171052,30
293410,2934100,294068,171372,59
293420,2934200,294078,171174,38
293430,2934300,294088,171461,60
293440,2934400,294098,171202,42
293450,2934500,294108,171451,45
293460,2934600,294118,171164,46
293470,2934700,294128,171376,43
293480,2934800,294138,171103,34
293490,2934900,294148,171355,31
293500,2935000,294159,171130,43
293510,2935100,294169,171371,43
293520,2935200,294179,171142,50
293530,2935300,294189,171401,63
293540,2935400,294199,171144,50
293550,2935500,294208,171389,41
293560,2935600,294219,171174,63
293570,2935700,294228,171385,31
293580,2935800,294238,171163,43
293590,2935900,294249,171424,32
293600,2936000,294259,171202,45
293610,2936100,294269,171404,41
293620,2936200,294279,171203,46
293630,2936300,294289,171414,38
293640,2936400,294299,171194,53
293650,2936500,294309,171393,51
293660,2936600,294319,171230,49
293670,2936700,294329,171278,46
293680,2936800,294339,171215,57
293690,2936900,294349,171187,24
293700,2937000,294359,171181,45
293710,2937100,294369,171194,39
293720,2937200,294379,171236,37
293730,2937300,294389,171294,39
293740,2937400,294399,171351,53
293750,2937500,294409,171405,40
293760,2937600,294419,171476,33
293770,2937700,294429,171499,42
293780,2937800,294439,171575,55
293790,2937900,294449,171675,46
293800,2938000,294459,171641,44
293810,2938100,294469,171833,42
293820,2938200,294479,171724,22
293830,2938300,294489,171948,49
293840,2938400,294499,171778,35
293850,2938500,294509,171993,36
293860,2938600,294519,171808,52
293870,2938700,294529,171973,38
293880,2938800,294539,171749,36
293890,2938900,294549,171850,36
293900,2939000,294559,171571,49
293910,2939100,294569,171646,53
293920,2939200,294579,171335,63
293930,2939300,294589,171420,42
293940,2939400,294599,171111,31
293950,2939500,294610,171246,50
293960,2939600,294620,170972,44
293970,2939700,294630,171164,43
293980,2939800,294640,170914,39
293990,2939900,294650,171119,42
294000,2940000,294660,170873,34
294010,2940100,294670,171114,51
294020,2940200,294680,170876,51
294030,2940300,294689,171117,57
294040,2940400,294700,170892,36
294050,2940500,294710,171147,37
294060,2940600,294720,170948,29
294070,2940700,294730,171204,41
294080,2940800,294740,170998,31
294090,2940900,294750,171271,45
294100,2941000,294760,171057,32
294110,2941100,294770,171320,25
294120,2941200,294780,171112,46
294130,2941300,294790,171344,50
294140,2941400,294800,171147,41
294150,2941500,294810,171371,39
294160,2941600,294820,171158,42
294170,2941700,294830,171397,26
294180,2941800,294840,171179,35
294190,2941900,294850,171435,38
294200,2942000,294860,171177,26
294210,2942100,294870,171420,41
294220,2942200,294880,171210,23
294230,2942300,294890,171446,53
294240,2942400,294900,171229,48
294250,2942500,294910,171459,40
294260,2942600,294920,171228,49
294270,2942700,294930,171457,50
294280,2942800,294940,171216,45
294290,2942900,294950,171456,35
294300,2943000,294960,171201,15
294310,2943100,294970,171444,42
294320,2943200,294980,171201,38
294330,2943300,294990,171438,37
294340,2943400,295000,171196,40
294350,2943500,295010,171429,37
294360,2943600,295020,171220,35
294370,2943700,295030,171443,40
294380,2943800,295040,171232,53
294390,2943900,295050,171451,44
294400,2944000,295061,171266,39
294410,2944100,295071,171480,44
294420,2944200,295081,171271,34
294430,2944300,295091,171478,48
294440,2944400,295101,171276,36
294450,2944500,295111,171474,39
294460,2944600,295121,171253,37
294470,2944700,295131,171492,36
294480,2944800,295141,171275,41
294490,2944900,295151,171487,39
294500,2945000,295161,171305,40
294510,2945100,295171,171540,40
294520,2945200,295181,171358,44
294530,2945300,295191,171547,36
294540,2945400,295201,171359,29
294550,2945500,295211,171575,36
294560,2945600,295221,171387,35
294570,2945700,295231,171592,44
294580,2945800,295241,171393,55
294590,2945900,295251,171592,39
294600,2946000,295261,171406,46
294610,2946100,295271,171611,40
294620,2946200,295281,171413,49
294630,2946300,295291,171597,46
294640,2946400,295301,171380,54
294650,2946500,295311,171538,34
294660,2946600,295321,171335,39
294670,2946700,295331,171481,37
294680,2946800,295341,171332,34
294690,2946900,295351,171470,41
294700,2947000,295361,171309,32
294710,2947100,295371,171409,37
294720,2947200,295381,171191,48
294730,2947300,295391,171239,38
294740,2947400,295401,171007,40
294750,2947500,295411,171060,37
294760,2947600,295421,170847,45
294770,2947700,295431,170927,27
294780,2947800,295441,170707,39
294790,2947900,295451,170823,28
294800,2948000,295461,170649,35
294810,2948100,295471,170778,31
294820,2948200,295481,170634,43
294830,2948300,295491,170771,31
294840,2948400,295501,170681,27
294850,2948500,295512,170827,23
294860,2948600,295522,170729,30
294870,2948700,295532,170902,22
294880,2948800,295542,170813,46
294890,2948900,295552,171006,49
294900,2949000,295562,170943,38
294910,2949100,295572,171068,37
294920,2949200,295582,170929,29
294930,2949300,295592,171042,34
294940,2949400,295602,170927,28
294950,2949500,295612,171019,26
294960,2949600,295622,170992,44
294970,2949700,295632,171143,42
294980,2949800,295642,171127,46
294990,2949900,295652,171275,44
295000,2950000,295662,171249,39
295010,2950100,295672,171383,31
295020,2950200,295682,171363,38
295030,2950300,295692,171499,36
295040,2950400,295702,171429,45
295050,2950500,295712,171531,26
295060,2950600,295722,171427,39
295070,2950700,295732,171499,39
295080,2950800,295742,171389,31
295090,2950900,295752,171411,41
295100,2951000,295762,171315,36
295110,2951100,295772,171350,33
295120,2951200,295782,171286,36
295130,2951300,295792,171344,31
295140,2951400,295802,171289,32
295150,2951500,295812,171391,25
295160,2951600,295822,171320,25
295170,2951700,295832,171379,46
295180,2951800,295842,171346,26
295190,2951900,295852,171401,33
295200,2952000,295862,171373,40
295210,2952100,295872,171422,46
295220,2952200,295883,171340,29
295230,2952300,295893,171425,20
295240,2952400,295902,171420,33
295250,2952500,295912,171498,31
295260,2952600,295922,171480,30
295270,2952700,295932,171565,39
295280,2952800,295942,171555,43
295290,2952900,295952,171632,41
295300,2953000,295963,171622,42
295310,2953100,295973,171675,45
295320,2953200,295983,171661,53
295330,2953300,295993,171714,40
295340,2953400,296003,171669,55
295350,2953500,296013,171735,48
295360,2953600,296023,171696,34
295370,2953700,296033,171782,21
295380,2953800,296043,171777,23
295390,2953900,296053,171843,37
295400,2954000,296063,171847,37
295410,2954100,296073,171912,41
295420,2954200,296083,171920,41
295430,2954300,296093,172004,40
295440,2954400,296103,172009,35
295450,2954500,296113,172098,23
295460,2954600,296123,172142,37
295470,2954700,296133,172205,51
295480,2954800,296143,172208,23
295490,2954900,296153,172269,38
295500,2955000,296163,172262,22
295510,2955100,296173,172299,54
295520,2955200,296183,172292,25
295530,2955300,296193,172323,54
295540,2955400,296203,172336,38
295550,2955500,296213,172368,49
295560,2955600,296223,172327,46
295570,2955700,296233,172303,45
295580,2955800,296243,172175,30
295590,2955900,296253,172018,47
295600,2956000,296263,171818,27
295610,2956100,296273,171669,57
295620,2956200,296283,171485,45
295630,2956300,296293,171355,49
295640,2956400,296303,171221,34
295650,2956500,296313,171132,43
295660,2956600,296323,170966,37
295670,2956700,296333,170894,47
295680,2956800,296343,170890,37
295690,2956900,296353,170855,51
295700,2957000,296363,170843,45
295710,2957100,296373,170871,42
295720,2957200,296383,170924,34
295730,2957300,296393,170932,41
295740,2957400,296403,170985,47
295750,2957500,296414,171027,46
295760,2957600,296424,171082,54
295770,2957700,296434,171116,55
295780,2957800,296444,171156,51
295790,2957900,296454,171177,39
295800,2958000,296464,171296,19
295810,2958100,296474,171339,37
295820,2958200,296484,171384,37
295830,2958300,296494,171390,39
295840,2958400,296504,171421,44
295850,2958500,296514,171380,52
295860,2958600,296524,171414,40
295870,2958700,296534,171368,40
295880,2958800,296544,171425,38
295890,2958900,296554,171408,36
295900,2959000,296564,171484,38
295910,2959100,296574,171449,49
295920,2959200,296584,171491,41
295930,2959300,296594,171423,41
295940,2959400,296604,171446,37
295950,2959500,296614,171402,42
295960,2959600,296624,171453,52
295970,2959700,296634,171415,32
295980,2959800,296644,171478,40
295990,2959900,296654,171477,58
296000,2960000,296664,171567,50
296010,2960100,296674,171547,55
296020,2960200,296684,171643,35
296030,2960300,296694,171655,35
296040,2960400,296704,171719,42
296050,2960500,296714,171678,50
296060,2960600,296724,171732,29
296070,2960700,296734,171676,51
296080,2960800,296744,171735,47
296090,2960900,296754,171663,44
296100,2961000,296764,171713,39
296110,2961100,296774,171647,50
296120,2961200,296784,171717,37
296130,2961300,296794,171633,33
296140,2961400,296804,171721,41
296150,2961500,296814,171642,49
296160,2961600,296824,171744,41
296170,2961700,296834,171657,43
296180,2961800,296844,171775,40
296190,2961900,296854,171705,42
296200,2962000,296865,171813,47
296210,2962100,296875,171718,64
296220,2962200,296885,171812,53
296230,2962300,296895,171708,51
296240,2962400,296905,171834,24
296250,2962500,296915,171741,53
296260,2962600,296925,171854,49
296270,2962700,296935,171730,24
296280,2962800,296945,171845,33
296290,2962900,296955,171703,55
296300,2963000,296965,171827,36
296310,2963100,296975,171695,48
296320,2963200,296985,171840,53
296330,2963300,296995,171726,33
296340,2963400,297005,171888,34
296350,2963500,297015,171729,27
296360,2963600,297025,171868,42
296370,2963700,297035,171694,41
296380,2963800,297045,171807,30
296390,2963900,297055,171654,45
296400,2964000,297065,171752,45
296410,2964100,297075,171501,52
296420,2964200,297085,171504,49
296430,2964300,297095,171223,57
296440,2964400,297105,171251,29
296450,2964500,297115,170955,41
296460,2964600,297125,170995,44
296470,2964700,297135,170736,37
296480,2964800,297145,170809,38
296490,2964900,297155,170592,38
296500,2965000,297165,170704,33
296510,2965100,297175,170525,54
296520,2965200,297185,170655,35
296530,2965300,297195,170505,30
296540,2965400,297205,170640,43
296550,2965500,297215,170513,47
296560,2965600,297225,170699,31
296570,2965700,297235,170576,35
296580,2965800,297245,170761,42
296590,2965900,297255,170650,34
296600,2966000,297265,170837,41
296610,2966100,297275,170705,62
296620,2966200,297285,170900,35
296630,2966300,297295,170779,44
296640,2966400,297305,171014,43
296650,2966500,297316,170867,47
296660,2966600,297326,171074,31
296670,2966700,297336,170906,36
296680,2966800,297346,171101,27
296690,2966900,297356,170931,50
296700,2967000,297366,171154,29
296710,2967100,297376,170932,49
296720,2967200,297386,171139,18
296730,2967300,297396,170931,50
296740,2967400,297406,171097,53
296750,2967500,297416,170856,45
296760,2967600,297426,171036,51
296770,2967700,297436,170782,50
296780,2967800,297446,170945,22
296790,2967900,297456,170716,31
296800,2968000,297466,170925,18
296810,2968100,297476,170692,29
296820,2968200,297486,170872,26
296830,2968300,297496,170656,42
296840,2968400,297506,170808,41
296850,2968500,297516,170596,42
296860,2968600,297526,170805,42
296870,2968700,297536,170645,49
296880,2968800,297546,170873,46
296890,2968900,297556,170697,34
296900,2969000,297566,170888,42
296910,2969100,297576,170736,35
296920,2969200,297586,170940,35
296930,2969300,297596,170734,51
296940,2969400,297606,170955,32
296950,2969500,297616,170801,51
296960,2969600,297626,171039,58
296970,2969700,297636,170874,53
296980,2969800,297646,171132,61
296990,2969900,297656,170985,56
297000,2970000,297666,171253,51
297010,2970100,297676,171084,54
297020,2970200,297686,171388,45
297030,2970300,297696,171240,47
297040,2970400,297706,171483,46
297050,2970500,297716,171270,43
297060,2970600,297726,171498,50
297070,2970700,297736,171252,58
297080,2970800,297746,171464,50
297090,2970900,297756,171207,61
297100,2971000,297767,171411,48
297110,2971100,297777,171156,55
297120,2971200,297787,171405,49
297130,2971300,297797,171160,45
297140,2971400,297807,171395,45
297150,2971500,297817,171115,57
297160,2971600,297827,171349,40
297170,2971700,297837,171028,38
297180,2971800,297847,171183,35
297190,2971900,297857,170760,51
297200,2972000,297867,170844,41
297210,2972100,297877,170436,51
297220,2972200,297887,170545,48
297230,2972300,297897,170140,48
297240,2972400,297907,170305,34
297250,2972500,297917,169976,52
297260,2972600,297927,170164,36
297270,2972700,297937,169833,53
297280,2972800,297947,170060,49
297290,2972900,297957,169816,59
297300,2973000,297967,170063,61
297310,2973100,297977,169832,52
297320,2973200,297987,170109,53
297330,2973300,297997,169905,72
297340,2973400,298007,170201,55
297350,2973500,298017,170018,51
297360,2973600,298027,170351,41
297370,2973700,298037,170178,55
297380,2973800,298047,170500,47
297390,2973900,298057,170319,40
297400,2974000,298067,170650,28
297410,2974100,298077,170443,57
297420,2974200,298087,170749,51
297430,2974300,298097,170554,53
297440,2974400,298107,170890,46
297450,2974500,298117,170723,39
297460,2974600,298127,171026,34
297470,2974700,298137,170805,35
297480,2974800,298147,171080,40
297490,2974900,298157,170815,46
297500,2975000,298167,171109,42
297510,2975100,298177,170904,48
297520,2975200,298187,171245,48
297530,2975300,298197,171062,50
297540,2975400,298208,171374,59
297550,2975500,298218,171157,55
297560,2975600,298228,171466,52
297570,2975700,298238,171190,39
297580,2975800,298248,171424,45
297590,2975900,298258,171089,45
297600,2976000,298268,171325,41
297610,2976100,298278,171001,34
297620,2976200,298288,171197,41
297630,2976300,298298,170797,34
297640,2976400,298308,170960,46
297650,2976500,298318,170759,53
297660,2976600,298328,170736,56
297670,2976700,298338,170716,45
297680,2976800,298348,170706,30
297690,2976900,298358,170782,44
297700,2977000,298368,170803,43
297710,2977100,298378,170918,26
297720,2977200,298388,171015,30
297730,2977300,298398,171084,48
297740,2977400,298408,171019,47
297750,2977500,298418,171005,44
297760,2977600,298428,170904,45
297770,2977700,298438,170873,58
297780,2977800,298448,170867,42
297790,2977900,298458,170931,46
297800,2978000,298468,171159,40
297810,2978100,298478,171198,49
297820,2978200,298488,171230,48
297830,2978300,298498,171124,46
297840,2978400,298508,171293,43
297850,2978500,298518,171151,40
297860,2978600,298528,171419,42
297870,2978700,298538,171227,56
297880,2978800,298548,171535,42
297890,2978900,298558,171284,59
297900,2979000,298568,171595,50
297910,2979100,298578,171298,48
297920,2979200,298588,171614,45
297930,2979300,298598,171313,48
297940,2979400,298608,171615,29
297950,2979500,298618,171332,47
297960,2979600,298628,171630,49
297970,2979700,298638,171275,50
297980,2979800,298648,171498,49
297990,2979900,298659,171018,63
298000,2980000,298669,171123,46
298010,2980100,298679,170648,42
298020,2980200,298689,170772,50
298030,2980300,298699,170229,54
298040,2980400,298709,170450,40
298050,2980500,298719,170126,42
298060,2980600,298729,170334,37
298070,2980700,298739,170000,50
298080,2980800,298749,170269,54
298090,2980900,298759,169976,49
298100,2981000,298769,170270,58
298110,2981100,298779,169966,48
298120,2981200,298789,170263,44
298130,2981300,298799,170006,30
298140,2981400,298809,170296,44
298150,2981500,298819,170013,37
298160,2981600,298829,170301,49
298170,2981700,298839,169999,43
298180,2981800,298849,170295,47
298190,2981900,298859,170057,51
298200,2982000,298869,170338,56
298210,2982100,298879,170085,46
298220,2982200,298889,170450,37
298230,2982300,298899,170162,33
298240,2982400,298909,170476,57
298250,2982500,298919,170132,51
298260,2982600,298929,170325,42
298270,2982700,298939,169958,22
298280,2982800,298949,170159,62
298290,2982900,298959,169820,40
298300,2983000,298969,170040,58
298310,2983100,298979,169699,52
298320,2983200,298989,169989,59
298330,2983300,298999,169757,46
298340,2983400,299009,170040,61
298350,2983500,299019,169813,48
298360,2983600,299029,170127,42
298370,2983700,299039,169897,42
298380,2983800,299049,170197,47
298390,2983900,299059,169993,53
298400,2984000,299069,170294,32
298410,2984100,299079,170063,49
298420,2984200,299089,170385,41
298430,2984300,299100,170097,58
298440,2984400,299110,170342,38
298450,2984500,299120,170064,42
298460,2984600,299130,170346,42
298470,2984700,299140,170124,55
298480,2984800,299150,170447,44
298490,2984900,299160,170246,40
298500,2985000,299170,170602,55
298510,2985100,299180,170369,52
298520,2985200,299190,170660,46
298530,2985300,299200,170426,42
298540,2985400,299210,170734,45
298550,2985500,299220,170478,51
298560,2985600,299230,170768,42
298570,2985700,299240,170525,23
298580,2985800,299250,170792,42
298590,2985900,299260,170504,27
298600,2986000,299270,170753,51
298610,2986100,299280,170434,50
298620,2986200,299290,170634,43
298630,2986300,299300,170381,42
298640,2986400,299310,170676,52
298650,2986500,299320,170385,50
298660,2986600,299330,170684,47
298670,2986700,299340,170349,40
298680,2986800,299350,170603,51
298690,2986900,299360,170321,40
298700,2987000,299370,170583,39
298710,2987100,299380,170301,39
298720,2987200,299390,170545,31
298730,2987300,299400,170296,35
298740,2987400,299410,170564,43
298750,2987500,299420,170306,45
298760,2987600,299430,170582,55
298770,2987700,299440,170335,57
298780,2987800,299450,170555,53
298790,2987900,299460,170251,50
298800,2988000,299470,170408,41
298810,2988100,299480,169982,33
298820,2988200,299490,170081,45
298830,2988300,299500,169689,42
298840,2988400,299510,169770,35
298850,2988500,299520,169401,24
298860,2988600,299530,169531,30
298870,2988700,299540,169205,42
298880,2988800,299551,169399,40
298890,2988900,299561,169090,43
298900,2989000,299571,169254,48
298910,2989100,299581,169016,48
298920,2989200,299591,169264,37
298930,2989300,299601,169039,36
298940,2989400,299611,169281,32
298950,2989500,299621,169079,42
298960,2989600,299631,169349,31
298970,2989700,299641,169203,34
298980,2989800,299651,169460,38
298990,2989900,299661,169286,35
299000,2990000,299671,169562,38
299010,2990100,299681,169370,35
299020,2990200,299691,169638,46
299030,2990300,299701,169436,37
299040,2990400,299711,169698,37
299050,2990500,299721,169507,43
299060,2990600,299731,169720,37
299070,2990700,299741,169493,32
299080,2990800,299751,169698,37
299090,2990900,299761,169471,22
299100,2991000,299771,169668,25
299110,2991100,299781,169453,33
299120,2991200,299791,169646,36
299130,2991300,299801,169435,50
299140,2991400,299811,169626,31
299150,2991500,299821,169448,50
299160,2991600,299831,169635,37
299170,2991700,299841,169415,37
299180,2991800,299851,169636,44
299190,2991900,299861,169475,46
299200,2992000,299871,169696,49
299210,2992100,299881,169552,35
299220,2992200,299891,169758,25
299230,2992300,299901,169594,43
299240,2992400,299912,169797,46
299250,2992500,299922,169647,60
299260,2992600,299932,169865,42
299270,2992700,299942,169723,40
299280,2992800,299951,169957,46
299290,2992900,299961,169803,30
299300,2993000,299971,169999,33
299310,2993100,299981,169860,50
299320,2993200,299991,170064,36
299330,2993300,300002,169923,41
299340,2993400,300012,170139,38
299350,2993500,300022,169989,43
299360,2993600,300032,170175,42
299370,2993700,300042,170031,50
299380,2993800,300052,170203,38
299390,2993900,300062,170058,44
299400,2994000,300072,170255,39
299410,2994100,300082,170095,44
299420,2994200,300092,170269,45
299430,2994300,300102,170097,37
299440,2994400,300112,170255,41
299450,2994500,300122,170101,36
299460,2994600,300132,170244,40
299470,2994700,300142,170091,40
299480,2994800,300152,170242,42
299490,2994900,300162,170084,40
299500,2995000,300172,170218,33
299510,2995100,300182,170055,50
299520,2995200,300192,170175,49
299530,2995300,300202,169996,38
299540,2995400,300212,170102,31
299550,2995500,300222,169929,33
299560,2995600,300232,169987,29
299570,2995700,300242,169719,28
299580,2995800,300252,169712,25
299590,2995900,300262,169412,36
299600,2996000,300272,169395,21
299610,2996100,300282,169118,47
299620,2996200,300292,169116,33
299630,2996300,300302,168924,39
299640,2996400,300312,168971,33
299650,2996500,300322,168801,44
299660,2996600,300332,168884,39
299670,2996700,300342,168752,39
299680,2996800,300352,168847,43
299690,2996900,300362,168731,35
299700,2997000,300373,168829,28
299710,2997100,300383,168750,35
299720,2997200,300393,168882,27
299730,2997300,300403,168816,42
299740,2997400,300413,168965,36
299750,2997500,300423,168894,49
299760,2997600,300433,169021,32
299770,2997700,300443,168975,38
299780,2997800,300452,169104,54
299790,2997900,300463,169088,23
299800,2998000,300473,169229,37
299810,2998100,300483,169240,32
299820,2998200,300493,169376,29
299830,2998300,300503,169361,42
299840,2998400,300513,169507,27
299850,2998500,300523,169458,24
299860,2998600,300533,169633,41
299870,2998700,300543,169635,38
299880,2998800,300553,169752,53
299890,2998900,300563,169676,39
299900,2999000,300573,169724,41
299910,2999100,300583,169627,52
299920,2999200,300593,169669,27
299930,2999300,300603,169614,34
299940,2999400,300613,169715,40
299950,2999500,300623,169721,38
299960,2999600,300633,169820,41
299970,2999700,300643,169743,20
299980,2999800,300653,169813,45
299990,2999900,300663,169693,52
300000,3000000,300673,169744,43
300010,3000100,300683,169670,33
300020,3000200,300693,169760,54
300030,3000300,300703,169705,54
300040,3000400,300713,169811,27
300050,3000500,300723,169802,40
300060,3000600,300733,169857,38
300070,3000700,300743,169825,40
300080,3000800,300753,169882,35
300090,3000900,300763,169811,37
300100,3001000,300773,169852,56
300110,3001100,300783,169798,44
300120,3001200,300793,169851,30
300130,3001300,300803,169823,57
300140,3001400,300813,169861,52
300150,3001500,300824,169792,56
300160,3001600,300834,169888,44
300170,3001700,300844,169810,44
300180,3001800,300854,169841,30
300190,3001900,300864,169764,26
300200,3002000,300874,169850,41
300210,3002100,300884,169763,38
300220,3002200,300894,169743,22
300230,3002300,300904,169653,36
300240,3002400,300914,169778,49
300250,3002500,300924,169777,45
300260,3002600,300934,169782,46
300270,3002700,300944,169717,48
300280,3002800,300954,169692,49
300290,3002900,300964,169664,31
300300,3003000,300974,169722,44
300310,3003100,300984,169688,28
300320,3003200,300994,169705,40
300330,3003300,301004,169645,23
300340,3003400,301014,169711,43
300350,3003500,301024,169745,42
300360,3003600,301034,169745,53
300370,3003700,301044,169666,29
300380,3003800,301054,169605,53
300390,3003900,301064,169515,33
300400,3004000,301074,169366,51
300410,3004100,301084,169190,48
300420,3004200,301094,169008,42
300430,3004300,301104,168854,41
300440,3004400,301114,168720,44
300450,3004500,301124,168511,43
300460,3004600,301134,168439,47
300470,3004700,301144,168376,34
300480,3004800,301154,168470,41
300490,3004900,301164,168642,47
300500,3005000,301174,168772,50
300510,3005100,301185,168883,51
300520,3005200,301195,169000,47
300530,3005300,301205,169132,33
300540,3005400,301214,169187,50
300550,3005500,301224,169344,27
300560,3005600,301234,169425,35
300570,3005700,301244,169501,35
300580,3005800,301254,169542,43
300590,3005900,301264,169607,31
300600,3006000,301275,169607,33
300610,3006100,301285,169698,40
300620,3006200,301295,169674,40
300630,3006300,301305,169731,42
300640,3006400,301315,169646,36
300650,3006500,301325,169613,50
300660,3006600,301335,169599,34
300670,3006700,301345,169517,40
300680,3006800,301355,169506,36
300690,3006900,301365,169497,30
300700,3007000,301375,169753,30
300710,3007100,301385,169885,38
300720,3007200,301395,169997,45
300730,3007300,301405,170054,59
300740,3007400,301415,170219,45
300750,3007500,301425,170261,47
300760,3007600,301435,170249,44
300770,3007700,301445,170297,39
300780,3007800,301455,170312,30
300790,3007900,301465,170350,49
300800,3008000,301475,170411,32
300810,3008100,301485,170476,36
300820,3008200,301495,170565,31
300830,3008300,301505,170688,30
300840,3008400,301515,170810,37
300850,3008500,301525,170914,41
300860,3008600,301535,171059,56
300870,3008700,301545,171158,42
300880,3008800,301555,171181,60
300890,3008900,301565,171252,47
300900,3009000,301575,171215,39
300910,3009100,301585,171246,47
300920,3009200,301595,171124,34
300930,3009300,301605,171183,38
300940,3009400,301615,171059,42
300950,3009500,301625,171142,31
300960,3009600,301636,170995,52
300970,3009700,301646,170958,44
300980,3009800,301656,170924,45
300990,3009900,301666,171065,29
301000,3010000,301676,170917,52
301010,3010100,301686,171019,41
301020,3010200,301696,170904,36
301030,3010300,301705,171018,46
301040,3010400,301715,170885,34
301050,3010500,301726,170962,29
301060,3010600,301736,170799,31
301070,3010700,301746,170853,31
301080,3010800,301756,170680,41
301090,3010900,301766,170733,41
301100,3011000,301776,170548,44
301110,3011100,301786,170609,36
301120,3011200,301796,170426,41
301130,3011300,301806,170499,52
301140,3011400,301816,170317,30
301150,3011500,301826,170409,29
301160,3011600,301836,170211,42
301170,3011700,301846,170221,43
301180,3011800,301856,169947,37
301190,3011900,301866,169949,38
301200,3012000,301876,169778,37
301210,3012100,301886,169807,49
301220,3012200,301896,169659,53
301230,3012300,301906,169751,41
301240,3012400,301916,169644,55
301250,3012500,301926,169772,41
301260,3012600,301936,169653,50
301270,3012700,301946,169791,43
301280,3012800,301956,169652,30
301290,3012900,301966,169816,47
301300,3013000,301976,169711,41
301310,3013100,301986,169884,24
301320,3013200,301996,169767,39
301330,3013300,302006,169965,55
301340,3013400,302016,169854,49
301350,3013500,302026,170025,46
301360,3013600,302036,169897,51
301370,3013700,302046,170023,54
301380,3013800,302056,169915,56
301390,3013900,302066,170109,44
301400,3014000,302076,170019,43
301410,3014100,302087,170188,29
301420,3014200,302097,170032,42
301430,3014300,302107,170149,31
301440,3014400,302117,169969,31
301450,3014500,302127,170078,42
301460,3014600,302137,169833,54
301470,3014700,302147,169980,43
301480,3014800,302157,169798,44
301490,3014900,302167,169922,46
301500,3015000,302177,169781,31
301510,3015100,302187,169983,31
301520,3015200,302197,169887,38
301530,3015300,302207,170076,28
301540,3015400,302217,169951,55
301550,3015500,302227,170151,38
301560,3015600,302237,169967,38
301570,3015700,302247,170141,31
301580,3015800,302257,169979,54
301590,3015900,302267,170134,36
301600,3016000,302277,169973,49
301610,3016100,302287,170096,35
301620,3016200,302297,169938,59
301630,3016300,302307,170111,35
301640,3016400,302317,169966,47
301650,3016500,302327,170126,34
301660,3016600,302337,169988,37
301670,3016700,302347,170187,30
301680,3016800,302357,170057,60
301690,3016900,302367,170236,39
301700,3017000,302377,170124,40
301710,3017100,302387,170294,42
301720,3017200,302397,170155,48
301730,3017300,302407,170311,34
301740,3017400,302417,170137,46
301750,3017500,302427,170299,35
301760,3017600,302437,170065,40
301770,3017700,302447,170216,44
301780,3017800,302457,170041,42
301790,3017900,302467,170211,30
301800,3018000,302477,170027,57
301810,3018100,302487,170211,48
301820,3018200,302497,170038,56
301830,3018300,302507,170233,48
301840,3018400,302517,170086,44
301850,3018500,302527,170285,37
301860,3018600,302538,170109,28
301870,3018700,302548,170336,47
301880,3018800,302558,170157,36
301890,3018900,302568,170368,35
301900,3019000,302578,170162,45
301910,3019100,302588,170292,36
301920,3019200,302598,170012,39
301930,3019300,302608,170117,26
301940,3019400,302618,169802,46
301950,3019500,302628,169882,40
301960,3019600,302638,169584,58
301970,3019700,302648,169682,43
301980,3019800,302658,169441,57
301990,3019900,302668,169561,39
302000,3020000,302678,169337,48
302010,3020100,302688,169506,32
302020,3020200,302698,169324,47
302030,3020300,302708,169494,45
302040,3020400,302718,169304,56
302050,3020500,302728,169518,42
302060,3020600,302738,169351,59
302070,3020700,302748,169588,54
302080,3020800,302758,169414,63
302090,3020900,302768,169600,48
302100,3021000,302778,169435,53
302110,3021100,302788,169694,43
302120,3021200,302798,169527,47
302130,3021300,302808,169802,53
302140,3021400,302818,169642,44
302150,3021500,302828,169882,46
302160,3021600,302838,169706,42
